ts_code,date,open,high,low,close,partition_date
000001.SH,2010-01-04,3289.75,3295.279,3243.319,3243.76,2010-01-04
000001.SH,2010-01-05,3254.468,3290.512,3221.462,3282.179,2010-01-05
000001.SH,2010-01-06,3277.517,3295.868,3253.044,3254.215,2010-01-06
000001.SH,2010-01-07,3253.991,3268.819,3176.707,3192.776,2010-01-07
000001.SH,2010-01-08,3177.259,3198.92,3149.017,3195.997,2010-01-08
000001.SH,2010-01-11,3301.611,3306.751,3197.328,3212.75,2010-01-11
000001.SH,2010-01-12,3205.705,3275.202,3180.085,3273.966,2010-01-12
000001.SH,2010-01-13,3204.976,3232.818,3165.485,3172.658,2010-01-13
000001.SH,2010-01-14,3183.381,3219.016,3165.596,3215.55,2010-01-14
000001.SH,2010-01-15,3217.19,3241.815,3197.221,3224.152,2010-01-15
000001.SH,2010-01-18,3213.637,3238.242,3202.207,3237.098,2010-01-18
000001.SH,2010-01-19,3242.216,3268.806,3236.839,3246.874,2010-01-19
000001.SH,2010-01-20,3252.037,3255.128,3148.334,3151.85,2010-01-20
000001.SH,2010-01-21,3154.189,3176.147,3126.902,3158.863,2010-01-21
000001.SH,2010-01-22,3118.724,3147.829,3062.629,3128.588,2010-01-22
000001.SH,2010-01-25,3103.32,3136.999,3092.926,3094.411,2010-01-25
000001.SH,2010-01-26,3094.848,3107.198,3001.956,3019.394,2010-01-26
000001.SH,2010-01-27,3020.54,3028.647,2972.627,2986.607,2010-01-27
000001.SH,2010-01-28,2985.214,3006.039,2963.891,2994.143,2010-01-28
000001.SH,2010-01-29,2979.743,3024.848,2968.453,2989.292,2010-01-29
000001.SH,2010-02-01,2981.374,2981.374,2912.887,2941.36,2010-02-01
000001.SH,2010-02-02,2955.753,2990.748,2930.559,2934.713,2010-02-02
000001.SH,2010-02-03,2945.034,3005.131,2890.021,3003.835,2010-02-03
000001.SH,2010-02-04,2983.05,3015.126,2968.68,2995.308,2010-02-04
000001.SH,2010-02-05,2936.197,2959.233,2918.909,2939.402,2010-02-05
000001.SH,2010-02-08,2936.452,2954.266,2922.187,2935.174,2010-02-08
000001.SH,2010-02-09,2932.09,2957.474,2929.21,2948.842,2010-02-09
000001.SH,2010-02-10,2967.138,2983.179,2958.217,2982.5,2010-02-10
000001.SH,2010-02-11,2985.082,3001.636,2976.079,2985.499,2010-02-11
000001.SH,2010-02-12,2996.088,3018.858,2993.437,3018.133,2010-02-12
000001.SH,2010-02-22,3016.703,3026.659,3002.811,3003.398,2010-02-22
000001.SH,2010-02-23,2998.907,2998.907,2938.753,2982.575,2010-02-23
000001.SH,2010-02-24,2964.984,3023.739,2955.069,3022.177,2010-02-24
000001.SH,2010-02-25,3026.656,3063.004,3022.373,3060.618,2010-02-25
000001.SH,2010-02-26,3053.498,3067.525,3041.689,3051.943,2010-02-26
000001.SH,2010-03-01,3057.006,3093.095,3054.554,3087.842,2010-03-01
000001.SH,2010-03-02,3089.706,3095.992,3060.956,3073.108,2010-03-02
000001.SH,2010-03-03,3074.099,3098.456,3061.467,3097.005,2010-03-03
000001.SH,2010-03-04,3098.069,3102.398,3016.215,3023.373,2010-03-04
000001.SH,2010-03-05,3026.639,3044.165,3011.088,3031.065,2010-03-05
000001.SH,2010-03-08,3036.415,3058.832,3030.905,3053.232,2010-03-08
000001.SH,2010-03-09,3053.26,3084.85,3028.69,3069.141,2010-03-09
000001.SH,2010-03-10,3067.15,3085.994,3034.739,3048.927,2010-03-10
000001.SH,2010-03-11,3050.644,3070.935,3025.309,3051.282,2010-03-11
000001.SH,2010-03-12,3051.474,3057.519,3011.972,3013.412,2010-03-12
000001.SH,2010-03-15,3010.722,3013.517,2963.494,2976.939,2010-03-15
000001.SH,2010-03-16,2974.487,2993.843,2963.438,2992.841,2010-03-16
000001.SH,2010-03-17,2999.815,3050.757,2994.893,3050.479,2010-03-17
000001.SH,2010-03-18,3053.158,3063.586,3035.019,3046.089,2010-03-18
000001.SH,2010-03-19,3046.749,3069.662,3031.023,3067.75,2010-03-19
000001.SH,2010-03-22,3069.66,3083.345,3061.759,3074.576,2010-03-22
000001.SH,2010-03-23,3076.957,3082.965,3051.211,3053.125,2010-03-23
000001.SH,2010-03-24,3058.928,3076.749,3052.213,3056.808,2010-03-24
000001.SH,2010-03-25,3051.356,3051.356,3012.308,3019.176,2010-03-25
000001.SH,2010-03-26,3017.215,3067.707,3009.905,3059.715,2010-03-26
000001.SH,2010-03-29,3076.048,3130.279,3071.69,3123.798,2010-03-29
000001.SH,2010-03-30,3123.832,3132.576,3113.767,3128.468,2010-03-30
000001.SH,2010-03-31,3129.574,3130.112,3101.756,3109.105,2010-03-31
000001.SH,2010-04-01,3111.935,3148.344,3111.935,3147.416,2010-04-01
000001.SH,2010-04-02,3154.77,3159.598,3141.866,3157.957,2010-04-02
000001.SH,2010-04-06,3170.612,3177.968,3141.93,3158.681,2010-04-06
000001.SH,2010-04-07,3156.314,3161.081,3132.236,3148.222,2010-04-07
000001.SH,2010-04-08,3143.451,3143.827,3110.256,3118.709,2010-04-08
000001.SH,2010-04-09,3118.926,3146.459,3114.788,3145.347,2010-04-09
000001.SH,2010-04-12,3151.888,3156.211,3111.899,3129.263,2010-04-12
000001.SH,2010-04-13,3129.692,3173.634,3101.483,3161.251,2010-04-13
000001.SH,2010-04-14,3161.551,3167.658,3145.555,3166.183,2010-04-14
000001.SH,2010-04-15,3168.139,3181.663,3135.99,3164.966,2010-04-15
000001.SH,2010-04-16,3159.672,3159.672,3121.366,3130.302,2010-04-16
000001.SH,2010-04-19,3096.785,3096.785,2977.774,2980.297,2010-04-19
000001.SH,2010-04-20,2980.081,2998.913,2941.35,2979.533,2010-04-20
000001.SH,2010-04-21,2984.618,3034.327,2972.096,3033.278,2010-04-21
000001.SH,2010-04-22,3021.289,3023.641,2978.457,2999.484,2010-04-22
000001.SH,2010-04-23,2995.568,3015.633,2966.785,2983.537,2010-04-23
000001.SH,2010-04-26,2988.077,2996.828,2965.832,2969.503,2010-04-26
000001.SH,2010-04-27,2962.145,2962.145,2866.342,2907.928,2010-04-27
000001.SH,2010-04-28,2883.167,2916.676,2865.469,2900.331,2010-04-28
000001.SH,2010-04-29,2912.196,2928.93,2867.938,2868.432,2010-04-29
000001.SH,2010-04-30,2867.649,2875.806,2820.949,2870.611,2010-04-30
000001.SH,2010-05-04,2821.354,2862.555,2809.132,2835.277,2010-05-04
000001.SH,2010-05-05,2804.514,2857.293,2770.328,2857.151,2010-05-05
000001.SH,2010-05-06,2838.951,2838.951,2734.999,2739.702,2010-05-06
000001.SH,2010-05-07,2685.992,2732.183,2665.812,2688.383,2010-05-07
000001.SH,2010-05-10,2690.859,2713.061,2646.589,2698.757,2010-05-10
000001.SH,2010-05-11,2745.604,2751.07,2638.533,2647.574,2010-05-11
000001.SH,2010-05-12,2628.019,2668.118,2604.198,2655.714,2010-05-12
000001.SH,2010-05-13,2653.579,2711.066,2646.896,2710.507,2010-05-13
000001.SH,2010-05-14,2692.096,2712.863,2677.19,2696.629,2010-05-14
000001.SH,2010-05-17,2663.882,2663.882,2557.239,2559.931,2010-05-17
000001.SH,2010-05-18,2555.141,2603.32,2529.625,2594.783,2010-05-18
000001.SH,2010-05-19,2581.63,2623.959,2554.984,2587.807,2010-05-19
000001.SH,2010-05-20,2571.54,2609.639,2551.452,2555.94,2010-05-20
000001.SH,2010-05-21,2492.575,2584.452,2481.974,2583.522,2010-05-21
000001.SH,2010-05-24,2596.318,2680.493,2596.318,2673.423,2010-05-24
000001.SH,2010-05-25,2654.359,2659.74,2609.086,2622.63,2010-05-25
000001.SH,2010-05-26,2620.853,2644.941,2610.51,2625.793,2010-05-26
000001.SH,2010-05-27,2615.105,2662.081,2583.548,2655.918,2010-05-27
000001.SH,2010-05-28,2680.403,2686.542,2641.405,2655.767,2010-05-28
000001.SH,2010-05-31,2647.868,2665.39,2591.535,2592.147,2010-05-31
000001.SH,2010-06-01,2577.763,2598.897,2534.267,2568.283,2010-06-01
000001.SH,2010-06-02,2548.542,2572.343,2521.057,2571.423,2010-06-02
000001.SH,2010-06-03,2575.77,2596.137,2551.529,2552.656,2010-06-03
000001.SH,2010-06-04,2536.231,2556.969,2527.873,2553.593,2010-06-04
000001.SH,2010-06-07,2508.329,2527.104,2491.661,2511.729,2010-06-07
000001.SH,2010-06-08,2510.084,2531.882,2491.647,2513.947,2010-06-08
000001.SH,2010-06-09,2523.879,2589.473,2501.118,2583.87,2010-06-09
000001.SH,2010-06-10,2561.549,2581.047,2554.787,2562.58,2010-06-10
000001.SH,2010-06-11,2574.899,2590.979,2566.616,2569.942,2010-06-11
000001.SH,2010-06-17,2588.965,2595.509,2559.723,2560.245,2010-06-17
000001.SH,2010-06-18,2556.602,2568.861,2505.327,2513.222,2010-06-18
000001.SH,2010-06-21,2517.292,2587.34,2504.315,2586.21,2010-06-21
000001.SH,2010-06-22,2579.631,2598.353,2572.962,2588.698,2010-06-22
000001.SH,2010-06-23,2576.343,2593.673,2546.52,2569.872,2010-06-23
000001.SH,2010-06-24,2563.639,2586.898,2554.342,2566.745,2010-06-24
000001.SH,2010-06-25,2556.54,2572.832,2534.269,2552.817,2010-06-25
000001.SH,2010-06-28,2550.649,2561.485,2528.385,2535.278,2010-06-28
000001.SH,2010-06-29,2534.496,2541.142,2425.927,2427.053,2010-06-29
000001.SH,2010-06-30,2409.542,2411.441,2382.358,2398.37,2010-06-30
000001.SH,2010-07-01,2393.947,2410.769,2371.778,2373.792,2010-07-01
000001.SH,2010-07-02,2371.323,2386.4,2319.739,2382.901,2010-07-02
000001.SH,2010-07-05,2358.757,2378.088,2335.571,2363.947,2010-07-05
000001.SH,2010-07-06,2358.284,2409.783,2356.553,2409.424,2010-07-06
000001.SH,2010-07-07,2407.665,2421.679,2392.567,2421.117,2010-07-07
000001.SH,2010-07-08,2429.676,2436.283,2402.002,2415.15,2010-07-08
000001.SH,2010-07-09,2416.58,2485.6,2398.676,2470.923,2010-07-09
000001.SH,2010-07-12,2468.541,2501.024,2455.814,2490.718,2010-07-12
000001.SH,2010-07-13,2468.69,2468.69,2439.243,2450.286,2010-07-13
000001.SH,2010-07-14,2456.103,2494.589,2456.103,2470.44,2010-07-14
000001.SH,2010-07-15,2465.989,2487.237,2423.649,2424.304,2010-07-15
000001.SH,2010-07-16,2414.681,2428.464,2389.071,2424.271,2010-07-16
000001.SH,2010-07-19,2399.58,2484.194,2392.273,2475.421,2010-07-19
000001.SH,2010-07-20,2477.753,2530.331,2477.46,2528.73,2010-07-20
000001.SH,2010-07-21,2529.619,2553.452,2520.149,2535.394,2010-07-21
000001.SH,2010-07-22,2525.976,2563.239,2522.201,2562.406,2010-07-22
000001.SH,2010-07-23,2566.851,2579.523,2549.237,2572.028,2010-07-23
000001.SH,2010-07-26,2576.372,2589.484,2556.466,2588.683,2010-07-26
000001.SH,2010-07-27,2581.59,2587.997,2565.636,2575.368,2010-07-27
000001.SH,2010-07-28,2574.322,2636.002,2564.156,2633.663,2010-07-28
000001.SH,2010-07-29,2635.048,2656.408,2623.944,2648.116,2010-07-29
000001.SH,2010-07-30,2642.852,2643.035,2614.732,2637.503,2010-07-30
000001.SH,2010-08-02,2635.807,2675.762,2633.647,2672.516,2010-08-02
000001.SH,2010-08-03,2678.791,2681.786,2626.722,2627.002,2010-08-03
000001.SH,2010-08-04,2620.499,2638.898,2589.988,2638.522,2010-08-04
000001.SH,2010-08-05,2636.243,2640.589,2606.622,2620.757,2010-08-05
000001.SH,2010-08-06,2618.713,2659.412,2598.913,2658.392,2010-08-06
000001.SH,2010-08-09,2656.364,2676.09,2650.397,2672.533,2010-08-09
000001.SH,2010-08-10,2672.793,2675.313,2594.336,2595.274,2010-08-10
000001.SH,2010-08-11,2587.615,2618.451,2586.018,2607.497,2010-08-11
000001.SH,2010-08-12,2584.919,2608.761,2570.963,2575.475,2010-08-12
000001.SH,2010-08-13,2576.687,2607.033,2564.838,2606.7,2010-08-13
000001.SH,2010-08-16,2603.792,2665.314,2596.771,2661.708,2010-08-16
000001.SH,2010-08-17,2663.184,2677.57,2654.011,2671.893,2010-08-17
000001.SH,2010-08-18,2674.501,2687.76,2654.408,2666.301,2010-08-18
000001.SH,2010-08-19,2669.431,2701.93,2659.297,2687.979,2010-08-19
000001.SH,2010-08-20,2677.019,2683.288,2636.908,2642.307,2010-08-20
000001.SH,2010-08-23,2637.82,2656.116,2629.707,2639.366,2010-08-23
000001.SH,2010-08-24,2636.532,2667.171,2614.563,2650.307,2010-08-24
000001.SH,2010-08-25,2634.95,2645.503,2595.728,2596.58,2010-08-25
000001.SH,2010-08-26,2604.882,2616.962,2590.614,2603.481,2010-08-26
000001.SH,2010-08-27,2602.501,2613.487,2588.643,2610.742,2010-08-27
000001.SH,2010-08-30,2622.266,2656.355,2620.19,2652.664,2010-08-30
000001.SH,2010-08-31,2644.787,2647.253,2626.793,2638.798,2010-08-31
000001.SH,2010-09-01,2641.053,2662.876,2604.487,2622.882,2010-09-01
000001.SH,2010-09-02,2646.893,2659.978,2636.418,2655.776,2010-09-02
000001.SH,2010-09-03,2658.129,2660.539,2631.851,2655.394,2010-09-03
000001.SH,2010-09-06,2667.195,2698.601,2664.239,2696.25,2010-09-06
000001.SH,2010-09-07,2698.218,2704.933,2679.023,2698.363,2010-09-07
000001.SH,2010-09-08,2687.711,2695.845,2674.321,2695.291,2010-09-08
000001.SH,2010-09-09,2698.638,2698.638,2651.602,2656.352,2010-09-09
000001.SH,2010-09-10,2657.235,2667.837,2628.829,2663.209,2010-09-10
000001.SH,2010-09-13,2665.655,2696.674,2660.607,2688.32,2010-09-13
000001.SH,2010-09-14,2694.069,2703.781,2678.974,2688.522,2010-09-14
000001.SH,2010-09-15,2688.386,2688.49,2645.864,2652.503,2010-09-15
000001.SH,2010-09-16,2646.921,2653.272,2583.337,2602.465,2010-09-16
000001.SH,2010-09-17,2607.551,2615.079,2592.535,2598.689,2010-09-17
000001.SH,2010-09-20,2601.482,2607.347,2573.629,2588.713,2010-09-20
000001.SH,2010-09-21,2593.763,2601.099,2580.177,2591.55,2010-09-21
000001.SH,2010-09-27,2600.54,2629.045,2597.139,2627.967,2010-09-27
000001.SH,2010-09-28,2625.326,2625.326,2607.018,2611.354,2010-09-28
000001.SH,2010-09-29,2608.919,2634.124,2603.927,2610.678,2010-09-29
000001.SH,2010-09-30,2599.715,2655.999,2597.597,2655.658,2010-09-30
000001.SH,2010-10-08,2681.253,2747.805,2677.994,2738.744,2010-10-08
000001.SH,2010-10-11,2755.026,2823.597,2755.026,2806.942,2010-10-11
000001.SH,2010-10-12,2795.764,2843.428,2782.341,2841.407,2010-10-12
000001.SH,2010-10-13,2842.138,2862.035,2826.221,2861.361,2010-10-13
000001.SH,2010-10-14,2881.552,2919.414,2864.519,2879.636,2010-10-14
000001.SH,2010-10-15,2863.738,2971.16,2858.216,2971.16,2010-10-15
000001.SH,2010-10-18,2985.462,3026.099,2944.715,2955.227,2010-10-18
000001.SH,2010-10-19,2949.63,3002.371,2931.91,3001.853,2010-10-19
000001.SH,2010-10-20,2947.511,3041.151,2942.505,3003.951,2010-10-20
000001.SH,2010-10-21,3009.225,3018.244,2958.546,2983.533,2010-10-21
000001.SH,2010-10-22,2976.754,2997.624,2954.619,2975.043,2010-10-22
000001.SH,2010-10-25,2979.706,3051.539,2959.298,3051.419,2010-10-25
000001.SH,2010-10-26,3065.844,3073.384,3017.818,3041.543,2010-10-26
000001.SH,2010-10-27,3031.645,3056.399,2988.871,2997.048,2010-10-27
000001.SH,2010-10-28,2989.29,3007.013,2969.304,2992.579,2010-10-28
000001.SH,2010-10-29,2993.296,2996.774,2955.48,2978.835,2010-10-29
000001.SH,2010-11-01,2986.886,3054.05,2986.886,3054.021,2010-11-01
000001.SH,2010-11-02,3061.631,3089.568,3029.324,3045.434,2010-11-02
000001.SH,2010-11-03,3044.022,3069.066,3017.098,3030.988,2010-11-03
000001.SH,2010-11-04,3035.366,3087.421,3035.366,3086.939,2010-11-04
000001.SH,2010-11-05,3129.87,3142.589,3105.921,3129.497,2010-11-05
000001.SH,2010-11-08,3140.395,3160.699,3124.091,3159.512,2010-11-08
000001.SH,2010-11-09,3159.019,3159.019,3110.343,3135.0,2010-11-09
000001.SH,2010-11-10,3120.44,3124.256,3093.878,3115.356,2010-11-10
000001.SH,2010-11-11,3108.511,3186.72,3102.774,3147.744,2010-11-11
000001.SH,2010-11-12,3121.922,3150.146,2975.163,2985.435,2010-11-12
000001.SH,2010-11-15,2984.872,3016.131,2939.68,3014.413,2010-11-15
000001.SH,2010-11-16,3007.643,3007.643,2885.753,2894.538,2010-11-16
000001.SH,2010-11-17,2852.478,2891.052,2824.121,2838.857,2010-11-17
000001.SH,2010-11-18,2855.605,2873.696,2827.179,2865.452,2010-11-18
000001.SH,2010-11-19,2879.655,2888.75,2806.644,2888.566,2010-11-19
000001.SH,2010-11-22,2861.606,2904.97,2852.774,2884.371,2010-11-22
000001.SH,2010-11-23,2872.172,2872.172,2791.584,2828.282,2010-11-23
000001.SH,2010-11-24,2794.864,2861.485,2794.864,2859.936,2010-11-24
000001.SH,2010-11-25,2875.858,2901.675,2856.962,2898.261,2010-11-25
000001.SH,2010-11-26,2890.287,2894.421,2851.957,2871.698,2010-11-26
000001.SH,2010-11-29,2861.149,2878.827,2841.795,2866.356,2010-11-29
000001.SH,2010-11-30,2863.412,2881.16,2758.924,2820.181,2010-11-30
000001.SH,2010-12-01,2810.543,2834.199,2795.811,2823.449,2010-12-01
000001.SH,2010-12-02,2860.464,2870.806,2841.473,2843.607,2010-12-02
000001.SH,2010-12-03,2846.725,2853.401,2822.743,2842.431,2010-12-03
000001.SH,2010-12-06,2850.382,2871.407,2831.697,2857.178,2010-12-06
000001.SH,2010-12-07,2843.767,2884.53,2809.11,2875.861,2010-12-07
000001.SH,2010-12-08,2868.733,2880.558,2843.94,2848.546,2010-12-08
000001.SH,2010-12-09,2837.615,2854.7,2808.506,2810.949,2010-12-09
000001.SH,2010-12-10,2798.736,2850.422,2792.522,2841.04,2010-12-10
000001.SH,2010-12-13,2850.325,2923.774,2847.658,2922.954,2010-12-13
000001.SH,2010-12-14,2928.3,2933.407,2912.42,2927.077,2010-12-14
000001.SH,2010-12-15,2927.264,2939.05,2905.649,2911.414,2010-12-15
000001.SH,2010-12-16,2908.865,2921.275,2891.858,2898.138,2010-12-16
000001.SH,2010-12-17,2896.77,2898.812,2881.004,2893.74,2010-12-17
000001.SH,2010-12-20,2901.47,2911.561,2804.556,2852.916,2010-12-20
000001.SH,2010-12-21,2857.589,2908.166,2846.633,2904.115,2010-12-21
000001.SH,2010-12-22,2910.731,2917.199,2867.049,2877.9,2010-12-22
000001.SH,2010-12-23,2874.202,2893.711,2849.836,2855.22,2010-12-23
000001.SH,2010-12-24,2841.346,2853.486,2813.496,2835.157,2010-12-24
000001.SH,2010-12-27,2842.807,2876.811,2774.538,2781.402,2010-12-27
000001.SH,2010-12-28,2768.031,2775.149,2730.407,2732.99,2010-12-28
000001.SH,2010-12-29,2735.476,2753.025,2721.479,2751.527,2010-12-29
000001.SH,2010-12-30,2751.973,2768.126,2724.541,2759.575,2010-12-30
000001.SH,2010-12-31,2759.162,2808.926,2758.131,2808.077,2010-12-31
000001.SH,2011-01-04,2825.329,2855.396,2810.108,2852.648,2011-01-04
000001.SH,2011-01-05,2833.117,2850.493,2824.296,2838.593,2011-01-05
000001.SH,2011-01-06,2838.435,2853.875,2816.951,2824.197,2011-01-06
000001.SH,2011-01-07,2820.665,2868.005,2807.87,2838.801,2011-01-07
000001.SH,2011-01-10,2832.622,2847.358,2786.861,2791.809,2011-01-10
000001.SH,2011-01-11,2783.476,2810.762,2770.338,2804.047,2011-01-11
000001.SH,2011-01-12,2811.785,2828.468,2788.13,2821.305,2011-01-12
000001.SH,2011-01-13,2830.534,2837.526,2810.874,2827.713,2011-01-13
000001.SH,2011-01-14,2817.048,2817.048,2780.438,2791.344,2011-01-14
000001.SH,2011-01-17,2772.45,2780.942,2698.781,2706.66,2011-01-17
000001.SH,2011-01-18,2696.147,2715.406,2683.367,2708.979,2011-01-18
000001.SH,2011-01-19,2707.816,2759.602,2700.811,2758.097,2011-01-19
000001.SH,2011-01-20,2752.799,2752.799,2676.129,2677.652,2011-01-20
000001.SH,2011-01-21,2668.677,2746.178,2667.286,2715.294,2011-01-21
000001.SH,2011-01-24,2716.524,2736.109,2690.652,2695.72,2011-01-24
000001.SH,2011-01-25,2691.693,2701.044,2661.448,2677.432,2011-01-25
000001.SH,2011-01-26,2677.172,2710.738,2676.769,2708.814,2011-01-26
000001.SH,2011-01-27,2690.825,2753.001,2677.21,2749.15,2011-01-27
000001.SH,2011-01-28,2741.314,2759.44,2733.291,2752.75,2011-01-28
000001.SH,2011-01-31,2751.527,2790.921,2748.538,2790.694,2011-01-31
000001.SH,2011-02-01,2795.071,2805.049,2785.296,2798.96,2011-02-01
000001.SH,2011-02-09,2778.701,2804.208,2764.867,2774.065,2011-02-09
000001.SH,2011-02-10,2769.646,2819.063,2760.175,2818.163,2011-02-10
000001.SH,2011-02-11,2815.119,2835.411,2807.605,2827.328,2011-02-11
000001.SH,2011-02-14,2828.571,2906.261,2828.571,2899.134,2011-02-14
000001.SH,2011-02-15,2900.427,2934.467,2892.637,2899.237,2011-02-15
000001.SH,2011-02-16,2893.682,2924.188,2882.549,2923.896,2011-02-16
000001.SH,2011-02-17,2929.255,2939.284,2905.032,2926.964,2011-02-17
000001.SH,2011-02-18,2924.23,2924.23,2890.262,2899.792,2011-02-18
000001.SH,2011-02-21,2886.54,2932.82,2884.191,2932.246,2011-02-21
000001.SH,2011-02-22,2941.318,2944.413,2851.62,2855.516,2011-02-22
000001.SH,2011-02-23,2844.99,2868.484,2839.195,2862.634,2011-02-23
000001.SH,2011-02-24,2861.393,2881.537,2854.564,2878.603,2011-02-24
000001.SH,2011-02-25,2876.777,2890.324,2848.65,2878.565,2011-02-25
000001.SH,2011-02-28,2880.17,2906.169,2861.817,2905.053,2011-02-28
000001.SH,2011-03-01,2906.285,2931.58,2901.552,2918.92,2011-03-01
000001.SH,2011-03-02,2905.514,2924.963,2883.566,2913.808,2011-03-02
000001.SH,2011-03-03,2918.731,2937.557,2900.761,2902.978,2011-03-03
000001.SH,2011-03-04,2902.19,2944.459,2898.084,2942.306,2011-03-04
000001.SH,2011-03-07,2952.722,3000.429,2952.722,2996.211,2011-03-07
000001.SH,2011-03-08,2996.727,3001.624,2976.6,2999.942,2011-03-08
000001.SH,2011-03-09,3002.546,3012.044,2989.342,3002.154,2011-03-09
000001.SH,2011-03-10,2995.768,2995.768,2954.367,2957.143,2011-03-10
000001.SH,2011-03-11,2942.419,2966.98,2927.683,2933.796,2011-03-11
000001.SH,2011-03-14,2923.982,2939.652,2914.458,2937.627,2011-03-14
000001.SH,2011-03-15,2927.984,2927.984,2850.945,2896.256,2011-03-15
000001.SH,2011-03-16,2894.252,2934.018,2894.252,2930.804,2011-03-16
000001.SH,2011-03-17,2906.955,2935.625,2885.651,2897.298,2011-03-17
000001.SH,2011-03-18,2920.806,2930.606,2900.872,2906.886,2011-03-18
000001.SH,2011-03-21,2913.913,2927.073,2895.154,2909.137,2011-03-21
000001.SH,2011-03-22,2917.687,2923.392,2884.751,2919.142,2011-03-22
000001.SH,2011-03-23,2919.016,2950.422,2911.626,2948.477,2011-03-23
000001.SH,2011-03-24,2949.85,2958.663,2942.134,2946.706,2011-03-24
000001.SH,2011-03-25,2948.543,2985.083,2946.697,2977.814,2011-03-25
000001.SH,2011-03-28,2985.356,3005.783,2979.196,2984.005,2011-03-28
000001.SH,2011-03-29,2979.865,2994.174,2953.54,2958.077,2011-03-29
000001.SH,2011-03-30,2955.453,2968.182,2935.747,2955.771,2011-03-30
000001.SH,2011-03-31,2954.653,2961.63,2914.384,2928.111,2011-03-31
000001.SH,2011-04-01,2932.481,2967.847,2924.394,2967.41,2011-04-01
000001.SH,2011-04-06,2964.212,3005.238,2963.899,3001.36,2011-04-06
000001.SH,2011-04-07,3003.204,3012.288,2990.311,3007.909,2011-04-07
000001.SH,2011-04-08,3005.368,3031.097,2998.34,3030.021,2011-04-08
000001.SH,2011-04-11,3037.91,3059.568,3019.886,3022.746,2011-04-11
000001.SH,2011-04-12,3012.795,3039.124,3003.445,3021.369,2011-04-12
000001.SH,2011-04-13,3006.83,3050.401,2994.465,3050.398,2011-04-13
000001.SH,2011-04-14,3049.667,3058.239,3036.726,3042.635,2011-04-14
000001.SH,2011-04-15,3036.345,3062.53,3020.156,3050.526,2011-04-15
000001.SH,2011-04-18,3040.531,3067.456,3037.189,3057.329,2011-04-18
000001.SH,2011-04-19,3038.807,3038.807,2996.222,2999.041,2011-04-19
000001.SH,2011-04-20,3005.975,3019.123,2992.672,3007.037,2011-04-20
000001.SH,2011-04-21,3021.77,3035.471,3012.544,3026.668,2011-04-21
000001.SH,2011-04-22,3025.699,3032.965,3004.465,3010.517,2011-04-22
000001.SH,2011-04-25,3003.031,3003.61,2964.643,2964.951,2011-04-25
000001.SH,2011-04-26,2956.949,2970.278,2931.502,2938.981,2011-04-26
000001.SH,2011-04-27,2946.327,2961.133,2907.662,2925.408,2011-04-27
000001.SH,2011-04-28,2937.947,2953.193,2884.839,2887.044,2011-04-28
000001.SH,2011-04-29,2886.629,2913.556,2871.01,2911.511,2011-04-29
000001.SH,2011-05-03,2911.51,2933.46,2890.225,2932.188,2011-05-03
000001.SH,2011-05-04,2916.845,2916.97,2860.075,2866.017,2011-05-04
000001.SH,2011-05-05,2854.768,2880.125,2849.91,2872.404,2011-05-05
000001.SH,2011-05-06,2842.765,2881.706,2834.456,2863.886,2011-05-06
000001.SH,2011-05-09,2868.235,2885.178,2861.42,2872.46,2011-05-09
000001.SH,2011-05-10,2876.98,2891.034,2865.104,2890.634,2011-05-10
000001.SH,2011-05-11,2890.353,2897.141,2868.349,2883.42,2011-05-11
000001.SH,2011-05-12,2864.976,2876.448,2843.097,2844.083,2011-05-12
000001.SH,2011-05-13,2846.311,2871.992,2832.254,2871.031,2011-05-13
000001.SH,2011-05-16,2864.377,2877.091,2846.307,2849.067,2011-05-16
000001.SH,2011-05-17,2846.447,2869.23,2821.203,2852.773,2011-05-17
000001.SH,2011-05-18,2846.725,2877.427,2843.676,2872.771,2011-05-18
000001.SH,2011-05-19,2879.387,2884.141,2856.829,2859.574,2011-05-19
000001.SH,2011-05-20,2858.311,2866.763,2850.445,2858.459,2011-05-20
000001.SH,2011-05-23,2853.286,2853.286,2771.117,2774.569,2011-05-23
000001.SH,2011-05-24,2766.059,2771.748,2744.777,2767.056,2011-05-24
000001.SH,2011-05-25,2764.56,2771.177,2737.33,2741.741,2011-05-25
000001.SH,2011-05-26,2755.394,2764.89,2734.536,2736.527,2011-05-26
000001.SH,2011-05-27,2739.387,2746.842,2708.548,2709.947,2011-05-27
000001.SH,2011-05-30,2704.485,2728.062,2689.206,2706.361,2011-05-30
000001.SH,2011-05-31,2707.559,2744.934,2702.095,2743.472,2011-05-31
000001.SH,2011-06-01,2737.057,2744.559,2726.495,2743.572,2011-06-01
000001.SH,2011-06-02,2715.316,2727.995,2676.538,2705.181,2011-06-02
000001.SH,2011-06-03,2701.773,2732.427,2701.25,2728.02,2011-06-03
000001.SH,2011-06-07,2720.97,2745.77,2717.313,2744.3,2011-06-07
000001.SH,2011-06-08,2742.043,2754.122,2715.25,2750.288,2011-06-08
000001.SH,2011-06-09,2743.539,2747.332,2702.695,2703.345,2011-06-09
000001.SH,2011-06-10,2696.13,2707.742,2672.32,2705.143,2011-06-10
000001.SH,2011-06-13,2687.653,2703.423,2669.395,2700.379,2011-06-13
000001.SH,2011-06-14,2696.223,2735.553,2691.671,2730.04,2011-06-14
000001.SH,2011-06-15,2717.677,2730.476,2705.072,2705.431,2011-06-15
000001.SH,2011-06-16,2685.632,2691.944,2663.12,2664.283,2011-06-16
000001.SH,2011-06-17,2661.414,2675.027,2641.392,2642.818,2011-06-17
000001.SH,2011-06-20,2635.834,2637.883,2610.99,2621.253,2011-06-20
000001.SH,2011-06-21,2628.022,2648.024,2618.807,2646.483,2011-06-21
000001.SH,2011-06-22,2648.534,2657.725,2633.474,2649.321,2011-06-22
000001.SH,2011-06-23,2640.66,2693.417,2630.336,2688.249,2011-06-23
000001.SH,2011-06-24,2678.052,2759.71,2674.303,2746.211,2011-06-24
000001.SH,2011-06-27,2746.787,2769.043,2743.496,2758.23,2011-06-27
000001.SH,2011-06-28,2759.713,2763.28,2736.398,2759.202,2011-06-28
000001.SH,2011-06-29,2757.4,2759.231,2727.253,2728.483,2011-06-29
000001.SH,2011-06-30,2729.992,2774.365,2729.992,2762.076,2011-06-30
000001.SH,2011-07-01,2767.834,2778.668,2752.966,2759.362,2011-07-01
000001.SH,2011-07-04,2770.94,2813.27,2770.94,2812.818,2011-07-04
000001.SH,2011-07-05,2812.722,2818.141,2799.11,2816.355,2011-07-05
000001.SH,2011-07-06,2811.815,2811.815,2780.728,2810.479,2011-07-06
000001.SH,2011-07-07,2813.193,2825.123,2793.892,2794.267,2011-07-07
000001.SH,2011-07-08,2797.026,2807.38,2784.126,2797.774,2011-07-08
000001.SH,2011-07-11,2789.454,2807.322,2780.665,2802.692,2011-07-11
000001.SH,2011-07-12,2783.722,2783.722,2752.186,2754.582,2011-07-12
000001.SH,2011-07-13,2756.032,2797.266,2756.032,2795.476,2011-07-13
000001.SH,2011-07-14,2798.212,2811.704,2788.983,2810.444,2011-07-14
000001.SH,2011-07-15,2803.585,2821.339,2794.159,2820.169,2011-07-15
000001.SH,2011-07-18,2821.358,2826.959,2807.108,2816.688,2011-07-18
000001.SH,2011-07-19,2804.923,2809.315,2790.685,2796.983,2011-07-19
000001.SH,2011-07-20,2810.436,2817.285,2779.381,2794.205,2011-07-20
000001.SH,2011-07-21,2795.896,2799.852,2763.418,2765.894,2011-07-21
000001.SH,2011-07-22,2769.863,2782.169,2763.8,2770.79,2011-07-22
000001.SH,2011-07-25,2759.628,2759.628,2680.747,2688.746,2011-07-25
000001.SH,2011-07-26,2685.754,2704.939,2677.119,2703.026,2011-07-26
000001.SH,2011-07-27,2690.144,2726.801,2680.433,2723.492,2011-07-27
000001.SH,2011-07-28,2701.771,2712.09,2684.661,2708.777,2011-07-28
000001.SH,2011-07-29,2706.497,2721.53,2681.272,2701.729,2011-07-29
000001.SH,2011-08-01,2697.575,2712.888,2688.529,2703.783,2011-08-01
000001.SH,2011-08-02,2689.971,2689.971,2651.28,2679.259,2011-08-02
000001.SH,2011-08-03,2659.118,2688.065,2654.364,2678.485,2011-08-03
000001.SH,2011-08-04,2683.192,2698.815,2675.534,2684.039,2011-08-04
000001.SH,2011-08-05,2620.277,2644.581,2605.137,2626.423,2011-08-05
000001.SH,2011-08-08,2599.289,2614.19,2497.918,2526.816,2011-08-08
000001.SH,2011-08-09,2468.032,2537.409,2437.681,2526.07,2011-08-09
000001.SH,2011-08-10,2562.393,2579.156,2544.952,2549.176,2011-08-10
000001.SH,2011-08-11,2508.857,2582.155,2505.012,2581.508,2011-08-11
000001.SH,2011-08-12,2593.395,2605.447,2585.846,2593.173,2011-08-12
000001.SH,2011-08-15,2598.138,2627.104,2584.407,2626.77,2011-08-15
000001.SH,2011-08-16,2627.854,2636.36,2601.501,2608.166,2011-08-16
000001.SH,2011-08-17,2603.961,2617.165,2596.039,2601.261,2011-08-17
000001.SH,2011-08-18,2601.99,2603.485,2556.859,2559.472,2011-08-18
000001.SH,2011-08-19,2519.645,2538.272,2513.754,2534.358,2011-08-19
000001.SH,2011-08-22,2534.57,2553.415,2507.782,2515.863,2011-08-22
000001.SH,2011-08-23,2524.877,2554.178,2514.949,2554.019,2011-08-23
000001.SH,2011-08-24,2562.411,2569.278,2536.256,2541.091,2011-08-24
000001.SH,2011-08-25,2546.402,2616.304,2545.054,2615.261,2011-08-25
000001.SH,2011-08-26,2602.208,2616.636,2593.238,2612.188,2011-08-26
000001.SH,2011-08-29,2595.466,2595.466,2570.844,2576.413,2011-08-29
000001.SH,2011-08-30,2592.597,2615.135,2563.689,2566.595,2011-08-30
000001.SH,2011-08-31,2566.529,2574.415,2545.096,2567.34,2011-08-31
000001.SH,2011-09-01,2569.799,2584.804,2547.855,2556.042,2011-09-01
000001.SH,2011-09-02,2551.556,2557.31,2517.618,2528.28,2011-09-02
000001.SH,2011-09-05,2510.1,2510.1,2478.195,2478.739,2011-09-05
000001.SH,2011-09-06,2465.565,2482.242,2459.543,2470.524,2011-09-06
000001.SH,2011-09-07,2480.941,2516.754,2475.218,2516.09,2011-09-07
000001.SH,2011-09-08,2523.962,2524.377,2498.113,2498.943,2011-09-08
000001.SH,2011-09-09,2506.969,2528.422,2487.145,2497.753,2011-09-09
000001.SH,2011-09-13,2467.73,2477.083,2453.796,2471.305,2011-09-13
000001.SH,2011-09-14,2478.586,2485.934,2439.372,2484.827,2011-09-14
000001.SH,2011-09-15,2482.859,2496.572,2477.651,2479.055,2011-09-15
000001.SH,2011-09-16,2490.177,2499.481,2475.758,2482.343,2011-09-16
000001.SH,2011-09-19,2469.6,2469.6,2437.165,2437.795,2011-09-19
000001.SH,2011-09-20,2433.721,2460.034,2426.703,2447.755,2011-09-20
000001.SH,2011-09-21,2450.116,2517.673,2438.852,2512.963,2011-09-21
000001.SH,2011-09-22,2491.212,2499.976,2442.462,2443.057,2011-09-22
000001.SH,2011-09-23,2411.833,2440.751,2400.141,2433.159,2011-09-23
000001.SH,2011-09-26,2416.226,2441.729,2384.64,2393.183,2011-09-26
000001.SH,2011-09-27,2410.991,2423.913,2395.164,2415.054,2011-09-27
000001.SH,2011-09-28,2427.289,2430.27,2383.396,2392.062,2011-09-28
000001.SH,2011-09-29,2378.423,2387.538,2358.572,2365.343,2011-09-29
000001.SH,2011-09-30,2368.398,2377.541,2348.217,2359.22,2011-09-30
000001.SH,2011-10-10,2363.078,2368.149,2338.685,2344.787,2011-10-10
000001.SH,2011-10-11,2401.738,2412.376,2323.412,2348.516,2011-10-11
000001.SH,2011-10-12,2335.488,2421.693,2318.628,2420.0,2011-10-12
000001.SH,2011-10-13,2412.832,2439.64,2406.282,2438.79,2011-10-13
000001.SH,2011-10-14,2429.885,2437.594,2409.288,2431.375,2011-10-14
000001.SH,2011-10-17,2434.486,2452.99,2424.726,2440.402,2011-10-17
000001.SH,2011-10-18,2423.282,2425.646,2378.667,2383.485,2011-10-18
000001.SH,2011-10-19,2387.831,2401.688,2374.417,2377.512,2011-10-19
000001.SH,2011-10-20,2365.909,2368.64,2315.9,2331.366,2011-10-20
000001.SH,2011-10-21,2330.512,2340.315,2313.782,2317.275,2011-10-21
000001.SH,2011-10-24,2322.02,2371.092,2307.146,2370.333,2011-10-24
000001.SH,2011-10-25,2366.398,2414.049,2357.387,2409.672,2011-10-25
000001.SH,2011-10-26,2398.19,2448.98,2394.73,2427.48,2011-10-26
000001.SH,2011-10-27,2432.473,2449.701,2426.315,2435.614,2011-10-27
000001.SH,2011-10-28,2462.085,2483.759,2456.177,2473.41,2011-10-28
000001.SH,2011-10-31,2470.254,2478.307,2455.205,2468.25,2011-10-31
000001.SH,2011-11-01,2450.331,2491.355,2445.527,2470.019,2011-11-01
000001.SH,2011-11-02,2437.87,2505.121,2433.715,2504.108,2011-11-02
000001.SH,2011-11-03,2510.842,2535.24,2507.297,2508.09,2011-11-03
000001.SH,2011-11-04,2525.244,2536.779,2512.904,2528.294,2011-11-04
000001.SH,2011-11-07,2518.898,2536.18,2507.615,2509.799,2011-11-07
000001.SH,2011-11-08,2514.259,2524.82,2500.02,2503.836,2011-11-08
000001.SH,2011-11-09,2512.587,2527.703,2489.025,2524.919,2011-11-09
000001.SH,2011-11-10,2498.594,2507.452,2478.139,2479.536,2011-11-10
000001.SH,2011-11-11,2483.957,2496.527,2472.761,2481.084,2011-11-11
000001.SH,2011-11-14,2498.672,2529.632,2496.335,2528.714,2011-11-14
000001.SH,2011-11-15,2525.948,2534.059,2518.703,2529.761,2011-11-15
000001.SH,2011-11-16,2529.073,2529.458,2456.856,2466.959,2011-11-16
000001.SH,2011-11-17,2467.704,2482.528,2459.165,2463.046,2011-11-17
000001.SH,2011-11-18,2448.387,2448.51,2411.042,2416.562,2011-11-18
000001.SH,2011-11-21,2416.732,2419.244,2396.087,2415.13,2011-11-21
000001.SH,2011-11-22,2400.984,2414.85,2387.826,2412.625,2011-11-22
000001.SH,2011-11-23,2415.197,2418.56,2390.654,2395.065,2011-11-23
000001.SH,2011-11-24,2379.146,2409.719,2370.695,2397.554,2011-11-24
000001.SH,2011-11-25,2393.327,2403.942,2372.622,2380.224,2011-11-25
000001.SH,2011-11-28,2383.893,2396.827,2372.156,2383.034,2011-11-28
000001.SH,2011-11-29,2398.994,2413.326,2388.202,2412.393,2011-11-29
000001.SH,2011-11-30,2406.329,2407.326,2319.44,2333.414,2011-11-30
000001.SH,2011-12-01,2392.485,2423.559,2376.916,2386.86,2011-12-01
000001.SH,2011-12-02,2374.899,2378.299,2344.846,2360.664,2011-12-02
000001.SH,2011-12-05,2363.111,2363.127,2327.61,2333.229,2011-12-05
000001.SH,2011-12-06,2326.66,2331.892,2310.155,2325.905,2011-12-06
000001.SH,2011-12-07,2325.562,2339.847,2317.814,2332.73,2011-12-07
000001.SH,2011-12-08,2329.911,2346.654,2302.642,2329.82,2011-12-08
000001.SH,2011-12-09,2315.513,2331.259,2309.457,2315.27,2011-12-09
000001.SH,2011-12-12,2312.151,2315.811,2290.264,2291.545,2011-12-12
000001.SH,2011-12-13,2283.223,2285.814,2245.868,2248.59,2011-12-13
000001.SH,2011-12-14,2241.387,2256.744,2224.725,2228.525,2011-12-14
000001.SH,2011-12-15,2215.792,2216.909,2179.467,2180.895,2011-12-15
000001.SH,2011-12-16,2179.509,2225.538,2170.748,2224.84,2011-12-16
000001.SH,2011-12-19,2208.071,2221.448,2164.887,2218.235,2011-12-19
000001.SH,2011-12-20,2209.699,2239.859,2206.519,2215.93,2011-12-20
000001.SH,2011-12-21,2230.18,2237.466,2188.71,2191.148,2011-12-21
000001.SH,2011-12-22,2178.572,2201.587,2149.423,2186.297,2011-12-22
000001.SH,2011-12-23,2183.911,2219.786,2178.141,2204.784,2011-12-23
000001.SH,2011-12-26,2193.659,2213.453,2186.07,2190.11,2011-12-26
000001.SH,2011-12-27,2186.709,2196.973,2162.723,2166.205,2011-12-27
000001.SH,2011-12-28,2157.65,2170.672,2134.017,2170.013,2011-12-28
000001.SH,2011-12-29,2161.184,2181.955,2157.115,2173.561,2011-12-29
000001.SH,2011-12-30,2177.517,2200.988,2177.517,2199.417,2011-12-30
000001.SH,2012-01-04,2211.995,2217.52,2168.644,2169.39,2012-01-04
000001.SH,2012-01-05,2160.898,2183.404,2145.556,2148.452,2012-01-05
000001.SH,2012-01-06,2148.147,2164.322,2132.626,2163.395,2012-01-06
000001.SH,2012-01-09,2164.741,2226.218,2148.453,2225.89,2012-01-09
000001.SH,2012-01-10,2221.832,2288.628,2218.275,2285.744,2012-01-10
000001.SH,2012-01-11,2282.913,2290.644,2265.185,2276.046,2012-01-11
000001.SH,2012-01-12,2268.739,2295.224,2265.256,2275.01,2012-01-12
000001.SH,2012-01-13,2277.08,2281.532,2225.736,2244.58,2012-01-13
000001.SH,2012-01-16,2230.433,2241.259,2206.045,2206.193,2012-01-16
000001.SH,2012-01-17,2206.531,2298.376,2196.117,2298.376,2012-01-17
000001.SH,2012-01-18,2298.834,2311.579,2257.898,2266.384,2012-01-18
000001.SH,2012-01-19,2266.076,2305.707,2259.337,2296.075,2012-01-19
000001.SH,2012-01-20,2300.5,2322.891,2293.893,2319.118,2012-01-20
000001.SH,2012-01-30,2324.493,2324.493,2284.291,2285.038,2012-01-30
000001.SH,2012-01-31,2285.954,2296.384,2277.056,2292.61,2012-01-31
000001.SH,2012-02-01,2288.066,2305.863,2263.342,2268.08,2012-02-01
000001.SH,2012-02-02,2273.85,2312.556,2268.687,2312.556,2012-02-02
000001.SH,2012-02-03,2306.656,2336.267,2300.982,2330.405,2012-02-03
000001.SH,2012-02-06,2334.248,2341.575,2317.422,2331.136,2012-02-06
000001.SH,2012-02-07,2319.421,2319.708,2278.825,2291.902,2012-02-07
000001.SH,2012-02-08,2291.812,2350.965,2286.819,2347.53,2012-02-08
000001.SH,2012-02-09,2344.224,2363.613,2333.935,2349.589,2012-02-09
000001.SH,2012-02-10,2342.011,2368.979,2339.885,2351.981,2012-02-10
000001.SH,2012-02-13,2332.055,2365.339,2325.028,2351.855,2012-02-13
000001.SH,2012-02-14,2348.877,2352.469,2332.247,2344.771,2012-02-14
000001.SH,2012-02-15,2340.455,2374.282,2335.101,2366.702,2012-02-15
000001.SH,2012-02-16,2363.897,2373.804,2342.073,2356.86,2012-02-16
000001.SH,2012-02-17,2366.63,2372.512,2344.76,2357.181,2012-02-17
000001.SH,2012-02-20,2383.686,2388.009,2362.012,2363.597,2012-02-20
000001.SH,2012-02-21,2365.487,2382.146,2345.053,2381.43,2012-02-21
000001.SH,2012-02-22,2380.504,2404.442,2374.03,2403.587,2012-02-22
000001.SH,2012-02-23,2401.738,2416.805,2396.71,2409.554,2012-02-23
000001.SH,2012-02-24,2410.881,2439.977,2405.274,2439.628,2012-02-24
000001.SH,2012-02-27,2447.406,2478.375,2444.629,2447.057,2012-02-27
000001.SH,2012-02-28,2440.914,2458.651,2431.828,2451.857,2012-02-28
000001.SH,2012-02-29,2446.228,2453.067,2426.329,2428.487,2012-02-29
000001.SH,2012-03-01,2418.788,2437.874,2418.334,2426.115,2012-03-01
000001.SH,2012-03-02,2430.098,2461.121,2430.098,2460.693,2012-03-02
000001.SH,2012-03-05,2464.849,2469.841,2442.115,2445.002,2012-03-05
000001.SH,2012-03-06,2439.779,2442.001,2406.056,2410.445,2012-03-06
000001.SH,2012-03-07,2391.203,2413.695,2388.519,2394.794,2012-03-07
000001.SH,2012-03-08,2401.102,2426.698,2401.102,2420.276,2012-03-08
000001.SH,2012-03-09,2425.885,2440.511,2414.966,2439.462,2012-03-09
000001.SH,2012-03-12,2438.546,2440.857,2420.84,2434.859,2012-03-12
000001.SH,2012-03-13,2432.843,2457.22,2428.609,2455.795,2012-03-13
000001.SH,2012-03-14,2464.915,2476.216,2382.836,2391.23,2012-03-14
000001.SH,2012-03-15,2388.063,2403.742,2366.024,2373.774,2012-03-15
000001.SH,2012-03-16,2377.757,2406.148,2368.311,2404.736,2012-03-16
000001.SH,2012-03-19,2401.217,2412.336,2383.674,2410.184,2012-03-19
000001.SH,2012-03-20,2407.542,2407.542,2376.031,2376.839,2012-03-20
000001.SH,2012-03-21,2384.709,2396.722,2361.222,2378.195,2012-03-21
000001.SH,2012-03-22,2376.991,2386.099,2364.13,2375.772,2012-03-22
000001.SH,2012-03-23,2369.077,2371.263,2342.12,2349.539,2012-03-23
000001.SH,2012-03-26,2349.086,2357.996,2339.141,2350.599,2012-03-26
000001.SH,2012-03-27,2358.545,2363.766,2344.304,2347.179,2012-03-27
000001.SH,2012-03-28,2341.003,2341.42,2281.433,2284.881,2012-03-28
000001.SH,2012-03-29,2276.74,2280.958,2242.345,2252.16,2012-03-29
000001.SH,2012-03-30,2256.042,2266.208,2246.245,2262.788,2012-03-30
000001.SH,2012-04-05,2258.031,2303.824,2251.393,2302.241,2012-04-05
000001.SH,2012-04-06,2299.055,2309.64,2291.559,2306.553,2012-04-06
000001.SH,2012-04-09,2300.051,2304.65,2284.442,2285.777,2012-04-09
000001.SH,2012-04-10,2281.024,2306.387,2258.853,2305.863,2012-04-10
000001.SH,2012-04-11,2286.716,2319.053,2280.035,2308.925,2012-04-11
000001.SH,2012-04-12,2310.484,2351.055,2307.841,2350.864,2012-04-12
000001.SH,2012-04-13,2351.513,2369.701,2346.944,2359.161,2012-04-13
000001.SH,2012-04-16,2346.307,2364.111,2342.199,2357.026,2012-04-16
000001.SH,2012-04-17,2355.369,2363.013,2333.341,2334.985,2012-04-17
000001.SH,2012-04-18,2341.135,2383.64,2337.857,2380.848,2012-04-18
000001.SH,2012-04-19,2378.632,2386.978,2369.459,2378.634,2012-04-19
000001.SH,2012-04-20,2374.662,2407.294,2372.13,2406.863,2012-04-20
000001.SH,2012-04-23,2403.521,2411.51,2383.068,2388.588,2012-04-23
000001.SH,2012-04-24,2380.236,2415.749,2350.399,2388.834,2012-04-24
000001.SH,2012-04-25,2382.211,2411.421,2376.626,2406.813,2012-04-25
000001.SH,2012-04-26,2408.558,2414.754,2393.265,2404.697,2012-04-26
000001.SH,2012-04-27,2402.431,2408.42,2393.867,2396.316,2012-04-27
000001.SH,2012-05-02,2421.082,2446.35,2407.788,2438.436,2012-05-02
000001.SH,2012-05-03,2433.589,2441.953,2427.728,2440.08,2012-05-03
000001.SH,2012-05-04,2437.465,2453.731,2427.969,2452.014,2012-05-04
000001.SH,2012-05-07,2441.757,2451.947,2432.736,2451.947,2012-05-07
000001.SH,2012-05-08,2451.575,2451.598,2431.025,2448.884,2012-05-08
000001.SH,2012-05-09,2432.472,2432.472,2407.509,2408.587,2012-05-09
000001.SH,2012-05-10,2409.945,2419.121,2402.204,2410.23,2012-05-10
000001.SH,2012-05-11,2406.074,2415.977,2393.378,2394.983,2012-05-11
000001.SH,2012-05-14,2408.262,2411.272,2377.983,2380.725,2012-05-14
000001.SH,2012-05-15,2367.083,2376.594,2354.614,2374.843,2012-05-15
000001.SH,2012-05-16,2369.295,2372.032,2344.5,2346.192,2012-05-16
000001.SH,2012-05-17,2347.177,2383.306,2342.352,2378.886,2012-05-17
000001.SH,2012-05-18,2364.899,2369.598,2338.241,2344.52,2012-05-18
000001.SH,2012-05-21,2343.576,2360.386,2330.325,2348.3,2012-05-21
000001.SH,2012-05-22,2355.732,2374.056,2354.868,2373.307,2012-05-22
000001.SH,2012-05-23,2369.265,2378.077,2350.548,2363.437,2012-05-23
000001.SH,2012-05-24,2359.682,2373.057,2344.58,2350.973,2012-05-24
000001.SH,2012-05-25,2350.541,2355.808,2327.408,2333.553,2012-05-25
000001.SH,2012-05-28,2325.317,2361.744,2309.072,2361.367,2012-05-28
000001.SH,2012-05-29,2361.003,2393.279,2358.374,2389.636,2012-05-29
000001.SH,2012-05-30,2385.392,2391.691,2378.133,2384.668,2012-05-30
000001.SH,2012-05-31,2370.007,2382.989,2362.314,2372.234,2012-05-31
000001.SH,2012-06-01,2373.224,2388.087,2365.442,2373.436,2012-06-01
000001.SH,2012-06-04,2346.984,2348.199,2308.229,2308.55,2012-06-04
000001.SH,2012-06-05,2313.741,2323.298,2304.046,2311.916,2012-06-05
000001.SH,2012-06-06,2315.561,2323.113,2301.035,2309.555,2012-06-06
000001.SH,2012-06-07,2324.672,2328.672,2288.665,2293.13,2012-06-07
000001.SH,2012-06-08,2306.219,2306.882,2276.714,2281.447,2012-06-08
000001.SH,2012-06-11,2282.891,2311.772,2278.163,2305.856,2012-06-11
000001.SH,2012-06-12,2295.07,2298.95,2280.951,2289.791,2012-06-12
000001.SH,2012-06-13,2289.707,2319.714,2284.65,2318.924,2012-06-13
000001.SH,2012-06-14,2306.781,2314.585,2293.065,2295.946,2012-06-14
000001.SH,2012-06-15,2299.781,2314.242,2283.4,2306.85,2012-06-15
000001.SH,2012-06-18,2313.53,2325.052,2309.709,2316.052,2012-06-18
000001.SH,2012-06-19,2313.455,2313.455,2298.394,2300.795,2012-06-19
000001.SH,2012-06-20,2300.406,2304.458,2291.541,2292.877,2012-06-20
000001.SH,2012-06-21,2288.454,2288.454,2253.789,2260.877,2012-06-21
000001.SH,2012-06-25,2253.514,2253.514,2223.054,2224.114,2012-06-25
000001.SH,2012-06-26,2214.649,2229.24,2203.944,2222.067,2012-06-26
000001.SH,2012-06-27,2219.944,2233.543,2213.323,2216.934,2012-06-27
000001.SH,2012-06-28,2220.236,2224.155,2195.356,2195.843,2012-06-28
000001.SH,2012-06-29,2190.576,2226.485,2188.716,2225.431,2012-06-29
000001.SH,2012-07-02,2234.32,2234.873,2215.358,2226.11,2012-07-02
000001.SH,2012-07-03,2225.568,2244.832,2219.05,2229.193,2012-07-03
000001.SH,2012-07-04,2233.335,2239.27,2219.448,2227.315,2012-07-04
000001.SH,2012-07-05,2218.216,2218.216,2192.648,2201.353,2012-07-05
000001.SH,2012-07-06,2203.73,2227.473,2185.522,2223.579,2012-07-06
000001.SH,2012-07-09,2210.714,2216.697,2168.608,2170.814,2012-07-09
000001.SH,2012-07-10,2166.947,2178.195,2156.726,2164.437,2012-07-10
000001.SH,2012-07-11,2160.02,2176.491,2156.596,2175.383,2012-07-11
000001.SH,2012-07-12,2172.064,2197.044,2152.675,2185.491,2012-07-12
000001.SH,2012-07-13,2180.172,2198.661,2177.924,2185.895,2012-07-13
000001.SH,2012-07-16,2187.887,2188.063,2146.154,2147.955,2012-07-16
000001.SH,2012-07-17,2142.43,2165.335,2141.481,2161.186,2012-07-17
000001.SH,2012-07-18,2159.857,2170.296,2138.792,2169.099,2012-07-18
000001.SH,2012-07-19,2164.274,2197.79,2159.943,2184.841,2012-07-19
000001.SH,2012-07-20,2180.012,2185.733,2162.064,2168.638,2012-07-20
000001.SH,2012-07-23,2154.171,2154.171,2135.563,2141.402,2012-07-23
000001.SH,2012-07-24,2132.317,2158.948,2131.013,2146.589,2012-07-24
000001.SH,2012-07-25,2141.036,2151.45,2132.833,2136.151,2012-07-25
000001.SH,2012-07-26,2134.987,2147.664,2124.155,2126.004,2012-07-26
000001.SH,2012-07-27,2132.009,2139.154,2120.63,2128.765,2012-07-27
000001.SH,2012-07-30,2128.159,2137.736,2107.634,2109.914,2012-07-30
000001.SH,2012-07-31,2109.325,2116.904,2100.252,2103.634,2012-07-31
000001.SH,2012-08-01,2101.723,2130.712,2101.708,2123.36,2012-08-01
000001.SH,2012-08-02,2120.146,2126.46,2103.495,2111.182,2012-08-02
000001.SH,2012-08-03,2113.964,2133.266,2108.33,2132.796,2012-08-03
000001.SH,2012-08-06,2129.148,2158.681,2127.263,2154.916,2012-08-06
000001.SH,2012-08-07,2153.093,2159.683,2148.897,2157.62,2012-08-07
000001.SH,2012-08-08,2158.982,2168.734,2153.02,2160.99,2012-08-08
000001.SH,2012-08-09,2159.434,2175.545,2148.694,2174.102,2012-08-09
000001.SH,2012-08-10,2172.964,2176.795,2165.284,2168.814,2012-08-10
000001.SH,2012-08-13,2164.043,2164.043,2134.554,2136.078,2012-08-13
000001.SH,2012-08-14,2137.047,2144.006,2119.253,2142.525,2012-08-14
000001.SH,2012-08-15,2138.278,2139.142,2118.503,2118.945,2012-08-15
000001.SH,2012-08-16,2116.08,2122.683,2109.658,2112.197,2012-08-16
000001.SH,2012-08-17,2111.653,2120.714,2100.787,2114.891,2012-08-17
000001.SH,2012-08-20,2102.231,2110.78,2089.018,2106.957,2012-08-20
000001.SH,2012-08-21,2106.381,2124.195,2103.071,2118.268,2012-08-21
000001.SH,2012-08-22,2118.881,2121.149,2097.605,2107.711,2012-08-22
000001.SH,2012-08-23,2106.96,2118.736,2097.083,2113.072,2012-08-23
000001.SH,2012-08-24,2108.36,2109.822,2089.217,2092.104,2012-08-24
000001.SH,2012-08-27,2085.373,2085.373,2055.377,2055.708,2012-08-27
000001.SH,2012-08-28,2054.967,2083.956,2052.492,2073.154,2012-08-28
000001.SH,2012-08-29,2066.82,2073.949,2051.775,2053.235,2012-08-29
000001.SH,2012-08-30,2044.033,2060.185,2032.537,2052.585,2012-08-30
000001.SH,2012-08-31,2046.289,2059.302,2044.65,2047.522,2012-08-31
000001.SH,2012-09-03,2044.825,2066.78,2041.161,2059.147,2012-09-03
000001.SH,2012-09-04,2060.613,2063.817,2039.266,2043.649,2012-09-04
000001.SH,2012-09-05,2038.873,2048.319,2029.054,2037.681,2012-09-05
000001.SH,2012-09-06,2040.668,2052.95,2036.366,2051.918,2012-09-06
000001.SH,2012-09-07,2062.99,2145.003,2062.99,2127.762,2012-09-07
000001.SH,2012-09-10,2128.065,2140.168,2120.486,2134.893,2012-09-10
000001.SH,2012-09-11,2127.519,2127.519,2107.219,2120.554,2012-09-11
000001.SH,2012-09-12,2129.687,2137.89,2109.137,2126.554,2012-09-12
000001.SH,2012-09-13,2123.84,2130.079,2109.996,2110.379,2012-09-13
000001.SH,2012-09-14,2127.389,2136.226,2111.12,2123.847,2012-09-14
000001.SH,2012-09-17,2120.617,2121.583,2077.484,2078.5,2012-09-17
000001.SH,2012-09-18,2069.343,2074.762,2053.662,2059.543,2012-09-18
000001.SH,2012-09-19,2061.061,2069.95,2055.198,2067.831,2012-09-19
000001.SH,2012-09-20,2060.306,2060.306,2023.085,2024.837,2012-09-20
000001.SH,2012-09-21,2020.554,2041.948,2018.263,2026.69,2012-09-21
000001.SH,2012-09-24,2015.767,2040.85,2005.263,2033.192,2012-09-24
000001.SH,2012-09-25,2028.633,2039.096,2021.809,2029.293,2012-09-25
000001.SH,2012-09-26,2027.855,2033.036,1999.484,2004.172,2012-09-26
000001.SH,2012-09-27,2003.099,2068.071,2002.324,2056.323,2012-09-27
000001.SH,2012-09-28,2042.886,2089.633,2040.35,2086.169,2012-09-28
000001.SH,2012-10-08,2084.849,2096.259,2063.089,2074.419,2012-10-08
000001.SH,2012-10-09,2081.589,2119.336,2081.589,2115.23,2012-10-09
000001.SH,2012-10-10,2111.587,2121.992,2102.535,2119.942,2012-10-10
000001.SH,2012-10-11,2114.232,2117.839,2101.14,2102.868,2012-10-11
000001.SH,2012-10-12,2109.07,2127.307,2092.511,2104.932,2012-10-12
000001.SH,2012-10-15,2105.024,2107.199,2085.115,2098.703,2012-10-15
000001.SH,2012-10-16,2097.05,2111.78,2089.695,2098.808,2012-10-16
000001.SH,2012-10-17,2104.28,2113.162,2088.044,2105.618,2012-10-17
000001.SH,2012-10-18,2108.498,2137.686,2107.492,2131.688,2012-10-18
000001.SH,2012-10-19,2129.82,2136.869,2125.736,2128.302,2012-10-19
000001.SH,2012-10-22,2118.521,2138.027,2112.752,2132.758,2012-10-22
000001.SH,2012-10-23,2132.108,2136.218,2111.923,2114.447,2012-10-23
000001.SH,2012-10-24,2106.83,2123.998,2104.67,2115.99,2012-10-24
000001.SH,2012-10-25,2114.764,2128.74,2100.609,2101.58,2012-10-25
000001.SH,2012-10-26,2100.1,2102.162,2058.063,2066.209,2012-10-26
000001.SH,2012-10-29,2061.847,2068.237,2053.092,2058.943,2012-10-29
000001.SH,2012-10-30,2059.202,2075.905,2054.264,2062.347,2012-10-30
000001.SH,2012-10-31,2061.124,2070.479,2053.583,2068.88,2012-10-31
000001.SH,2012-11-01,2070.02,2109.496,2069.947,2104.428,2012-11-01
000001.SH,2012-11-02,2105.449,2119.224,2096.531,2117.046,2012-11-02
000001.SH,2012-11-05,2113.328,2123.327,2104.584,2114.027,2012-11-05
000001.SH,2012-11-06,2113.658,2114.791,2078.472,2105.999,2012-11-06
000001.SH,2012-11-07,2102.419,2112.631,2093.289,2105.73,2012-11-07
000001.SH,2012-11-08,2091.254,2092.565,2070.65,2071.509,2012-11-08
000001.SH,2012-11-09,2066.495,2077.228,2062.417,2069.067,2012-11-09
000001.SH,2012-11-12,2069.214,2079.571,2061.84,2079.274,2012-11-12
000001.SH,2012-11-13,2078.133,2078.133,2044.036,2047.889,2012-11-13
000001.SH,2012-11-14,2047.257,2056.488,2040.172,2055.419,2012-11-14
000001.SH,2012-11-15,2045.456,2053.56,2029.874,2030.29,2012-11-15
000001.SH,2012-11-16,2026.563,2028.686,2001.716,2014.725,2012-11-16
000001.SH,2012-11-19,2013.246,2018.38,1995.721,2016.982,2012-11-19
000001.SH,2012-11-20,2020.433,2023.611,2004.17,2008.923,2012-11-20
000001.SH,2012-11-21,2008.211,2031.149,1995.174,2030.319,2012-11-21
000001.SH,2012-11-22,2021.209,2023.085,2009.72,2015.611,2012-11-22
000001.SH,2012-11-23,2020.015,2034.884,2017.004,2027.384,2012-11-23
000001.SH,2012-11-26,2023.339,2027.274,2014.029,2017.464,2012-11-26
000001.SH,2012-11-27,2012.075,2014.211,1990.336,1991.165,2012-11-27
000001.SH,2012-11-28,1984.48,1984.863,1968.213,1973.523,2012-11-28
000001.SH,2012-11-29,1972.925,1980.556,1961.822,1963.488,2012-11-29
000001.SH,2012-11-30,1961.815,1983.419,1959.334,1980.117,2012-11-30
000001.SH,2012-12-03,1977.254,1988.191,1957.884,1959.767,2012-12-03
000001.SH,2012-12-04,1956.616,1980.119,1949.457,1975.143,2012-12-04
000001.SH,2012-12-05,1973.107,2040.604,1970.202,2031.907,2012-12-05
000001.SH,2012-12-06,2029.562,2036.609,2018.379,2029.237,2012-12-06
000001.SH,2012-12-07,2028.766,2065.745,2023.961,2061.786,2012-12-07
000001.SH,2012-12-10,2067.324,2087.007,2064.615,2083.77,2012-12-10
000001.SH,2012-12-11,2077.557,2088.635,2070.192,2074.704,2012-12-11
000001.SH,2012-12-12,2073.271,2085.934,2066.391,2082.726,2012-12-12
000001.SH,2012-12-13,2077.416,2081.363,2059.472,2061.476,2012-12-13
000001.SH,2012-12-14,2062.689,2152.496,2062.543,2150.625,2012-12-14
000001.SH,2012-12-17,2152.097,2169.57,2151.936,2160.342,2012-12-17
000001.SH,2012-12-18,2155.858,2183.714,2144.733,2162.464,2012-12-18
000001.SH,2012-12-19,2158.67,2175.395,2154.287,2162.239,2012-12-19
000001.SH,2012-12-20,2156.193,2174.819,2142.951,2168.353,2012-12-20
000001.SH,2012-12-21,2169.57,2190.398,2148.17,2153.31,2012-12-21
000001.SH,2012-12-24,2150.654,2170.394,2149.825,2159.053,2012-12-24
000001.SH,2012-12-25,2154.32,2220.263,2146.862,2213.611,2012-12-25
000001.SH,2012-12-26,2211.594,2220.475,2206.787,2219.132,2012-12-26
000001.SH,2012-12-27,2223.655,2234.724,2204.79,2205.897,2012-12-27
000001.SH,2012-12-28,2207.913,2234.869,2204.003,2233.252,2012-12-28
000001.SH,2012-12-31,2236.461,2269.512,2236.461,2269.128,2012-12-31
000001.SH,2013-01-04,2289.51,2296.113,2256.56,2276.992,2013-01-04
000001.SH,2013-01-07,2271.663,2293.317,2266.862,2285.364,2013-01-07
000001.SH,2013-01-08,2284.654,2289.139,2262.979,2276.07,2013-01-08
000001.SH,2013-01-09,2271.299,2283.896,2259.051,2275.34,2013-01-09
000001.SH,2013-01-10,2274.377,2295.484,2268.648,2283.658,2013-01-10
000001.SH,2013-01-11,2285.185,2290.205,2234.947,2242.997,2013-01-11
000001.SH,2013-01-14,2236.288,2317.617,2235.107,2311.74,2013-01-14
000001.SH,2013-01-15,2312.468,2332.783,2309.323,2325.682,2013-01-15
000001.SH,2013-01-16,2322.158,2326.764,2279.507,2309.499,2013-01-16
000001.SH,2013-01-17,2305.14,2305.602,2275.877,2284.909,2013-01-17
000001.SH,2013-01-18,2295.809,2324.509,2285.972,2317.07,2013-01-18
000001.SH,2013-01-21,2321.49,2329.581,2305.099,2328.221,2013-01-21
000001.SH,2013-01-22,2326.49,2335.806,2301.301,2315.139,2013-01-22
000001.SH,2013-01-23,2308.521,2325.118,2296.491,2320.911,2013-01-23
000001.SH,2013-01-24,2320.258,2362.943,2287.296,2302.598,2013-01-24
000001.SH,2013-01-25,2300.001,2308.38,2288.262,2291.304,2013-01-25
000001.SH,2013-01-28,2295.352,2346.921,2295.352,2346.505,2013-01-28
000001.SH,2013-01-29,2347.215,2363.797,2337.353,2358.977,2013-01-29
000001.SH,2013-01-30,2360.748,2383.763,2347.89,2382.475,2013-01-30
000001.SH,2013-01-31,2383.426,2391.821,2371.226,2385.422,2013-01-31
000001.SH,2013-02-01,2377.414,2421.154,2369.57,2419.02,2013-02-01
000001.SH,2013-02-04,2425.921,2440.376,2417.585,2428.154,2013-02-04
000001.SH,2013-02-05,2411.001,2437.415,2403.302,2433.13,2013-02-05
000001.SH,2013-02-06,2432.677,2441.726,2427.699,2434.477,2013-02-06
000001.SH,2013-02-07,2430.688,2433.893,2394.218,2418.53,2013-02-07
000001.SH,2013-02-08,2416.619,2443.032,2414.398,2432.402,2013-02-08
000001.SH,2013-02-18,2441.906,2444.804,2415.429,2421.558,2013-02-18
000001.SH,2013-02-19,2420.265,2427.075,2373.535,2382.914,2013-02-19
000001.SH,2013-02-20,2383.493,2397.941,2370.608,2397.178,2013-02-20
000001.SH,2013-02-21,2378.822,2378.822,2309.171,2325.951,2013-02-21
000001.SH,2013-02-22,2322.94,2330.879,2308.76,2314.164,2013-02-22
000001.SH,2013-02-25,2320.618,2338.78,2315.012,2325.819,2013-02-25
000001.SH,2013-02-26,2313.74,2340.709,2289.887,2293.341,2013-02-26
000001.SH,2013-02-27,2297.767,2324.627,2292.034,2313.22,2013-02-27
000001.SH,2013-02-28,2322.323,2366.164,2308.916,2365.593,2013-02-28
000001.SH,2013-03-01,2364.544,2369.649,2330.858,2359.506,2013-03-01
000001.SH,2013-03-04,2332.08,2333.54,2259.247,2273.404,2013-03-04
000001.SH,2013-03-05,2274.808,2328.143,2270.1,2326.306,2013-03-05
000001.SH,2013-03-06,2333.615,2351.441,2321.6,2347.179,2013-03-06
000001.SH,2013-03-07,2340.436,2352.021,2304.27,2324.293,2013-03-07
000001.SH,2013-03-08,2326.417,2333.667,2314.587,2318.611,2013-03-08
000001.SH,2013-03-11,2314.683,2320.961,2296.583,2310.593,2013-03-11
000001.SH,2013-03-12,2309.158,2333.286,2264.829,2286.605,2013-03-12
000001.SH,2013-03-13,2282.17,2286.329,2253.249,2263.968,2013-03-13
000001.SH,2013-03-14,2255.775,2276.222,2253.31,2270.277,2013-03-14
000001.SH,2013-03-15,2269.315,2312.078,2250.005,2278.401,2013-03-15
000001.SH,2013-03-18,2267.287,2276.05,2239.214,2240.016,2013-03-18
000001.SH,2013-03-19,2244.265,2261.314,2232.023,2257.434,2013-03-19
000001.SH,2013-03-20,2257.737,2317.86,2257.421,2317.374,2013-03-20
000001.SH,2013-03-21,2318.205,2330.813,2311.603,2324.242,2013-03-21
000001.SH,2013-03-22,2321.403,2331.995,2314.967,2328.278,2013-03-22
000001.SH,2013-03-25,2334.735,2344.894,2319.908,2326.715,2013-03-25
000001.SH,2013-03-26,2318.578,2319.988,2281.118,2297.669,2013-03-26
000001.SH,2013-03-27,2299.377,2323.477,2288.995,2301.259,2013-03-27
000001.SH,2013-03-28,2273.552,2273.552,2232.906,2236.302,2013-03-28
000001.SH,2013-03-29,2238.485,2246.868,2228.813,2236.621,2013-03-29
000001.SH,2013-04-01,2229.46,2243.949,2227.314,2234.395,2013-04-01
000001.SH,2013-04-02,2234.901,2253.421,2220.439,2227.74,2013-04-02
000001.SH,2013-04-03,2232.694,2241.34,2217.252,2225.295,2013-04-03
000001.SH,2013-04-08,2196.238,2212.586,2180.673,2211.592,2013-04-08
000001.SH,2013-04-09,2215.467,2234.725,2215.467,2225.775,2013-04-09
000001.SH,2013-04-10,2224.934,2233.04,2212.561,2226.126,2013-04-10
000001.SH,2013-04-11,2236.983,2242.479,2217.265,2219.553,2013-04-11
000001.SH,2013-04-12,2218.095,2226.262,2204.438,2206.78,2013-04-12
000001.SH,2013-04-15,2199.914,2204.987,2177.388,2181.942,2013-04-15
000001.SH,2013-04-16,2169.63,2196.432,2165.784,2194.846,2013-04-16
000001.SH,2013-04-17,2195.032,2197.508,2178.468,2193.796,2013-04-17
000001.SH,2013-04-18,2181.822,2206.027,2175.444,2197.602,2013-04-18
000001.SH,2013-04-19,2201.122,2250.11,2200.584,2244.643,2013-04-19
000001.SH,2013-04-22,2236.402,2245.119,2232.258,2242.169,2013-04-22
000001.SH,2013-04-23,2242.616,2242.616,2182.806,2184.538,2013-04-23
000001.SH,2013-04-24,2187.349,2226.117,2184.109,2218.318,2013-04-24
000001.SH,2013-04-25,2213.185,2224.63,2191.848,2199.307,2013-04-25
000001.SH,2013-04-26,2203.889,2210.581,2173.864,2177.912,2013-04-26
000001.SH,2013-05-02,2170.783,2179.647,2161.14,2174.123,2013-05-02
000001.SH,2013-05-03,2179.049,2222.811,2179.049,2205.497,2013-05-03
000001.SH,2013-05-06,2212.495,2236.066,2212.495,2231.166,2013-05-06
000001.SH,2013-05-07,2227.861,2240.256,2219.435,2235.575,2013-05-07
000001.SH,2013-05-08,2242.393,2255.208,2235.417,2246.3,2013-05-08
000001.SH,2013-05-09,2246.963,2247.864,2221.384,2232.971,2013-05-09
000001.SH,2013-05-10,2228.819,2247.674,2225.812,2246.831,2013-05-10
000001.SH,2013-05-13,2247.678,2250.854,2231.363,2241.92,2013-05-13
000001.SH,2013-05-14,2238.904,2239.926,2205.873,2217.01,2013-05-14
000001.SH,2013-05-15,2217.086,2225.186,2213.582,2224.797,2013-05-15
000001.SH,2013-05-16,2221.337,2252.872,2210.77,2251.806,2013-05-16
000001.SH,2013-05-17,2249.811,2288.091,2248.413,2282.87,2013-05-17
000001.SH,2013-05-20,2286.328,2309.392,2281.899,2299.986,2013-05-20
000001.SH,2013-05-21,2297.11,2305.301,2290.124,2305.114,2013-05-21
000001.SH,2013-05-22,2303.75,2314.183,2292.431,2302.403,2013-05-22
000001.SH,2013-05-23,2293.809,2304.953,2274.102,2275.667,2013-05-23
000001.SH,2013-05-24,2281.445,2292.595,2270.25,2288.533,2013-05-24
000001.SH,2013-05-27,2286.661,2301.702,2283.935,2293.077,2013-05-27
000001.SH,2013-05-28,2293.4,2322.099,2281.468,2321.318,2013-05-28
000001.SH,2013-05-29,2323.539,2334.335,2321.166,2324.017,2013-05-29
000001.SH,2013-05-30,2316.253,2325.721,2310.492,2317.749,2013-05-30
000001.SH,2013-05-31,2320.739,2325.534,2299.369,2300.595,2013-05-31
000001.SH,2013-06-03,2300.209,2313.425,2294.113,2299.252,2013-06-03
000001.SH,2013-06-04,2297.1,2297.1,2264.761,2272.416,2013-06-04
000001.SH,2013-06-05,2270.712,2276.865,2260.871,2270.931,2013-06-05
000001.SH,2013-06-06,2264.425,2266.692,2240.07,2242.11,2013-06-06
000001.SH,2013-06-07,2242.263,2250.629,2205.066,2210.898,2013-06-07
000001.SH,2013-06-13,2190.101,2190.101,2126.216,2148.355,2013-06-13
000001.SH,2013-06-14,2150.06,2163.846,2142.78,2162.041,2013-06-14
000001.SH,2013-06-17,2165.994,2169.356,2147.029,2156.215,2013-06-17
000001.SH,2013-06-18,2158.546,2161.681,2138.347,2159.291,2013-06-18
000001.SH,2013-06-19,2150.816,2150.816,2115.793,2143.454,2013-06-19
000001.SH,2013-06-20,2132.813,2132.813,2082.825,2084.021,2013-06-20
000001.SH,2013-06-21,2058.978,2085.86,2042.879,2073.095,2013-06-21
000001.SH,2013-06-24,2068.862,2068.862,1958.401,1963.235,2013-06-24
000001.SH,2013-06-25,1948.315,1963.566,1849.653,1959.508,2013-06-25
000001.SH,2013-06-26,1954.474,1959.158,1922.824,1951.495,2013-06-26
000001.SH,2013-06-27,1955.126,1980.54,1942.371,1950.013,2013-06-27
000001.SH,2013-06-28,1935.516,1987.984,1925.651,1979.206,2013-06-28
000001.SH,2013-07-01,1965.987,1995.916,1957.571,1995.242,2013-07-01
000001.SH,2013-07-02,1992.89,2007.62,1978.428,2006.56,2013-07-02
000001.SH,2013-07-03,1996.506,1996.537,1965.519,1994.268,2013-07-03
000001.SH,2013-07-04,1982.87,2022.136,1974.103,2006.098,2013-07-04
000001.SH,2013-07-05,2006.191,2021.541,2002.367,2007.199,2013-07-05
000001.SH,2013-07-08,1983.215,1983.215,1953.121,1958.273,2013-07-08
000001.SH,2013-07-09,1953.602,1969.149,1946.366,1965.454,2013-07-09
000001.SH,2013-07-10,1962.84,2009.36,1960.277,2008.126,2013-07-10
000001.SH,2013-07-11,2011.02,2092.868,2010.4,2072.991,2013-07-11
000001.SH,2013-07-12,2068.044,2074.857,2036.05,2039.486,2013-07-12
000001.SH,2013-07-15,2046.119,2076.665,2037.248,2059.39,2013-07-15
000001.SH,2013-07-16,2054.6,2066.363,2038.535,2065.72,2013-07-16
000001.SH,2013-07-17,2061.186,2075.813,2043.231,2044.922,2013-07-17
000001.SH,2013-07-18,2038.4,2043.372,2016.899,2023.396,2013-07-18
000001.SH,2013-07-19,2025.317,2035.22,1990.253,1992.648,2013-07-19
000001.SH,2013-07-22,1977.733,2005.474,1970.639,2004.762,2013-07-22
000001.SH,2013-07-23,2008.955,2051.526,2005.092,2043.876,2013-07-23
000001.SH,2013-07-24,2035.691,2042.773,2010.424,2033.329,2013-07-24
000001.SH,2013-07-25,2037.336,2045.365,2016.431,2021.174,2013-07-25
000001.SH,2013-07-26,2013.19,2021.574,2000.797,2010.85,2013-07-26
000001.SH,2013-07-29,1997.838,1997.838,1969.853,1976.306,2013-07-29
000001.SH,2013-07-30,1981.452,2006.232,1965.361,1990.064,2013-07-30
000001.SH,2013-07-31,2000.794,2015.472,1987.88,1993.799,2013-07-31
000001.SH,2013-08-01,2000.818,2029.928,1997.058,2029.067,2013-08-01
000001.SH,2013-08-02,2039.514,2047.084,2025.654,2029.418,2013-08-02
000001.SH,2013-08-05,2031.724,2050.911,2025.226,2050.481,2013-08-05
000001.SH,2013-08-06,2043.653,2066.74,2034.957,2060.5,2013-08-06
000001.SH,2013-08-07,2056.367,2069.561,2043.75,2046.778,2013-08-07
000001.SH,2013-08-08,2044.436,2058.561,2037.251,2044.895,2013-08-08
000001.SH,2013-08-09,2052.244,2061.708,2030.127,2052.235,2013-08-09
000001.SH,2013-08-12,2058.416,2102.347,2055.715,2101.283,2013-08-12
000001.SH,2013-08-13,2101.324,2106.397,2093.796,2106.156,2013-08-13
000001.SH,2013-08-14,2109.225,2122.965,2093.043,2100.137,2013-08-14
000001.SH,2013-08-15,2099.279,2108.405,2079.969,2081.88,2013-08-15
000001.SH,2013-08-16,2075.983,2198.848,2061.654,2068.452,2013-08-16
000001.SH,2013-08-19,2055.128,2091.132,2052.703,2085.602,2013-08-19
000001.SH,2013-08-20,2081.966,2098.98,2066.072,2072.595,2013-08-20
000001.SH,2013-08-21,2076.271,2076.317,2056.913,2072.961,2013-08-21
000001.SH,2013-08-22,2069.313,2083.333,2062.367,2067.124,2013-08-22
000001.SH,2013-08-23,2075.929,2079.846,2029.365,2057.458,2013-08-23
000001.SH,2013-08-26,2061.417,2097.344,2056.133,2096.474,2013-08-26
000001.SH,2013-08-27,2095.44,2105.376,2090.425,2103.567,2013-08-27
000001.SH,2013-08-28,2092.311,2113.817,2080.861,2101.301,2013-08-28
000001.SH,2013-08-29,2108.436,2110.894,2088.236,2097.227,2013-08-29
000001.SH,2013-08-30,2097.217,2114.393,2089.095,2098.382,2013-08-30
000001.SH,2013-09-02,2104.09,2108.683,2078.455,2098.448,2013-09-02
000001.SH,2013-09-03,2100.449,2123.847,2095.455,2123.112,2013-09-03
000001.SH,2013-09-04,2121.68,2132.996,2115.753,2127.618,2013-09-04
000001.SH,2013-09-05,2125.255,2127.855,2115.236,2122.43,2013-09-05
000001.SH,2013-09-06,2119.333,2143.244,2119.021,2139.993,2013-09-06
000001.SH,2013-09-09,2151.347,2218.529,2151.347,2212.516,2013-09-09
000001.SH,2013-09-10,2214.814,2238.551,2202.817,2237.984,2013-09-10
000001.SH,2013-09-11,2244.962,2258.075,2233.003,2241.268,2013-09-11
000001.SH,2013-09-12,2236.171,2270.268,2226.288,2255.605,2013-09-12
000001.SH,2013-09-13,2251.462,2259.424,2228.483,2236.217,2013-09-13
000001.SH,2013-09-16,2244.463,2248.471,2226.171,2231.401,2013-09-16
000001.SH,2013-09-17,2230.388,2230.929,2184.922,2185.56,2013-09-17
000001.SH,2013-09-18,2185.936,2195.904,2172.043,2191.851,2013-09-18
000001.SH,2013-09-23,2199.361,2223.068,2198.336,2221.044,2013-09-23
000001.SH,2013-09-24,2219.467,2219.543,2187.236,2207.531,2013-09-24
000001.SH,2013-09-25,2206.225,2217.974,2193.722,2198.515,2013-09-25
000001.SH,2013-09-26,2192.226,2192.226,2154.721,2155.809,2013-09-26
000001.SH,2013-09-27,2150.961,2165.777,2149.594,2160.027,2013-09-27
000001.SH,2013-09-30,2167.734,2176.303,2165.162,2174.665,2013-09-30
000001.SH,2013-10-08,2171.904,2200.018,2161.489,2198.199,2013-10-08
000001.SH,2013-10-09,2191.392,2212.347,2185.181,2211.769,2013-10-09
000001.SH,2013-10-10,2214.405,2214.592,2186.48,2190.929,2013-10-10
000001.SH,2013-10-11,2201.409,2228.871,2200.53,2228.146,2013-10-11
000001.SH,2013-10-14,2232.218,2242.984,2226.403,2237.773,2013-10-14
000001.SH,2013-10-15,2237.931,2240.25,2221.139,2233.412,2013-10-15
000001.SH,2013-10-16,2228.113,2228.113,2183.403,2193.074,2013-10-16
000001.SH,2013-10-17,2201.71,2211.03,2183.246,2188.542,2013-10-17
000001.SH,2013-10-18,2188.714,2203.291,2184.36,2193.78,2013-10-18
000001.SH,2013-10-21,2198.114,2230.285,2190.394,2229.237,2013-10-21
000001.SH,2013-10-22,2227.341,2227.341,2204.244,2210.652,2013-10-22
000001.SH,2013-10-23,2213.274,2226.847,2177.725,2183.107,2013-10-23
000001.SH,2013-10-24,2178.82,2183.412,2159.871,2164.322,2013-10-24
000001.SH,2013-10-25,2163.689,2170.612,2122.678,2132.955,2013-10-25
000001.SH,2013-10-28,2135.879,2140.957,2123.069,2133.869,2013-10-28
000001.SH,2013-10-29,2135.226,2163.657,2093.197,2128.864,2013-10-29
000001.SH,2013-10-30,2126.69,2161.935,2121.841,2160.463,2013-10-30
000001.SH,2013-10-31,2155.511,2155.511,2137.466,2141.614,2013-10-31
000001.SH,2013-11-01,2139.88,2157.313,2132.629,2149.562,2013-11-01
000001.SH,2013-11-04,2156.087,2160.578,2143.207,2149.634,2013-11-04
000001.SH,2013-11-05,2139.837,2158.148,2124.845,2157.24,2013-11-05
000001.SH,2013-11-06,2149.39,2166.171,2138.78,2139.607,2013-11-06
000001.SH,2013-11-07,2136.627,2141.6,2119.186,2129.4,2013-11-07
000001.SH,2013-11-08,2120.923,2128.581,2103.51,2106.127,2013-11-08
000001.SH,2013-11-11,2103.299,2117.28,2093.626,2109.471,2013-11-11
000001.SH,2013-11-12,2110.724,2127.938,2108.396,2126.772,2013-11-12
000001.SH,2013-11-13,2117.886,2117.912,2086.006,2087.941,2013-11-13
000001.SH,2013-11-14,2087.119,2102.38,2078.988,2100.506,2013-11-14
000001.SH,2013-11-15,2100.9,2153.213,2100.786,2135.827,2013-11-15
000001.SH,2013-11-18,2147.373,2198.316,2143.768,2197.219,2013-11-18
000001.SH,2013-11-19,2198.318,2203.297,2186.114,2193.125,2013-11-19
000001.SH,2013-11-20,2201.474,2207.105,2186.642,2206.613,2013-11-20
000001.SH,2013-11-21,2197.008,2206.531,2177.735,2205.766,2013-11-21
000001.SH,2013-11-22,2206.471,2211.066,2188.767,2196.378,2013-11-22
000001.SH,2013-11-25,2186.058,2209.148,2181.418,2186.115,2013-11-25
000001.SH,2013-11-26,2184.332,2192.579,2176.177,2183.073,2013-11-26
000001.SH,2013-11-27,2181.725,2207.617,2176.847,2201.07,2013-11-27
000001.SH,2013-11-28,2204.378,2234.387,2202.623,2219.372,2013-11-28
000001.SH,2013-11-29,2221.618,2224.944,2212.263,2220.504,2013-11-29
000001.SH,2013-12-02,2203.122,2231.921,2172.633,2207.371,2013-12-02
000001.SH,2013-12-03,2196.824,2227.925,2193.251,2222.67,2013-12-03
000001.SH,2013-12-04,2219.965,2260.871,2215.916,2251.762,2013-12-04
000001.SH,2013-12-05,2252.723,2255.261,2239.144,2247.063,2013-12-05
000001.SH,2013-12-06,2242.563,2248.147,2228.632,2237.108,2013-12-06
000001.SH,2013-12-09,2241.793,2249.169,2231.734,2238.2,2013-12-09
000001.SH,2013-12-10,2239.864,2250.504,2231.68,2237.492,2013-12-10
000001.SH,2013-12-11,2228.633,2228.633,2193.16,2204.166,2013-12-11
000001.SH,2013-12-12,2199.317,2214.548,2194.901,2202.796,2013-12-12
000001.SH,2013-12-13,2188.259,2204.637,2183.842,2196.075,2013-12-13
000001.SH,2013-12-16,2197.234,2201.696,2159.987,2160.861,2013-12-16
000001.SH,2013-12-17,2161.536,2165.543,2146.314,2151.079,2013-12-17
000001.SH,2013-12-18,2150.412,2156.593,2142.624,2148.285,2013-12-18
000001.SH,2013-12-19,2153.674,2159.142,2126.246,2127.792,2013-12-19
000001.SH,2013-12-20,2128.374,2131.737,2082.855,2084.794,2013-12-20
000001.SH,2013-12-23,2089.539,2099.522,2068.543,2089.707,2013-12-23
000001.SH,2013-12-24,2094.073,2111.805,2079.81,2092.905,2013-12-24
000001.SH,2013-12-25,2095.019,2107.232,2088.297,2106.354,2013-12-25
000001.SH,2013-12-26,2102.66,2102.66,2070.546,2073.099,2013-12-26
000001.SH,2013-12-27,2074.592,2110.357,2069.59,2101.251,2013-12-27
000001.SH,2013-12-30,2108.883,2112.009,2095.063,2097.529,2013-12-30
000001.SH,2013-12-31,2090.679,2120.274,2087.415,2115.978,2013-12-31
000001.SH,2014-01-02,2112.126,2113.11,2101.016,2109.387,2014-01-02
000001.SH,2014-01-03,2101.542,2102.167,2075.899,2083.136,2014-01-03
000001.SH,2014-01-06,2078.684,2078.684,2034.006,2045.709,2014-01-06
000001.SH,2014-01-07,2034.224,2052.279,2029.246,2047.317,2014-01-07
000001.SH,2014-01-08,2047.256,2062.952,2037.11,2044.34,2014-01-08
000001.SH,2014-01-09,2041.773,2057.196,2026.446,2027.622,2014-01-09
000001.SH,2014-01-10,2023.535,2029.297,2008.007,2013.298,2014-01-10
000001.SH,2014-01-13,2014.978,2027.181,2000.404,2009.564,2014-01-13
000001.SH,2014-01-14,2007.156,2027.428,2001.135,2026.842,2014-01-14
000001.SH,2014-01-15,2024.228,2027.409,2010.204,2023.348,2014-01-15
000001.SH,2014-01-16,2022.538,2034.707,2014.407,2023.701,2014-01-16
000001.SH,2014-01-17,2017.522,2017.868,2001.33,2004.949,2014-01-17
000001.SH,2014-01-20,2001.894,2005.938,1984.824,1991.253,2014-01-20
000001.SH,2014-01-21,1992.015,2014.152,1992.015,2008.313,2014-01-21
000001.SH,2014-01-22,2009.969,2052.339,2008.93,2051.749,2014-01-22
000001.SH,2014-01-23,2048.331,2052.528,2039.052,2042.18,2014-01-23
000001.SH,2014-01-24,2037.667,2060.986,2034.453,2054.392,2014-01-24
000001.SH,2014-01-27,2044.272,2044.846,2029.626,2033.3,2014-01-27
000001.SH,2014-01-28,2036.402,2047.129,2026.987,2038.513,2014-01-28
000001.SH,2014-01-29,2042.176,2051.583,2039.771,2049.914,2014-01-29
000001.SH,2014-01-30,2045.931,2045.931,2031.466,2033.083,2014-01-30
000001.SH,2014-02-07,2022.323,2044.73,2014.698,2044.497,2014-02-07
000001.SH,2014-02-10,2049.984,2087.975,2049.984,2086.067,2014-02-10
000001.SH,2014-02-11,2086.177,2111.061,2082.522,2103.671,2014-02-11
000001.SH,2014-02-12,2103.828,2110.904,2096.509,2109.955,2014-02-12
000001.SH,2014-02-13,2106.934,2122.826,2096.966,2098.401,2014-02-13
000001.SH,2014-02-14,2097.32,2116.186,2095.09,2115.848,2014-02-14
000001.SH,2014-02-17,2124.88,2136.447,2117.689,2135.415,2014-02-17
000001.SH,2014-02-18,2134.143,2134.143,2113.128,2119.066,2014-02-18
000001.SH,2014-02-19,2116.919,2152.961,2111.168,2142.554,2014-02-19
000001.SH,2014-02-20,2152.891,2177.978,2136.481,2138.782,2014-02-20
000001.SH,2014-02-21,2131.592,2132.703,2098.328,2113.693,2014-02-21
000001.SH,2014-02-24,2099.717,2099.717,2058.791,2076.686,2014-02-24
000001.SH,2014-02-25,2077.285,2087.616,2026.543,2034.219,2014-02-25
000001.SH,2014-02-26,2026.61,2041.627,2014.381,2041.254,2014-02-26
000001.SH,2014-02-27,2045.096,2068.314,2036.391,2047.354,2014-02-27
000001.SH,2014-02-28,2040.624,2058.489,2020.935,2056.302,2014-02-28
000001.SH,2014-03-03,2052.075,2078.333,2047.067,2075.235,2014-03-03
000001.SH,2014-03-04,2068.107,2074.025,2050.125,2071.473,2014-03-04
000001.SH,2014-03-05,2073.295,2074.815,2050.175,2053.084,2014-03-05
000001.SH,2014-03-06,2050.032,2065.79,2030.946,2059.578,2014-03-06
000001.SH,2014-03-07,2058.375,2079.49,2050.47,2057.908,2014-03-07
000001.SH,2014-03-10,2042.352,2042.634,1995.549,1999.065,2014-03-10
000001.SH,2014-03-11,1994.415,2008.071,1985.599,2001.157,2014-03-11
000001.SH,2014-03-12,1996.239,2011.06,1974.382,1997.692,2014-03-12
000001.SH,2014-03-13,2000.695,2029.12,1996.529,2019.111,2014-03-13
000001.SH,2014-03-14,2008.825,2017.913,1990.98,2004.339,2014-03-14
000001.SH,2014-03-17,2009.882,2024.372,1999.249,2023.673,2014-03-17
000001.SH,2014-03-18,2026.224,2034.917,2020.41,2025.196,2014-03-18
000001.SH,2014-03-19,2019.98,2022.181,2002.441,2021.734,2014-03-19
000001.SH,2014-03-20,2017.22,2030.847,1993.002,1993.479,2014-03-20
000001.SH,2014-03-21,1987.679,2052.472,1986.071,2047.619,2014-03-21
000001.SH,2014-03-24,2050.827,2074.056,2043.33,2066.279,2014-03-24
000001.SH,2014-03-25,2063.323,2079.551,2057.491,2067.311,2014-03-25
000001.SH,2014-03-26,2070.574,2074.572,2057.648,2063.67,2014-03-26
000001.SH,2014-03-27,2060.812,2073.982,2042.713,2046.588,2014-03-27
000001.SH,2014-03-28,2046.851,2060.134,2035.243,2041.712,2014-03-28
000001.SH,2014-03-31,2043.045,2048.134,2024.185,2033.306,2014-03-31
000001.SH,2014-04-01,2031.005,2050.681,2028.096,2047.46,2014-04-01
000001.SH,2014-04-02,2049.423,2060.778,2046.742,2058.988,2014-04-02
000001.SH,2014-04-03,2063.497,2066.007,2037.447,2043.702,2014-04-03
000001.SH,2014-04-04,2037.552,2060.104,2035.221,2058.831,2014-04-04
000001.SH,2014-04-08,2054.53,2102.452,2052.9,2098.284,2014-04-08
000001.SH,2014-04-09,2100.651,2108.75,2095.64,2105.237,2014-04-09
000001.SH,2014-04-10,2105.876,2146.67,2098.079,2134.3,2014-04-10
000001.SH,2014-04-11,2130.368,2138.651,2120.179,2130.542,2014-04-11
000001.SH,2014-04-14,2127.409,2134.434,2116.61,2131.539,2014-04-14
000001.SH,2014-04-15,2125.902,2125.902,2098.15,2101.601,2014-04-15
000001.SH,2014-04-16,2097.213,2112.05,2092.157,2105.122,2014-04-16
000001.SH,2014-04-17,2108.947,2110.716,2095.714,2098.885,2014-04-17
000001.SH,2014-04-18,2091.48,2099.637,2081.185,2097.748,2014-04-18
000001.SH,2014-04-21,2085.98,2103.078,2065.234,2065.826,2014-04-21
000001.SH,2014-04-22,2062.787,2073.663,2047.332,2072.831,2014-04-22
000001.SH,2014-04-23,2068.084,2076.349,2059.109,2067.382,2014-04-23
000001.SH,2014-04-24,2064.156,2075.757,2056.193,2057.033,2014-04-24
000001.SH,2014-04-25,2060.538,2065.643,2035.566,2036.519,2014-04-25
000001.SH,2014-04-28,2033.337,2035.99,2000.137,2003.487,2014-04-28
000001.SH,2014-04-29,2001.896,2021.68,1997.64,2020.341,2014-04-29
000001.SH,2014-04-30,2020.438,2029.538,2016.577,2026.358,2014-04-30
000001.SH,2014-05-05,2022.178,2028.957,2007.351,2027.353,2014-05-05
000001.SH,2014-05-06,2024.256,2038.705,2021.485,2028.038,2014-05-06
000001.SH,2014-05-07,2023.152,2024.631,2008.451,2010.083,2014-05-07
000001.SH,2014-05-08,2006.853,2036.941,2005.685,2015.274,2014-05-08
000001.SH,2014-05-09,2016.501,2020.454,2001.3,2011.135,2014-05-09
000001.SH,2014-05-12,2022.932,2055.506,2016.638,2052.871,2014-05-12
000001.SH,2014-05-13,2055.079,2061.06,2043.547,2050.728,2014-05-13
000001.SH,2014-05-14,2049.27,2056.574,2042.744,2047.91,2014-05-14
000001.SH,2014-05-15,2044.377,2047.316,2022.861,2024.974,2014-05-15
000001.SH,2014-05-16,2023.596,2027.756,2012.694,2026.504,2014-05-16
000001.SH,2014-05-19,2023.014,2023.267,1996.015,2005.183,2014-05-19
000001.SH,2014-05-20,2011.846,2018.156,2002.759,2008.119,2014-05-20
000001.SH,2014-05-21,2001.306,2025.194,1991.055,2024.951,2014-05-21
000001.SH,2014-05-22,2023.148,2041.96,2018.877,2021.285,2014-05-22
000001.SH,2014-05-23,2020.115,2034.569,2017.739,2034.569,2014-05-23
000001.SH,2014-05-26,2042.028,2045.381,2035.094,2041.476,2014-05-26
000001.SH,2014-05-27,2039.791,2044.148,2032.839,2034.565,2014-05-27
000001.SH,2014-05-28,2034.561,2052.656,2029.336,2050.228,2014-05-28
000001.SH,2014-05-29,2051.84,2057.077,2039.238,2040.595,2014-05-29
000001.SH,2014-05-30,2040.394,2046.96,2031.373,2039.212,2014-05-30
000001.SH,2014-06-03,2039.196,2049.576,2037.3,2038.305,2014-06-03
000001.SH,2014-06-04,2037.989,2038.481,2012.913,2024.834,2014-06-04
000001.SH,2014-06-05,2019.442,2041.701,2016.175,2040.878,2014-06-05
000001.SH,2014-06-06,2040.864,2041.573,2022.158,2029.956,2014-06-06
000001.SH,2014-06-09,2024.942,2045.255,2023.198,2030.502,2014-06-09
000001.SH,2014-06-10,2033.207,2052.765,2026.389,2052.532,2014-06-10
000001.SH,2014-06-11,2049.128,2056.631,2045.407,2054.948,2014-06-11
000001.SH,2014-06-12,2051.582,2057.105,2045.962,2051.713,2014-06-12
000001.SH,2014-06-13,2049.206,2073.596,2048.618,2070.715,2014-06-13
000001.SH,2014-06-16,2070.699,2087.322,2069.441,2085.983,2014-06-16
000001.SH,2014-06-17,2080.482,2080.482,2064.666,2066.698,2014-06-17
000001.SH,2014-06-18,2064.383,2066.913,2051.746,2055.519,2014-06-18
000001.SH,2014-06-19,2054.62,2059.255,2017.653,2023.735,2014-06-19
000001.SH,2014-06-20,2013.414,2027.148,2010.53,2026.674,2014-06-20
000001.SH,2014-06-23,2026.226,2033.32,2022.917,2024.365,2014-06-23
000001.SH,2014-06-24,2023.699,2034.707,2021.75,2033.931,2014-06-24
000001.SH,2014-06-25,2030.433,2030.616,2018.36,2025.502,2014-06-25
000001.SH,2014-06-26,2025.662,2040.754,2025.314,2038.677,2014-06-26
000001.SH,2014-06-27,2031.907,2043.982,2025.073,2036.51,2014-06-27
000001.SH,2014-06-30,2038.613,2052.342,2038.527,2048.327,2014-06-30
000001.SH,2014-07-01,2051.225,2052.635,2041.937,2050.381,2014-07-01
000001.SH,2014-07-02,2049.485,2060.595,2044.035,2059.418,2014-07-02
000001.SH,2014-07-03,2051.632,2066.641,2048.081,2063.229,2014-07-03
000001.SH,2014-07-04,2062.358,2065.078,2054.217,2059.375,2014-07-04
000001.SH,2014-07-07,2058.128,2064.043,2050.887,2059.927,2014-07-07
000001.SH,2014-07-08,2058.134,2064.433,2047.204,2064.021,2014-07-08
000001.SH,2014-07-09,2061.635,2062.474,2037.601,2038.612,2014-07-09
000001.SH,2014-07-10,2036.54,2045.527,2034.956,2038.342,2014-07-10
000001.SH,2014-07-11,2033.869,2051.737,2033.004,2046.961,2014-07-11
000001.SH,2014-07-14,2047.744,2067.342,2044.901,2066.646,2014-07-14
000001.SH,2014-07-15,2065.9,2070.358,2059.679,2070.357,2014-07-15
000001.SH,2014-07-16,2068.343,2075.493,2061.572,2067.276,2014-07-16
000001.SH,2014-07-17,2062.888,2062.888,2046.189,2055.591,2014-07-17
000001.SH,2014-07-18,2047.498,2067.233,2045.996,2059.067,2014-07-18
000001.SH,2014-07-21,2057.767,2061.823,2049.175,2054.479,2014-07-21
000001.SH,2014-07-22,2050.5,2078.085,2049.815,2075.481,2014-07-22
000001.SH,2014-07-23,2074.195,2088.192,2072.229,2078.489,2014-07-23
000001.SH,2014-07-24,2079.632,2107.946,2079.632,2105.062,2014-07-24
000001.SH,2014-07-25,2108.714,2127.217,2106.714,2126.614,2014-07-25
000001.SH,2014-07-28,2135.249,2181.496,2135.249,2177.948,2014-07-28
000001.SH,2014-07-29,2179.826,2193.523,2172.102,2183.192,2014-07-29
000001.SH,2014-07-30,2178.179,2194.572,2177.244,2181.243,2014-07-30
000001.SH,2014-07-31,2179.543,2202.126,2173.9,2201.562,2014-07-31
000001.SH,2014-08-01,2194.17,2218.789,2184.641,2185.303,2014-08-01
000001.SH,2014-08-04,2190.036,2224.068,2186.917,2223.331,2014-08-04
000001.SH,2014-08-05,2224.632,2226.838,2206.85,2219.945,2014-08-05
000001.SH,2014-08-06,2212.003,2223.893,2192.993,2217.465,2014-08-06
000001.SH,2014-08-07,2216.659,2220.568,2185.763,2187.669,2014-08-07
000001.SH,2014-08-08,2188.709,2199.578,2180.597,2194.425,2014-08-08
000001.SH,2014-08-11,2199.433,2225.961,2198.314,2224.654,2014-08-11
000001.SH,2014-08-12,2222.696,2222.979,2210.0,2221.595,2014-08-12
000001.SH,2014-08-13,2223.051,2230.991,2202.443,2222.877,2014-08-13
000001.SH,2014-08-14,2221.541,2230.894,2204.384,2206.466,2014-08-14
000001.SH,2014-08-15,2207.226,2230.872,2203.242,2226.734,2014-08-15
000001.SH,2014-08-18,2229.804,2242.035,2228.134,2239.466,2014-08-18
000001.SH,2014-08-19,2242.34,2246.016,2227.925,2245.33,2014-08-19
000001.SH,2014-08-20,2241.664,2248.939,2233.892,2240.211,2014-08-20
000001.SH,2014-08-21,2239.568,2240.077,2211.63,2230.458,2014-08-21
000001.SH,2014-08-22,2228.974,2243.303,2225.267,2240.812,2014-08-22
000001.SH,2014-08-25,2241.1,2241.553,2222.009,2229.274,2014-08-25
000001.SH,2014-08-26,2225.291,2232.785,2200.618,2207.106,2014-08-26
000001.SH,2014-08-27,2207.03,2216.67,2204.048,2209.465,2014-08-27
000001.SH,2014-08-28,2210.484,2219.473,2194.861,2195.818,2014-08-28
000001.SH,2014-08-29,2198.946,2218.696,2193.263,2217.2,2014-08-29
000001.SH,2014-09-01,2220.129,2236.286,2217.685,2235.511,2014-09-01
000001.SH,2014-09-02,2239.684,2267.509,2234.378,2266.046,2014-09-02
000001.SH,2014-09-03,2268.395,2290.547,2268.1,2288.627,2014-09-03
000001.SH,2014-09-04,2290.029,2307.701,2283.277,2306.862,2014-09-04
000001.SH,2014-09-05,2311.305,2327.557,2307.447,2326.432,2014-09-05
000001.SH,2014-09-09,2328.426,2331.917,2315.894,2326.527,2014-09-09
000001.SH,2014-09-10,2318.496,2321.908,2306.421,2318.305,2014-09-10
000001.SH,2014-09-11,2315.732,2343.595,2304.602,2311.679,2014-09-11
000001.SH,2014-09-12,2308.346,2331.95,2302.775,2331.95,2014-09-12
000001.SH,2014-09-15,2330.187,2340.449,2321.593,2339.14,2014-09-15
000001.SH,2014-09-16,2341.027,2347.935,2293.869,2296.555,2014-09-16
000001.SH,2014-09-17,2298.982,2309.048,2282.795,2307.893,2014-09-17
000001.SH,2014-09-18,2303.85,2319.875,2297.931,2315.928,2014-09-18
000001.SH,2014-09-19,2312.984,2331.561,2305.517,2329.451,2014-09-19
000001.SH,2014-09-22,2323.554,2323.554,2284.378,2289.866,2014-09-22
000001.SH,2014-09-23,2289.091,2311.525,2289.024,2309.718,2014-09-23
000001.SH,2014-09-24,2302.231,2345.747,2297.876,2343.575,2014-09-24
000001.SH,2014-09-25,2352.865,2365.154,2336.805,2345.103,2014-09-25
000001.SH,2014-09-26,2339.288,2350.109,2329.955,2347.718,2014-09-26
000001.SH,2014-09-29,2353.708,2363.059,2346.579,2357.711,2014-09-29
000001.SH,2014-09-30,2361.318,2365.491,2354.268,2363.87,2014-09-30
000001.SH,2014-10-08,2368.576,2382.794,2354.29,2382.794,2014-10-08
000001.SH,2014-10-09,2383.859,2391.348,2367.111,2389.371,2014-10-09
000001.SH,2014-10-10,2380.755,2386.277,2365.075,2374.54,2014-10-10
000001.SH,2014-10-13,2366.426,2366.862,2341.124,2366.009,2014-10-13
000001.SH,2014-10-14,2362.802,2380.515,2349.194,2359.475,2014-10-14
000001.SH,2014-10-15,2358.233,2374.808,2344.373,2373.67,2014-10-15
000001.SH,2014-10-16,2361.13,2389.675,2353.406,2356.499,2014-10-16
000001.SH,2014-10-17,2352.784,2360.597,2312.826,2341.184,2014-10-17
000001.SH,2014-10-20,2346.052,2357.509,2340.459,2356.728,2014-10-20
000001.SH,2014-10-21,2355.033,2361.653,2337.551,2339.657,2014-10-21
000001.SH,2014-10-22,2339.223,2352.124,2324.59,2326.553,2014-10-22
000001.SH,2014-10-23,2322.316,2329.927,2297.33,2302.418,2014-10-23
000001.SH,2014-10-24,2303.08,2314.875,2296.657,2302.28,2014-10-24
000001.SH,2014-10-27,2293.573,2293.644,2279.836,2290.437,2014-10-27
000001.SH,2014-10-28,2294.012,2338.278,2294.012,2337.871,2014-10-28
000001.SH,2014-10-29,2343.72,2381.643,2339.712,2373.03,2014-10-29
000001.SH,2014-10-30,2371.891,2397.256,2365.919,2391.076,2014-10-30
000001.SH,2014-10-31,2393.178,2423.596,2384.483,2420.178,2014-10-31
000001.SH,2014-11-03,2425.225,2436.785,2418.167,2430.032,2014-11-03
000001.SH,2014-11-04,2428.271,2435.223,2417.221,2430.677,2014-11-04
000001.SH,2014-11-05,2432.169,2434.363,2415.502,2419.254,2014-11-05
000001.SH,2014-11-06,2419.617,2426.89,2401.75,2425.864,2014-11-06
000001.SH,2014-11-07,2427.898,2454.423,2407.442,2418.171,2014-11-07
000001.SH,2014-11-10,2436.628,2474.156,2428.185,2473.673,2014-11-10
000001.SH,2014-11-11,2483.648,2508.623,2445.96,2469.673,2014-11-11
000001.SH,2014-11-12,2454.602,2494.917,2444.814,2494.476,2014-11-12
000001.SH,2014-11-13,2494.998,2507.743,2471.407,2485.606,2014-11-13
000001.SH,2014-11-14,2477.966,2481.025,2457.045,2478.824,2014-11-14
000001.SH,2014-11-17,2506.864,2508.767,2472.446,2474.009,2014-11-17
000001.SH,2014-11-18,2474.182,2477.052,2449.813,2456.366,2014-11-18
000001.SH,2014-11-19,2452.15,2461.491,2442.71,2450.986,2014-11-19
000001.SH,2014-11-20,2443.276,2458.319,2437.476,2452.66,2014-11-20
000001.SH,2014-11-21,2452.635,2488.201,2446.646,2486.791,2014-11-21
000001.SH,2014-11-24,2505.532,2546.746,2495.521,2532.879,2014-11-24
000001.SH,2014-11-25,2531.998,2568.381,2527.077,2567.597,2014-11-25
000001.SH,2014-11-26,2572.649,2605.07,2570.404,2604.345,2014-11-26
000001.SH,2014-11-27,2615.367,2631.399,2599.108,2630.486,2014-11-27
000001.SH,2014-11-28,2629.626,2683.18,2622.061,2682.835,2014-11-28
000001.SH,2014-12-01,2691.725,2720.743,2668.841,2680.155,2014-12-01
000001.SH,2014-12-02,2667.82,2777.372,2665.686,2763.545,2014-12-02
000001.SH,2014-12-03,2768.678,2824.179,2733.868,2779.525,2014-12-03
000001.SH,2014-12-04,2783.469,2900.508,2772.432,2899.456,2014-12-04
000001.SH,2014-12-05,2926.573,2978.029,2813.052,2937.647,2014-12-05
000001.SH,2014-12-08,2907.815,3041.657,2879.847,3020.258,2014-12-08
000001.SH,2014-12-09,2992.49,3091.324,2834.592,2856.269,2014-12-09
000001.SH,2014-12-10,2855.94,2946.707,2807.678,2940.006,2014-12-10
000001.SH,2014-12-11,2912.346,2965.675,2892.611,2925.743,2014-12-11
000001.SH,2014-12-12,2929.36,2962.51,2914.956,2938.173,2014-12-12
000001.SH,2014-12-15,2921.446,2960.227,2890.904,2953.421,2014-12-15
000001.SH,2014-12-16,2953.811,3021.897,2943.912,3021.518,2014-12-16
000001.SH,2014-12-17,3031.952,3076.599,2993.333,3061.02,2014-12-17
000001.SH,2014-12-18,3062.801,3089.791,3030.319,3057.521,2014-12-18
000001.SH,2014-12-19,3053.075,3117.527,3018.421,3108.596,2014-12-19
000001.SH,2014-12-22,3129.267,3189.867,3090.509,3127.445,2014-12-22
000001.SH,2014-12-23,3085.08,3136.838,3025.667,3032.612,2014-12-23
000001.SH,2014-12-24,3039.206,3050.507,2934.911,2972.532,2014-12-24
000001.SH,2014-12-25,2992.462,3073.345,2969.874,3072.536,2014-12-25
000001.SH,2014-12-26,3078.005,3164.155,3064.176,3157.603,2014-12-26
000001.SH,2014-12-29,3212.559,3223.86,3126.944,3168.016,2014-12-29
000001.SH,2014-12-30,3160.801,3190.299,3130.353,3165.815,2014-12-30
000001.SH,2014-12-31,3172.597,3239.357,3157.259,3234.677,2014-12-31
000001.SH,2015-01-05,3258.627,3369.281,3253.883,3350.519,2015-01-05
000001.SH,2015-01-06,3330.799,3394.224,3303.184,3351.446,2015-01-06
000001.SH,2015-01-07,3326.649,3374.896,3312.211,3373.954,2015-01-07
000001.SH,2015-01-08,3371.957,3381.566,3285.095,3293.456,2015-01-08
000001.SH,2015-01-09,3276.965,3404.834,3267.509,3285.412,2015-01-09
000001.SH,2015-01-12,3258.213,3275.185,3191.582,3229.316,2015-01-12
000001.SH,2015-01-13,3223.542,3259.386,3214.412,3235.301,2015-01-13
000001.SH,2015-01-14,3242.337,3268.483,3193.978,3222.437,2015-01-14
000001.SH,2015-01-15,3224.07,3337.084,3207.545,3336.455,2015-01-15
000001.SH,2015-01-16,3343.603,3400.318,3340.49,3376.495,2015-01-16
000001.SH,2015-01-19,3189.727,3262.207,3095.066,3116.351,2015-01-19
000001.SH,2015-01-20,3114.56,3190.245,3100.477,3173.052,2015-01-20
000001.SH,2015-01-21,3189.085,3337.004,3178.343,3323.611,2015-01-21
000001.SH,2015-01-22,3327.319,3352.384,3293.978,3343.344,2015-01-22
000001.SH,2015-01-23,3357.096,3406.786,3328.293,3351.764,2015-01-23
000001.SH,2015-01-26,3347.257,3384.798,3321.315,3383.182,2015-01-26
000001.SH,2015-01-27,3389.853,3390.216,3290.219,3352.96,2015-01-27
000001.SH,2015-01-28,3325.722,3354.802,3294.655,3305.738,2015-01-28
000001.SH,2015-01-29,3258.997,3286.786,3234.241,3262.305,2015-01-29
000001.SH,2015-01-30,3273.747,3288.503,3210.308,3210.363,2015-01-30
000001.SH,2015-02-02,3148.136,3175.134,3122.572,3128.3,2015-02-02
000001.SH,2015-02-03,3156.086,3207.935,3129.732,3204.907,2015-02-03
000001.SH,2015-02-04,3212.822,3238.982,3171.144,3174.126,2015-02-04
000001.SH,2015-02-05,3251.212,3251.212,3135.819,3136.531,2015-02-05
000001.SH,2015-02-06,3120.09,3129.539,3052.939,3075.907,2015-02-06
000001.SH,2015-02-09,3063.51,3119.034,3049.111,3095.124,2015-02-09
000001.SH,2015-02-10,3090.49,3142.099,3084.253,3141.593,2015-02-10
000001.SH,2015-02-11,3145.765,3166.421,3139.052,3157.704,2015-02-11
000001.SH,2015-02-12,3157.959,3181.766,3134.244,3173.416,2015-02-12
000001.SH,2015-02-13,3186.808,3237.159,3182.794,3203.827,2015-02-13
000001.SH,2015-02-16,3206.137,3228.846,3195.884,3222.363,2015-02-16
000001.SH,2015-02-17,3230.884,3255.725,3230.772,3246.906,2015-02-17
000001.SH,2015-02-25,3256.479,3257.223,3215.552,3228.843,2015-02-25
000001.SH,2015-02-26,3222.151,3300.616,3202.188,3298.359,2015-02-26
000001.SH,2015-02-27,3296.831,3324.546,3291.007,3310.303,2015-02-27
000001.SH,2015-03-02,3332.721,3336.76,3298.669,3336.285,2015-03-02
000001.SH,2015-03-03,3317.695,3317.695,3260.429,3263.052,2015-03-03
000001.SH,2015-03-04,3264.182,3286.588,3250.484,3279.533,2015-03-04
000001.SH,2015-03-05,3264.085,3266.638,3221.666,3248.476,2015-03-05
000001.SH,2015-03-06,3248.036,3266.933,3234.533,3241.187,2015-03-06
000001.SH,2015-03-09,3224.314,3307.702,3198.37,3302.408,2015-03-09
000001.SH,2015-03-10,3289.085,3309.915,3277.095,3286.068,2015-03-10
000001.SH,2015-03-11,3289.594,3325.054,3278.471,3290.9,2015-03-11
000001.SH,2015-03-12,3314.813,3360.054,3300.488,3349.323,2015-03-12
000001.SH,2015-03-13,3359.488,3391.255,3352.15,3372.911,2015-03-13
000001.SH,2015-03-16,3391.158,3449.305,3377.087,3449.305,2015-03-16
000001.SH,2015-03-17,3469.603,3504.123,3459.694,3502.847,2015-03-17
000001.SH,2015-03-18,3510.501,3577.662,3503.853,3577.301,2015-03-18
000001.SH,2015-03-19,3576.019,3600.684,3546.844,3582.271,2015-03-19
000001.SH,2015-03-20,3587.084,3632.338,3569.38,3617.318,2015-03-20
000001.SH,2015-03-23,3640.104,3688.249,3635.485,3687.728,2015-03-23
000001.SH,2015-03-24,3692.569,3715.873,3600.698,3691.41,2015-03-24
000001.SH,2015-03-25,3680.953,3693.151,3634.559,3660.727,2015-03-25
000001.SH,2015-03-26,3641.942,3707.318,3615.011,3682.095,2015-03-26
000001.SH,2015-03-27,3686.134,3710.477,3656.831,3691.096,2015-03-27
000001.SH,2015-03-30,3710.612,3795.935,3710.612,3786.568,2015-03-30
000001.SH,2015-03-31,3822.987,3835.567,3737.043,3747.899,2015-03-31
000001.SH,2015-04-01,3748.34,3817.082,3742.213,3810.294,2015-04-01
000001.SH,2015-04-02,3827.689,3835.451,3775.894,3825.784,2015-04-02
000001.SH,2015-04-03,3803.383,3864.405,3792.211,3863.929,2015-04-03
000001.SH,2015-04-07,3899.42,3961.666,3891.728,3961.378,2015-04-07
000001.SH,2015-04-08,3976.532,4000.22,3903.648,3994.811,2015-04-08
000001.SH,2015-04-09,4006.13,4016.396,3900.027,3957.534,2015-04-09
000001.SH,2015-04-10,3947.492,4040.348,3929.319,4034.31,2015-04-10
000001.SH,2015-04-13,4072.723,4128.072,4057.293,4121.715,2015-04-13
000001.SH,2015-04-14,4125.782,4168.346,4091.257,4135.565,2015-04-14
000001.SH,2015-04-15,4135.648,4175.494,4069.007,4084.163,2015-04-15
000001.SH,2015-04-16,4055.916,4195.305,4031.244,4194.823,2015-04-16
000001.SH,2015-04-17,4254.723,4317.223,4238.91,4287.296,2015-04-17
000001.SH,2015-04-20,4301.352,4356.001,4190.681,4217.077,2015-04-20
000001.SH,2015-04-21,4212.185,4294.375,4188.569,4293.623,2015-04-21
000001.SH,2015-04-22,4304.597,4400.193,4297.951,4398.494,2015-04-22
000001.SH,2015-04-23,4414.485,4444.41,4358.844,4414.508,2015-04-23
000001.SH,2015-04-24,4355.951,4416.376,4318.119,4393.686,2015-04-24
000001.SH,2015-04-27,4441.929,4529.735,4441.929,4527.396,2015-04-27
000001.SH,2015-04-28,4527.635,4572.391,4432.904,4476.215,2015-04-28
000001.SH,2015-04-29,4446.119,4499.945,4398.639,4476.62,2015-04-29
000001.SH,2015-04-30,4483.013,4507.344,4441.054,4441.655,2015-04-30
000001.SH,2015-05-04,4441.343,4487.57,4387.426,4480.464,2015-05-04
000001.SH,2015-05-05,4479.848,4488.865,4282.237,4298.706,2015-05-05
000001.SH,2015-05-06,4311.641,4376.353,4187.368,4229.266,2015-05-06
000001.SH,2015-05-07,4197.896,4213.764,4108.009,4112.214,2015-05-07
000001.SH,2015-05-08,4152.984,4206.86,4099.042,4205.917,2015-05-08
000001.SH,2015-05-11,4231.271,4334.877,4187.82,4333.584,2015-05-11
000001.SH,2015-05-12,4342.37,4402.309,4317.975,4401.219,2015-05-12
000001.SH,2015-05-13,4402.378,4415.629,4342.481,4375.76,2015-05-13
000001.SH,2015-05-14,4372.816,4397.745,4329.042,4378.311,2015-05-14
000001.SH,2015-05-15,4366.822,4366.822,4278.553,4308.691,2015-05-15
000001.SH,2015-05-18,4277.895,4324.826,4260.509,4283.491,2015-05-18
000001.SH,2015-05-19,4285.777,4418.403,4285.777,4417.552,2015-05-19
000001.SH,2015-05-20,4434.979,4520.538,4432.279,4446.288,2015-05-20
000001.SH,2015-05-21,4456.435,4530.478,4438.258,4529.422,2015-05-21
000001.SH,2015-05-22,4584.984,4658.273,4562.989,4657.596,2015-05-22
000001.SH,2015-05-25,4660.075,4814.672,4656.825,4813.798,2015-05-25
000001.SH,2015-05-26,4854.85,4911.685,4779.075,4910.897,2015-05-26
000001.SH,2015-05-27,4932.846,4958.156,4857.056,4941.714,2015-05-27
000001.SH,2015-05-28,4943.742,4986.503,4614.241,4620.266,2015-05-28
000001.SH,2015-05-29,4603.465,4698.193,4431.563,4611.744,2015-05-29
000001.SH,2015-06-01,4633.098,4829.502,4615.231,4828.738,2015-06-01
000001.SH,2015-06-02,4844.704,4911.574,4797.552,4910.527,2015-06-02
000001.SH,2015-06-03,4924.381,4942.065,4822.442,4909.978,2015-06-03
000001.SH,2015-06-04,4912.945,4947.965,4647.407,4947.102,2015-06-04
000001.SH,2015-06-05,5016.088,5051.626,4898.068,5023.096,2015-06-05
000001.SH,2015-06-08,5045.694,5146.949,4997.481,5131.881,2015-06-08
000001.SH,2015-06-09,5145.978,5147.454,5042.963,5113.534,2015-06-09
000001.SH,2015-06-10,5049.1965,5164.1622,5001.4894,5106.0359,2015-06-10
000001.SH,2015-06-11,5101.4398,5122.4566,5050.7646,5121.5925,2015-06-11
000001.SH,2015-06-12,5143.3431,5178.191,5103.4007,5166.35,2015-06-12
000001.SH,2015-06-15,5174.4182,5176.7945,5048.7419,5062.9929,2015-06-15
000001.SH,2015-06-16,5004.4118,5029.6836,4842.0999,4887.432,2015-06-16
000001.SH,2015-06-17,4890.5511,4983.658,4767.216,4967.8983,2015-06-17
000001.SH,2015-06-18,4942.5198,4966.7668,4780.8731,4785.356,2015-06-18
000001.SH,2015-06-19,4689.9286,4744.0812,4476.5008,4478.3643,2015-06-19
000001.SH,2015-06-23,4471.613,4577.9394,4264.7724,4576.4922,2015-06-23
000001.SH,2015-06-24,4604.5792,4691.7676,4552.1285,4690.1497,2015-06-24
000001.SH,2015-06-25,4711.7632,4720.7005,4483.5477,4527.7789,2015-06-25
000001.SH,2015-06-26,4399.933,4456.8958,4139.5304,4192.8734,2015-06-26
000001.SH,2015-06-29,4289.7713,4297.4747,3875.0499,4053.0304,2015-06-29
000001.SH,2015-06-30,4006.7537,4279.969,3847.8799,4277.2219,2015-06-30
000001.SH,2015-07-01,4214.1499,4317.0527,4043.3667,4053.6997,2015-07-01
000001.SH,2015-07-02,4058.6241,4080.3873,3795.2532,3912.7668,2015-07-02
000001.SH,2015-07-03,3793.7121,3927.1275,3629.5556,3686.9153,2015-07-03
000001.SH,2015-07-06,3975.2142,3975.2142,3653.0371,3775.9122,2015-07-06
000001.SH,2015-07-07,3654.7775,3750.5696,3585.3989,3727.1248,2015-07-07
000001.SH,2015-07-08,3467.3986,3599.2532,3421.5252,3507.1923,2015-07-08
000001.SH,2015-07-09,3432.4536,3748.4785,3373.5396,3709.3304,2015-07-09
000001.SH,2015-07-10,3707.4577,3959.2196,3677.4345,3877.8034,2015-07-10
000001.SH,2015-07-13,3918.9895,4030.1947,3858.6368,3970.3878,2015-07-13
000001.SH,2015-07-14,3958.3729,4035.4345,3855.56,3924.4871,2015-07-14
000001.SH,2015-07-15,3874.9681,3914.2732,3741.2503,3805.7033,2015-07-15
000001.SH,2015-07-16,3758.5045,3877.5141,3688.4415,3823.1755,2015-07-16
000001.SH,2015-07-17,3831.4205,3994.4767,3814.1467,3957.3516,2015-07-17
000001.SH,2015-07-20,3948.4208,4021.3255,3927.1214,3992.1096,2015-07-20
000001.SH,2015-07-21,3939.8978,4041.8194,3912.8013,4017.6748,2015-07-21
000001.SH,2015-07-22,3996.4268,4042.3381,3960.8636,4026.045,2015-07-22
000001.SH,2015-07-23,4022.2677,4132.6119,4019.0382,4123.9234,2015-07-23
000001.SH,2015-07-24,4124.7549,4184.4487,4044.8311,4070.908,2015-07-24
000001.SH,2015-07-27,3985.5702,4051.1588,3720.4441,3725.5582,2015-07-27
000001.SH,2015-07-28,3573.1428,3762.5256,3537.3576,3663.0024,2015-07-28
000001.SH,2015-07-29,3689.8249,3792.0722,3612.0641,3789.168,2015-07-29
000001.SH,2015-07-30,3773.7884,3844.374,3685.9555,3705.7656,2015-07-30
000001.SH,2015-07-31,3655.6668,3729.5123,3620.1653,3663.7256,2015-07-31
000001.SH,2015-08-03,3614.99,3648.943,3549.4962,3622.9051,2015-08-03
000001.SH,2015-08-04,3621.8549,3757.0292,3601.2892,3756.5449,2015-08-04
000001.SH,2015-08-05,3745.6459,3782.3522,3676.39,3694.5733,2015-08-05
000001.SH,2015-08-06,3625.5035,3710.5699,3614.7419,3661.5392,2015-08-06
000001.SH,2015-08-07,3692.6143,3756.7398,3686.2996,3744.2045,2015-08-07
000001.SH,2015-08-10,3786.0326,3943.6236,3775.8535,3928.4154,2015-08-10
000001.SH,2015-08-11,3928.8075,3970.3367,3891.179,3927.9083,2015-08-11
000001.SH,2015-08-12,3881.2275,3937.7723,3871.1358,3886.3198,2015-08-12
000001.SH,2015-08-13,3869.9108,3955.7894,3838.159,3954.5561,2015-08-13
000001.SH,2015-08-14,3976.4054,4000.6843,3939.835,3965.3349,2015-08-14
000001.SH,2015-08-17,3947.8444,3994.5371,3907.3991,3993.6677,2015-08-17
000001.SH,2015-08-18,3999.1336,4006.3372,3743.3939,3748.1639,2015-08-18
000001.SH,2015-08-19,3646.8032,3811.427,3558.3827,3794.1094,2015-08-19
000001.SH,2015-08-20,3754.5667,3788.0054,3663.6067,3664.2907,2015-08-20
000001.SH,2015-08-21,3609.9587,3652.8368,3490.5401,3507.744,2015-08-21
000001.SH,2015-08-24,3373.4776,3388.3638,3191.879,3209.905,2015-08-24
000001.SH,2015-08-25,3004.1261,3123.0339,2947.944,2964.9674,2015-08-25
000001.SH,2015-08-26,2980.7941,3092.0406,2850.7135,2927.288,2015-08-26
000001.SH,2015-08-27,2978.0296,3085.4222,2906.4901,3083.5912,2015-08-27
000001.SH,2015-08-28,3125.2635,3235.8385,3102.9451,3232.3495,2015-08-28
000001.SH,2015-08-31,3203.559,3207.8621,3109.1627,3205.9855,2015-08-31
000001.SH,2015-09-01,3157.8318,3180.3312,3053.7377,3166.6239,2015-09-01
000001.SH,2015-09-02,3027.6782,3194.4847,3019.0866,3160.167,2015-09-02
000001.SH,2015-09-07,3149.3796,3217.5787,3066.3039,3080.4201,2015-09-07
000001.SH,2015-09-08,3054.444,3174.7094,3011.117,3170.4522,2015-09-08
000001.SH,2015-09-09,3182.5524,3256.7433,3165.6955,3243.0889,2015-09-09
000001.SH,2015-09-10,3190.553,3243.2808,3178.9042,3197.8932,2015-09-10
000001.SH,2015-09-11,3189.4788,3223.7622,3163.4489,3200.2337,2015-09-11
000001.SH,2015-09-14,3221.1654,3229.4818,3049.2298,3114.798,2015-09-14
000001.SH,2015-09-15,3043.8047,3081.7028,2983.9203,3005.1722,2015-09-15
000001.SH,2015-09-16,2998.0358,3182.9343,2983.5352,3152.2632,2015-09-16
000001.SH,2015-09-17,3131.9823,3204.7019,3085.3142,3086.0611,2015-09-17
000001.SH,2015-09-18,3100.2796,3122.0478,3070.3355,3097.9172,2015-09-18
000001.SH,2015-09-21,3072.0942,3159.8825,3060.8557,3156.5399,2015-09-21
000001.SH,2015-09-22,3161.3179,3213.4755,3152.4805,3185.6187,2015-09-22
000001.SH,2015-09-23,3137.723,3164.0406,3104.7439,3115.8881,2015-09-23
000001.SH,2015-09-24,3126.4906,3151.1646,3109.6911,3142.6869,2015-09-24
000001.SH,2015-09-25,3130.8513,3149.9481,3062.9952,3092.347,2015-09-25
000001.SH,2015-09-28,3085.5674,3103.0685,3042.3103,3100.7559,2015-09-28
000001.SH,2015-09-29,3055.2176,3068.2976,3021.157,3038.1368,2015-09-29
000001.SH,2015-09-30,3052.8408,3073.2998,3039.7418,3052.7814,2015-09-30
000001.SH,2015-10-08,3156.0747,3172.2814,3133.1266,3143.3573,2015-10-08
000001.SH,2015-10-09,3146.6438,3192.7165,3137.7881,3183.1516,2015-10-09
000001.SH,2015-10-12,3193.5397,3318.7139,3188.4066,3287.6624,2015-10-12
000001.SH,2015-10-13,3262.1559,3298.6259,3253.2486,3293.2301,2015-10-13
000001.SH,2015-10-14,3280.0198,3307.3154,3256.2531,3262.4414,2015-10-14
000001.SH,2015-10-15,3255.0315,3338.2966,3254.3923,3338.073,2015-10-15
000001.SH,2015-10-16,3358.2972,3393.0178,3334.8539,3391.3516,2015-10-16
000001.SH,2015-10-19,3401.6272,3423.4021,3355.5661,3386.7003,2015-10-19
000001.SH,2015-10-20,3377.5467,3425.5155,3357.8608,3425.3303,2015-10-20
000001.SH,2015-10-21,3428.5608,3447.2577,3265.4359,3320.6761,2015-10-21
000001.SH,2015-10-22,3292.2908,3373.776,3282.993,3368.7388,2015-10-22
000001.SH,2015-10-23,3377.5483,3422.0223,3360.2179,3412.4338,2015-10-23
000001.SH,2015-10-26,3448.6487,3457.517,3402.0,3429.5809,2015-10-26
000001.SH,2015-10-27,3409.1366,3441.5651,3332.6157,3434.336,2015-10-27
000001.SH,2015-10-28,3417.0106,3439.7582,3367.2311,3375.1961,2015-10-28
000001.SH,2015-10-29,3387.7743,3411.7144,3362.5094,3387.3154,2015-10-29
000001.SH,2015-10-30,3380.2838,3417.2013,3346.5907,3382.5612,2015-10-30
000001.SH,2015-11-02,3337.5782,3391.0641,3322.3117,3325.0846,2015-11-02
000001.SH,2015-11-03,3330.3163,3346.2749,3302.1835,3316.6954,2015-11-03
000001.SH,2015-11-04,3325.6187,3459.6459,3325.6187,3459.6396,2015-11-04
000001.SH,2015-11-05,3459.2151,3585.6571,3455.5251,3522.8185,2015-11-05
000001.SH,2015-11-06,3514.4356,3596.3821,3508.827,3590.0324,2015-11-06
000001.SH,2015-11-09,3588.4983,3673.7595,3588.4983,3646.8811,2015-11-09
000001.SH,2015-11-10,3617.396,3669.5325,3607.8909,3640.4853,2015-11-10
000001.SH,2015-11-11,3635.0036,3654.8773,3605.6209,3650.2494,2015-11-11
000001.SH,2015-11-12,3656.8171,3659.3146,3603.2284,3632.9016,2015-11-12
000001.SH,2015-11-13,3600.7639,3632.5562,3564.8093,3580.8388,2015-11-13
000001.SH,2015-11-16,3522.4608,3607.6117,3519.4211,3606.9574,2015-11-16
000001.SH,2015-11-17,3629.9765,3678.2725,3598.0682,3604.7951,2015-11-17
000001.SH,2015-11-18,3605.0606,3617.0688,3558.6968,3568.4676,2015-11-18
000001.SH,2015-11-19,3573.776,3618.213,3561.044,3617.062,2015-11-19
000001.SH,2015-11-20,3620.7909,3640.5292,3607.9152,3630.4995,2015-11-20
000001.SH,2015-11-23,3630.8665,3654.7543,3598.8708,3610.3195,2015-11-23
000001.SH,2015-11-24,3602.887,3616.4841,3563.104,3616.1125,2015-11-24
000001.SH,2015-11-25,3614.0681,3648.3667,3607.5178,3647.93,2015-11-25
000001.SH,2015-11-26,3659.5742,3668.3764,3629.8648,3635.5521,2015-11-26
000001.SH,2015-11-27,3616.5441,3621.8965,3412.4272,3436.303,2015-11-27
000001.SH,2015-11-30,3433.8551,3470.3708,3327.8115,3445.4048,2015-11-30
000001.SH,2015-12-01,3442.4412,3483.4139,3417.545,3456.3085,2015-12-01
000001.SH,2015-12-02,3450.278,3538.8465,3427.6613,3536.9051,2015-12-02
000001.SH,2015-12-03,3525.7274,3591.73,3517.2303,3584.8237,2015-12-03
000001.SH,2015-12-04,3558.1489,3568.9701,3510.4119,3524.992,2015-12-04
000001.SH,2015-12-07,3529.8063,3543.9454,3506.6248,3536.9272,2015-12-07
000001.SH,2015-12-08,3518.6484,3518.6484,3466.7896,3470.0698,2015-12-08
000001.SH,2015-12-09,3462.5827,3495.7017,3454.8794,3472.4394,2015-12-09
000001.SH,2015-12-10,3469.8059,3503.6535,3446.273,3455.4951,2015-12-10
000001.SH,2015-12-11,3441.5973,3455.5484,3410.9238,3434.5813,2015-12-11
000001.SH,2015-12-14,3403.5065,3521.7794,3399.2803,3520.6682,2015-12-14
000001.SH,2015-12-15,3518.126,3529.961,3496.854,3510.354,2015-12-15
000001.SH,2015-12-16,3522.0908,3538.6893,3506.2909,3516.1867,2015-12-16
000001.SH,2015-12-17,3533.628,3583.408,3533.628,3579.999,2015-12-17
000001.SH,2015-12-18,3574.94,3614.698,3568.161,3578.964,2015-12-18
000001.SH,2015-12-21,3568.581,3651.056,3565.751,3642.472,2015-12-21
000001.SH,2015-12-22,3645.99,3652.635,3616.87,3651.767,2015-12-22
000001.SH,2015-12-23,3653.282,3684.567,3633.025,3636.089,2015-12-23
000001.SH,2015-12-24,3631.313,3640.221,3572.277,3612.485,2015-12-24
000001.SH,2015-12-25,3614.054,3635.256,3601.738,3627.914,2015-12-25
000001.SH,2015-12-28,3635.769,3641.588,3533.779,3533.779,2015-12-28
000001.SH,2015-12-29,3528.395,3564.171,3515.52,3563.736,2015-12-29
000001.SH,2015-12-30,3566.731,3573.684,3538.112,3572.876,2015-12-30
000001.SH,2015-12-31,3570.467,3580.602,3538.353,3539.182,2015-12-31
000001.SH,2016-01-04,3536.589,3538.689,3295.741,3296.258,2016-01-04
000001.SH,2016-01-05,3196.651,3328.139,3189.605,3287.711,2016-01-05
000001.SH,2016-01-06,3291.195,3362.974,3288.933,3361.84,2016-01-06
000001.SH,2016-01-07,3309.657,3309.657,3115.885,3125.002,2016-01-07
000001.SH,2016-01-08,3194.625,3235.451,3056.878,3186.412,2016-01-08
000001.SH,2016-01-11,3131.853,3166.215,3016.697,3016.704,2016-01-11
000001.SH,2016-01-12,3026.159,3047.664,2978.463,3022.861,2016-01-12
000001.SH,2016-01-13,3041.107,3059.015,2949.29,2949.597,2016-01-13
000001.SH,2016-01-14,2874.049,3012.293,2867.553,3007.649,2016-01-14
000001.SH,2016-01-15,2988.0483,3001.7081,2883.8679,2900.9698,2016-01-15
000001.SH,2016-01-18,2847.5389,2945.4496,2844.7042,2913.8367,2016-01-18
000001.SH,2016-01-19,2914.4078,3012.0684,2906.4038,3007.7393,2016-01-19
000001.SH,2016-01-20,2993.014,3016.283,2951.922,2976.694,2016-01-20
000001.SH,2016-01-21,2934.391,2998.79,2880.085,2880.482,2016-01-21
000001.SH,2016-01-22,2911.112,2931.359,2851.733,2916.562,2016-01-22
000001.SH,2016-01-25,2934.078,2955.783,2911.829,2938.515,2016-01-25
000001.SH,2016-01-26,2907.718,2911.991,2743.839,2749.785,2016-01-26
000001.SH,2016-01-27,2756.082,2768.772,2638.302,2735.558,2016-01-27
000001.SH,2016-01-28,2711.158,2740.536,2647.493,2655.661,2016-01-28
000001.SH,2016-01-29,2652.854,2755.367,2649.791,2737.6,2016-01-29
000001.SH,2016-02-01,2730.984,2735.255,2655.623,2688.854,2016-02-01
000001.SH,2016-02-02,2687.982,2755.159,2687.982,2749.57,2016-02-02
000001.SH,2016-02-03,2719.574,2746.072,2696.884,2739.247,2016-02-03
000001.SH,2016-02-04,2751.432,2793.298,2751.314,2781.023,2016-02-04
000001.SH,2016-02-05,2783.076,2790.061,2762.16,2763.492,2016-02-05
000001.SH,2016-02-15,2684.961,2760.359,2682.09,2746.196,2016-02-15
000001.SH,2016-02-16,2758.579,2840.622,2758.579,2836.571,2016-02-16
000001.SH,2016-02-17,2829.764,2868.701,2824.356,2867.338,2016-02-17
000001.SH,2016-02-18,2881.777,2893.215,2857.699,2862.893,2016-02-18
000001.SH,2016-02-19,2854.904,2872.724,2840.488,2860.021,2016-02-19
000001.SH,2016-02-22,2888.598,2933.964,2880.347,2927.175,2016-02-22
000001.SH,2016-02-23,2925.708,2928.048,2872.282,2903.331,2016-02-23
000001.SH,2016-02-24,2889.885,2929.871,2872.274,2928.896,2016-02-24
000001.SH,2016-02-25,2922.237,2922.237,2729.851,2741.245,2016-02-25
000001.SH,2016-02-26,2760.058,2784.753,2715.874,2767.21,2016-02-26
000001.SH,2016-02-29,2754.814,2755.89,2638.963,2687.979,2016-02-29
000001.SH,2016-03-01,2688.38,2747.562,2668.757,2733.17,2016-03-01
000001.SH,2016-03-02,2733.767,2852.7,2732.539,2849.681,2016-03-02
000001.SH,2016-03-03,2847.331,2878.445,2840.874,2859.758,2016-03-03
000001.SH,2016-03-04,2848.538,2880.372,2808.849,2874.147,2016-03-04
000001.SH,2016-03-07,2886.64,2911.839,2871.346,2897.34,2016-03-07
000001.SH,2016-03-08,2895.666,2902.621,2802.563,2901.387,2016-03-08
000001.SH,2016-03-09,2839.411,2863.015,2811.718,2862.556,2016-03-09
000001.SH,2016-03-10,2847.567,2863.176,2803.476,2804.726,2016-03-10
000001.SH,2016-03-11,2781.6,2815.607,2772.551,2810.307,2016-03-11
000001.SH,2016-03-14,2830.084,2889.816,2823.028,2859.499,2016-03-14
000001.SH,2016-03-15,2853.978,2865.787,2819.795,2864.368,2016-03-15
000001.SH,2016-03-16,2858.709,2881.529,2854.192,2870.43,2016-03-16
000001.SH,2016-03-17,2875.411,2921.0,2857.191,2904.832,2016-03-17
000001.SH,2016-03-18,2915.518,2971.551,2908.742,2955.15,2016-03-18
000001.SH,2016-03-21,2978.455,3028.322,2973.758,3018.802,2016-03-21
000001.SH,2016-03-22,3001.63,3019.101,2988.426,2999.363,2016-03-22
000001.SH,2016-03-23,2991.169,3012.56,2980.855,3009.96,2016-03-23
000001.SH,2016-03-24,2986.801,2998.154,2960.537,2960.97,2016-03-24
000001.SH,2016-03-25,2956.2,2981.408,2952.106,2979.434,2016-03-25
000001.SH,2016-03-28,2988.01,3008.168,2948.526,2957.82,2016-03-28
000001.SH,2016-03-29,2956.705,2962.203,2905.251,2919.832,2016-03-29
000001.SH,2016-03-30,2941.218,3001.106,2941.218,3000.645,2016-03-30
000001.SH,2016-03-31,3009.367,3023.409,2992.916,3003.915,2016-03-31
000001.SH,2016-04-01,2997.088,3009.673,2956.247,3009.53,2016-04-01
000001.SH,2016-04-05,3000.938,3057.33,2993.148,3053.065,2016-04-05
000001.SH,2016-04-06,3039.745,3059.794,3029.005,3050.592,2016-04-06
000001.SH,2016-04-07,3058.339,3062.358,3007.06,3008.42,2016-04-07
000001.SH,2016-04-08,2988.2,2996.171,2960.46,2984.958,2016-04-08
000001.SH,2016-04-11,3006.909,3048.977,3006.909,3033.957,2016-04-11
000001.SH,2016-04-12,3031.301,3036.825,3001.315,3023.646,2016-04-12
000001.SH,2016-04-13,3041.358,3097.165,3041.358,3066.638,2016-04-13
000001.SH,2016-04-14,3080.09,3086.698,3056.989,3082.362,2016-04-14
000001.SH,2016-04-15,3085.026,3089.951,3066.872,3078.117,2016-04-15
000001.SH,2016-04-18,3058.463,3058.463,3022.97,3033.66,2016-04-18
000001.SH,2016-04-19,3047.133,3054.503,3024.895,3042.823,2016-04-19
000001.SH,2016-04-20,3050.381,3055.689,2905.049,2972.584,2016-04-20
000001.SH,2016-04-21,2954.37,2990.673,2943.464,2952.891,2016-04-21
000001.SH,2016-04-22,2933.035,2960.209,2926.776,2959.24,2016-04-22
000001.SH,2016-04-25,2949.973,2954.092,2917.02,2946.67,2016-04-25
000001.SH,2016-04-26,2944.716,2965.429,2933.971,2964.7,2016-04-26
000001.SH,2016-04-27,2967.19,2976.022,2949.432,2953.671,2016-04-27
000001.SH,2016-04-28,2955.742,2959.512,2916.374,2945.589,2016-04-28
000001.SH,2016-04-29,2935.376,2950.576,2930.357,2938.324,2016-04-29
000001.SH,2016-05-03,2940.392,2993.535,2929.815,2992.643,2016-05-03
000001.SH,2016-05-04,2983.027,3004.418,2978.33,2991.272,2016-05-04
000001.SH,2016-05-05,2987.022,2999.118,2977.2,2997.842,2016-05-05
000001.SH,2016-05-06,2998.402,3003.59,2913.036,2913.248,2016-05-06
000001.SH,2016-05-09,2896.162,2896.162,2821.826,2832.113,2016-05-09
000001.SH,2016-05-10,2822.327,2845.238,2820.164,2832.591,2016-05-10
000001.SH,2016-05-11,2843.545,2857.254,2818.699,2837.037,2016-05-11
000001.SH,2016-05-12,2812.108,2839.276,2781.236,2835.862,2016-05-12
000001.SH,2016-05-13,2828.462,2850.093,2814.115,2827.109,2016-05-13
000001.SH,2016-05-16,2816.775,2851.229,2804.991,2850.862,2016-05-16
000001.SH,2016-05-17,2850.926,2860.321,2832.459,2843.684,2016-05-17
000001.SH,2016-05-18,2828.178,2828.255,2781.417,2807.514,2016-05-18
000001.SH,2016-05-19,2802.315,2829.402,2801.548,2806.906,2016-05-19
000001.SH,2016-05-20,2792.888,2825.952,2785.08,2825.483,2016-05-20
000001.SH,2016-05-23,2826.312,2848.071,2826.256,2843.645,2016-05-23
000001.SH,2016-05-24,2839.682,2839.695,2807.188,2821.666,2016-05-24
000001.SH,2016-05-25,2835.0293,2843.165,2807.7488,2815.0863,2016-05-25
000001.SH,2016-05-26,2813.543,2827.092,2780.763,2822.443,2016-05-26
000001.SH,2016-05-27,2817.968,2832.799,2809.799,2821.046,2016-05-27
000001.SH,2016-05-30,2814.651,2830.97,2794.661,2822.451,2016-05-30
000001.SH,2016-05-31,2822.593,2917.135,2822.593,2916.616,2016-05-31
000001.SH,2016-06-01,2917.154,2929.076,2909.512,2913.508,2016-06-01
000001.SH,2016-06-02,2911.219,2925.67,2906.524,2925.229,2016-06-02
000001.SH,2016-06-03,2929.788,2945.519,2915.185,2938.682,2016-06-03
000001.SH,2016-06-06,2940.994,2945.942,2922.283,2934.098,2016-06-06
000001.SH,2016-06-07,2936.282,2938.444,2923.502,2936.045,2016-06-07
000001.SH,2016-06-08,2932.376,2937.986,2908.367,2927.159,2016-06-08
000001.SH,2016-06-13,2897.273,2911.158,2832.507,2833.071,2016-06-13
000001.SH,2016-06-14,2824.229,2843.456,2822.061,2842.189,2016-06-14
000001.SH,2016-06-15,2814.693,2894.264,2811.781,2887.21,2016-06-15
000001.SH,2016-06-16,2878.402,2887.743,2865.388,2872.817,2016-06-16
000001.SH,2016-06-17,2873.009,2900.299,2872.185,2885.105,2016-06-17
000001.SH,2016-06-20,2887.636,2891.658,2864.02,2888.809,2016-06-20
000001.SH,2016-06-21,2898.384,2919.302,2869.176,2878.558,2016-06-21
000001.SH,2016-06-22,2872.734,2905.978,2869.513,2905.55,2016-06-22
000001.SH,2016-06-23,2902.398,2904.112,2878.661,2891.96,2016-06-23
000001.SH,2016-06-24,2883.759,2899.569,2807.598,2854.286,2016-06-24
000001.SH,2016-06-27,2840.559,2895.731,2840.277,2895.703,2016-06-27
000001.SH,2016-06-28,2885.011,2913.582,2878.824,2912.557,2016-06-28
000001.SH,2016-06-29,2918.534,2933.997,2915.062,2931.592,2016-06-29
000001.SH,2016-06-30,2931.481,2938.137,2922.312,2929.606,2016-06-30
000001.SH,2016-07-01,2931.802,2944.989,2925.81,2932.476,2016-07-01
000001.SH,2016-07-04,2924.293,2992.498,2922.52,2988.604,2016-07-04
000001.SH,2016-07-05,2991.752,3010.275,2990.642,3006.392,2016-07-05
000001.SH,2016-07-06,2998.521,3017.652,2984.828,3017.292,2016-07-06
000001.SH,2016-07-07,3009.353,3024.109,2994.643,3016.847,2016-07-07
000001.SH,2016-07-08,3000.326,3001.551,2983.881,2988.094,2016-07-08
000001.SH,2016-07-11,2993.749,3022.944,2990.907,2994.917,2016-07-11
000001.SH,2016-07-12,2992.52,3049.681,2984.421,3049.381,2016-07-12
000001.SH,2016-07-13,3049.513,3069.047,3048.199,3060.689,2016-07-13
000001.SH,2016-07-14,3054.975,3057.046,3036.523,3054.018,2016-07-14
000001.SH,2016-07-15,3056.682,3062.683,3044.538,3054.296,2016-07-15
000001.SH,2016-07-18,3047.637,3058.321,3031.639,3043.564,2016-07-18
000001.SH,2016-07-19,3040.226,3043.6,3014.289,3036.598,2016-07-19
000001.SH,2016-07-20,3034.714,3042.997,3022.631,3027.9,2016-07-20
000001.SH,2016-07-21,3027.604,3053.334,3027.368,3039.009,2016-07-21
000001.SH,2016-07-22,3038.118,3039.27,3007.457,3012.816,2016-07-22
000001.SH,2016-07-25,3008.094,3027.123,3003.292,3015.828,2016-07-25
000001.SH,2016-07-26,3014.04,3050.615,3013.802,3050.166,2016-07-26
000001.SH,2016-07-27,3050.368,3057.424,2939.227,2991.999,2016-07-27
000001.SH,2016-07-28,2980.501,3003.363,2968.182,2994.323,2016-07-28
000001.SH,2016-07-29,2992.536,3000.055,2972.917,2979.339,2016-07-29
000001.SH,2016-08-01,2971.949,2972.875,2931.963,2953.385,2016-08-01
000001.SH,2016-08-02,2950.08,2971.279,2946.637,2971.279,2016-08-02
000001.SH,2016-08-03,2963.215,2981.156,2956.786,2978.461,2016-08-03
000001.SH,2016-08-04,2976.41,2982.86,2958.933,2982.426,2016-08-04
000001.SH,2016-08-05,2978.778,2991.677,2971.564,2976.696,2016-08-05
000001.SH,2016-08-08,2972.625,3004.718,2959.048,3004.277,2016-08-08
000001.SH,2016-08-09,3001.306,3025.911,2998.677,3025.681,2016-08-09
000001.SH,2016-08-10,3023.472,3033.196,3017.09,3018.746,2016-08-10
000001.SH,2016-08-11,3013.678,3038.048,3001.168,3002.638,2016-08-11
000001.SH,2016-08-12,3000.273,3051.054,2999.039,3050.667,2016-08-12
000001.SH,2016-08-15,3056.484,3137.476,3053.871,3125.195,2016-08-15
000001.SH,2016-08-16,3130.533,3140.441,3102.065,3110.037,2016-08-16
000001.SH,2016-08-17,3106.991,3114.255,3090.281,3109.555,2016-08-17
000001.SH,2016-08-18,3107.753,3125.581,3093.317,3104.114,2016-08-18
000001.SH,2016-08-19,3100.391,3113.344,3082.771,3108.102,2016-08-19
000001.SH,2016-08-22,3107.381,3112.74,3083.593,3084.805,2016-08-22
000001.SH,2016-08-23,3081.572,3101.11,3073.529,3089.706,2016-08-23
000001.SH,2016-08-24,3092.02,3097.148,3079.548,3085.88,2016-08-24
000001.SH,2016-08-25,3073.444,3073.444,3041.505,3068.329,2016-08-25
000001.SH,2016-08-26,3069.85,3087.652,3063.894,3070.309,2016-08-26
000001.SH,2016-08-29,3068.46,3074.943,3058.785,3070.027,2016-08-29
000001.SH,2016-08-30,3071.44,3082.988,3065.971,3074.677,2016-08-30
000001.SH,2016-08-31,3072.916,3087.698,3063.396,3085.491,2016-08-31
000001.SH,2016-09-01,3083.961,3088.704,3062.876,3063.305,2016-09-01
000001.SH,2016-09-02,3057.495,3072.526,3050.492,3067.352,2016-09-02
000001.SH,2016-09-05,3070.707,3085.485,3065.329,3072.095,2016-09-05
000001.SH,2016-09-06,3071.055,3095.509,3053.187,3090.713,2016-09-06
000001.SH,2016-09-07,3091.329,3105.678,3087.879,3091.928,2016-09-07
000001.SH,2016-09-08,3089.953,3096.783,3083.902,3095.954,2016-09-08
000001.SH,2016-09-09,3095.427,3101.792,3078.218,3078.855,2016-09-09
000001.SH,2016-09-12,3037.507,3040.952,2999.929,3021.977,2016-09-12
000001.SH,2016-09-13,3025.035,3029.721,3008.741,3023.51,2016-09-13
000001.SH,2016-09-14,3008.904,3017.945,2995.416,3002.849,2016-09-14
000001.SH,2016-09-19,3005.323,3026.651,3005.323,3026.051,2016-09-19
000001.SH,2016-09-20,3027.172,3027.817,3015.88,3023.0,2016-09-20
000001.SH,2016-09-21,3021.576,3032.45,3017.541,3025.874,2016-09-21
000001.SH,2016-09-22,3038.422,3054.435,3035.07,3042.313,2016-09-22
000001.SH,2016-09-23,3044.786,3046.805,3032.802,3033.896,2016-09-23
000001.SH,2016-09-26,3028.243,3028.243,2980.117,2980.43,2016-09-26
000001.SH,2016-09-27,2974.593,2998.233,2969.132,2998.172,2016-09-27
000001.SH,2016-09-28,3000.695,3000.695,2984.321,2987.858,2016-09-28
000001.SH,2016-09-29,2992.168,3009.198,2991.909,2998.483,2016-09-29
000001.SH,2016-09-30,2994.251,3009.195,2993.062,3004.703,2016-09-30
000001.SH,2016-10-10,3020.457,3048.236,3014.62,3048.143,2016-10-10
000001.SH,2016-10-11,3051.622,3066.104,3048.018,3065.25,2016-10-11
000001.SH,2016-10-12,3057.316,3060.514,3048.888,3058.498,2016-10-12
000001.SH,2016-10-13,3057.972,3064.999,3052.64,3061.346,2016-10-13
000001.SH,2016-10-14,3056.993,3064.79,3043.184,3063.809,2016-10-14
000001.SH,2016-10-17,3064.691,3068.812,3033.753,3041.166,2016-10-17
000001.SH,2016-10-18,3037.404,3084.187,3037.404,3083.875,2016-10-18
000001.SH,2016-10-19,3085.749,3096.223,3076.771,3084.719,2016-10-19
000001.SH,2016-10-20,3084.908,3089.682,3076.295,3084.458,2016-10-20
000001.SH,2016-10-21,3081.389,3101.849,3069.267,3090.941,2016-10-21
000001.SH,2016-10-24,3092.047,3137.034,3090.786,3128.247,2016-10-24
000001.SH,2016-10-25,3127.968,3132.505,3121.05,3131.939,2016-10-25
000001.SH,2016-10-26,3129.838,3129.838,3110.387,3116.312,2016-10-26
000001.SH,2016-10-27,3112.603,3114.759,3100.392,3112.35,2016-10-27
000001.SH,2016-10-28,3111.704,3128.643,3101.237,3104.27,2016-10-28
000001.SH,2016-10-31,3097.188,3102.302,3081.072,3100.492,2016-10-31
000001.SH,2016-11-01,3101.664,3122.615,3097.042,3122.436,2016-11-01
000001.SH,2016-11-02,3115.729,3118.977,3099.82,3102.733,2016-11-02
000001.SH,2016-11-03,3096.765,3140.93,3094.103,3128.936,2016-11-03
000001.SH,2016-11-04,3126.349,3141.334,3119.535,3125.317,2016-11-04
000001.SH,2016-11-07,3124.892,3139.202,3117.096,3133.333,2016-11-07
000001.SH,2016-11-08,3140.944,3156.881,3134.955,3147.888,2016-11-08
000001.SH,2016-11-09,3146.078,3146.95,3096.947,3128.37,2016-11-09
000001.SH,2016-11-10,3148.544,3172.309,3148.544,3171.282,2016-11-10
000001.SH,2016-11-11,3169.401,3202.74,3166.07,3196.044,2016-11-11
000001.SH,2016-11-14,3187.709,3221.458,3186.796,3210.371,2016-11-14
000001.SH,2016-11-15,3209.955,3214.292,3195.035,3206.986,2016-11-15
000001.SH,2016-11-16,3208.497,3210.893,3195.411,3205.057,2016-11-16
000001.SH,2016-11-17,3198.499,3211.053,3187.206,3208.453,2016-11-17
000001.SH,2016-11-18,3207.193,3212.394,3187.496,3192.856,2016-11-18
000001.SH,2016-11-21,3188.496,3229.757,3188.28,3218.148,2016-11-21
000001.SH,2016-11-22,3220.983,3249.677,3220.983,3248.352,2016-11-22
000001.SH,2016-11-23,3247.945,3262.879,3231.586,3241.137,2016-11-23
000001.SH,2016-11-24,3237.428,3257.857,3232.869,3241.736,2016-11-24
000001.SH,2016-11-25,3241.243,3262.438,3209.598,3261.938,2016-11-25
000001.SH,2016-11-28,3270.047,3288.337,3267.674,3277.0,2016-11-28
000001.SH,2016-11-29,3269.234,3301.213,3263.397,3282.924,2016-11-29
000001.SH,2016-11-30,3272.142,3277.269,3239.521,3250.034,2016-11-30
000001.SH,2016-12-01,3257.027,3279.671,3256.256,3273.309,2016-12-01
000001.SH,2016-12-02,3270.121,3279.714,3235.277,3243.843,2016-12-02
000001.SH,2016-12-05,3203.784,3219.518,3194.879,3204.709,2016-12-05
000001.SH,2016-12-06,3202.029,3215.311,3196.525,3199.647,2016-12-06
000001.SH,2016-12-07,3198.475,3222.428,3189.485,3222.242,2016-12-07
000001.SH,2016-12-08,3225.55,3228.122,3211.471,3215.366,2016-12-08
000001.SH,2016-12-09,3209.34,3244.801,3207.043,3232.883,2016-12-09
000001.SH,2016-12-12,3233.666,3245.095,3149.896,3152.97,2016-12-12
000001.SH,2016-12-13,3138.988,3162.496,3118.712,3155.037,2016-12-13
000001.SH,2016-12-14,3149.377,3170.021,3136.348,3140.531,2016-12-14
000001.SH,2016-12-15,3125.757,3138.779,3100.913,3117.677,2016-12-15
000001.SH,2016-12-16,3111.515,3128.874,3106.346,3122.982,2016-12-16
000001.SH,2016-12-19,3120.6963,3125.284,3110.0817,3118.0846,2016-12-19
000001.SH,2016-12-20,3115.8984,3117.0145,3084.7997,3102.8759,2016-12-20
000001.SH,2016-12-21,3107.2396,3140.2512,3107.2396,3137.4297,2016-12-21
000001.SH,2016-12-22,3132.1558,3143.1685,3126.8872,3139.558,2016-12-22
000001.SH,2016-12-23,3134.9292,3138.404,3103.7476,3110.1544,2016-12-23
000001.SH,2016-12-26,3095.5787,3122.8812,3068.415,3122.569,2016-12-26
000001.SH,2016-12-27,3117.3868,3127.8828,3113.7451,3114.664,2016-12-27
000001.SH,2016-12-28,3113.7671,3118.7818,3094.5488,3102.2357,2016-12-28
000001.SH,2016-12-29,3095.8447,3111.7994,3087.344,3096.0968,2016-12-29
000001.SH,2016-12-30,3097.3454,3108.8393,3089.9894,3103.6373,2016-12-30
000001.SH,2017-01-03,3105.3085,3136.4558,3105.3085,3135.9208,2017-01-03
000001.SH,2017-01-04,3133.7873,3160.1029,3130.1145,3158.794,2017-01-04
000001.SH,2017-01-05,3157.9063,3168.5021,3154.281,3165.4109,2017-01-05
000001.SH,2017-01-06,3163.7761,3172.0347,3153.0253,3154.321,2017-01-06
000001.SH,2017-01-09,3148.5317,3173.136,3147.7351,3171.2362,2017-01-09
000001.SH,2017-01-10,3167.5701,3174.5781,3157.3322,3161.6713,2017-01-10
000001.SH,2017-01-11,3156.6856,3167.0288,3136.2667,3136.7535,2017-01-11
000001.SH,2017-01-12,3133.6015,3144.9699,3115.9787,3119.2886,2017-01-12
000001.SH,2017-01-13,3116.0827,3130.5146,3102.1628,3112.7644,2017-01-13
000001.SH,2017-01-16,3104.4924,3105.1423,3044.2912,3103.428,2017-01-16
000001.SH,2017-01-17,3087.0295,3108.9072,3072.3384,3108.7746,2017-01-17
000001.SH,2017-01-18,3104.7664,3123.7203,3098.5864,3113.0123,2017-01-18
000001.SH,2017-01-19,3104.9715,3115.7778,3094.0055,3101.2992,2017-01-19
000001.SH,2017-01-20,3095.8185,3125.6599,3095.2147,3123.1389,2017-01-20
000001.SH,2017-01-23,3125.4209,3145.8411,3125.4209,3136.7748,2017-01-23
000001.SH,2017-01-24,3134.5921,3149.5312,3131.2181,3142.5533,2017-01-24
000001.SH,2017-01-25,3137.6462,3151.4723,3133.1911,3149.5547,2017-01-25
000001.SH,2017-01-26,3149.2167,3163.1041,3148.9083,3159.166,2017-01-26
000001.SH,2017-02-03,3160.0816,3162.6771,3136.013,3140.17,2017-02-03
000001.SH,2017-02-06,3143.0931,3158.8433,3135.3869,3156.9838,2017-02-06
000001.SH,2017-02-07,3154.4046,3159.544,3140.0356,3153.0878,2017-02-07
000001.SH,2017-02-08,3148.086,3167.4465,3132.0333,3166.9818,2017-02-08
000001.SH,2017-02-09,3164.6875,3186.838,3162.5744,3183.1794,2017-02-09
000001.SH,2017-02-10,3183.0069,3205.049,3182.8021,3196.699,2017-02-10
000001.SH,2017-02-13,3198.9946,3219.4072,3198.9946,3216.8394,2017-02-13
000001.SH,2017-02-14,3216.137,3219.4047,3205.2853,3217.928,2017-02-14
000001.SH,2017-02-15,3215.4639,3235.9977,3206.5606,3212.9857,2017-02-15
000001.SH,2017-02-16,3210.3567,3230.2754,3207.7852,3229.6184,2017-02-16
000001.SH,2017-02-17,3227.7073,3238.3959,3199.4248,3202.0756,2017-02-17
000001.SH,2017-02-20,3198.9633,3241.458,3198.9633,3239.9613,2017-02-20
000001.SH,2017-02-21,3242.2226,3254.3355,3239.8775,3253.3257,2017-02-21
000001.SH,2017-02-22,3252.6898,3261.3808,3243.8398,3261.2184,2017-02-22
000001.SH,2017-02-23,3258.8319,3264.0819,3236.3549,3251.375,2017-02-23
000001.SH,2017-02-24,3246.8603,3253.9556,3233.5348,3253.4327,2017-02-24
000001.SH,2017-02-27,3249.1945,3251.6543,3224.0884,3228.6602,2017-02-27
000001.SH,2017-02-28,3225.9689,3242.679,3225.9689,3241.7331,2017-02-28
000001.SH,2017-03-01,3240.0726,3259.9781,3237.8714,3246.9335,2017-03-01
000001.SH,2017-03-02,3250.5183,3256.8074,3228.6647,3230.0281,2017-03-02
000001.SH,2017-03-03,3219.2019,3221.1553,3206.6127,3218.3118,2017-03-03
000001.SH,2017-03-06,3217.3345,3234.6626,3215.067,3233.8657,2017-03-06
000001.SH,2017-03-07,3233.0939,3242.6591,3226.8219,3242.4063,2017-03-07
000001.SH,2017-03-08,3240.5323,3245.3043,3230.6083,3240.6646,2017-03-08
000001.SH,2017-03-09,3233.7007,3233.8749,3205.2794,3216.7457,2017-03-09
000001.SH,2017-03-10,3213.7294,3222.3189,3208.4472,3212.7601,2017-03-10
000001.SH,2017-03-13,3209.4492,3237.1212,3193.1565,3237.0244,2017-03-13
000001.SH,2017-03-14,3235.2515,3246.3285,3231.5209,3239.3278,2017-03-14
000001.SH,2017-03-15,3235.403,3243.713,3227.7377,3241.7597,2017-03-15
000001.SH,2017-03-16,3247.1628,3269.77,3247.1628,3268.9354,2017-03-16
000001.SH,2017-03-17,3271.8665,3274.1903,3232.2806,3237.4471,2017-03-17
000001.SH,2017-03-20,3241.1101,3251.1271,3228.1177,3250.8082,2017-03-20
000001.SH,2017-03-21,3250.2473,3262.2209,3246.6959,3261.6108,2017-03-21
000001.SH,2017-03-22,3246.2233,3255.7779,3229.1283,3245.2198,2017-03-22
000001.SH,2017-03-23,3245.8078,3262.0914,3221.9344,3248.5495,2017-03-23
000001.SH,2017-03-24,3247.3495,3275.2066,3241.1233,3269.4451,2017-03-24
000001.SH,2017-03-27,3268.924,3283.2393,3262.1184,3266.9552,2017-03-27
000001.SH,2017-03-28,3265.6344,3265.6344,3246.0861,3252.9479,2017-03-28
000001.SH,2017-03-29,3252.8653,3262.0976,3233.2795,3241.3144,2017-03-29
000001.SH,2017-03-30,3235.1369,3240.0174,3195.8524,3210.2369,2017-03-30
000001.SH,2017-03-31,3206.2529,3226.2483,3205.5365,3222.5142,2017-03-31
000001.SH,2017-04-05,3235.6603,3270.6453,3233.2367,3270.3054,2017-04-05
000001.SH,2017-04-06,3272.1926,3286.6739,3265.7645,3281.0047,2017-04-06
000001.SH,2017-04-07,3280.6239,3295.187,3275.0507,3286.616,2017-04-07
000001.SH,2017-04-10,3285.4594,3285.4594,3265.0121,3269.3926,2017-04-10
000001.SH,2017-04-11,3266.2219,3290.3887,3244.4047,3288.9657,2017-04-11
000001.SH,2017-04-12,3283.8369,3284.9338,3262.2773,3273.8301,2017-04-12
000001.SH,2017-04-13,3265.2181,3281.1369,3261.4901,3275.9603,2017-04-13
000001.SH,2017-04-14,3276.1381,3276.7112,3238.8959,3246.0668,2017-04-14
000001.SH,2017-04-17,3229.9491,3229.9491,3199.9121,3222.1673,2017-04-17
000001.SH,2017-04-18,3215.3963,3225.0546,3196.4884,3196.7133,2017-04-18
000001.SH,2017-04-19,3184.666,3189.4368,3147.0655,3170.6867,2017-04-19
000001.SH,2017-04-20,3165.665,3178.1826,3148.1844,3172.1003,2017-04-20
000001.SH,2017-04-21,3170.2899,3180.7944,3158.6286,3173.1512,2017-04-21
000001.SH,2017-04-24,3164.2479,3164.2479,3111.2145,3129.5312,2017-04-24
000001.SH,2017-04-25,3123.8943,3145.2672,3117.4488,3134.5674,2017-04-25
000001.SH,2017-04-26,3132.9181,3152.9534,3131.418,3140.8471,2017-04-26
000001.SH,2017-04-27,3131.3496,3155.0033,3097.3334,3152.1869,2017-04-27
000001.SH,2017-04-28,3144.0219,3154.7266,3136.5781,3154.6584,2017-04-28
000001.SH,2017-05-02,3147.2275,3154.7812,3136.5391,3143.7121,2017-05-02
000001.SH,2017-05-03,3138.3068,3148.2857,3123.7509,3135.346,2017-05-03
000001.SH,2017-05-04,3127.1058,3143.8179,3111.3912,3127.3687,2017-05-04
000001.SH,2017-05-05,3114.7735,3117.6141,3092.0918,3103.0378,2017-05-05
000001.SH,2017-05-08,3090.0652,3093.4516,3067.6943,3078.6129,2017-05-08
000001.SH,2017-05-09,3064.8484,3084.2077,3056.558,3080.5269,2017-05-09
000001.SH,2017-05-10,3078.1728,3090.8191,3051.5896,3052.785,2017-05-10
000001.SH,2017-05-11,3036.7891,3063.5637,3016.5305,3061.5003,2017-05-11
000001.SH,2017-05-12,3054.1123,3090.4914,3051.8713,3083.5132,2017-05-12
000001.SH,2017-05-15,3085.9319,3098.9125,3085.9319,3090.2289,2017-05-15
000001.SH,2017-05-16,3082.8717,3113.5116,3060.5344,3112.9642,2017-05-16
000001.SH,2017-05-17,3107.802,3119.5816,3101.2953,3104.4415,2017-05-17
000001.SH,2017-05-18,3082.3288,3103.4413,3077.9631,3090.139,2017-05-18
000001.SH,2017-05-19,3086.7054,3095.4826,3081.278,3090.6309,2017-05-19
000001.SH,2017-05-22,3087.1705,3103.9375,3063.1529,3075.6756,2017-05-22
000001.SH,2017-05-23,3069.3935,3084.2352,3050.8423,3061.947,2017-05-23
000001.SH,2017-05-24,3047.5681,3064.8127,3022.3026,3064.0759,2017-05-24
000001.SH,2017-05-25,3055.3425,3114.6578,3052.8309,3107.8311,2017-05-25
000001.SH,2017-05-26,3101.2864,3120.6627,3100.3877,3110.0587,2017-05-26
000001.SH,2017-05-31,3125.3252,3143.2787,3111.5563,3117.1778,2017-05-31
000001.SH,2017-06-01,3108.4214,3113.5212,3097.6794,3102.6232,2017-06-01
000001.SH,2017-06-02,3094.2253,3110.3891,3081.8485,3105.54,2017-06-02
000001.SH,2017-06-05,3102.1095,3105.5056,3084.8301,3091.6561,2017-06-05
000001.SH,2017-06-06,3084.5401,3102.8633,3078.7872,3102.126,2017-06-06
000001.SH,2017-06-07,3101.7608,3140.7743,3098.9508,3140.3249,2017-06-07
000001.SH,2017-06-08,3136.4705,3153.2635,3132.8278,3150.3336,2017-06-08
000001.SH,2017-06-09,3147.4533,3165.9197,3146.1075,3158.4004,2017-06-09
000001.SH,2017-06-12,3149.5266,3164.9502,3135.314,3139.8766,2017-06-12
000001.SH,2017-06-13,3134.0089,3155.9895,3131.0431,3153.7429,2017-06-13
000001.SH,2017-06-14,3146.748,3149.1731,3125.3546,3130.674,2017-06-14
000001.SH,2017-06-15,3125.5865,3137.5854,3117.084,3132.4863,2017-06-15
000001.SH,2017-06-16,3126.3728,3134.2511,3117.8567,3123.1662,2017-06-16
000001.SH,2017-06-19,3122.1578,3146.7703,3121.7787,3144.3739,2017-06-19
000001.SH,2017-06-20,3148.0187,3150.4646,3134.6106,3140.0136,2017-06-20
000001.SH,2017-06-21,3148.9861,3157.0275,3132.6173,3156.2118,2017-06-21
000001.SH,2017-06-22,3152.2424,3186.9823,3146.6432,3147.4532,2017-06-22
000001.SH,2017-06-23,3138.4441,3158.0474,3118.0946,3157.873,2017-06-23
000001.SH,2017-06-26,3157.0022,3187.8891,3156.9767,3185.4439,2017-06-26
000001.SH,2017-06-27,3183.4198,3193.4613,3172.463,3191.1969,2017-06-27
000001.SH,2017-06-28,3183.6334,3193.4397,3170.7859,3173.2014,2017-06-28
000001.SH,2017-06-29,3174.9811,3188.7741,3174.2835,3188.0625,2017-06-29
000001.SH,2017-06-30,3176.9481,3193.2411,3171.5703,3192.4269,2017-06-30
000001.SH,2017-07-03,3191.9982,3196.2861,3177.0244,3195.9116,2017-07-03
000001.SH,2017-07-04,3192.8885,3193.0644,3174.314,3182.8039,2017-07-04
000001.SH,2017-07-05,3179.2169,3207.3095,3174.7081,3207.1342,2017-07-05
000001.SH,2017-07-06,3203.8631,3215.95,3188.7733,3212.444,2017-07-06
000001.SH,2017-07-07,3203.8225,3219.5232,3195.2905,3217.9567,2017-07-07
000001.SH,2017-07-10,3208.4627,3223.3402,3203.2089,3212.6319,2017-07-10
000001.SH,2017-07-11,3201.5169,3226.908,3199.2235,3203.0375,2017-07-11
000001.SH,2017-07-12,3201.9292,3215.1962,3177.9346,3197.5439,2017-07-12
000001.SH,2017-07-13,3192.3615,3219.2683,3190.3393,3218.1632,2017-07-13
000001.SH,2017-07-14,3212.0316,3222.9784,3204.8529,3222.4168,2017-07-14
000001.SH,2017-07-17,3219.7914,3230.354,3139.5035,3176.4648,2017-07-17
000001.SH,2017-07-18,3159.7318,3187.671,3150.1284,3187.5672,2017-07-18
000001.SH,2017-07-19,3181.4015,3232.9408,3179.73,3230.9762,2017-07-19
000001.SH,2017-07-20,3227.5056,3246.236,3225.4328,3244.8647,2017-07-20
000001.SH,2017-07-21,3236.5881,3247.7122,3231.9556,3237.9817,2017-07-21
000001.SH,2017-07-24,3230.898,3261.1046,3230.0705,3250.5989,2017-07-24
000001.SH,2017-07-25,3249.1376,3261.6454,3233.1376,3243.6894,2017-07-25
000001.SH,2017-07-26,3244.4608,3264.8483,3228.0389,3247.6748,2017-07-26
000001.SH,2017-07-27,3243.765,3251.9261,3220.6366,3249.7814,2017-07-27
000001.SH,2017-07-28,3240.1728,3256.3706,3232.9634,3253.2404,2017-07-28
000001.SH,2017-07-31,3252.7519,3276.9461,3251.1941,3273.0283,2017-07-31
000001.SH,2017-08-01,3274.3685,3292.6383,3273.5038,3292.6383,2017-08-01
000001.SH,2017-08-02,3288.5183,3305.4313,3282.0377,3285.0568,2017-08-02
000001.SH,2017-08-03,3279.9864,3293.3686,3262.1554,3272.9286,2017-08-03
000001.SH,2017-08-04,3269.3182,3287.1929,3261.3066,3262.0809,2017-08-04
000001.SH,2017-08-07,3257.67,3280.1035,3243.7153,3279.4566,2017-08-07
000001.SH,2017-08-08,3277.1887,3285.4833,3269.6582,3281.8728,2017-08-08
000001.SH,2017-08-09,3277.8083,3277.9433,3263.8468,3275.573,2017-08-09
000001.SH,2017-08-10,3269.7347,3282.519,3236.1829,3261.7494,2017-08-10
000001.SH,2017-08-11,3237.9222,3245.1163,3200.7481,3208.5413,2017-08-11
000001.SH,2017-08-14,3206.0436,3240.0517,3206.0436,3237.3602,2017-08-14
000001.SH,2017-08-15,3235.2298,3263.5892,3235.1013,3251.2617,2017-08-15
000001.SH,2017-08-16,3247.8525,3248.785,3228.8705,3246.4512,2017-08-16
000001.SH,2017-08-17,3253.8455,3269.1389,3251.4593,3268.4298,2017-08-17
000001.SH,2017-08-18,3253.2434,3275.0763,3248.0833,3268.7243,2017-08-18
000001.SH,2017-08-21,3274.5805,3287.5186,3270.4753,3286.9055,2017-08-21
000001.SH,2017-08-22,3287.6147,3293.476,3274.941,3290.2257,2017-08-22
000001.SH,2017-08-23,3283.7966,3299.4572,3274.4404,3287.7049,2017-08-23
000001.SH,2017-08-24,3287.9594,3297.9886,3266.3589,3271.5117,2017-08-24
000001.SH,2017-08-25,3271.4608,3331.9146,3271.4608,3331.5221,2017-08-25
000001.SH,2017-08-28,3336.1264,3375.0339,3336.1264,3362.6514,2017-08-28
000001.SH,2017-08-29,3362.0604,3374.5947,3354.4627,3365.2261,2017-08-29
000001.SH,2017-08-30,3361.8207,3376.6481,3357.0803,3363.6266,2017-08-30
000001.SH,2017-08-31,3361.4621,3367.3581,3340.6865,3360.8103,2017-08-31
000001.SH,2017-09-01,3365.9913,3381.9252,3358.4724,3367.1194,2017-09-01
000001.SH,2017-09-04,3369.7185,3381.4027,3359.1309,3379.583,2017-09-04
000001.SH,2017-09-05,3377.1968,3390.8233,3371.5706,3384.317,2017-09-05
000001.SH,2017-09-06,3372.4277,3391.0105,3364.7645,3385.3888,2017-09-06
000001.SH,2017-09-07,3383.6281,3387.7956,3363.1765,3365.4974,2017-09-07
000001.SH,2017-09-08,3364.4275,3380.8898,3353.6876,3365.2426,2017-09-08
000001.SH,2017-09-11,3365.3506,3384.81,3360.0462,3376.4188,2017-09-11
000001.SH,2017-09-12,3381.487,3391.0694,3370.8519,3379.488,2017-09-12
000001.SH,2017-09-13,3374.7185,3387.1397,3366.5412,3384.147,2017-09-13
000001.SH,2017-09-14,3383.47,3391.6435,3361.3335,3371.4256,2017-09-14
000001.SH,2017-09-15,3365.1454,3365.5277,3345.3283,3353.6192,2017-09-15
000001.SH,2017-09-18,3352.5134,3371.7486,3352.5134,3362.8587,2017-09-18
000001.SH,2017-09-19,3365.5315,3370.4009,3344.7054,3356.8446,2017-09-19
000001.SH,2017-09-20,3352.1848,3370.0978,3346.5356,3365.9959,2017-09-20
000001.SH,2017-09-21,3364.6977,3377.8844,3356.8754,3357.8123,2017-09-21
000001.SH,2017-09-22,3347.1569,3356.4514,3334.9846,3352.5294,2017-09-22
000001.SH,2017-09-25,3344.5886,3350.9612,3334.9438,3341.5487,2017-09-25
000001.SH,2017-09-26,3336.3497,3347.1629,3332.5985,3343.5826,2017-09-26
000001.SH,2017-09-27,3340.8219,3349.6949,3340.2989,3345.2717,2017-09-27
000001.SH,2017-09-28,3343.8446,3344.6005,3336.1784,3339.6421,2017-09-28
000001.SH,2017-09-29,3340.3109,3357.0154,3340.3109,3348.9431,2017-09-29
000001.SH,2017-10-09,3403.2458,3410.1704,3366.965,3374.3781,2017-10-09
000001.SH,2017-10-10,3373.3446,3384.0262,3358.7953,3382.9879,2017-10-10
000001.SH,2017-10-11,3381.488,3395.7794,3379.1634,3388.2838,2017-10-11
000001.SH,2017-10-12,3385.5329,3390.2036,3372.5331,3386.1,2017-10-12
000001.SH,2017-10-13,3384.4883,3395.7484,3383.2392,3390.5233,2017-10-13
000001.SH,2017-10-16,3393.2055,3400.5113,3374.7687,3378.4704,2017-10-16
000001.SH,2017-10-17,3373.2342,3382.4072,3365.5646,3372.0407,2017-10-17
000001.SH,2017-10-18,3373.5281,3383.2323,3371.9249,3381.7937,2017-10-18
000001.SH,2017-10-19,3374.6444,3378.7359,3359.6284,3370.1721,2017-10-19
000001.SH,2017-10-20,3363.5138,3379.7652,3360.1001,3378.6481,2017-10-20
000001.SH,2017-10-23,3382.28,3385.2853,3374.705,3380.699,2017-10-23
000001.SH,2017-10-24,3376.5989,3388.6886,3374.1246,3388.2477,2017-10-24
000001.SH,2017-10-25,3384.8579,3398.3041,3382.0338,3396.8975,2017-10-25
000001.SH,2017-10-26,3397.519,3414.2415,3391.4549,3407.5671,2017-10-26
000001.SH,2017-10-27,3404.4978,3421.1026,3402.1141,3416.8124,2017-10-27
000001.SH,2017-10-30,3413.8679,3419.7315,3357.2762,3390.3371,2017-10-30
000001.SH,2017-10-31,3380.999,3397.0988,3376.1238,3393.3417,2017-10-31
000001.SH,2017-11-01,3393.9678,3410.3519,3388.5978,3395.9125,2017-11-01
000001.SH,2017-11-02,3391.652,3391.652,3372.2131,3383.3095,2017-11-02
000001.SH,2017-11-03,3377.7356,3380.57,3347.3603,3371.7441,2017-11-03
000001.SH,2017-11-06,3369.685,3389.3826,3356.5337,3388.1742,2017-11-06
000001.SH,2017-11-07,3389.4721,3415.1482,3387.9459,3413.5748,2017-11-07
000001.SH,2017-11-08,3409.1474,3434.4918,3404.8811,3415.4602,2017-11-08
000001.SH,2017-11-09,3410.6723,3428.7704,3408.6186,3427.7946,2017-11-09
000001.SH,2017-11-10,3423.1846,3438.7924,3414.3286,3432.6731,2017-11-10
000001.SH,2017-11-13,3435.1839,3449.1638,3435.0849,3447.8358,2017-11-13
000001.SH,2017-11-14,3446.5453,3450.4949,3419.6919,3429.5482,2017-11-14
000001.SH,2017-11-15,3416.2112,3423.7495,3396.381,3402.5245,2017-11-15
000001.SH,2017-11-16,3393.1937,3409.6532,3390.5888,3399.2503,2017-11-16
000001.SH,2017-11-17,3392.6834,3403.2855,3373.2956,3382.9075,2017-11-17
000001.SH,2017-11-20,3361.3563,3393.1063,3337.116,3392.3988,2017-11-20
000001.SH,2017-11-21,3382.3595,3419.802,3377.5989,3410.4977,2017-11-21
000001.SH,2017-11-22,3417.3313,3442.1777,3404.2865,3430.4643,2017-11-22
000001.SH,2017-11-23,3425.0093,3429.4237,3342.3324,3351.9182,2017-11-23
000001.SH,2017-11-24,3340.3842,3360.7459,3328.3339,3353.8207,2017-11-24
000001.SH,2017-11-27,3346.6567,3347.0506,3315.2642,3322.2298,2017-11-27
000001.SH,2017-11-28,3311.2322,3333.7998,3300.7808,3333.657,2017-11-28
000001.SH,2017-11-29,3335.5671,3343.0624,3305.5721,3337.862,2017-11-29
000001.SH,2017-11-30,3328.6427,3340.9201,3306.2832,3317.1884,2017-11-30
000001.SH,2017-12-01,3315.1051,3324.5161,3302.4398,3317.6174,2017-12-01
000001.SH,2017-12-04,3310.3814,3323.9961,3304.1034,3309.6183,2017-12-04
000001.SH,2017-12-05,3301.6906,3315.7373,3300.5117,3303.6751,2017-12-05
000001.SH,2017-12-06,3291.3128,3296.2013,3254.6108,3293.9648,2017-12-06
000001.SH,2017-12-07,3283.2791,3291.2817,3259.1637,3272.0542,2017-12-07
000001.SH,2017-12-08,3264.4776,3297.1304,3258.7593,3289.9924,2017-12-08
000001.SH,2017-12-11,3290.4881,3322.6736,3288.2949,3322.1956,2017-12-11
000001.SH,2017-12-12,3320.3103,3320.3103,3280.3291,3280.8136,2017-12-12
000001.SH,2017-12-13,3278.3968,3304.0101,3273.3248,3303.0373,2017-12-13
000001.SH,2017-12-14,3302.9322,3309.5295,3282.5732,3292.4385,2017-12-14
000001.SH,2017-12-15,3287.5292,3287.5292,3259.3883,3266.1371,2017-12-15
000001.SH,2017-12-18,3268.0335,3280.5438,3254.1775,3267.9224,2017-12-18
000001.SH,2017-12-19,3266.0191,3296.9398,3266.0191,3296.5384,2017-12-19
000001.SH,2017-12-20,3296.7403,3300.2124,3276.1201,3287.6057,2017-12-20
000001.SH,2017-12-21,3281.1179,3309.2233,3267.4042,3300.0593,2017-12-21
000001.SH,2017-12-22,3297.6852,3307.3276,3293.4415,3297.063,2017-12-22
000001.SH,2017-12-25,3296.2106,3312.2998,3270.4407,3280.461,2017-12-25
000001.SH,2017-12-26,3277.8372,3307.2994,3274.3274,3306.1246,2017-12-26
000001.SH,2017-12-27,3302.4612,3307.0798,3270.349,3275.7828,2017-12-27
000001.SH,2017-12-28,3272.2913,3304.0962,3263.7282,3296.3847,2017-12-28
000001.SH,2017-12-29,3295.2461,3308.2249,3292.7699,3307.1721,2017-12-29
000001.SH,2018-01-02,3314.0307,3349.053,3314.0307,3348.3259,2018-01-02
000001.SH,2018-01-03,3347.7428,3379.9152,3345.2887,3369.1084,2018-01-03
000001.SH,2018-01-04,3371.0,3392.8264,3365.2954,3385.7102,2018-01-04
000001.SH,2018-01-05,3386.464,3402.0694,3380.245,3391.7501,2018-01-05
000001.SH,2018-01-08,3391.5528,3412.7307,3384.5591,3409.4795,2018-01-08
000001.SH,2018-01-09,3406.1116,3417.2278,3403.5869,3413.8996,2018-01-09
000001.SH,2018-01-10,3414.1128,3430.2139,3398.8423,3421.8343,2018-01-10
000001.SH,2018-01-11,3415.585,3426.4829,3405.639,3425.3449,2018-01-11
000001.SH,2018-01-12,3423.8793,3435.4239,3417.9802,3428.9407,2018-01-12
000001.SH,2018-01-15,3428.9508,3442.5008,3402.312,3410.4882,2018-01-15
000001.SH,2018-01-16,3403.4694,3437.5827,3401.9606,3436.594,2018-01-16
000001.SH,2018-01-17,3438.5762,3465.2049,3430.5114,3444.6713,2018-01-17
000001.SH,2018-01-18,3449.881,3476.546,3448.7885,3474.754,2018-01-18
000001.SH,2018-01-19,3481.62,3498.4341,3474.2915,3487.864,2018-01-19
000001.SH,2018-01-22,3476.9939,3503.3857,3475.673,3501.3622,2018-01-22
000001.SH,2018-01-23,3504.3439,3547.2222,3504.3439,3546.5048,2018-01-23
000001.SH,2018-01-24,3553.4787,3569.4891,3527.1119,3559.4653,2018-01-24
000001.SH,2018-01-25,3555.1677,3571.4805,3528.0349,3548.307,2018-01-25
000001.SH,2018-01-26,3535.4931,3574.9048,3534.1952,3558.1288,2018-01-26
000001.SH,2018-01-29,3563.64,3587.0323,3510.2689,3523.0007,2018-01-29
000001.SH,2018-01-30,3511.5005,3523.0513,3484.6556,3488.009,2018-01-30
000001.SH,2018-01-31,3470.5089,3495.4533,3454.7259,3480.8334,2018-01-31
000001.SH,2018-02-01,3478.6701,3495.0933,3424.4188,3446.9799,2018-02-01
000001.SH,2018-02-02,3419.2249,3463.1639,3388.8597,3462.0808,2018-02-02
000001.SH,2018-02-05,3411.6698,3487.7211,3406.2405,3487.497,2018-02-05
000001.SH,2018-02-06,3418.01,3440.124,3364.2163,3370.652,2018-02-06
000001.SH,2018-02-07,3412.7441,3425.5377,3304.007,3309.2598,2018-02-07
000001.SH,2018-02-08,3281.0458,3307.1623,3225.7117,3262.0504,2018-02-08
000001.SH,2018-02-09,3172.8509,3180.11,3062.7426,3129.8508,2018-02-09
000001.SH,2018-02-12,3128.3709,3168.1258,3113.6054,3154.1254,2018-02-12
000001.SH,2018-02-13,3176.1066,3219.2169,3176.1066,3184.9587,2018-02-13
000001.SH,2018-02-14,3188.2475,3203.4967,3171.3836,3199.1589,2018-02-14
000001.SH,2018-02-22,3237.5692,3269.9156,3234.1152,3268.5589,2018-02-22
000001.SH,2018-02-23,3275.429,3294.1338,3258.4878,3289.0241,2018-02-23
000001.SH,2018-02-26,3307.295,3335.9856,3281.615,3329.5737,2018-02-26
000001.SH,2018-02-27,3328.6719,3328.6719,3284.6293,3292.0679,2018-02-27
000001.SH,2018-02-28,3264.0585,3277.8324,3239.8438,3259.408,2018-02-28
000001.SH,2018-03-01,3235.0887,3280.1491,3228.5848,3273.7549,2018-03-01
000001.SH,2018-03-02,3248.4464,3269.9377,3242.2669,3254.5283,2018-03-02
000001.SH,2018-03-05,3255.8713,3269.3999,3236.7172,3256.9263,2018-03-05
000001.SH,2018-03-06,3266.4868,3290.2534,3243.654,3289.6419,2018-03-06
000001.SH,2018-03-07,3288.8645,3308.4063,3264.7639,3271.6683,2018-03-07
000001.SH,2018-03-08,3268.3468,3289.4974,3261.5524,3288.4055,2018-03-08
000001.SH,2018-03-09,3291.4258,3309.7153,3283.5591,3307.1656,2018-03-09
000001.SH,2018-03-12,3319.2089,3333.5611,3313.5552,3326.6992,2018-03-12
000001.SH,2018-03-13,3324.1215,3333.8754,3307.3764,3310.2389,2018-03-13
000001.SH,2018-03-14,3298.6655,3304.9787,3287.3558,3291.3819,2018-03-14
000001.SH,2018-03-15,3277.5143,3297.0981,3273.2008,3291.112,2018-03-15
000001.SH,2018-03-16,3290.209,3300.5654,3269.2826,3269.8821,2018-03-16
000001.SH,2018-03-19,3264.9281,3280.5673,3251.0471,3279.2517,2018-03-19
000001.SH,2018-03-20,3257.2188,3292.5742,3252.4333,3290.6399,2018-03-20
000001.SH,2018-03-21,3299.731,3314.209,3268.8779,3280.9521,2018-03-21
000001.SH,2018-03-22,3281.265,3288.7967,3242.7619,3263.4803,2018-03-22
000001.SH,2018-03-23,3172.772,3188.2351,3110.6637,3152.7608,2018-03-23
000001.SH,2018-03-26,3117.3192,3134.2759,3091.4575,3133.7218,2018-03-26
000001.SH,2018-03-27,3164.7976,3172.7777,3143.5695,3166.6488,2018-03-27
000001.SH,2018-03-28,3130.5711,3165.2126,3117.5336,3122.2895,2018-03-28
000001.SH,2018-03-29,3127.2628,3174.5089,3098.2465,3160.5306,2018-03-29
000001.SH,2018-03-30,3161.7856,3177.7208,3152.8888,3168.8966,2018-03-30
000001.SH,2018-04-02,3169.7787,3192.3403,3159.986,3163.179,2018-04-02
000001.SH,2018-04-03,3130.013,3144.3321,3119.1321,3136.6332,2018-04-03
000001.SH,2018-04-04,3147.0491,3163.3404,3128.8668,3131.1114,2018-04-04
000001.SH,2018-04-09,3125.4415,3146.0926,3110.3025,3138.2936,2018-04-09
000001.SH,2018-04-10,3144.2568,3190.6492,3139.0807,3190.3216,2018-04-10
000001.SH,2018-04-11,3197.3719,3220.8453,3191.5865,3208.0818,2018-04-11
000001.SH,2018-04-12,3203.2782,3205.2522,3177.0492,3180.1583,2018-04-12
000001.SH,2018-04-13,3192.0418,3197.8959,3155.5058,3159.0521,2018-04-13
000001.SH,2018-04-16,3152.8882,3153.1063,3096.1003,3110.6489,2018-04-16
000001.SH,2018-04-17,3112.9747,3118.7596,3064.0281,3066.7967,2018-04-17
000001.SH,2018-04-18,3091.9095,3096.889,3041.625,3091.3987,2018-04-18
000001.SH,2018-04-19,3094.2738,3127.4389,3090.2867,3117.376,2018-04-19
000001.SH,2018-04-20,3105.4617,3111.1707,3065.9214,3071.5425,2018-04-20
000001.SH,2018-04-23,3063.4427,3085.0573,3045.9369,3068.012,2018-04-23
000001.SH,2018-04-24,3069.7455,3136.0395,3069.7455,3128.9271,2018-04-24
000001.SH,2018-04-25,3112.3978,3122.9082,3107.0008,3117.9739,2018-04-25
000001.SH,2018-04-26,3119.4962,3121.9334,3067.9286,3075.0301,2018-04-26
000001.SH,2018-04-27,3082.4148,3088.0347,3049.9139,3082.2316,2018-04-27
000001.SH,2018-05-02,3087.4086,3097.6039,3064.763,3081.1773,2018-05-02
000001.SH,2018-05-03,3074.5165,3105.6598,3056.1573,3100.8586,2018-05-03
000001.SH,2018-05-04,3093.1169,3104.0925,3086.7845,3091.0334,2018-05-04
000001.SH,2018-05-07,3094.8989,3136.8363,3091.6579,3136.6448,2018-05-07
000001.SH,2018-05-08,3135.2957,3169.7014,3134.0621,3161.4976,2018-05-08
000001.SH,2018-05-09,3160.1382,3165.3733,3145.6574,3159.1502,2018-05-09
000001.SH,2018-05-10,3169.0498,3176.1376,3155.5331,3174.4127,2018-05-10
000001.SH,2018-05-11,3179.7967,3180.7564,3162.2121,3163.2632,2018-05-11
000001.SH,2018-05-14,3167.0418,3183.8159,3163.476,3174.032,2018-05-14
000001.SH,2018-05-15,3180.4245,3192.8069,3164.5181,3192.1183,2018-05-15
000001.SH,2018-05-16,3180.2259,3191.9481,3166.8113,3169.5652,2018-05-16
000001.SH,2018-05-17,3170.0064,3172.7664,3148.6213,3154.2825,2018-05-17
000001.SH,2018-05-18,3151.0818,3193.4531,3144.776,3193.3034,2018-05-18
000001.SH,2018-05-21,3206.1756,3219.7398,3203.3362,3213.8404,2018-05-21
000001.SH,2018-05-22,3211.247,3214.5888,3192.2277,3214.3497,2018-05-22
000001.SH,2018-05-23,3205.437,3205.437,3168.9642,3168.9642,2018-05-23
000001.SH,2018-05-24,3167.9391,3173.5309,3152.0692,3154.6506,2018-05-24
000001.SH,2018-05-25,3148.41,3156.7261,3131.0675,3141.3032,2018-05-25
000001.SH,2018-05-28,3136.8092,3149.6646,3115.9585,3135.0821,2018-05-28
000001.SH,2018-05-29,3129.621,3143.2076,3112.1531,3120.4605,2018-05-29
000001.SH,2018-05-30,3081.1418,3085.397,3041.0002,3041.4434,2018-05-30
000001.SH,2018-05-31,3061.8291,3098.0764,3054.2685,3095.4737,2018-05-31
000001.SH,2018-06-01,3084.7536,3102.088,3059.7857,3075.1372,2018-06-01
000001.SH,2018-06-04,3083.4265,3098.402,3076.9936,3091.1909,2018-06-04
000001.SH,2018-06-05,3088.0076,3114.7687,3080.0457,3114.2055,2018-06-05
000001.SH,2018-06-06,3109.1746,3117.5251,3103.5329,3115.1803,2018-06-06
000001.SH,2018-06-07,3121.1842,3128.7154,3105.5779,3109.4988,2018-06-07
000001.SH,2018-06-08,3100.6038,3100.6848,3053.2879,3067.1478,2018-06-08
000001.SH,2018-06-11,3057.3393,3063.6102,3037.9138,3052.7831,2018-06-11
000001.SH,2018-06-12,3053.0279,3081.4473,3034.1012,3079.8018,2018-06-12
000001.SH,2018-06-13,3071.4636,3071.4636,3044.1198,3049.7965,2018-06-13
000001.SH,2018-06-14,3038.0704,3066.0469,3032.4062,3044.1597,2018-06-14
000001.SH,2018-06-15,3037.4522,3048.7967,3008.7324,3021.9008,2018-06-15
000001.SH,2018-06-19,2982.6504,2984.9706,2871.3548,2907.8221,2018-06-19
000001.SH,2018-06-20,2889.984,2925.5611,2872.1629,2915.7314,2018-06-20
000001.SH,2018-06-21,2912.0032,2940.5863,2872.6189,2875.8099,2018-06-21
000001.SH,2018-06-22,2855.5849,2891.9685,2837.1444,2889.7603,2018-06-22
000001.SH,2018-06-25,2903.4495,2908.624,2857.8709,2859.3364,2018-06-25
000001.SH,2018-06-26,2829.9947,2850.24,2803.7851,2844.5081,2018-06-26
000001.SH,2018-06-27,2842.3958,2854.2579,2798.7997,2813.1775,2018-06-27
000001.SH,2018-06-28,2799.9039,2825.9872,2782.4464,2786.8966,2018-06-28
000001.SH,2018-06-29,2789.8111,2848.3721,2782.3811,2847.4181,2018-06-29
000001.SH,2018-07-02,2841.5795,2845.6801,2756.815,2775.557,2018-07-02
000001.SH,2018-07-03,2774.5701,2786.8878,2722.4485,2786.8878,2018-07-03
000001.SH,2018-07-04,2776.6324,2793.179,2754.1552,2759.126,2018-07-04
000001.SH,2018-07-05,2755.3394,2777.5227,2727.9399,2733.8819,2018-07-05
000001.SH,2018-07-06,2731.3532,2768.8737,2691.0208,2747.2285,2018-07-06
000001.SH,2018-07-09,2752.4466,2815.79,2752.4466,2815.1095,2018-07-09
000001.SH,2018-07-10,2819.7121,2828.4926,2800.6251,2827.6252,2018-07-10
000001.SH,2018-07-11,2780.7043,2794.3596,2752.435,2777.7711,2018-07-11
000001.SH,2018-07-12,2771.0408,2844.1932,2771.0408,2837.6586,2018-07-12
000001.SH,2018-07-13,2831.4284,2835.4627,2818.8484,2831.1837,2018-07-13
000001.SH,2018-07-16,2827.0823,2837.5092,2804.4929,2814.0418,2018-07-16
000001.SH,2018-07-17,2806.8853,2806.9194,2774.7624,2798.1259,2018-07-17
000001.SH,2018-07-18,2801.7774,2818.3953,2786.0404,2787.257,2018-07-18
000001.SH,2018-07-19,2791.0156,2805.0106,2764.4858,2772.5454,2018-07-19
000001.SH,2018-07-20,2769.7537,2837.8623,2753.8397,2829.2712,2018-07-20
000001.SH,2018-07-23,2815.2008,2863.5711,2809.6163,2859.5424,2018-07-23
000001.SH,2018-07-24,2862.267,2911.4646,2862.267,2905.5618,2018-07-24
000001.SH,2018-07-25,2911.4529,2912.3134,2894.039,2903.6467,2018-07-25
000001.SH,2018-07-26,2905.7941,2915.2974,2875.7006,2882.2254,2018-07-26
000001.SH,2018-07-27,2879.6901,2889.6936,2864.1098,2873.5938,2018-07-27
000001.SH,2018-07-30,2871.9397,2896.0109,2850.296,2869.0495,2018-07-30
000001.SH,2018-07-31,2866.8985,2884.6799,2854.3197,2876.4009,2018-07-31
000001.SH,2018-08-01,2882.5061,2897.3997,2823.9293,2824.5337,2018-08-01
000001.SH,2018-08-02,2815.3438,2815.3438,2726.4825,2768.0239,2018-08-02
000001.SH,2018-08-03,2763.3957,2777.6572,2740.4317,2740.4429,2018-08-03
000001.SH,2018-08-06,2736.5256,2760.4744,2692.3216,2705.1565,2018-08-06
000001.SH,2018-08-07,2711.7361,2779.374,2696.0391,2779.374,2018-08-07
000001.SH,2018-08-08,2771.1286,2779.9124,2741.067,2744.0696,2018-08-08
000001.SH,2018-08-09,2729.5787,2801.6592,2726.2153,2794.3818,2018-08-09
000001.SH,2018-08-10,2791.4018,2806.1149,2777.5061,2795.3099,2018-08-10
000001.SH,2018-08-13,2769.0166,2789.7983,2742.5599,2785.872,2018-08-13
000001.SH,2018-08-14,2780.7357,2789.4437,2766.5693,2780.9646,2018-08-14
000001.SH,2018-08-15,2777.2493,2777.7032,2721.2404,2723.2576,2018-08-15
000001.SH,2018-08-16,2691.426,2732.9489,2672.7407,2705.1917,2018-08-16
000001.SH,2018-08-17,2723.8871,2730.3326,2665.5918,2668.966,2018-08-17
000001.SH,2018-08-20,2673.0662,2698.4658,2653.1119,2698.4658,2018-08-20
000001.SH,2018-08-21,2700.3416,2739.1732,2696.2923,2733.8264,2018-08-21
000001.SH,2018-08-22,2731.9576,2731.9576,2709.0615,2714.6082,2018-08-22
000001.SH,2018-08-23,2714.867,2736.0101,2700.8042,2724.6244,2018-08-23
000001.SH,2018-08-24,2717.0812,2748.8243,2705.3237,2729.4308,2018-08-24
000001.SH,2018-08-27,2736.3185,2780.899,2736.3185,2780.899,2018-08-27
000001.SH,2018-08-28,2782.2927,2791.3898,2769.4013,2777.9808,2018-08-28
000001.SH,2018-08-29,2774.8646,2778.5393,2762.35,2769.2947,2018-08-29
000001.SH,2018-08-30,2769.3322,2780.5271,2736.346,2737.7367,2018-08-30
000001.SH,2018-08-31,2730.1132,2744.6311,2710.5368,2725.2499,2018-08-31
000001.SH,2018-09-03,2716.4037,2722.8524,2692.3644,2720.7344,2018-09-03
000001.SH,2018-09-04,2720.6477,2756.6071,2712.376,2750.5804,2018-09-04
000001.SH,2018-09-05,2741.3801,2745.4673,2704.3368,2704.3368,2018-09-05
000001.SH,2018-09-06,2697.5777,2719.4055,2683.7445,2691.5929,2018-09-06
000001.SH,2018-09-07,2696.6775,2728.5464,2683.7193,2702.3007,2018-09-07
000001.SH,2018-09-10,2698.0107,2703.4285,2667.3168,2669.4845,2018-09-10
000001.SH,2018-09-11,2668.4872,2680.5727,2652.7044,2664.7997,2018-09-11
000001.SH,2018-09-12,2659.744,2672.0735,2647.1701,2656.1101,2018-09-12
000001.SH,2018-09-13,2679.2077,2689.0624,2653.1894,2686.5784,2018-09-13
000001.SH,2018-09-14,2688.7787,2694.9201,2675.2896,2681.6431,2018-09-14
000001.SH,2018-09-17,2671.2907,2671.2907,2647.9153,2651.7886,2018-09-17
000001.SH,2018-09-18,2644.2961,2700.1934,2644.2961,2699.9501,2018-09-18
000001.SH,2018-09-19,2694.7992,2746.0796,2690.9942,2730.8503,2018-09-19
000001.SH,2018-09-20,2732.1697,2743.9645,2724.0835,2729.2438,2018-09-20
000001.SH,2018-09-21,2733.8742,2797.4851,2722.0319,2797.4848,2018-09-21
000001.SH,2018-09-25,2775.0663,2790.0321,2771.1595,2781.1385,2018-09-25
000001.SH,2018-09-26,2785.3165,2827.3413,2783.3419,2806.8133,2018-09-26
000001.SH,2018-09-27,2805.793,2810.5062,2786.3217,2791.7748,2018-09-27
000001.SH,2018-09-28,2794.2644,2821.7553,2791.8363,2821.3501,2018-09-28
000001.SH,2018-10-08,2768.2075,2771.9384,2710.1781,2716.5104,2018-10-08
000001.SH,2018-10-09,2713.7319,2734.3142,2711.1971,2721.013,2018-10-09
000001.SH,2018-10-10,2723.7242,2743.548,2703.0626,2725.8367,2018-10-10
000001.SH,2018-10-11,2643.074,2661.2859,2560.3164,2583.4575,2018-10-11
000001.SH,2018-10-12,2574.0415,2615.9169,2536.6653,2606.9125,2018-10-12
000001.SH,2018-10-15,2605.9124,2611.9685,2564.7375,2568.0984,2018-10-15
000001.SH,2018-10-16,2567.7643,2597.7152,2536.441,2546.3296,2018-10-16
000001.SH,2018-10-17,2574.3127,2582.5485,2517.5728,2561.614,2018-10-17
000001.SH,2018-10-18,2544.911,2544.911,2485.6192,2486.4186,2018-10-18
000001.SH,2018-10-19,2460.0808,2553.3867,2449.197,2550.4652,2018-10-19
000001.SH,2018-10-22,2565.6444,2675.4063,2565.6444,2654.8762,2018-10-22
000001.SH,2018-10-23,2652.6476,2659.8123,2583.2605,2594.8255,2018-10-23
000001.SH,2018-10-24,2579.9715,2640.4017,2577.7725,2603.2951,2018-10-24
000001.SH,2018-10-25,2540.9347,2606.1007,2531.5349,2603.7995,2018-10-25
000001.SH,2018-10-26,2610.8982,2626.116,2580.8452,2598.8468,2018-10-26
000001.SH,2018-10-29,2593.5908,2595.5365,2529.1883,2542.1033,2018-10-29
000001.SH,2018-10-30,2538.5737,2586.9188,2521.7836,2568.0481,2018-10-30
000001.SH,2018-10-31,2573.0146,2612.9221,2567.0274,2602.7832,2018-10-31
000001.SH,2018-11-01,2617.0325,2636.7992,2603.6514,2606.2372,2018-11-01
000001.SH,2018-11-02,2649.2512,2676.4762,2628.8697,2676.4762,2018-11-02
000001.SH,2018-11-05,2665.427,2673.1879,2639.2707,2665.4306,2018-11-05
000001.SH,2018-11-06,2660.7193,2660.8627,2635.3207,2659.3564,2018-11-06
000001.SH,2018-11-07,2659.8446,2675.6772,2639.2463,2641.342,2018-11-07
000001.SH,2018-11-08,2660.0873,2662.3688,2632.3012,2635.6322,2018-11-08
000001.SH,2018-11-09,2621.238,2621.238,2598.1609,2598.8715,2018-11-09
000001.SH,2018-11-12,2593.2004,2631.1696,2590.2106,2630.5195,2018-11-12
000001.SH,2018-11-13,2600.5004,2666.4853,2597.3477,2654.8795,2018-11-13
000001.SH,2018-11-14,2648.3091,2658.3072,2627.9565,2632.2425,2018-11-14
000001.SH,2018-11-15,2632.1379,2668.1704,2631.8875,2668.1704,2018-11-15
000001.SH,2018-11-16,2669.7799,2695.5689,2657.0341,2679.1097,2018-11-16
000001.SH,2018-11-19,2681.8988,2703.5116,2674.1781,2703.5116,2018-11-19
000001.SH,2018-11-20,2684.2874,2690.8299,2643.3588,2645.8545,2018-11-20
000001.SH,2018-11-21,2619.8211,2653.796,2617.7759,2651.5053,2018-11-21
000001.SH,2018-11-22,2655.8964,2658.0011,2634.4827,2645.4339,2018-11-22
000001.SH,2018-11-23,2640.6674,2642.0356,2577.3511,2579.4831,2018-11-23
000001.SH,2018-11-26,2580.8424,2594.9966,2568.0352,2575.8101,2018-11-26
000001.SH,2018-11-27,2585.8261,2592.5353,2566.1663,2574.6792,2018-11-27
000001.SH,2018-11-28,2575.4541,2601.9626,2561.5618,2601.7365,2018-11-28
000001.SH,2018-11-29,2613.7805,2617.5479,2567.4434,2567.4434,2018-11-29
000001.SH,2018-11-30,2564.5644,2590.2102,2555.3223,2588.1875,2018-11-30
000001.SH,2018-12-03,2647.1319,2665.298,2629.1843,2654.798,2018-12-03
000001.SH,2018-12-04,2651.5613,2666.0784,2644.8964,2665.9577,2018-12-04
000001.SH,2018-12-05,2629.8328,2660.3888,2625.9132,2649.8051,2018-12-05
000001.SH,2018-12-06,2629.8196,2633.6778,2603.1323,2605.1813,2018-12-06
000001.SH,2018-12-07,2609.3408,2614.5817,2599.2775,2605.8876,2018-12-07
000001.SH,2018-12-10,2589.194,2599.7615,2576.2424,2584.5822,2018-12-10
000001.SH,2018-12-11,2587.0148,2596.1464,2583.1959,2594.0881,2018-12-11
000001.SH,2018-12-12,2608.1141,2610.0086,2595.075,2602.1526,2018-12-12
000001.SH,2018-12-13,2607.144,2645.8367,2599.4586,2634.0491,2018-12-13
000001.SH,2018-12-14,2627.2833,2629.1641,2593.7407,2593.7407,2018-12-14
000001.SH,2018-12-17,2587.2632,2598.967,2573.8674,2597.9737,2018-12-17
000001.SH,2018-12-18,2583.6343,2599.1479,2563.5731,2576.6495,2018-12-18
000001.SH,2018-12-19,2578.675,2579.8743,2547.0783,2549.5634,2018-12-19
000001.SH,2018-12-20,2544.5054,2554.8586,2516.0193,2536.2675,2018-12-20
000001.SH,2018-12-21,2526.5535,2527.4214,2498.6937,2516.2506,2018-12-21
000001.SH,2018-12-24,2506.7372,2529.4395,2500.443,2527.0071,2018-12-24
000001.SH,2018-12-25,2503.9498,2513.9641,2462.8448,2504.819,2018-12-25
000001.SH,2018-12-26,2501.1199,2513.8264,2492.0758,2498.2939,2018-12-26
000001.SH,2018-12-27,2527.7167,2532.0022,2483.0864,2483.0864,2018-12-27
000001.SH,2018-12-28,2483.6171,2505.1138,2478.325,2493.8962,2018-12-28
000001.SH,2019-01-02,2497.8805,2500.2783,2456.4233,2465.291,2019-01-02
000001.SH,2019-01-03,2461.7829,2488.479,2455.9256,2464.3628,2019-01-03
000001.SH,2019-01-04,2446.0193,2515.316,2440.9066,2514.8682,2019-01-04
000001.SH,2019-01-07,2528.6987,2536.9775,2515.5083,2533.0887,2019-01-07
000001.SH,2019-01-08,2530.3001,2531.345,2520.1648,2526.4622,2019-01-08
000001.SH,2019-01-09,2536.4173,2574.4079,2536.157,2544.3449,2019-01-09
000001.SH,2019-01-10,2543.8534,2551.8257,2531.6638,2535.0985,2019-01-10
000001.SH,2019-01-11,2539.5487,2554.7869,2533.3586,2553.8313,2019-01-11
000001.SH,2019-01-14,2553.3284,2556.2939,2533.0101,2535.7653,2019-01-14
000001.SH,2019-01-15,2537.3697,2571.5016,2532.4333,2570.3449,2019-01-15
000001.SH,2019-01-16,2569.0697,2574.2362,2563.0061,2570.4221,2019-01-16
000001.SH,2019-01-17,2573.5755,2582.556,2557.7114,2559.637,2019-01-17
000001.SH,2019-01-18,2567.7386,2598.8836,2565.9043,2596.0056,2019-01-18
000001.SH,2019-01-21,2599.0575,2618.9801,2599.0575,2610.5094,2019-01-21
000001.SH,2019-01-22,2609.6421,2609.6421,2573.0617,2579.7041,2019-01-22
000001.SH,2019-01-23,2575.2583,2589.5128,2572.4054,2581.0041,2019-01-23
000001.SH,2019-01-24,2584.6481,2597.2894,2569.7004,2591.6935,2019-01-24
000001.SH,2019-01-25,2596.2618,2617.0022,2595.6294,2601.7234,2019-01-25
000001.SH,2019-01-28,2615.7118,2630.3183,2591.1,2596.9767,2019-01-28
000001.SH,2019-01-29,2592.3549,2601.7358,2559.982,2594.2536,2019-01-29
000001.SH,2019-01-30,2584.7459,2598.815,2575.4091,2575.5756,2019-01-30
000001.SH,2019-01-31,2581.3315,2606.6283,2571.5789,2584.5724,2019-01-31
000001.SH,2019-02-01,2597.7777,2618.4765,2590.5543,2618.2323,2019-02-01
000001.SH,2019-02-11,2613.1742,2654.0964,2613.1742,2653.896,2019-02-11
000001.SH,2019-02-12,2654.0349,2674.4778,2648.8295,2671.8937,2019-02-12
000001.SH,2019-02-13,2674.5198,2727.075,2666.522,2721.0683,2019-02-13
000001.SH,2019-02-14,2715.5358,2729.455,2707.4865,2719.6999,2019-02-14
000001.SH,2019-02-15,2712.7862,2715.6321,2679.7849,2682.385,2019-02-15
000001.SH,2019-02-18,2699.8171,2754.3566,2699.8171,2754.3566,2019-02-18
000001.SH,2019-02-19,2759.496,2780.7837,2737.5864,2755.6459,2019-02-19
000001.SH,2019-02-20,2761.0588,2767.4109,2739.9783,2761.2189,2019-02-20
000001.SH,2019-02-21,2759.9383,2794.0131,2744.9762,2751.8012,2019-02-21
000001.SH,2019-02-22,2749.4615,2804.2262,2736.3324,2804.2262,2019-02-22
000001.SH,2019-02-25,2838.3896,2961.7951,2838.3896,2961.2834,2019-02-25
000001.SH,2019-02-26,2969.0976,2995.6762,2938.6227,2941.5163,2019-02-26
000001.SH,2019-02-27,2939.9287,2997.4882,2924.6432,2953.8242,2019-02-27
000001.SH,2019-02-28,2950.0548,2965.3037,2930.195,2940.9538,2019-02-28
000001.SH,2019-03-01,2954.4021,2994.005,2930.8345,2994.005,2019-03-01
000001.SH,2019-03-04,3015.9427,3090.7959,3006.9417,3027.5755,2019-03-04
000001.SH,2019-03-05,3019.8797,3054.9617,3009.4476,3054.2466,2019-03-05
000001.SH,2019-03-06,3060.4327,3103.8251,3050.1113,3102.0991,2019-03-06
000001.SH,2019-03-07,3103.6677,3129.9395,3074.9784,3106.4179,2019-03-07
000001.SH,2019-03-08,3038.3362,3075.0461,2969.5815,2969.8614,2019-03-08
000001.SH,2019-03-11,2969.0802,3028.2543,2963.5834,3026.9925,2019-03-11
000001.SH,2019-03-12,3049.0844,3093.3913,3029.8999,3060.3073,2019-03-12
000001.SH,2019-03-13,3062.3267,3065.2884,3013.9319,3026.9513,2019-03-13
000001.SH,2019-03-14,3013.597,3041.1557,2968.8237,2990.685,2019-03-14
000001.SH,2019-03-15,3000.8789,3048.1212,2999.4317,3021.7512,2019-03-15
000001.SH,2019-03-18,3027.8012,3096.4176,3009.5071,3096.4176,2019-03-18
000001.SH,2019-03-19,3099.8971,3113.4325,3076.3627,3090.975,2019-03-19
000001.SH,2019-03-20,3084.1704,3102.5203,3053.4519,3090.6403,2019-03-20
000001.SH,2019-03-21,3094.1247,3125.0192,3086.85,3101.455,2019-03-21
000001.SH,2019-03-22,3100.7264,3107.2754,3064.884,3104.1487,2019-03-22
000001.SH,2019-03-25,3058.8016,3086.9961,3041.9504,3043.0313,2019-03-25
000001.SH,2019-03-26,3057.559,3062.6896,2988.4905,2997.0954,2019-03-26
000001.SH,2019-03-27,3012.2573,3022.7623,2987.7717,3022.7196,2019-03-27
000001.SH,2019-03-28,3009.7988,3025.7789,2991.7789,2994.9434,2019-03-28
000001.SH,2019-03-29,3000.6783,3093.0329,2999.9866,3090.758,2019-03-29
000001.SH,2019-04-01,3111.6619,3176.6221,3111.6619,3170.361,2019-04-01
000001.SH,2019-04-02,3183.2736,3193.2717,3164.9066,3176.8227,2019-04-02
000001.SH,2019-04-03,3159.1468,3219.2564,3152.3319,3216.2952,2019-04-03
000001.SH,2019-04-04,3233.6886,3254.1401,3216.8545,3246.5714,2019-04-04
000001.SH,2019-04-08,3271.2722,3288.4531,3210.5151,3244.8103,2019-04-08
000001.SH,2019-04-09,3240.3938,3251.6458,3215.7048,3239.6639,2019-04-09
000001.SH,2019-04-10,3224.6454,3264.7778,3204.8785,3241.9299,2019-04-10
000001.SH,2019-04-11,3241.5474,3254.1259,3185.546,3189.9619,2019-04-11
000001.SH,2019-04-12,3184.8595,3199.278,3168.0421,3188.6256,2019-04-12
000001.SH,2019-04-15,3233.4583,3253.9763,3177.2698,3177.7866,2019-04-15
000001.SH,2019-04-16,3164.3969,3253.5978,3153.2062,3253.5978,2019-04-16
000001.SH,2019-04-17,3250.1518,3275.3335,3239.8048,3263.1179,2019-04-17
000001.SH,2019-04-18,3261.0742,3271.3878,3241.8257,3250.2012,2019-04-18
000001.SH,2019-04-19,3250.1452,3274.3347,3226.8124,3270.7973,2019-04-19
000001.SH,2019-04-22,3278.4906,3279.4894,3206.878,3215.0426,2019-04-22
000001.SH,2019-04-23,3211.8719,3231.5815,3186.7569,3198.5938,2019-04-23
000001.SH,2019-04-24,3203.5588,3210.6508,3156.607,3201.6137,2019-04-24
000001.SH,2019-04-25,3190.5851,3193.7494,3123.0258,3123.8261,2019-04-25
000001.SH,2019-04-26,3108.1635,3129.2134,3085.8049,3086.3989,2019-04-26
000001.SH,2019-04-29,3090.6331,3107.7605,3050.0261,3062.4985,2019-04-29
000001.SH,2019-04-30,3052.6223,3088.4074,3052.6223,3078.3389,2019-04-30
000001.SH,2019-05-06,2984.7273,2986.5399,2876.4688,2906.464,2019-05-06
000001.SH,2019-05-07,2914.2914,2937.2832,2889.0732,2926.3908,2019-05-07
000001.SH,2019-05-08,2873.1433,2929.4306,2866.7041,2893.7567,2019-05-08
000001.SH,2019-05-09,2871.1968,2888.8596,2845.0374,2850.9537,2019-05-09
000001.SH,2019-05-10,2878.2344,2941.4539,2838.3847,2939.2106,2019-05-10
000001.SH,2019-05-13,2905.067,2921.4103,2892.1745,2903.7131,2019-05-13
000001.SH,2019-05-14,2872.8336,2909.2041,2872.8336,2883.6107,2019-05-14
000001.SH,2019-05-15,2902.6423,2945.3946,2902.6423,2938.6781,2019-05-15
000001.SH,2019-05-16,2933.4954,2956.171,2929.0645,2955.711,2019-05-16
000001.SH,2019-05-17,2955.7669,2956.7832,2873.7998,2882.2962,2019-05-17
000001.SH,2019-05-20,2874.8011,2882.6294,2838.453,2870.6046,2019-05-20
000001.SH,2019-05-21,2867.7066,2919.2373,2862.4951,2905.9688,2019-05-21
000001.SH,2019-05-22,2905.5241,2912.3952,2879.6437,2891.7046,2019-05-22
000001.SH,2019-05-23,2880.8426,2885.1389,2846.956,2852.5153,2019-05-23
000001.SH,2019-05-24,2847.8356,2871.8555,2846.0215,2852.9948,2019-05-24
000001.SH,2019-05-27,2851.2809,2898.129,2833.0363,2892.3782,2019-05-27
000001.SH,2019-05-28,2890.2658,2924.0395,2887.0835,2909.9106,2019-05-28
000001.SH,2019-05-29,2894.8297,2934.9768,2890.6645,2914.6964,2019-05-29
000001.SH,2019-05-30,2903.4246,2907.8463,2881.3802,2905.8054,2019-05-30
000001.SH,2019-05-31,2904.4976,2922.9075,2895.5778,2898.6961,2019-05-31
000001.SH,2019-06-03,2901.7424,2920.8292,2875.9019,2890.0809,2019-06-03
000001.SH,2019-06-04,2887.6405,2888.3861,2851.9728,2862.2803,2019-06-04
000001.SH,2019-06-05,2882.9369,2888.7676,2858.5719,2861.4181,2019-06-05
000001.SH,2019-06-06,2862.3327,2862.3327,2822.1853,2827.7978,2019-06-06
000001.SH,2019-06-10,2833.0145,2861.131,2824.3554,2852.1302,2019-06-10
000001.SH,2019-06-11,2854.0704,2927.4303,2854.0704,2925.7162,2019-06-11
000001.SH,2019-06-12,2917.2239,2924.7018,2903.8833,2909.3796,2019-06-12
000001.SH,2019-06-13,2905.2877,2918.4227,2885.9232,2910.7406,2019-06-13
000001.SH,2019-06-14,2912.9988,2924.3197,2879.6573,2881.9743,2019-06-14
000001.SH,2019-06-17,2880.4226,2902.4808,2877.3941,2887.6221,2019-06-17
000001.SH,2019-06-18,2891.0917,2898.3304,2874.3129,2890.158,2019-06-18
000001.SH,2019-06-19,2944.1154,2953.3355,2916.2149,2917.8029,2019-06-19
000001.SH,2019-06-20,2917.331,2997.3888,2915.0895,2987.1186,2019-06-20
000001.SH,2019-06-21,2990.3687,3010.349,2989.2454,3001.9802,2019-06-21
000001.SH,2019-06-24,3004.2891,3012.826,2994.4219,3008.1479,2019-06-24
000001.SH,2019-06-25,3004.9095,3004.9095,2948.9907,2982.0738,2019-06-25
000001.SH,2019-06-26,2964.6153,2986.9139,2958.4632,2976.2837,2019-06-26
000001.SH,2019-06-27,2982.6125,3011.538,2981.045,2996.7926,2019-06-27
000001.SH,2019-06-28,2992.2426,2992.2426,2961.2225,2978.8784,2019-06-28
000001.SH,2019-07-01,3024.6238,3045.3669,3014.6871,3044.9028,2019-07-01
000001.SH,2019-07-02,3042.58,3048.4839,3033.7809,3043.9428,2019-07-02
000001.SH,2019-07-03,3031.832,3031.832,3006.3246,3015.2633,2019-07-03
000001.SH,2019-07-04,3015.6785,3024.5023,2991.9079,3005.2488,2019-07-04
000001.SH,2019-07-05,3004.7383,3014.8474,2990.9247,3011.0588,2019-07-05
000001.SH,2019-07-08,2997.8067,2997.8067,2918.7157,2933.3634,2019-07-08
000001.SH,2019-07-09,2928.8188,2937.7621,2912.8063,2928.2295,2019-07-09
000001.SH,2019-07-10,2935.1855,2936.7519,2908.162,2915.3022,2019-07-10
000001.SH,2019-07-11,2928.0553,2945.8023,2907.8852,2917.7609,2019-07-11
000001.SH,2019-07-12,2915.3401,2938.5311,2905.809,2930.5462,2019-07-12
000001.SH,2019-07-15,2921.546,2955.0003,2886.6993,2942.1853,2019-07-15
000001.SH,2019-07-16,2938.6411,2944.821,2931.2926,2937.6168,2019-07-16
000001.SH,2019-07-17,2933.0227,2942.0668,2924.4594,2931.6926,2019-07-17
000001.SH,2019-07-18,2921.7387,2921.7387,2901.1766,2901.1766,2019-07-18
000001.SH,2019-07-19,2909.6794,2939.5973,2909.6794,2924.2006,2019-07-19
000001.SH,2019-07-22,2925.7882,2927.1601,2879.69,2886.974,2019-07-22
000001.SH,2019-07-23,2886.9044,2901.3591,2883.0457,2899.9446,2019-07-23
000001.SH,2019-07-24,2907.9275,2936.4522,2907.7865,2923.2775,2019-07-24
000001.SH,2019-07-25,2923.1886,2937.3601,2916.1498,2937.3601,2019-07-25
000001.SH,2019-07-26,2928.0614,2948.3261,2924.4513,2944.541,2019-07-26
000001.SH,2019-07-29,2943.918,2948.4665,2932.9773,2941.007,2019-07-29
000001.SH,2019-07-30,2946.2566,2965.632,2946.2566,2952.3383,2019-07-30
000001.SH,2019-07-31,2944.3977,2944.3977,2926.4853,2932.5058,2019-07-31
000001.SH,2019-08-01,2920.8506,2927.3421,2901.7503,2908.766,2019-08-01
000001.SH,2019-08-02,2861.3323,2872.473,2851.4402,2867.8376,2019-08-02
000001.SH,2019-08-05,2854.578,2863.6891,2821.4957,2821.4957,2019-08-05
000001.SH,2019-08-06,2776.9889,2787.4185,2733.9242,2777.5559,2019-08-06
000001.SH,2019-08-07,2789.0187,2792.6934,2768.6795,2768.6795,2019-08-07
000001.SH,2019-08-08,2784.1835,2799.6859,2782.2447,2794.5523,2019-08-08
000001.SH,2019-08-09,2805.5856,2808.3289,2770.4777,2774.7532,2019-08-09
000001.SH,2019-08-12,2781.9816,2814.9944,2776.6197,2814.9944,2019-08-12
000001.SH,2019-08-13,2798.0512,2802.0415,2790.608,2797.2596,2019-08-13
000001.SH,2019-08-14,2824.4864,2829.8906,2807.719,2808.9146,2019-08-14
000001.SH,2019-08-15,2762.339,2815.8964,2756.8341,2815.7976,2019-08-15
000001.SH,2019-08-16,2817.5708,2840.3164,2811.8016,2823.8238,2019-08-16
000001.SH,2019-08-19,2835.5181,2883.096,2829.8542,2883.096,2019-08-19
000001.SH,2019-08-20,2879.0816,2892.0796,2874.9988,2880.0012,2019-08-20
000001.SH,2019-08-21,2875.4708,2885.5861,2872.5573,2880.3307,2019-08-21
000001.SH,2019-08-22,2887.6649,2888.4969,2867.5522,2883.4358,2019-08-22
000001.SH,2019-08-23,2885.151,2902.4563,2878.7443,2897.4253,2019-08-23
000001.SH,2019-08-26,2851.0158,2870.4939,2849.2381,2863.5673,2019-08-26
000001.SH,2019-08-27,2879.5154,2919.6444,2879.406,2902.1932,2019-08-27
000001.SH,2019-08-28,2901.6267,2905.4354,2887.0115,2893.7564,2019-08-28
000001.SH,2019-08-29,2895.9991,2898.6046,2878.5878,2890.9192,2019-08-29
000001.SH,2019-08-30,2907.3825,2914.5767,2874.1028,2886.2365,2019-08-30
000001.SH,2019-09-02,2886.9418,2928.4793,2883.6823,2924.1063,2019-09-02
000001.SH,2019-09-03,2925.9422,2930.1538,2915.1974,2930.1538,2019-09-03
000001.SH,2019-09-04,2927.747,2957.4116,2925.8825,2957.4116,2019-09-04
000001.SH,2019-09-05,2972.6619,3015.8443,2972.6619,2985.8648,2019-09-05
000001.SH,2019-09-06,2996.6216,2999.9434,2981.5983,2999.6013,2019-09-06
000001.SH,2019-09-09,3023.778,3026.2398,3005.6949,3024.7388,2019-09-09
000001.SH,2019-09-10,3027.4103,3027.4103,3005.3825,3021.2024,2019-09-10
000001.SH,2019-09-11,3029.9334,3030.557,3004.2152,3008.8118,2019-09-11
000001.SH,2019-09-12,3016.6267,3033.473,3005.1948,3031.2351,2019-09-12
000001.SH,2019-09-16,3041.922,3042.9284,3020.0495,3030.7544,2019-09-16
000001.SH,2019-09-17,3023.7109,3023.7109,2970.5704,2978.1178,2019-09-17
000001.SH,2019-09-18,2984.0837,2996.4022,2982.4003,2985.6586,2019-09-18
000001.SH,2019-09-19,2992.9222,2999.2789,2975.3978,2999.2789,2019-09-19
000001.SH,2019-09-20,3004.8142,3011.34,2996.1929,3006.4467,2019-09-20
000001.SH,2019-09-23,2998.3995,2998.3995,2960.827,2977.0767,2019-09-23
000001.SH,2019-09-24,2979.4752,3002.8967,2973.7601,2985.3406,2019-09-24
000001.SH,2019-09-25,2977.6676,2977.6676,2955.4325,2955.4325,2019-09-25
000001.SH,2019-09-26,2964.4776,2970.0354,2928.2589,2929.0875,2019-09-26
000001.SH,2019-09-27,2929.486,2939.0789,2920.93,2932.167,2019-09-27
000001.SH,2019-09-30,2927.9165,2936.482,2905.1892,2905.1892,2019-09-30
000001.SH,2019-10-08,2905.7559,2933.0163,2905.7559,2913.5704,2019-10-08
000001.SH,2019-10-09,2902.0751,2924.8566,2891.5394,2924.8566,2019-10-09
000001.SH,2019-10-10,2923.7069,2949.2404,2918.2284,2947.7106,2019-10-10
000001.SH,2019-10-11,2954.8189,2980.7875,2943.0137,2973.6558,2019-10-11
000001.SH,2019-10-14,2993.9617,3026.3834,2989.8125,3007.8834,2019-10-14
000001.SH,2019-10-15,3005.6646,3005.6646,2986.3033,2991.0459,2019-10-15
000001.SH,2019-10-16,2992.6103,3010.4241,2975.9233,2978.7124,2019-10-16
000001.SH,2019-10-17,2979.9929,2986.7191,2969.568,2977.3342,2019-10-17
000001.SH,2019-10-18,2982.3417,2987.2035,2933.2424,2938.1413,2019-10-18
000001.SH,2019-10-21,2933.8969,2940.3246,2917.6884,2939.6179,2019-10-21
000001.SH,2019-10-22,2945.6001,2954.6415,2934.3873,2954.3799,2019-10-22
000001.SH,2019-10-23,2952.9693,2957.2995,2934.6274,2941.6188,2019-10-23
000001.SH,2019-10-24,2944.0067,2953.0441,2927.0612,2940.9215,2019-10-24
000001.SH,2019-10-25,2940.4741,2958.2409,2920.5195,2954.9327,2019-10-25
000001.SH,2019-10-28,2958.686,2980.128,2956.9607,2980.0498,2019-10-28
000001.SH,2019-10-29,2979.0365,2979.0365,2954.176,2954.176,2019-10-29
000001.SH,2019-10-30,2949.4631,2953.2986,2934.8279,2939.3209,2019-10-30
000001.SH,2019-10-31,2944.8427,2946.7523,2923.5167,2929.0561,2019-10-31
000001.SH,2019-11-01,2924.3402,2959.833,2917.1455,2958.1992,2019-11-01
000001.SH,2019-11-04,2964.576,2983.0581,2964.576,2975.4919,2019-11-04
000001.SH,2019-11-05,2977.7048,3008.3144,2968.0324,2991.5622,2019-11-05
000001.SH,2019-11-06,2992.0399,2995.5629,2969.7242,2978.5955,2019-11-06
000001.SH,2019-11-07,2978.1531,2988.955,2969.1201,2978.7144,2019-11-07
000001.SH,2019-11-08,2993.9773,2998.7594,2962.8447,2964.1849,2019-11-08
000001.SH,2019-11-11,2949.9619,2949.9619,2906.769,2909.9746,2019-11-11
000001.SH,2019-11-12,2912.9956,2918.303,2891.5105,2914.8232,2019-11-12
000001.SH,2019-11-13,2913.0197,2913.8612,2893.9712,2905.2409,2019-11-13
000001.SH,2019-11-14,2907.7358,2917.374,2899.6186,2909.8697,2019-11-14
000001.SH,2019-11-15,2911.35,2917.8293,2891.2043,2891.3431,2019-11-15
000001.SH,2019-11-18,2889.5495,2911.3784,2884.0883,2909.2002,2019-11-18
000001.SH,2019-11-19,2904.2783,2933.9908,2902.855,2933.9908,2019-11-19
000001.SH,2019-11-20,2928.1068,2930.4929,2907.4229,2911.0534,2019-11-20
000001.SH,2019-11-21,2902.5529,2910.3608,2891.5314,2903.6379,2019-11-21
000001.SH,2019-11-22,2906.2433,2925.0178,2873.99,2885.2884,2019-11-22
000001.SH,2019-11-25,2885.6133,2906.6091,2880.6542,2906.1688,2019-11-25
000001.SH,2019-11-26,2912.5209,2915.0411,2897.9276,2907.0602,2019-11-26
000001.SH,2019-11-27,2905.3959,2914.4865,2893.4175,2903.1947,2019-11-27
000001.SH,2019-11-28,2902.3644,2909.8398,2883.4339,2889.6934,2019-11-28
000001.SH,2019-11-29,2885.9744,2892.3882,2858.5808,2871.9813,2019-11-29
000001.SH,2019-12-02,2874.4484,2888.8897,2870.2424,2875.8072,2019-12-02
000001.SH,2019-12-03,2869.8822,2884.8559,2857.3204,2884.6988,2019-12-03
000001.SH,2019-12-04,2876.9079,2882.4981,2869.4219,2878.1157,2019-12-04
000001.SH,2019-12-05,2886.5164,2902.002,2885.0798,2899.4685,2019-12-05
000001.SH,2019-12-06,2902.278,2912.0136,2894.7513,2912.0136,2019-12-06
000001.SH,2019-12-09,2914.4576,2919.5888,2905.2503,2914.4775,2019-12-09
000001.SH,2019-12-10,2908.9439,2919.2011,2902.7896,2917.3157,2019-12-10
000001.SH,2019-12-11,2922.602,2928.2564,2915.0008,2924.4173,2019-12-11
000001.SH,2019-12-12,2926.3416,2926.3416,2913.4755,2915.6983,2019-12-12
000001.SH,2019-12-13,2937.7763,2969.9809,2935.849,2967.6764,2019-12-13
000001.SH,2019-12-16,2970.9694,2984.6414,2958.7064,2984.3925,2019-12-16
000001.SH,2019-12-17,2985.2619,3039.3834,2982.4956,3022.4219,2019-12-17
000001.SH,2019-12-18,3021.4657,3033.2337,3011.7207,3017.0444,2019-12-18
000001.SH,2019-12-19,3017.153,3021.4176,3007.992,3017.0658,2019-12-19
000001.SH,2019-12-20,3019.6395,3027.4835,3002.2601,3004.9376,2019-12-20
000001.SH,2019-12-23,2999.0357,3009.338,2960.435,2962.7513,2019-12-23
000001.SH,2019-12-24,2965.8258,2983.8194,2960.6839,2982.6806,2019-12-24
000001.SH,2019-12-25,2980.4276,2988.2924,2970.6572,2981.8805,2019-12-25
000001.SH,2019-12-26,2981.2485,3007.3546,2980.3966,3007.3546,2019-12-26
000001.SH,2019-12-27,3006.8517,3036.1127,3003.6309,3005.0355,2019-12-27
000001.SH,2019-12-30,2998.1689,3041.3969,2983.3436,3040.0239,2019-12-30
000001.SH,2019-12-31,3036.3858,3051.677,3030.5122,3050.124,2019-12-31
000001.SH,2020-01-02,3066.3357,3098.1001,3066.3357,3085.1976,2020-01-02
000001.SH,2020-01-03,3089.022,3093.8192,3074.5178,3083.7858,2020-01-03
000001.SH,2020-01-06,3070.9088,3107.2032,3065.3088,3083.4083,2020-01-06
000001.SH,2020-01-07,3085.4882,3105.4507,3084.329,3104.8015,2020-01-07
000001.SH,2020-01-08,3094.2389,3094.2389,3059.1313,3066.8925,2020-01-08
000001.SH,2020-01-09,3082.6398,3097.3291,3080.1313,3094.8819,2020-01-09
000001.SH,2020-01-10,3102.2938,3105.2248,3081.3961,3092.2907,2020-01-10
000001.SH,2020-01-13,3091.493,3115.5696,3075.3837,3115.5696,2020-01-13
000001.SH,2020-01-14,3120.6669,3127.1692,3105.6049,3106.8204,2020-01-14
000001.SH,2020-01-15,3103.1749,3107.9426,3082.0425,3090.0379,2020-01-15
000001.SH,2020-01-16,3095.7342,3096.3717,3070.884,3074.0814,2020-01-16
000001.SH,2020-01-17,3081.4641,3091.9516,3067.2525,3075.4955,2020-01-17
000001.SH,2020-01-20,3082.1134,3096.3105,3070.4801,3095.7873,2020-01-20
000001.SH,2020-01-21,3085.7895,3085.7895,3051.2301,3052.1419,2020-01-21
000001.SH,2020-01-22,3038.4868,3069.2527,3006.2677,3060.7545,2020-01-22
000001.SH,2020-01-23,3037.9524,3045.0406,2955.346,2976.5281,2020-01-23
000001.SH,2020-02-03,2716.6978,2766.5773,2716.6978,2746.6056,2020-02-03
000001.SH,2020-02-04,2685.2693,2786.1642,2685.2693,2783.2875,2020-02-04
000001.SH,2020-02-05,2792.3713,2842.7426,2778.8641,2818.0878,2020-02-05
000001.SH,2020-02-06,2826.8851,2876.5878,2807.609,2866.5097,2020-02-06
000001.SH,2020-02-07,2858.9324,2875.9636,2838.7702,2875.9636,2020-02-07
000001.SH,2020-02-10,2860.499,2891.8479,2851.0503,2890.4878,2020-02-10
000001.SH,2020-02-11,2894.5414,2913.8159,2882.2428,2901.6744,2020-02-11
000001.SH,2020-02-12,2895.5561,2926.8991,2892.424,2926.8991,2020-02-12
000001.SH,2020-02-13,2927.1443,2935.406,2901.2425,2906.0735,2020-02-13
000001.SH,2020-02-14,2899.8659,2926.9427,2899.5739,2917.0077,2020-02-14
000001.SH,2020-02-17,2924.9913,2983.6371,2924.9913,2983.6224,2020-02-17
000001.SH,2020-02-18,2981.4097,2990.6003,2960.7751,2984.9716,2020-02-18
000001.SH,2020-02-19,2979.5223,2998.2718,2971.8219,2975.4019,2020-02-19
000001.SH,2020-02-20,2981.8802,3031.3706,2968.4451,3030.1542,2020-02-20
000001.SH,2020-02-21,3022.2455,3058.898,3020.141,3039.6692,2020-02-21
000001.SH,2020-02-24,3027.8925,3042.1821,3007.3557,3031.2333,2020-02-24
000001.SH,2020-02-25,2982.0696,3016.9458,2943.7168,3013.0501,2020-02-25
000001.SH,2020-02-26,2978.4195,3028.7788,2974.9423,2987.9287,2020-02-26
000001.SH,2020-02-27,2992.4919,3009.4575,2980.4774,2991.3288,2020-02-27
000001.SH,2020-02-28,2924.6407,2948.1261,2878.5443,2880.3038,2020-02-28
000001.SH,2020-03-02,2899.31,2982.5068,2899.31,2970.9312,2020-03-02
000001.SH,2020-03-03,3006.8888,3026.842,2976.623,2992.8968,2020-03-03
000001.SH,2020-03-04,2981.806,3012.0035,2974.3583,3011.6657,2020-03-04
000001.SH,2020-03-05,3036.1545,3074.2571,3022.9262,3071.6771,2020-03-05
000001.SH,2020-03-06,3039.9395,3052.4439,3029.4632,3034.5113,2020-03-06
000001.SH,2020-03-09,2987.1805,2989.2051,2940.7138,2943.2907,2020-03-09
000001.SH,2020-03-10,2918.9347,3000.2963,2904.7989,2996.7618,2020-03-10
000001.SH,2020-03-11,3001.7616,3010.0286,2968.5174,2968.5174,2020-03-11
000001.SH,2020-03-12,2936.0163,2944.4651,2906.2838,2923.4856,2020-03-12
000001.SH,2020-03-13,2804.2322,2910.8812,2799.9841,2887.4265,2020-03-13
000001.SH,2020-03-16,2897.3009,2898.0349,2784.6616,2789.2537,2020-03-16
000001.SH,2020-03-17,2796.284,2826.9068,2715.2213,2779.6407,2020-03-17
000001.SH,2020-03-18,2792.3221,2815.8737,2728.7563,2728.7563,2020-03-18
000001.SH,2020-03-19,2719.4063,2736.82,2646.8048,2702.1296,2020-03-19
000001.SH,2020-03-20,2727.0186,2751.8964,2702.4933,2745.6182,2020-03-20
000001.SH,2020-03-23,2677.591,2703.3295,2656.5008,2660.1674,2020-03-23
000001.SH,2020-03-24,2703.0193,2723.4066,2667.1333,2722.4381,2020-03-24
000001.SH,2020-03-25,2775.3032,2788.6354,2757.8016,2781.5913,2020-03-25
000001.SH,2020-03-26,2761.8961,2788.5038,2753.4282,2764.9109,2020-03-26
000001.SH,2020-03-27,2792.9843,2805.5479,2771.7563,2772.2033,2020-03-27
000001.SH,2020-03-30,2739.7191,2759.0989,2723.0543,2747.2138,2020-03-30
000001.SH,2020-03-31,2767.3072,2771.1683,2743.1154,2750.2962,2020-03-31
000001.SH,2020-04-01,2743.5409,2773.3641,2731.0794,2734.5215,2020-04-01
000001.SH,2020-04-02,2720.2284,2780.6379,2719.9043,2780.6379,2020-04-02
000001.SH,2020-04-03,2773.5764,2780.5868,2754.0731,2763.9874,2020-04-03
000001.SH,2020-04-07,2806.9676,2823.2767,2801.8386,2820.7634,2020-04-07
000001.SH,2020-04-08,2805.9166,2823.2139,2800.2963,2815.3686,2020-04-08
000001.SH,2020-04-09,2825.8393,2832.395,2820.4326,2825.9036,2020-04-09
000001.SH,2020-04-10,2827.1873,2833.0148,2789.9756,2796.6312,2020-04-10
000001.SH,2020-04-13,2784.5979,2792.8906,2774.0808,2783.0476,2020-04-13
000001.SH,2020-04-14,2794.801,2827.2981,2789.4279,2827.283,2020-04-14
000001.SH,2020-04-15,2826.6618,2829.7503,2808.7039,2811.1741,2020-04-15
000001.SH,2020-04-16,2798.4295,2823.3382,2796.8388,2819.935,2020-04-16
000001.SH,2020-04-17,2835.5581,2854.9599,2830.0217,2838.4945,2020-04-17
000001.SH,2020-04-20,2840.4085,2852.99,2833.2615,2852.5528,2020-04-20
000001.SH,2020-04-21,2842.2372,2842.2372,2808.0214,2827.0133,2020-04-21
000001.SH,2020-04-22,2814.0661,2843.9804,2808.4819,2843.9804,2020-04-22
000001.SH,2020-04-23,2850.5104,2853.6357,2835.8961,2838.4994,2020-04-23
000001.SH,2020-04-24,2834.9387,2834.9387,2802.4989,2808.5293,2020-04-24
000001.SH,2020-04-27,2812.2422,2832.6662,2802.9579,2815.4947,2020-04-27
000001.SH,2020-04-28,2819.9914,2821.745,2758.2459,2810.0243,2020-04-28
000001.SH,2020-04-29,2801.383,2831.7642,2800.7379,2822.4424,2020-04-29
000001.SH,2020-04-30,2832.3843,2865.59,2832.3843,2860.0822,2020-04-30
000001.SH,2020-05-06,2831.6326,2879.2634,2830.6536,2878.1402,2020-05-06
000001.SH,2020-05-07,2876.4727,2882.0222,2864.5813,2871.5232,2020-05-07
000001.SH,2020-05-08,2882.7078,2903.7967,2879.2034,2895.3444,2020-05-08
000001.SH,2020-05-11,2901.5739,2914.2838,2884.3806,2894.802,2020-05-11
000001.SH,2020-05-12,2894.6171,2897.9018,2871.23,2891.5564,2020-05-12
000001.SH,2020-05-13,2882.9552,2900.2587,2875.5354,2898.0495,2020-05-13
000001.SH,2020-05-14,2887.0577,2887.0577,2869.1832,2870.3422,2020-05-14
000001.SH,2020-05-15,2880.7067,2884.2199,2863.3698,2868.4587,2020-05-15
000001.SH,2020-05-18,2872.5244,2889.9795,2862.2709,2875.4176,2020-05-18
000001.SH,2020-05-19,2897.6867,2900.2187,2887.5768,2898.576,2020-05-19
000001.SH,2020-05-20,2896.4657,2896.4657,2876.1766,2883.7378,2020-05-20
000001.SH,2020-05-21,2890.7213,2891.5177,2864.2073,2867.9237,2020-05-21
000001.SH,2020-05-22,2863.0462,2863.0462,2808.0177,2813.7654,2020-05-22
000001.SH,2020-05-25,2816.241,2821.4978,2802.4653,2817.9697,2020-05-25
000001.SH,2020-05-26,2827.8967,2848.3371,2825.901,2846.5473,2020-05-26
000001.SH,2020-05-27,2847.3198,2848.9965,2831.9281,2836.8036,2020-05-27
000001.SH,2020-05-28,2838.2072,2861.9241,2820.1455,2846.2217,2020-05-28
000001.SH,2020-05-29,2835.584,2855.3756,2829.6271,2852.3512,2020-05-29
000001.SH,2020-06-01,2871.9641,2917.1508,2871.9641,2915.4311,2020-06-01
000001.SH,2020-06-02,2916.3168,2926.3588,2909.1277,2921.398,2020-06-02
000001.SH,2020-06-03,2930.3906,2942.7597,2922.6612,2923.3711,2020-06-03
000001.SH,2020-06-04,2931.8376,2932.9677,2910.7516,2919.2506,2020-06-04
000001.SH,2020-06-05,2923.1891,2930.7993,2909.1181,2930.7993,2020-06-05
000001.SH,2020-06-08,2941.9816,2950.0656,2934.2103,2937.7712,2020-06-08
000001.SH,2020-06-09,2939.5351,2957.1186,2932.9385,2956.1116,2020-06-09
000001.SH,2020-06-10,2951.2784,2951.3298,2934.8428,2943.7525,2020-06-10
000001.SH,2020-06-11,2939.7914,2952.651,2912.1932,2920.8968,2020-06-11
000001.SH,2020-06-12,2876.8029,2930.255,2872.6165,2919.7408,2020-06-12
000001.SH,2020-06-15,2908.2767,2922.5364,2890.0306,2890.0306,2020-06-15
000001.SH,2020-06-16,2912.8251,2931.7791,2909.1341,2931.7493,2020-06-16
000001.SH,2020-06-17,2932.6708,2936.6162,2919.0353,2935.873,2020-06-17
000001.SH,2020-06-18,2929.8799,2942.8983,2920.1054,2939.3151,2020-06-18
000001.SH,2020-06-19,2938.7887,2973.3164,2935.8239,2967.6341,2020-06-19
000001.SH,2020-06-22,2966.9008,2983.4382,2959.035,2965.2717,2020-06-22
000001.SH,2020-06-23,2960.8875,2972.4025,2949.8469,2970.6203,2020-06-23
000001.SH,2020-06-24,2972.9827,2982.9425,2971.2235,2979.5505,2020-06-24
000001.SH,2020-06-29,2973.0757,2977.9122,2951.7702,2961.5164,2020-06-29
000001.SH,2020-06-30,2965.1054,2990.8253,2965.1054,2984.6741,2020-06-30
000001.SH,2020-07-01,2991.1813,3026.1862,2984.9841,3025.981,2020-07-01
000001.SH,2020-07-02,3023.7189,3092.4432,3021.6736,3090.5693,2020-07-02
000001.SH,2020-07-03,3103.9952,3152.8126,3103.9952,3152.8126,2020-07-03
000001.SH,2020-07-06,3187.8393,3337.2723,3187.8393,3332.8807,2020-07-06
000001.SH,2020-07-07,3380.9536,3407.0811,3336.2416,3345.3369,2020-07-07
000001.SH,2020-07-08,3337.5518,3421.5312,3327.7062,3403.4401,2020-07-08
000001.SH,2020-07-09,3403.4832,3456.9721,3393.6379,3450.5935,2020-07-09
000001.SH,2020-07-10,3418.9347,3433.1085,3372.5066,3383.3222,2020-07-10
000001.SH,2020-07-13,3379.3867,3458.7914,3369.0378,3443.2863,2020-07-13
000001.SH,2020-07-14,3435.0237,3451.2224,3366.0828,3414.6186,2020-07-14
000001.SH,2020-07-15,3422.0778,3432.4506,3345.7488,3361.3044,2020-07-15
000001.SH,2020-07-16,3356.359,3373.5317,3209.7272,3210.0986,2020-07-16
000001.SH,2020-07-17,3214.4022,3252.7786,3181.2745,3214.1287,2020-07-17
000001.SH,2020-07-20,3243.9105,3314.149,3220.684,3314.149,2020-07-20
000001.SH,2020-07-21,3330.5467,3336.6791,3300.5719,3320.8947,2020-07-21
000001.SH,2020-07-22,3315.1816,3381.9757,3311.7862,3333.1635,2020-07-22
000001.SH,2020-07-23,3306.1489,3336.3002,3257.8269,3325.1102,2020-07-23
000001.SH,2020-07-24,3310.6449,3319.1268,3184.9645,3196.7684,2020-07-24
000001.SH,2020-07-27,3210.3863,3221.9846,3174.6583,3205.2268,2020-07-27
000001.SH,2020-07-28,3226.1329,3245.2967,3208.4939,3227.9604,2020-07-28
000001.SH,2020-07-29,3221.9883,3294.5521,3209.9902,3294.5521,2020-07-29
000001.SH,2020-07-30,3299.5718,3312.4508,3282.1617,3286.822,2020-07-30
000001.SH,2020-07-31,3280.7959,3333.7859,3261.6135,3310.0065,2020-07-31
000001.SH,2020-08-03,3332.1826,3368.1028,3327.6773,3367.9658,2020-08-03
000001.SH,2020-08-04,3376.4402,3391.0743,3352.5017,3371.6875,2020-08-04
000001.SH,2020-08-05,3363.3324,3383.6365,3333.877,3377.5648,2020-08-05
000001.SH,2020-08-06,3380.7621,3392.7048,3334.3341,3386.4631,2020-08-06
000001.SH,2020-08-07,3370.5878,3374.133,3307.7127,3354.0352,2020-08-07
000001.SH,2020-08-10,3341.5276,3399.9323,3335.0427,3379.2524,2020-08-10
000001.SH,2020-08-11,3379.4874,3409.0589,3336.0945,3340.29,2020-08-11
000001.SH,2020-08-12,3327.4929,3335.729,3263.2653,3319.2656,2020-08-12
000001.SH,2020-08-13,3328.1754,3338.1518,3309.4629,3320.7261,2020-08-13
000001.SH,2020-08-14,3315.6687,3362.0267,3302.7357,3360.0988,2020-08-14
000001.SH,2020-08-17,3373.9018,3450.8987,3369.3742,3438.801,2020-08-17
000001.SH,2020-08-18,3441.9337,3456.7206,3432.6402,3451.0894,2020-08-18
000001.SH,2020-08-19,3444.5646,3454.4613,3406.1642,3408.1288,2020-08-19
000001.SH,2020-08-20,3385.9645,3394.557,3352.7767,3363.8988,2020-08-20
000001.SH,2020-08-21,3380.2269,3393.9175,3358.0005,3380.6825,2020-08-21
000001.SH,2020-08-24,3391.1132,3396.5663,3368.0258,3385.6383,2020-08-24
000001.SH,2020-08-25,3392.8797,3408.8697,3364.1602,3373.5781,2020-08-25
000001.SH,2020-08-26,3371.8083,3382.6032,3320.1355,3329.7388,2020-08-26
000001.SH,2020-08-27,3333.4909,3351.8324,3312.9859,3350.1128,2020-08-27
000001.SH,2020-08-28,3346.2893,3405.8768,3339.6494,3403.8066,2020-08-28
000001.SH,2020-08-31,3416.5497,3442.7363,3395.4675,3395.6775,2020-08-31
000001.SH,2020-09-01,3389.7424,3410.6068,3381.7108,3410.6068,2020-09-01
000001.SH,2020-09-02,3420.4693,3421.3959,3377.2111,3404.8017,2020-09-02
000001.SH,2020-09-03,3404.0319,3425.6294,3374.2634,3384.9806,2020-09-03
000001.SH,2020-09-04,3336.4076,3360.1061,3328.5518,3355.3666,2020-09-04
000001.SH,2020-09-07,3349.9184,3368.2446,3285.6326,3292.5907,2020-09-07
000001.SH,2020-09-08,3301.2173,3324.3929,3276.4431,3316.417,2020-09-08
000001.SH,2020-09-09,3280.9974,3289.6148,3238.5606,3254.6279,2020-09-09
000001.SH,2020-09-10,3282.232,3285.4731,3227.6435,3234.8234,2020-09-10
000001.SH,2020-09-11,3225.7836,3262.4976,3220.5363,3260.3461,2020-09-11
000001.SH,2020-09-14,3275.9181,3283.5325,3261.1479,3278.8138,2020-09-14
000001.SH,2020-09-15,3277.1284,3297.6904,3263.7522,3295.6795,2020-09-15
000001.SH,2020-09-16,3293.1678,3302.4556,3271.075,3283.9244,2020-09-16
000001.SH,2020-09-17,3277.3238,3290.4094,3248.499,3270.435,2020-09-17
000001.SH,2020-09-18,3270.911,3338.3243,3268.526,3338.0897,2020-09-18
000001.SH,2020-09-21,3348.8988,3350.5893,3313.0714,3316.9351,2020-09-21
000001.SH,2020-09-22,3290.6656,3320.2278,3265.7025,3274.3015,2020-09-22
000001.SH,2020-09-23,3278.8358,3289.7624,3264.8907,3279.7105,2020-09-23
000001.SH,2020-09-24,3262.879,3265.3451,3221.2365,3223.1764,2020-09-24
000001.SH,2020-09-25,3234.3739,3239.4662,3208.0349,3219.4179,2020-09-25
000001.SH,2020-09-28,3224.9769,3238.1825,3210.8925,3217.5346,2020-09-28
000001.SH,2020-09-29,3231.8551,3242.7937,3219.7902,3224.3593,2020-09-29
000001.SH,2020-09-30,3232.7104,3244.9134,3202.3435,3218.0521,2020-09-30
000001.SH,2020-10-09,3262.6105,3280.5124,3260.1873,3272.0762,2020-10-09
000001.SH,2020-10-12,3287.3281,3359.1526,3286.1111,3358.4652,2020-10-12
000001.SH,2020-10-13,3353.1213,3361.8315,3334.4989,3359.7499,2020-10-13
000001.SH,2020-10-14,3353.6247,3353.6247,3332.9635,3340.7782,2020-10-14
000001.SH,2020-10-15,3342.9222,3354.5784,3330.0014,3332.1832,2020-10-15
000001.SH,2020-10-16,3334.4568,3348.9543,3319.11,3336.3582,2020-10-16
000001.SH,2020-10-19,3351.0961,3371.0862,3307.8407,3312.6671,2020-10-19
000001.SH,2020-10-20,3307.1498,3328.1029,3293.7662,3328.1029,2020-10-20
000001.SH,2020-10-21,3332.147,3332.147,3304.1693,3325.0247,2020-10-21
000001.SH,2020-10-22,3315.8206,3320.8787,3281.3662,3312.5005,2020-10-22
000001.SH,2020-10-23,3308.1581,3326.0489,3276.6197,3277.9972,2020-10-23
000001.SH,2020-10-26,3258.7028,3264.4464,3226.6018,3251.1188,2020-10-26
000001.SH,2020-10-27,3240.7395,3258.3369,3235.5443,3254.3157,2020-10-27
000001.SH,2020-10-28,3256.2225,3275.8714,3238.382,3269.238,2020-10-28
000001.SH,2020-10-29,3235.7647,3289.7655,3231.1243,3272.7274,2020-10-29
000001.SH,2020-10-30,3278.6312,3279.8563,3219.4216,3224.5325,2020-10-30
000001.SH,2020-11-02,3228.715,3242.8041,3209.9094,3225.1196,2020-11-02
000001.SH,2020-11-03,3239.8063,3278.3806,3237.8539,3271.0744,2020-11-03
000001.SH,2020-11-04,3273.4326,3286.6212,3254.1113,3277.4402,2020-11-04
000001.SH,2020-11-05,3305.5798,3320.408,3291.6,3320.1333,2020-11-05
000001.SH,2020-11-06,3326.4645,3326.4645,3292.1507,3312.159,2020-11-06
000001.SH,2020-11-09,3329.4285,3380.8235,3329.4285,3373.7337,2020-11-09
000001.SH,2020-11-10,3387.6219,3387.6219,3346.1715,3360.1485,2020-11-10
000001.SH,2020-11-11,3354.0247,3365.836,3339.0407,3342.2025,2020-11-11
000001.SH,2020-11-12,3344.4562,3350.2848,3329.485,3338.6788,2020-11-12
000001.SH,2020-11-13,3327.2293,3327.2293,3291.6425,3310.1046,2020-11-13
000001.SH,2020-11-16,3325.6209,3346.9692,3313.6469,3346.9692,2020-11-16
000001.SH,2020-11-17,3347.1513,3347.6979,3323.9506,3339.895,2020-11-17
000001.SH,2020-11-18,3337.3315,3358.8938,3333.9916,3347.3034,2020-11-18
000001.SH,2020-11-19,3339.0864,3367.3328,3330.4496,3363.0876,2020-11-19
000001.SH,2020-11-20,3359.5966,3380.1489,3356.3086,3377.7267,2020-11-20
000001.SH,2020-11-23,3384.1039,3431.6529,3377.9862,3414.4899,2020-11-23
000001.SH,2020-11-24,3407.4087,3413.9263,3396.2436,3402.8225,2020-11-24
000001.SH,2020-11-25,3417.515,3423.4853,3362.3274,3362.3274,2020-11-25
000001.SH,2020-11-26,3360.0609,3371.4537,3344.2822,3369.7334,2020-11-26
000001.SH,2020-11-27,3373.8434,3408.3071,3364.4919,3408.3071,2020-11-27
000001.SH,2020-11-30,3418.1583,3456.7365,3391.7551,3391.7551,2020-11-30
000001.SH,2020-12-01,3388.9867,3457.6354,3386.9113,3451.9384,2020-12-01
000001.SH,2020-12-02,3453.5181,3465.7288,3435.8712,3449.3805,2020-12-02
000001.SH,2020-12-03,3448.5403,3452.1612,3428.8044,3442.1359,2020-12-03
000001.SH,2020-12-04,3436.7291,3448.4036,3417.0484,3444.5814,2020-12-04
000001.SH,2020-12-07,3446.6478,3449.5782,3414.3142,3416.6037,2020-12-07
000001.SH,2020-12-08,3417.6936,3428.6618,3403.0263,3410.1771,2020-12-08
000001.SH,2020-12-09,3416.0782,3422.536,3371.9156,3371.964,2020-12-09
000001.SH,2020-12-10,3365.731,3384.8875,3357.7531,3373.2758,2020-12-10
000001.SH,2020-12-11,3381.008,3383.1783,3325.172,3347.191,2020-12-11
000001.SH,2020-12-14,3349.534,3371.1291,3338.6263,3369.1201,2020-12-14
000001.SH,2020-12-15,3366.5813,3373.5579,3348.4192,3367.2326,2020-12-15
000001.SH,2020-12-16,3371.2632,3378.6626,3359.1705,3366.9832,2020-12-16
000001.SH,2020-12-17,3367.277,3406.1547,3354.0112,3404.8732,2020-12-17
000001.SH,2020-12-18,3400.4855,3413.8134,3382.7508,3394.896,2020-12-18
000001.SH,2020-12-21,3394.3945,3423.6088,3381.1158,3420.5693,2020-12-21
000001.SH,2020-12-22,3410.9678,3415.7538,3353.8581,3356.7822,2020-12-22
000001.SH,2020-12-23,3362.4721,3394.2089,3360.2019,3382.3195,2020-12-23
000001.SH,2020-12-24,3382.193,3394.0746,3354.0215,3363.1133,2020-12-24
000001.SH,2020-12-25,3351.7901,3397.0066,3348.3453,3396.5626,2020-12-25
000001.SH,2020-12-28,3396.359,3412.5193,3383.654,3397.2854,2020-12-28
000001.SH,2020-12-29,3399.2939,3407.0884,3376.0876,3379.0362,2020-12-29
000001.SH,2020-12-30,3375.0086,3414.4539,3374.4156,3414.4527,2020-12-30
000001.SH,2020-12-31,3419.7267,3474.9182,3419.7267,3473.0693,2020-12-31
000001.SH,2021-01-04,3474.6793,3511.6554,3457.2061,3502.9584,2021-01-04
000001.SH,2021-01-05,3492.1912,3528.6767,3484.7151,3528.6767,2021-01-05
000001.SH,2021-01-06,3530.9072,3556.8022,3513.1262,3550.8767,2021-01-06
000001.SH,2021-01-07,3552.9087,3576.2046,3526.6174,3576.2046,2021-01-07
000001.SH,2021-01-08,3577.6923,3588.0625,3544.8912,3570.1082,2021-01-08
000001.SH,2021-01-11,3571.3212,3597.7022,3516.9862,3531.4978,2021-01-11
000001.SH,2021-01-12,3518.0106,3608.3389,3517.4689,3608.3389,2021-01-12
000001.SH,2021-01-13,3613.281,3622.3475,3575.5945,3598.6518,2021-01-13
000001.SH,2021-01-14,3584.9324,3599.0584,3559.6001,3565.9046,2021-01-14
000001.SH,2021-01-15,3566.2847,3589.2655,3533.7882,3566.3778,2021-01-15
000001.SH,2021-01-18,3554.7977,3608.7665,3544.2614,3596.2237,2021-01-18
000001.SH,2021-01-19,3596.3564,3603.1477,3553.0236,3566.3814,2021-01-19
000001.SH,2021-01-20,3564.121,3589.9624,3556.4425,3583.092,2021-01-20
000001.SH,2021-01-21,3590.9247,3636.2444,3585.8017,3621.2641,2021-01-21
000001.SH,2021-01-22,3616.5401,3616.5401,3585.0339,3606.7496,2021-01-22
000001.SH,2021-01-25,3605.3611,3637.1002,3591.0204,3624.2381,2021-01-25
000001.SH,2021-01-26,3610.9686,3610.9686,3564.7415,3569.429,2021-01-26
000001.SH,2021-01-27,3567.5485,3578.7968,3546.492,3573.3412,2021-01-27
000001.SH,2021-01-28,3534.6685,3549.544,3496.8788,3505.1759,2021-01-28
000001.SH,2021-01-29,3521.7175,3531.5981,3446.5471,3483.0692,2021-01-29
000001.SH,2021-02-01,3477.1715,3506.3889,3469.875,3505.2836,2021-02-01
000001.SH,2021-02-02,3510.8084,3535.502,3495.5681,3533.6849,2021-02-02
000001.SH,2021-02-03,3531.149,3544.0092,3508.5069,3517.308,2021-02-03
000001.SH,2021-02-04,3503.7785,3524.7219,3465.7706,3501.8592,2021-02-04
000001.SH,2021-02-05,3509.4874,3536.5417,3492.9624,3496.3329,2021-02-05
000001.SH,2021-02-08,3504.5631,3542.2075,3492.1286,3532.4467,2021-02-08
000001.SH,2021-02-09,3539.7726,3604.0112,3528.6755,3603.489,2021-02-09
000001.SH,2021-02-10,3612.6125,3662.7655,3612.5049,3655.088,2021-02-10
000001.SH,2021-02-18,3721.0865,3731.687,3663.6637,3675.3571,2021-02-18
000001.SH,2021-02-19,3661.7834,3699.6502,3634.0149,3696.168,2021-02-19
000001.SH,2021-02-22,3707.1912,3717.2669,3642.4449,3642.4449,2021-02-22
000001.SH,2021-02-23,3617.7013,3672.1511,3617.7013,3636.3573,2021-02-23
000001.SH,2021-02-24,3638.9359,3645.6474,3531.5936,3564.0799,2021-02-24
000001.SH,2021-02-25,3595.5424,3608.5568,3568.4735,3585.0458,2021-02-25
000001.SH,2021-02-26,3514.5648,3550.4055,3500.7036,3509.0804,2021-02-26
000001.SH,2021-03-01,3531.4802,3552.5665,3511.9888,3551.3998,2021-03-01
000001.SH,2021-03-02,3566.852,3566.852,3485.3635,3508.5912,2021-03-02
000001.SH,2021-03-03,3500.1576,3577.6218,3498.7192,3576.9045,2021-03-03
000001.SH,2021-03-04,3546.6406,3552.2024,3487.3757,3503.4916,2021-03-04
000001.SH,2021-03-05,3463.3086,3523.5682,3456.6668,3501.9867,2021-03-05
000001.SH,2021-03-08,3524.983,3542.3039,3421.2153,3421.4141,2021-03-08
000001.SH,2021-03-09,3415.3391,3429.1503,3328.3119,3359.292,2021-03-09
000001.SH,2021-03-10,3389.8388,3397.0251,3354.823,3357.7372,2021-03-10
000001.SH,2021-03-11,3369.9024,3436.8313,3369.9024,3436.8313,2021-03-11
000001.SH,2021-03-12,3447.2033,3454.5064,3417.2389,3453.0777,2021-03-12
000001.SH,2021-03-15,3441.882,3457.4892,3392.5089,3419.9456,2021-03-15
000001.SH,2021-03-16,3424.6524,3448.8829,3406.1746,3446.7334,2021-03-16
000001.SH,2021-03-17,3435.7319,3454.0562,3410.2815,3445.5509,2021-03-17
000001.SH,2021-03-18,3449.6413,3478.1447,3449.3774,3463.0681,2021-03-18
000001.SH,2021-03-19,3423.8733,3439.5236,3389.2929,3404.6634,2021-03-19
000001.SH,2021-03-22,3406.1227,3443.6596,3404.2341,3443.4392,2021-03-22
000001.SH,2021-03-23,3445.3408,3445.4159,3390.0477,3411.5088,2021-03-23
000001.SH,2021-03-24,3394.1283,3415.2949,3362.1847,3367.0606,2021-03-24
000001.SH,2021-03-25,3355.0706,3382.226,3344.9695,3363.5915,2021-03-25
000001.SH,2021-03-26,3373.3171,3423.2231,3373.3171,3418.3267,2021-03-26
000001.SH,2021-03-29,3429.6322,3449.8338,3409.8868,3435.2958,2021-03-29
000001.SH,2021-03-30,3432.5288,3457.6345,3423.3154,3456.6766,2021-03-30
000001.SH,2021-03-31,3452.2078,3452.2078,3420.8321,3441.9115,2021-03-31
000001.SH,2021-04-01,3444.8102,3470.0311,3438.8255,3466.3315,2021-04-01
000001.SH,2021-04-02,3472.6276,3487.5862,3462.8321,3484.3924,2021-04-02
000001.SH,2021-04-06,3491.6336,3493.2806,3471.761,3482.9674,2021-04-06
000001.SH,2021-04-07,3483.4211,3483.4211,3453.1947,3479.6256,2021-04-07
000001.SH,2021-04-08,3467.4871,3495.9086,3459.3246,3482.5548,2021-04-08
000001.SH,2021-04-09,3475.4434,3475.4467,3442.1392,3450.6772,2021-04-09
000001.SH,2021-04-12,3445.9696,3456.1581,3403.9012,3412.9477,2021-04-12
000001.SH,2021-04-13,3411.2928,3425.3945,3387.902,3396.47,2021-04-13
000001.SH,2021-04-14,3397.021,3420.0278,3392.9751,3416.7212,2021-04-14
000001.SH,2021-04-15,3409.6139,3409.6139,3373.0939,3398.9875,2021-04-15
000001.SH,2021-04-16,3407.188,3432.6286,3394.1344,3426.6178,2021-04-16
000001.SH,2021-04-19,3427.548,3479.0099,3414.3564,3477.5485,2021-04-19
000001.SH,2021-04-20,3467.1481,3494.2983,3463.4637,3472.9427,2021-04-20
000001.SH,2021-04-21,3456.2991,3481.2511,3450.1113,3472.9298,2021-04-21
000001.SH,2021-04-22,3482.8328,3485.3585,3456.3156,3465.1138,2021-04-22
000001.SH,2021-04-23,3462.0858,3482.3587,3456.3329,3474.166,2021-04-23
000001.SH,2021-04-26,3484.1072,3497.1208,3438.5724,3441.1658,2021-04-26
000001.SH,2021-04-27,3440.0911,3443.8538,3417.2647,3442.6111,2021-04-27
000001.SH,2021-04-28,3432.1612,3457.0683,3423.325,3457.0683,2021-04-28
000001.SH,2021-04-29,3458.0819,3478.2278,3447.5878,3474.9011,2021-04-29
000001.SH,2021-04-30,3468.3022,3469.0872,3426.9023,3446.8564,2021-04-30
000001.SH,2021-05-06,3446.0743,3471.2396,3426.8487,3441.2826,2021-05-06
000001.SH,2021-05-07,3446.407,3457.8924,3416.7755,3418.8741,2021-05-07
000001.SH,2021-05-10,3423.5896,3429.7359,3401.9346,3427.9909,2021-05-10
000001.SH,2021-05-11,3406.598,3448.0959,3384.6966,3441.8454,2021-05-11
000001.SH,2021-05-12,3429.7544,3466.3708,3428.3944,3462.7513,2021-05-12
000001.SH,2021-05-13,3432.138,3448.0169,3418.3846,3429.5361,2021-05-13
000001.SH,2021-05-14,3436.0919,3490.6437,3422.5649,3490.3762,2021-05-14
000001.SH,2021-05-17,3490.4091,3530.5055,3490.1438,3517.6158,2021-05-17
000001.SH,2021-05-18,3520.6488,3529.0144,3510.862,3529.0144,2021-05-18
000001.SH,2021-05-19,3521.1097,3521.1097,3503.8151,3510.9647,2021-05-19
000001.SH,2021-05-20,3500.8773,3517.7399,3486.0662,3506.9444,2021-05-20
000001.SH,2021-05-21,3510.8353,3518.3769,3479.6744,3486.5569,2021-05-21
000001.SH,2021-05-24,3486.2711,3498.3037,3469.8746,3497.2821,2021-05-24
000001.SH,2021-05-25,3502.539,3584.5774,3502.4429,3581.3418,2021-05-25
000001.SH,2021-05-26,3586.8388,3603.4881,3585.3695,3593.357,2021-05-26
000001.SH,2021-05-27,3585.7337,3626.3584,3579.2601,3608.8507,2021-05-27
000001.SH,2021-05-28,3610.7668,3622.1801,3582.358,3600.7844,2021-05-28
000001.SH,2021-05-31,3600.0702,3615.6568,3580.6524,3615.4773,2021-05-31
000001.SH,2021-06-01,3608.5978,3626.0737,3581.9115,3624.7138,2021-06-01
000001.SH,2021-06-02,3626.3283,3629.2896,3584.5955,3597.1379,2021-06-02
000001.SH,2021-06-03,3595.4215,3618.5067,3584.2054,3584.2121,2021-06-03
000001.SH,2021-06-04,3565.4716,3618.8001,3561.8907,3591.8447,2021-06-04
000001.SH,2021-06-07,3597.1413,3600.3759,3581.8988,3599.541,2021-06-07
000001.SH,2021-06-08,3598.7527,3621.5227,3563.2503,3580.1063,2021-06-08
000001.SH,2021-06-09,3576.8015,3598.7082,3572.6364,3591.3965,2021-06-09
000001.SH,2021-06-10,3587.5282,3624.3433,3584.1332,3610.859,2021-06-10
000001.SH,2021-06-11,3614.1134,3614.4038,3587.1491,3589.7481,2021-06-11
000001.SH,2021-06-15,3587.4658,3592.9465,3547.187,3556.559,2021-06-15
000001.SH,2021-06-16,3556.7139,3561.0921,3513.5592,3518.3292,2021-06-16
000001.SH,2021-06-17,3508.317,3534.1976,3507.3535,3525.6042,2021-06-17
000001.SH,2021-06-18,3520.4966,3535.6221,3503.1833,3525.0968,2021-06-18
000001.SH,2021-06-21,3515.5006,3540.2959,3504.0075,3529.1826,2021-06-21
000001.SH,2021-06-22,3539.7876,3560.1946,3536.812,3557.412,2021-06-22
000001.SH,2021-06-23,3559.3988,3577.4661,3549.8482,3566.2199,2021-06-23
000001.SH,2021-06-24,3568.5758,3570.4874,3548.8161,3566.6539,2021-06-24
000001.SH,2021-06-25,3567.3772,3614.2981,3564.5199,3607.5618,2021-06-25
000001.SH,2021-06-28,3612.2469,3614.3574,3594.2174,3606.3722,2021-06-28
000001.SH,2021-06-29,3601.6772,3601.8265,3570.5253,3573.1779,2021-06-29
000001.SH,2021-06-30,3572.6236,3594.1185,3569.501,3591.197,2021-06-30
000001.SH,2021-07-01,3600.5464,3607.7049,3573.9374,3588.7816,2021-07-01
000001.SH,2021-07-02,3569.8919,3569.8919,3514.3386,3518.7595,2021-07-02
000001.SH,2021-07-05,3516.9228,3534.3222,3510.5781,3534.3222,2021-07-05
000001.SH,2021-07-06,3533.1304,3538.347,3496.9276,3530.2589,2021-07-06
000001.SH,2021-07-07,3508.5901,3557.879,3504.4723,3553.7155,2021-07-07
000001.SH,2021-07-08,3557.2177,3558.6772,3521.0579,3525.5039,2021-07-08
000001.SH,2021-07-09,3512.2334,3529.3098,3485.0543,3524.0881,2021-07-09
000001.SH,2021-07-12,3545.1977,3565.0321,3527.3927,3547.8362,2021-07-12
000001.SH,2021-07-13,3547.5897,3567.4813,3542.8154,3566.5225,2021-07-13
000001.SH,2021-07-14,3560.8281,3560.8281,3525.4938,3528.5011,2021-07-14
000001.SH,2021-07-15,3519.063,3565.9347,3514.258,3564.5902,2021-07-15
000001.SH,2021-07-16,3559.526,3565.9992,3537.7288,3539.3038,2021-07-16
000001.SH,2021-07-19,3530.4932,3544.8793,3506.3423,3539.1225,2021-07-19
000001.SH,2021-07-20,3515.0718,3538.6361,3509.1916,3536.7905,2021-07-20
000001.SH,2021-07-21,3543.0534,3569.0898,3543.0534,3562.6611,2021-07-21
000001.SH,2021-07-22,3563.6608,3576.4732,3558.2933,3574.7344,2021-07-22
000001.SH,2021-07-23,3571.7152,3571.8541,3541.5101,3550.3964,2021-07-23
000001.SH,2021-07-26,3538.0143,3538.0143,3424.7424,3467.4409,2021-07-26
000001.SH,2021-07-27,3467.4473,3483.8738,3380.2763,3381.1833,2021-07-27
000001.SH,2021-07-28,3355.8189,3385.536,3312.7206,3361.5895,2021-07-28
000001.SH,2021-07-29,3403.8383,3416.6071,3382.571,3411.724,2021-07-29
000001.SH,2021-07-30,3398.196,3404.8813,3370.4506,3397.3574,2021-07-30
000001.SH,2021-08-02,3385.6902,3464.2914,3367.643,3464.2854,2021-08-02
000001.SH,2021-08-03,3446.7841,3470.6571,3435.4619,3447.9914,2021-08-03
000001.SH,2021-08-04,3442.9368,3477.5972,3440.7835,3477.2186,2021-08-04
000001.SH,2021-08-05,3461.7185,3486.1572,3449.3885,3466.5491,2021-08-05
000001.SH,2021-08-06,3465.4842,3466.3904,3436.9317,3458.2277,2021-08-06
000001.SH,2021-08-09,3441.7502,3502.841,3438.703,3494.6348,2021-08-09
000001.SH,2021-08-10,3488.6642,3529.9309,3477.0641,3529.9309,2021-08-10
000001.SH,2021-08-11,3527.1093,3544.0941,3524.0444,3532.6213,2021-08-11
000001.SH,2021-08-12,3522.7238,3538.396,3513.4457,3524.7374,2021-08-12
000001.SH,2021-08-13,3514.4671,3540.0799,3500.7995,3516.2989,2021-08-13
000001.SH,2021-08-16,3514.3445,3537.85,3510.8976,3517.3447,2021-08-16
000001.SH,2021-08-17,3512.109,3531.7249,3438.1233,3446.976,2021-08-17
000001.SH,2021-08-18,3442.3472,3487.4364,3437.6908,3485.2859,2021-08-18
000001.SH,2021-08-19,3475.298,3480.4598,3446.0146,3465.5546,2021-08-19
000001.SH,2021-08-20,3442.5062,3453.1531,3394.9723,3427.3338,2021-08-20
000001.SH,2021-08-23,3436.7963,3481.2543,3436.6706,3477.1321,2021-08-23
000001.SH,2021-08-24,3482.2658,3522.6973,3481.1409,3514.471,2021-08-24
000001.SH,2021-08-25,3517.9151,3540.3948,3510.0664,3540.3837,2021-08-25
000001.SH,2021-08-26,3537.3139,3537.3155,3499.4529,3501.6643,2021-08-26
000001.SH,2021-08-27,3494.4176,3530.1927,3493.375,3522.1567,2021-08-27
000001.SH,2021-08-30,3535.0727,3539.494,3512.9929,3528.1512,2021-08-30
000001.SH,2021-08-31,3519.0245,3543.9402,3496.3891,3543.9402,2021-08-31
000001.SH,2021-09-01,3543.8663,3582.3236,3514.6744,3567.1008,2021-09-01
000001.SH,2021-09-02,3559.9025,3597.3656,3557.6769,3597.0426,2021-09-02
000001.SH,2021-09-03,3602.7421,3613.948,3569.3989,3581.7344,2021-09-03
000001.SH,2021-09-06,3580.1413,3626.2865,3580.1413,3621.8593,2021-09-06
000001.SH,2021-09-07,3621.7099,3681.9254,3615.1444,3676.5866,2021-09-07
000001.SH,2021-09-08,3673.4023,3695.3204,3660.9998,3675.1865,2021-09-08
000001.SH,2021-09-09,3666.8246,3693.4499,3662.1633,3693.1296,2021-09-09
000001.SH,2021-09-10,3691.1856,3722.8732,3681.6415,3703.1103,2021-09-10
000001.SH,2021-09-13,3699.2534,3716.8315,3692.8157,3715.3723,2021-09-13
000001.SH,2021-09-14,3709.6336,3723.8451,3655.6341,3662.6015,2021-09-14
000001.SH,2021-09-15,3651.1583,3677.5265,3638.3225,3656.2232,2021-09-15
000001.SH,2021-09-16,3664.841,3677.9198,3606.7276,3607.0922,2021-09-16
000001.SH,2021-09-17,3595.2715,3620.9575,3569.2707,3613.9663,2021-09-17
000001.SH,2021-09-22,3563.2074,3629.4539,3560.5033,3628.4897,2021-09-22
000001.SH,2021-09-23,3651.2661,3670.9542,3632.2822,3642.2204,2021-09-23
000001.SH,2021-09-24,3637.8677,3651.4294,3607.7919,3613.0673,2021-09-24
000001.SH,2021-09-27,3625.9597,3640.8077,3559.9154,3582.8307,2021-09-27
000001.SH,2021-09-28,3577.8859,3610.917,3568.8189,3602.2184,2021-09-28
000001.SH,2021-09-29,3573.5178,3573.5178,3518.0477,3536.2944,2021-09-29
000001.SH,2021-09-30,3541.9283,3572.4259,3541.9283,3568.1668,2021-09-30
000001.SH,2021-10-08,3609.0874,3612.5539,3571.7338,3592.1666,2021-10-08
000001.SH,2021-10-11,3600.3569,3614.6988,3586.7487,3591.7087,2021-10-11
000001.SH,2021-10-12,3581.2967,3583.6391,3515.1408,3546.9362,2021-10-12
000001.SH,2021-10-13,3543.4918,3569.1332,3515.6481,3561.7623,2021-10-13
000001.SH,2021-10-14,3555.1085,3569.6864,3547.182,3558.2795,2021-10-14
000001.SH,2021-10-15,3551.9874,3578.7661,3542.6932,3572.3662,2021-10-15
000001.SH,2021-10-18,3571.0482,3571.0482,3539.4779,3568.1379,2021-10-18
000001.SH,2021-10-19,3562.2955,3596.7875,3560.6221,3593.1533,2021-10-19
000001.SH,2021-10-20,3583.2364,3596.0499,3574.2957,3587.0009,2021-10-20
000001.SH,2021-10-21,3590.0496,3610.9602,3576.3547,3594.7831,2021-10-21
000001.SH,2021-10-22,3594.7457,3607.5776,3578.7602,3582.6036,2021-10-22
000001.SH,2021-10-25,3574.2631,3611.0908,3564.2059,3609.8626,2021-10-25
000001.SH,2021-10-26,3612.8332,3625.0156,3589.706,3597.6377,2021-10-26
000001.SH,2021-10-27,3589.8573,3589.8573,3553.1277,3562.3052,2021-10-27
000001.SH,2021-10-28,3548.7021,3552.0419,3509.4872,3518.4166,2021-10-28
000001.SH,2021-10-29,3519.3276,3547.3361,3502.8013,3547.3361,2021-10-29
000001.SH,2021-11-01,3530.3963,3556.59,3519.2901,3544.4795,2021-11-01
000001.SH,2021-11-02,3543.3827,3559.0478,3477.664,3505.6283,2021-11-02
000001.SH,2021-11-03,3501.1051,3512.6089,3480.4877,3498.5368,2021-11-03
000001.SH,2021-11-04,3505.8944,3527.9517,3503.0059,3526.8657,2021-11-04
000001.SH,2021-11-05,3520.2073,3525.8723,3491.4565,3491.5677,2021-11-05
000001.SH,2021-11-08,3491.9709,3507.2744,3484.2399,3498.6308,2021-11-08
000001.SH,2021-11-09,3507.1075,3514.9512,3489.0431,3507.0018,2021-11-09
000001.SH,2021-11-10,3498.9445,3498.9445,3448.4378,3492.4616,2021-11-10
000001.SH,2021-11-11,3486.451,3534.1991,3482.8291,3532.7858,2021-11-11
000001.SH,2021-11-12,3534.1512,3543.648,3527.3896,3539.1002,2021-11-12
000001.SH,2021-11-15,3542.9034,3550.4438,3521.2924,3533.3026,2021-11-15
000001.SH,2021-11-16,3530.4575,3549.7654,3517.8065,3521.7867,2021-11-16
000001.SH,2021-11-17,3518.5646,3537.5125,3513.523,3537.3662,2021-11-17
000001.SH,2021-11-18,3531.4923,3537.9758,3513.1136,3520.7106,2021-11-18
000001.SH,2021-11-19,3519.2758,3561.9127,3517.6514,3560.3734,2021-11-19
000001.SH,2021-11-22,3562.7628,3585.1876,3562.7505,3582.0797,2021-11-22
000001.SH,2021-11-23,3580.5058,3598.3749,3577.3608,3589.0894,2021-11-23
000001.SH,2021-11-24,3590.0189,3602.7354,3575.2884,3592.7025,2021-11-24
000001.SH,2021-11-25,3593.3883,3597.1478,3579.5333,3584.1788,2021-11-25
000001.SH,2021-11-26,3576.1136,3576.1136,3554.8798,3564.0894,2021-11-26
000001.SH,2021-11-29,3528.672,3563.677,3526.3551,3562.6968,2021-11-29
000001.SH,2021-11-30,3570.7468,3582.115,3546.3618,3563.8872,2021-11-30
000001.SH,2021-12-01,3561.886,3576.8853,3558.691,3576.8853,2021-12-01
000001.SH,2021-12-02,3573.2468,3586.867,3567.137,3573.8358,2021-12-02
000001.SH,2021-12-03,3576.4496,3608.4698,3573.2135,3607.4322,2021-12-03
000001.SH,2021-12-06,3615.2356,3626.1257,3586.8052,3589.3061,2021-12-06
000001.SH,2021-12-07,3611.217,3614.2228,3572.5688,3595.0882,2021-12-07
000001.SH,2021-12-08,3602.824,3637.715,3591.9857,3637.5675,2021-12-08
000001.SH,2021-12-09,3641.1579,3688.3968,3638.7022,3673.0412,2021-12-09
000001.SH,2021-12-10,3654.3684,3667.8547,3651.3525,3666.3479,2021-12-10
000001.SH,2021-12-13,3686.9368,3708.9424,3678.0583,3681.082,2021-12-13
000001.SH,2021-12-14,3669.8067,3671.6784,3654.6561,3661.5253,2021-12-14
000001.SH,2021-12-15,3655.0489,3668.4016,3645.2425,3647.6303,2021-12-15
000001.SH,2021-12-16,3648.9271,3675.016,3644.6646,3675.016,2021-12-16
000001.SH,2021-12-17,3670.2578,3673.6535,3631.6605,3632.3638,2021-12-17
000001.SH,2021-12-20,3620.0371,3643.9537,3589.3603,3593.6019,2021-12-20
000001.SH,2021-12-21,3591.4519,3627.0884,3591.4519,3625.1251,2021-12-21
000001.SH,2021-12-22,3632.6763,3635.8992,3616.5477,3622.6178,2021-12-22
000001.SH,2021-12-23,3625.4695,3643.5459,3618.048,3643.3391,2021-12-23
000001.SH,2021-12-24,3645.3948,3648.9556,3612.0673,3618.0535,2021-12-24
000001.SH,2021-12-27,3613.0469,3632.188,3601.9351,3615.9741,2021-12-27
000001.SH,2021-12-28,3619.6419,3631.0766,3607.3643,3630.1115,2021-12-28
000001.SH,2021-12-29,3630.9159,3630.9159,3596.3225,3597.0002,2021-12-29
000001.SH,2021-12-30,3596.4921,3628.9177,3595.4957,3619.1886,2021-12-30
000001.SH,2021-12-31,3626.242,3642.843,3624.9419,3639.7754,2021-12-31
000001.SH,2022-01-04,3649.151,3651.8924,3610.0922,3632.3289,2022-01-04
000001.SH,2022-01-05,3628.2634,3628.2634,3583.4668,3595.1761,2022-01-05
000001.SH,2022-01-06,3581.2184,3594.489,3559.8803,3586.0792,2022-01-06
000001.SH,2022-01-07,3588.9851,3607.2316,3577.0976,3579.5427,2022-01-07
000001.SH,2022-01-10,3572.7434,3593.5187,3555.1255,3593.5187,2022-01-10
000001.SH,2022-01-11,3589.9043,3602.1454,3562.7541,3567.4409,2022-01-11
000001.SH,2022-01-12,3578.1629,3599.4993,3572.0965,3597.4321,2022-01-12
000001.SH,2022-01-13,3601.0265,3601.0725,3555.1576,3555.2585,2022-01-13
000001.SH,2022-01-14,3544.0652,3548.4204,3519.3222,3521.2559,2022-01-14
000001.SH,2022-01-17,3522.0851,3546.0853,3519.4257,3541.666,2022-01-17
000001.SH,2022-01-18,3541.8899,3579.3126,3531.3295,3569.9144,2022-01-18
000001.SH,2022-01-19,3567.6309,3578.7348,3541.6619,3558.1796,2022-01-19
000001.SH,2022-01-20,3556.2262,3576.2594,3540.5545,3555.0629,2022-01-20
000001.SH,2022-01-21,3546.7495,3547.0003,3514.8853,3522.5679,2022-01-21
000001.SH,2022-01-24,3508.2441,3531.6081,3500.1391,3524.105,2022-01-24
000001.SH,2022-01-25,3509.2847,3519.8334,3433.0612,3433.0612,2022-01-25
000001.SH,2022-01-26,3442.6916,3462.1233,3417.7585,3455.6679,2022-01-26
000001.SH,2022-01-27,3456.1021,3456.363,3392.0154,3394.2474,2022-01-27
000001.SH,2022-01-28,3407.5933,3417.0453,3356.5558,3361.4397,2022-01-28
000001.SH,2022-02-07,3407.7621,3434.0256,3407.7621,3429.5809,2022-02-07
000001.SH,2022-02-08,3428.5424,3453.1863,3390.4578,3452.6288,2022-02-08
000001.SH,2022-02-09,3450.818,3484.739,3444.0848,3479.9458,2022-02-09
000001.SH,2022-02-10,3481.9101,3488.8552,3464.2169,3485.9071,2022-02-10
000001.SH,2022-02-11,3472.2757,3500.1471,3459.3299,3462.9479,2022-02-11
000001.SH,2022-02-14,3451.8468,3457.2645,3415.4463,3428.8821,2022-02-14
000001.SH,2022-02-15,3428.0447,3447.4917,3421.6403,3446.0885,2022-02-15
000001.SH,2022-02-16,3457.073,3475.0576,3453.8014,3465.8305,2022-02-16
000001.SH,2022-02-17,3464.2091,3480.9719,3454.2767,3468.0354,2022-02-17
000001.SH,2022-02-18,3451.6318,3490.7573,3447.0273,3490.7573,2022-02-18
000001.SH,2022-02-21,3488.4057,3492.1994,3471.6858,3490.6123,2022-02-21
000001.SH,2022-02-22,3473.2874,3473.3931,3437.6717,3457.146,2022-02-22
000001.SH,2022-02-23,3458.5139,3490.7633,3458.1795,3489.1465,2022-02-23
000001.SH,2022-02-24,3474.3692,3486.9773,3400.2136,3429.9564,2022-02-24
000001.SH,2022-02-25,3445.3361,3480.1756,3440.9339,3451.4061,2022-02-25
000001.SH,2022-02-28,3450.3155,3462.3064,3425.5162,3462.3064,2022-02-28
000001.SH,2022-03-01,3471.3646,3491.1317,3465.7154,3488.8347,2022-03-01
000001.SH,2022-03-02,3478.2925,3486.6206,3466.9999,3484.1916,2022-03-02
000001.SH,2022-03-03,3495.928,3500.2872,3473.3376,3481.1125,2022-03-03
000001.SH,2022-03-04,3459.9845,3474.8816,3437.6964,3447.649,2022-03-04
000001.SH,2022-03-07,3438.5602,3438.5602,3360.7393,3372.8552,2022-03-07
000001.SH,2022-03-08,3372.5546,3383.6326,3287.3412,3293.5301,2022-03-08
000001.SH,2022-03-09,3303.706,3321.4811,3147.6768,3256.3884,2022-03-09
000001.SH,2022-03-10,3312.1789,3326.5827,3291.2352,3296.0922,2022-03-10
000001.SH,2022-03-11,3259.3227,3315.6603,3217.4185,3309.7467,2022-03-11
000001.SH,2022-03-14,3271.8902,3297.7973,3223.5328,3223.5328,2022-03-14
000001.SH,2022-03-15,3192.3637,3196.9161,3063.9652,3063.9652,2022-03-15
000001.SH,2022-03-16,3107.669,3177.7882,3023.3045,3170.7103,2022-03-16
000001.SH,2022-03-17,3215.0105,3260.1673,3202.9337,3215.0445,2022-03-17
000001.SH,2022-03-18,3207.1522,3260.7829,3197.3578,3251.0724,2022-03-18
000001.SH,2022-03-21,3255.6152,3267.4982,3223.3892,3253.6857,2022-03-21
000001.SH,2022-03-22,3249.5428,3279.1127,3239.5323,3259.8619,2022-03-22
000001.SH,2022-03-23,3264.7923,3279.8868,3251.9817,3271.0325,2022-03-23
000001.SH,2022-03-24,3256.0573,3266.8866,3236.6592,3250.2644,2022-03-24
000001.SH,2022-03-25,3247.1568,3257.1061,3211.6445,3212.2399,2022-03-25
000001.SH,2022-03-28,3185.1668,3230.2153,3159.8348,3214.5027,2022-03-28
000001.SH,2022-03-29,3216.0118,3229.1766,3196.4553,3203.9393,2022-03-29
000001.SH,2022-03-30,3217.5921,3266.5959,3216.3023,3266.5959,2022-03-30
000001.SH,2022-03-31,3256.1369,3272.04,3246.063,3252.2029,2022-03-31
000001.SH,2022-04-01,3234.668,3287.2285,3226.2965,3282.7166,2022-04-01
000001.SH,2022-04-06,3269.427,3288.108,3255.6894,3283.4261,2022-04-06
000001.SH,2022-04-07,3267.8103,3290.2561,3236.4791,3236.6951,2022-04-07
000001.SH,2022-04-08,3239.8767,3257.0938,3208.3521,3251.8502,2022-04-08
000001.SH,2022-04-11,3239.855,3239.855,3156.5066,3167.1259,2022-04-11
000001.SH,2022-04-12,3165.1197,3214.5359,3140.8998,3213.3295,2022-04-12
000001.SH,2022-04-13,3199.7972,3225.467,3183.533,3186.8244,2022-04-13
000001.SH,2022-04-14,3203.6337,3240.0014,3200.2346,3225.6412,2022-04-14
000001.SH,2022-04-15,3210.6996,3229.8655,3200.1332,3211.2448,2022-04-15
000001.SH,2022-04-18,3185.9428,3204.0274,3166.9782,3195.524,2022-04-18
000001.SH,2022-04-19,3192.0924,3207.8276,3174.7138,3194.0287,2022-04-19
000001.SH,2022-04-20,3189.8912,3191.8315,3142.0485,3151.0498,2022-04-20
000001.SH,2022-04-21,3138.4276,3160.8994,3069.6809,3079.8077,2022-04-21
000001.SH,2022-04-22,3058.4044,3105.6552,3049.3555,3086.9193,2022-04-22
000001.SH,2022-04-25,3034.2667,3043.8156,2928.5096,2928.5118,2022-04-25
000001.SH,2022-04-26,2930.4532,2957.68,2878.2563,2886.4257,2022-04-26
000001.SH,2022-04-27,2866.8161,2959.1781,2863.6497,2958.282,2022-04-27
000001.SH,2022-04-28,2945.8109,2991.5101,2936.7941,2975.4848,2022-04-28
000001.SH,2022-04-29,2986.0606,3048.4941,2968.334,3047.0624,2022-04-29
000001.SH,2022-05-05,3044.8491,3082.2295,3042.1155,3067.7587,2022-05-05
000001.SH,2022-05-06,3011.3187,3030.6926,2992.7152,3001.5605,2022-05-06
000001.SH,2022-05-09,2990.199,3015.9425,2983.6119,3004.1409,2022-05-09
000001.SH,2022-05-10,2965.7759,3043.7789,2957.3968,3035.8442,2022-05-10
000001.SH,2022-05-11,3035.3893,3100.8998,3034.6745,3058.7027,2022-05-11
000001.SH,2022-05-12,3044.7997,3072.1574,3032.9452,3054.994,2022-05-12
000001.SH,2022-05-13,3068.0331,3086.0957,3059.2527,3084.2845,2022-05-13
000001.SH,2022-05-16,3100.55,3102.577,3063.3977,3073.7488,2022-05-16
000001.SH,2022-05-17,3076.4982,3093.6965,3057.6406,3093.6965,2022-05-17
000001.SH,2022-05-18,3095.8862,3105.8419,3071.305,3085.9768,2022-05-18
000001.SH,2022-05-19,3046.7104,3096.9648,3042.6742,3096.9648,2022-05-19
000001.SH,2022-05-20,3107.0941,3146.5673,3107.0941,3146.5673,2022-05-20
000001.SH,2022-05-23,3150.4898,3150.5093,3127.8986,3146.8573,2022-05-23
000001.SH,2022-05-24,3149.059,3153.1299,3070.9272,3070.9272,2022-05-24
000001.SH,2022-05-25,3070.1702,3107.6279,3069.9459,3107.4641,2022-05-25
000001.SH,2022-05-26,3111.4817,3133.2767,3079.4812,3123.1079,2022-05-26
000001.SH,2022-05-27,3135.0315,3151.047,3112.5443,3130.2394,2022-05-27
000001.SH,2022-05-30,3141.956,3150.8923,3123.1495,3149.0607,2022-05-30
000001.SH,2022-05-31,3149.9443,3188.6026,3142.0044,3186.4271,2022-05-31
000001.SH,2022-06-01,3179.6949,3190.6094,3160.0399,3182.1566,2022-06-01
000001.SH,2022-06-02,3170.3055,3197.2818,3163.7555,3195.458,2022-06-02
000001.SH,2022-06-06,3196.9552,3237.071,3181.647,3236.3719,2022-06-06
000001.SH,2022-06-07,3235.416,3253.093,3222.6354,3241.7635,2022-06-07
000001.SH,2022-06-08,3245.0173,3266.6298,3216.0148,3263.7934,2022-06-08
000001.SH,2022-06-09,3259.4899,3270.5571,3223.4751,3238.9543,2022-06-09
000001.SH,2022-06-10,3214.1848,3286.6195,3210.8083,3284.8341,2022-06-10
000001.SH,2022-06-13,3256.275,3272.9906,3229.3089,3255.5511,2022-06-13
000001.SH,2022-06-14,3224.2141,3289.1343,3195.8192,3288.9066,2022-06-14
000001.SH,2022-06-15,3289.1036,3358.5453,3288.8512,3305.4066,2022-06-15
000001.SH,2022-06-16,3306.8353,3319.689,3277.5306,3285.3845,2022-06-16
000001.SH,2022-06-17,3265.5124,3323.2797,3262.8936,3316.7857,2022-06-17
000001.SH,2022-06-20,3315.7833,3333.9025,3292.9279,3315.4302,2022-06-20
000001.SH,2022-06-21,3313.7874,3329.39,3279.8269,3306.7186,2022-06-21
000001.SH,2022-06-22,3309.1184,3311.0209,3266.5427,3267.2016,2022-06-22
000001.SH,2022-06-23,3269.0545,3320.1487,3262.2939,3320.1487,2022-06-23
000001.SH,2022-06-24,3324.736,3356.7145,3322.9496,3349.747,2022-06-24
000001.SH,2022-06-27,3364.003,3393.3091,3364.003,3379.1852,2022-06-27
000001.SH,2022-06-28,3377.6793,3412.1017,3358.8666,3409.2103,2022-06-28
000001.SH,2022-06-29,3399.6779,3414.6467,3358.4676,3361.5177,2022-06-29
000001.SH,2022-06-30,3358.9338,3417.0085,3358.9338,3398.6161,2022-06-30
000001.SH,2022-07-01,3400.2616,3404.0523,3378.3621,3387.6373,2022-07-01
000001.SH,2022-07-04,3381.8194,3405.6185,3364.0947,3405.4267,2022-07-04
000001.SH,2022-07-05,3411.1297,3424.8366,3372.0623,3404.0252,2022-07-05
000001.SH,2022-07-06,3391.0265,3391.0265,3333.0965,3355.3497,2022-07-06
000001.SH,2022-07-07,3353.1283,3375.8595,3332.3092,3364.398,2022-07-07
000001.SH,2022-07-08,3380.3686,3386.3149,3354.1209,3356.0778,2022-07-08
000001.SH,2022-07-11,3341.1016,3341.1016,3297.005,3313.584,2022-07-11
000001.SH,2022-07-12,3307.2211,3319.2512,3277.0794,3281.4665,2022-07-12
000001.SH,2022-07-13,3279.6025,3297.0185,3266.4811,3284.2918,2022-07-13
000001.SH,2022-07-14,3277.4545,3299.2512,3261.4934,3281.744,2022-07-14
000001.SH,2022-07-15,3261.3826,3288.9198,3228.0609,3228.0609,2022-07-15
000001.SH,2022-07-18,3235.0881,3278.4715,3226.2315,3278.1033,2022-07-18
000001.SH,2022-07-19,3278.7221,3283.9295,3256.0152,3279.4313,2022-07-19
000001.SH,2022-07-20,3291.5507,3308.3472,3287.7441,3304.7243,2022-07-20
000001.SH,2022-07-21,3297.6614,3300.5345,3272.0012,3272.0012,2022-07-21
000001.SH,2022-07-22,3276.1966,3293.6439,3246.7313,3269.9739,2022-07-22
000001.SH,2022-07-25,3269.707,3273.1836,3243.0311,3250.388,2022-07-25
000001.SH,2022-07-26,3254.1852,3282.4133,3246.044,3277.4356,2022-07-26
000001.SH,2022-07-27,3271.7825,3282.5739,3265.7267,3275.7553,2022-07-27
000001.SH,2022-07-28,3287.5019,3305.7057,3277.1078,3282.5758,2022-07-28
000001.SH,2022-07-29,3282.8114,3294.8045,3246.3677,3253.2382,2022-07-29
000001.SH,2022-08-01,3246.6161,3264.3041,3225.5533,3259.9585,2022-08-01
000001.SH,2022-08-02,3231.2621,3231.2621,3155.1866,3186.2664,2022-08-02
000001.SH,2022-08-03,3188.8906,3217.5496,3159.457,3163.6741,2022-08-03
000001.SH,2022-08-04,3179.4278,3190.9992,3155.7039,3189.0391,2022-08-04
000001.SH,2022-08-05,3195.2274,3228.8863,3184.4549,3227.0267,2022-08-05
000001.SH,2022-08-08,3218.8511,3237.9693,3214.0826,3236.9337,2022-08-08
000001.SH,2022-08-09,3235.7351,3248.7718,3227.5394,3247.4318,2022-08-09
000001.SH,2022-08-10,3242.3622,3253.1662,3217.8065,3230.02,2022-08-10
000001.SH,2022-08-11,3243.4716,3281.6654,3237.9041,3281.6654,2022-08-11
000001.SH,2022-08-12,3275.77,3288.2233,3272.8406,3276.8877,2022-08-12
000001.SH,2022-08-15,3268.3653,3286.891,3261.8151,3276.087,2022-08-15
000001.SH,2022-08-16,3278.6756,3295.0226,3271.5703,3277.8847,2022-08-16
000001.SH,2022-08-17,3282.1008,3295.9976,3263.3483,3292.526,2022-08-17
000001.SH,2022-08-18,3286.3669,3289.1415,3270.5584,3277.5438,2022-08-18
000001.SH,2022-08-19,3275.6229,3286.4911,3258.0637,3258.0784,2022-08-19
000001.SH,2022-08-22,3249.7046,3278.1655,3247.187,3277.7943,2022-08-22
000001.SH,2022-08-23,3274.427,3284.5963,3262.6331,3276.2234,2022-08-23
000001.SH,2022-08-24,3279.1716,3281.8752,3212.386,3215.2033,2022-08-24
000001.SH,2022-08-25,3223.4645,3248.3505,3199.1242,3246.2481,2022-08-25
000001.SH,2022-08-26,3250.6276,3266.2737,3232.2766,3236.2226,2022-08-26
000001.SH,2022-08-29,3203.1022,3240.7275,3198.996,3240.7275,2022-08-29
000001.SH,2022-08-30,3240.1835,3243.746,3212.6346,3227.2203,2022-08-30
000001.SH,2022-08-31,3216.5257,3232.0158,3184.3936,3202.1378,2022-08-31
000001.SH,2022-09-01,3196.5367,3214.5583,3181.6256,3184.9797,2022-09-01
000001.SH,2022-09-02,3189.6439,3198.2812,3173.7929,3186.4781,2022-09-02
000001.SH,2022-09-05,3183.946,3199.9118,3172.0394,3199.9118,2022-09-05
000001.SH,2022-09-06,3207.933,3244.6353,3203.8161,3243.4466,2022-09-06
000001.SH,2022-09-07,3232.1368,3253.7671,3227.8225,3246.2943,2022-09-07
000001.SH,2022-09-08,3245.557,3253.7005,3233.8007,3235.5862,2022-09-08
000001.SH,2022-09-09,3241.1809,3266.1974,3236.5078,3262.0542,2022-09-09
000001.SH,2022-09-13,3272.0492,3278.1659,3259.6644,3263.7972,2022-09-13
000001.SH,2022-09-14,3224.6783,3250.8024,3221.9609,3237.5419,2022-09-14
000001.SH,2022-09-15,3248.9721,3254.1789,3174.3899,3199.9187,2022-09-15
000001.SH,2022-09-16,3189.8265,3191.8265,3126.3972,3126.3977,2022-09-16
000001.SH,2022-09-19,3122.7549,3135.5565,3101.2207,3115.6019,2022-09-19
000001.SH,2022-09-20,3127.8356,3140.0252,3114.0368,3122.4058,2022-09-20
000001.SH,2022-09-21,3116.0065,3129.8245,3091.2966,3117.1774,2022-09-21
000001.SH,2022-09-22,3098.7682,3125.6797,3092.8189,3108.9096,2022-09-22
000001.SH,2022-09-23,3106.8055,3124.6583,3072.2409,3088.3695,2022-09-23
000001.SH,2022-09-26,3067.5689,3102.6544,3048.5143,3051.226,2022-09-26
000001.SH,2022-09-27,3056.3917,3094.0389,3048.365,3093.8618,2022-09-27
000001.SH,2022-09-28,3089.0975,3089.0975,3044.864,3045.0668,2022-09-28
000001.SH,2022-09-29,3067.4727,3076.7615,3026.0792,3041.2046,2022-09-29
000001.SH,2022-09-30,3042.1664,3054.6129,3021.9309,3024.3905,2022-09-30
000001.SH,2022-10-10,3026.9354,3029.4478,2968.281,2974.1454,2022-10-10
000001.SH,2022-10-11,2978.0617,2986.9116,2953.4953,2979.7926,2022-10-11
000001.SH,2022-10-12,2976.7168,3025.5055,2934.0922,3025.5055,2022-10-12
000001.SH,2022-10-13,3008.3016,3036.2485,3004.4963,3016.3561,2022-10-13
000001.SH,2022-10-14,3035.0341,3084.2724,3035.0341,3071.9868,2022-10-14
000001.SH,2022-10-17,3060.5176,3087.1944,3052.7149,3084.9423,2022-10-17
000001.SH,2022-10-18,3094.9272,3099.9182,3074.2162,3080.9574,2022-10-18
000001.SH,2022-10-19,3073.2616,3081.3903,3044.3777,3044.3777,2022-10-19
000001.SH,2022-10-20,3029.3028,3070.2648,3013.6929,3035.0504,2022-10-20
000001.SH,2022-10-21,3038.0358,3055.4157,3026.9603,3038.9291,2022-10-21
000001.SH,2022-10-24,3034.7458,3064.4211,2965.1675,2977.5554,2022-10-24
000001.SH,2022-10-25,2969.156,3001.715,2944.2607,2976.283,2022-10-25
000001.SH,2022-10-26,2977.5643,3028.3478,2977.5643,2999.5036,2022-10-26
000001.SH,2022-10-27,3005.0373,3017.2629,2981.6889,2982.9029,2022-10-27
000001.SH,2022-10-28,2967.0221,2974.236,2908.9831,2915.9257,2022-10-28
000001.SH,2022-10-31,2893.1962,2926.015,2885.0894,2893.4829,2022-10-31
000001.SH,2022-11-01,2899.4985,2969.1995,2896.7572,2969.1995,2022-11-01
000001.SH,2022-11-02,2960.6465,3019.0486,2954.9478,3003.3699,2022-11-02
000001.SH,2022-11-03,2981.2038,3003.7207,2977.7162,2997.8057,2022-11-03
000001.SH,2022-11-04,2996.9971,3081.5903,2996.9971,3070.7964,2022-11-04
000001.SH,2022-11-07,3062.859,3088.1927,3054.4571,3077.817,2022-11-07
000001.SH,2022-11-08,3077.3056,3078.276,3047.4624,3064.4928,2022-11-08
000001.SH,2022-11-09,3064.4633,3073.9183,3046.1881,3048.1676,2022-11-09
000001.SH,2022-11-10,3031.6915,3047.9803,3022.8506,3036.1318,2022-11-10
000001.SH,2022-11-11,3099.65,3117.7419,3070.3007,3087.2926,2022-11-11
000001.SH,2022-11-14,3100.8669,3121.4056,3075.2152,3083.4013,2022-11-14
000001.SH,2022-11-15,3081.1349,3135.5903,3074.4982,3134.0778,2022-11-15
000001.SH,2022-11-16,3133.6504,3145.7526,3115.3453,3119.9804,2022-11-16
000001.SH,2022-11-17,3110.9649,3115.4351,3087.1737,3115.4347,2022-11-17
000001.SH,2022-11-18,3116.7291,3126.7107,3096.8858,3097.2432,2022-11-18
000001.SH,2022-11-21,3078.0569,3085.2426,3056.1703,3085.0444,2022-11-21
000001.SH,2022-11-22,3084.2328,3118.1197,3076.3214,3088.9426,2022-11-22
000001.SH,2022-11-23,3084.7403,3108.2438,3075.3241,3096.9073,2022-11-23
000001.SH,2022-11-24,3104.0955,3113.2392,3084.8554,3089.3096,2022-11-24
000001.SH,2022-11-25,3085.4611,3111.4214,3077.9671,3101.6932,2022-11-25
000001.SH,2022-11-28,3055.2899,3080.1843,3034.7045,3078.5485,2022-11-28
000001.SH,2022-11-29,3096.1126,3152.0027,3096.1126,3149.7478,2022-11-29
000001.SH,2022-11-30,3141.3992,3158.5732,3137.3687,3151.3353,2022-11-30
000001.SH,2022-12-01,3187.9899,3198.4088,3164.5348,3165.4711,2022-12-01
000001.SH,2022-12-02,3160.5789,3170.898,3149.8406,3156.1442,2022-12-02
000001.SH,2022-12-05,3181.9155,3213.4395,3177.0642,3211.8144,2022-12-05
000001.SH,2022-12-06,3200.275,3224.822,3195.0788,3212.5334,2022-12-06
000001.SH,2022-12-07,3204.9352,3226.0817,3188.6705,3199.6194,2022-12-07
000001.SH,2022-12-08,3196.0156,3206.7151,3187.2566,3197.3499,2022-12-08
000001.SH,2022-12-09,3197.1183,3212.1059,3182.9068,3206.9502,2022-12-09
000001.SH,2022-12-12,3195.868,3196.7247,3176.5752,3179.0417,2022-12-12
000001.SH,2022-12-13,3179.4354,3187.2035,3171.4827,3176.3255,2022-12-13
000001.SH,2022-12-14,3178.5542,3189.835,3168.5925,3176.5253,2022-12-14
000001.SH,2022-12-15,3177.1995,3179.1,3158.4515,3168.6478,2022-12-15
000001.SH,2022-12-16,3156.1349,3175.3526,3151.6089,3167.8576,2022-12-16
000001.SH,2022-12-19,3165.3092,3170.2552,3096.0981,3107.115,2022-12-19
000001.SH,2022-12-20,3098.9532,3100.7477,3061.5098,3073.7659,2022-12-20
000001.SH,2022-12-21,3078.3312,3085.7951,3060.5542,3068.4105,2022-12-21
000001.SH,2022-12-22,3085.8004,3096.2449,3044.5991,3054.4313,2022-12-22
000001.SH,2022-12-23,3038.8416,3061.867,3031.5358,3045.8664,2022-12-23
000001.SH,2022-12-26,3048.1963,3071.8363,3047.3491,3065.5626,2022-12-26
000001.SH,2022-12-27,3077.7469,3098.0783,3074.3133,3095.5678,2022-12-27
000001.SH,2022-12-28,3088.6174,3098.6496,3079.4338,3087.3997,2022-12-28
000001.SH,2022-12-29,3076.7264,3086.0048,3064.4594,3073.7016,2022-12-29
000001.SH,2022-12-30,3084.5226,3096.3135,3082.1964,3089.2579,2022-12-30
000001.SH,2023-01-03,3087.513,3119.8556,3073.054,3116.5119,2023-01-03
000001.SH,2023-01-04,3117.5711,3129.0937,3109.4512,3123.5164,2023-01-04
000001.SH,2023-01-05,3132.7614,3159.427,3130.23,3155.2162,2023-01-05
000001.SH,2023-01-06,3155.0747,3170.7418,3151.8407,3157.6365,2023-01-06
000001.SH,2023-01-09,3169.3737,3183.583,3165.4282,3176.0845,2023-01-09
000001.SH,2023-01-10,3178.022,3178.1569,3165.1446,3169.5072,2023-01-10
000001.SH,2023-01-11,3172.3759,3184.757,3160.8896,3161.8376,2023-01-11
000001.SH,2023-01-12,3167.273,3171.5905,3153.4038,3163.4509,2023-01-12
000001.SH,2023-01-13,3170.3548,3195.3067,3167.5098,3195.3059,2023-01-13
000001.SH,2023-01-16,3198.5189,3251.3739,3197.3186,3227.5916,2023-01-16
000001.SH,2023-01-17,3229.4354,3231.2645,3211.7573,3224.2448,2023-01-17
000001.SH,2023-01-18,3227.5947,3234.8169,3220.3703,3224.406,2023-01-18
000001.SH,2023-01-19,3221.5179,3240.2794,3210.3825,3240.2794,2023-01-19
000001.SH,2023-01-20,3247.2031,3267.0579,3247.2031,3264.8138,2023-01-20
000001.SH,2023-01-30,3308.8694,3310.4903,3266.758,3269.318,2023-01-30
000001.SH,2023-01-31,3266.1442,3277.2524,3252.0145,3255.6692,2023-01-31
000001.SH,2023-02-01,3262.1961,3284.9224,3245.4113,3284.9213,2023-02-01
000001.SH,2023-02-02,3291.7828,3295.7636,3272.414,3285.6705,2023-02-02
000001.SH,2023-02-03,3275.6578,3275.6578,3235.3533,3263.4059,2023-02-03
000001.SH,2023-02-06,3244.7007,3250.3514,3226.2112,3238.6978,2023-02-06
000001.SH,2023-02-07,3245.2297,3250.033,3233.8334,3248.094,2023-02-07
000001.SH,2023-02-08,3251.5006,3257.114,3230.4393,3232.1063,2023-02-08
000001.SH,2023-02-09,3227.7278,3270.3826,3225.7724,3270.3826,2023-02-09
000001.SH,2023-02-10,3266.4367,3269.9944,3247.2296,3260.6734,2023-02-10
000001.SH,2023-02-13,3256.9881,3285.0913,3252.6327,3284.1599,2023-02-13
000001.SH,2023-02-14,3288.9742,3293.7338,3279.1894,3293.2825,2023-02-14
000001.SH,2023-02-15,3294.015,3296.1995,3274.5505,3280.4919,2023-02-15
000001.SH,2023-02-16,3281.7352,3308.8279,3231.3421,3249.0295,2023-02-16
000001.SH,2023-02-17,3244.7325,3262.4729,3223.2581,3224.0243,2023-02-17
000001.SH,2023-02-20,3230.4728,3291.0388,3225.8427,3290.3383,2023-02-20
000001.SH,2023-02-21,3291.6312,3308.7908,3282.436,3306.5236,2023-02-21
000001.SH,2023-02-22,3292.0489,3307.0343,3286.7207,3291.1477,2023-02-22
000001.SH,2023-02-23,3293.5219,3307.4385,3275.3621,3287.477,2023-02-23
000001.SH,2023-02-24,3287.2553,3288.3922,3253.9748,3267.1597,2023-02-24
000001.SH,2023-02-27,3256.9998,3276.5791,3251.7213,3258.0344,2023-02-27
000001.SH,2023-02-28,3265.742,3280.4154,3246.1446,3279.6053,2023-02-28
000001.SH,2023-03-01,3279.1364,3315.1604,3272.0351,3312.3478,2023-03-01
000001.SH,2023-03-02,3308.0113,3320.7441,3306.4554,3310.6536,2023-03-02
000001.SH,2023-03-03,3314.7727,3330.6046,3302.6231,3328.3927,2023-03-03
000001.SH,2023-03-06,3332.0235,3333.0619,3308.7255,3322.0259,2023-03-06
000001.SH,2023-03-07,3320.211,3342.8585,3284.4099,3285.0988,2023-03-07
000001.SH,2023-03-08,3271.8798,3283.2479,3263.6927,3283.2479,2023-03-08
000001.SH,2023-03-09,3285.9427,3289.06,3259.9999,3276.0937,2023-03-09
000001.SH,2023-03-10,3255.5121,3262.147,3229.4959,3230.0766,2023-03-10
000001.SH,2023-03-13,3228.1239,3268.6955,3228.1239,3268.6955,2023-03-13
000001.SH,2023-03-14,3261.9219,3262.0025,3216.9927,3245.3123,2023-03-14
000001.SH,2023-03-15,3261.0284,3273.1232,3256.8566,3263.3148,2023-03-15
000001.SH,2023-03-16,3244.4699,3257.433,3224.7223,3226.8912,2023-03-16
000001.SH,2023-03-17,3245.2604,3279.9228,3240.157,3250.546,2023-03-17
000001.SH,2023-03-20,3253.9302,3267.9931,3231.6459,3234.9103,2023-03-20
000001.SH,2023-03-21,3240.8388,3255.9997,3237.8934,3255.6505,2023-03-21
000001.SH,2023-03-22,3263.4129,3279.3938,3255.7394,3265.7475,2023-03-22
000001.SH,2023-03-23,3258.7791,3286.6491,3252.9917,3286.6491,2023-03-23
000001.SH,2023-03-24,3282.739,3282.739,3260.8444,3265.6537,2023-03-24
000001.SH,2023-03-27,3261.8235,3261.8235,3229.7037,3251.3971,2023-03-27
000001.SH,2023-03-28,3256.6023,3264.0978,3241.7368,3245.376,2023-03-28
000001.SH,2023-03-29,3253.6212,3254.5564,3229.5848,3240.0568,2023-03-29
000001.SH,2023-03-30,3243.0683,3263.7379,3220.9846,3261.2485,2023-03-30
000001.SH,2023-03-31,3263.4061,3278.4231,3260.0396,3272.8602,2023-03-31
000001.SH,2023-04-03,3277.34,3299.7321,3276.4158,3296.396,2023-04-03
000001.SH,2023-04-04,3297.183,3312.5615,3290.9925,3312.5578,2023-04-04
000001.SH,2023-04-06,3302.751,3314.5262,3296.055,3312.628,2023-04-06
000001.SH,2023-04-07,3312.4813,3328.8455,3308.061,3327.6457,2023-04-07
000001.SH,2023-04-10,3331.5051,3332.7152,3309.9171,3315.3578,2023-04-10
000001.SH,2023-04-11,3317.0771,3317.4484,3298.2498,3313.5705,2023-04-11
000001.SH,2023-04-12,3316.8623,3330.7079,3315.3991,3327.1816,2023-04-12
000001.SH,2023-04-13,3321.2733,3334.4697,3309.2515,3318.3638,2023-04-13
000001.SH,2023-04-14,3326.3704,3340.0764,3316.8101,3338.1525,2023-04-14
000001.SH,2023-04-17,3337.0605,3385.6095,3336.3881,3385.6095,2023-04-17
000001.SH,2023-04-18,3379.2267,3396.1745,3375.7803,3393.3312,2023-04-18
000001.SH,2023-04-19,3391.3549,3394.959,3364.6419,3370.1283,2023-04-19
000001.SH,2023-04-20,3367.0525,3371.3679,3344.016,3367.031,2023-04-20
000001.SH,2023-04-21,3363.9987,3367.6093,3301.2575,3301.2575,2023-04-21
000001.SH,2023-04-24,3300.8125,3303.0908,3264.9349,3275.413,2023-04-24
000001.SH,2023-04-25,3276.403,3288.5685,3229.4461,3264.8717,2023-04-25
000001.SH,2023-04-26,3255.2171,3277.9797,3239.9893,3264.1006,2023-04-26
000001.SH,2023-04-27,3256.2278,3299.301,3253.1117,3285.8844,2023-04-27
000001.SH,2023-04-28,3283.1224,3324.8808,3283.1224,3323.2746,2023-04-28
000001.SH,2023-05-04,3306.4827,3352.7463,3302.0275,3350.4587,2023-05-04
000001.SH,2023-05-05,3350.6538,3364.1417,3321.1872,3334.5028,2023-05-05
000001.SH,2023-05-08,3340.9904,3400.1766,3340.9904,3395.0036,2023-05-08
000001.SH,2023-05-09,3402.3938,3418.9534,3356.1183,3357.6707,2023-05-09
000001.SH,2023-05-10,3347.7015,3349.7213,3305.2506,3319.1506,2023-05-10
000001.SH,2023-05-11,3323.6583,3333.2496,3307.2887,3309.5512,2023-05-11
000001.SH,2023-05-12,3304.4582,3319.1307,3271.4311,3272.3619,2023-05-12
000001.SH,2023-05-15,3269.8781,3310.7367,3235.8679,3310.7367,2023-05-15
000001.SH,2023-05-16,3310.1607,3317.9012,3282.4918,3290.9874,2023-05-16
000001.SH,2023-05-17,3281.9664,3298.519,3269.8936,3284.232,2023-05-17
000001.SH,2023-05-18,3288.4112,3313.8622,3284.1679,3297.3199,2023-05-18
000001.SH,2023-05-19,3288.8911,3302.3424,3268.2242,3283.5417,2023-05-19
000001.SH,2023-05-22,3278.596,3308.5325,3276.5398,3296.4696,2023-05-22
000001.SH,2023-05-23,3294.7877,3298.2257,3246.238,3246.238,2023-05-23
000001.SH,2023-05-24,3237.7045,3237.7045,3204.3813,3204.7494,2023-05-24
000001.SH,2023-05-25,3197.3644,3207.021,3168.5716,3201.2605,2023-05-25
000001.SH,2023-05-26,3198.8825,3220.7737,3179.8217,3212.5038,2023-05-26
000001.SH,2023-05-29,3219.7553,3230.9706,3208.955,3221.4484,2023-05-29
000001.SH,2023-05-30,3214.6728,3230.6317,3186.6256,3224.2133,2023-05-30
000001.SH,2023-05-31,3214.6551,3216.3597,3190.2736,3204.5644,2023-05-31
000001.SH,2023-06-01,3196.1547,3225.093,3189.5174,3204.6345,2023-06-01
000001.SH,2023-06-02,3212.4489,3233.9916,3211.737,3230.0686,2023-06-02
000001.SH,2023-06-05,3231.8108,3244.1801,3221.6254,3232.441,2023-06-05
000001.SH,2023-06-06,3228.4068,3247.349,3189.2692,3195.3404,2023-06-06
000001.SH,2023-06-07,3197.4677,3210.3295,3188.0053,3197.7587,2023-06-07
000001.SH,2023-06-08,3194.8348,3225.5263,3180.5354,3213.5855,2023-06-08
000001.SH,2023-06-09,3213.033,3231.4055,3206.1027,3231.4055,2023-06-09
000001.SH,2023-06-12,3225.3049,3239.4368,3210.7135,3228.8336,2023-06-12
000001.SH,2023-06-13,3223.8958,3235.0854,3215.4989,3233.6734,2023-06-13
000001.SH,2023-06-14,3238.1189,3248.4609,3226.7743,3228.9887,2023-06-14
000001.SH,2023-06-15,3230.4512,3252.9751,3229.1452,3252.9751,2023-06-15
000001.SH,2023-06-16,3256.2989,3276.5522,3255.4988,3273.3341,2023-06-16
000001.SH,2023-06-19,3271.1635,3271.1635,3251.7789,3255.8057,2023-06-19
000001.SH,2023-06-20,3252.5435,3252.8435,3237.7857,3240.3648,2023-06-20
000001.SH,2023-06-21,3230.1142,3236.3626,3197.9011,3197.9011,2023-06-21
000001.SH,2023-06-26,3177.2293,3181.0758,3144.2484,3150.6189,2023-06-26
000001.SH,2023-06-27,3153.3132,3194.4086,3148.2657,3189.4427,2023-06-27
000001.SH,2023-06-28,3183.4865,3192.6589,3157.1229,3189.3758,2023-06-28
000001.SH,2023-06-29,3185.4242,3196.5025,3179.5251,3182.3812,2023-06-29
000001.SH,2023-06-30,3178.9242,3212.9928,3177.9913,3202.0623,2023-06-30
000001.SH,2023-07-03,3209.1623,3246.8605,3209.1623,3243.975,2023-07-03
000001.SH,2023-07-04,3241.2305,3246.9576,3233.9895,3245.3492,2023-07-04
000001.SH,2023-07-05,3240.0486,3241.8353,3218.6022,3222.9469,2023-07-05
000001.SH,2023-07-06,3215.8633,3229.4799,3199.7164,3205.5748,2023-07-06
000001.SH,2023-07-07,3197.4716,3212.0472,3189.2114,3196.6092,2023-07-07
000001.SH,2023-07-10,3208.7349,3216.5348,3192.6579,3203.6958,2023-07-10
000001.SH,2023-07-11,3211.1222,3221.6804,3200.3845,3221.3666,2023-07-11
000001.SH,2023-07-12,3220.3758,3224.3312,3193.4366,3196.1337,2023-07-12
000001.SH,2023-07-13,3202.6992,3238.4675,3202.6992,3236.48,2023-07-13
000001.SH,2023-07-14,3240.9695,3248.3849,3233.9985,3237.7012,2023-07-14
000001.SH,2023-07-17,3219.0162,3219.0162,3195.8862,3209.6298,2023-07-17
000001.SH,2023-07-18,3206.786,3210.2482,3190.0049,3197.8201,2023-07-18
000001.SH,2023-07-19,3195.0085,3204.3612,3181.5611,3198.8358,2023-07-19
000001.SH,2023-07-20,3201.9111,3209.0554,3165.6739,3169.522,2023-07-20
000001.SH,2023-07-21,3163.421,3185.6357,3157.3335,3167.7452,2023-07-21
000001.SH,2023-07-24,3157.4694,3178.7335,3151.1252,3164.1608,2023-07-24
000001.SH,2023-07-25,3201.4575,3231.7486,3201.4575,3231.5213,2023-07-25
000001.SH,2023-07-26,3228.0873,3229.8921,3212.8801,3223.0279,2023-07-26
000001.SH,2023-07-27,3225.4763,3245.6028,3210.4699,3216.6709,2023-07-27
000001.SH,2023-07-28,3206.741,3280.2777,3200.9939,3275.9257,2023-07-28
000001.SH,2023-07-31,3287.2089,3322.1291,3281.0133,3291.0398,2023-07-31
000001.SH,2023-08-01,3288.7604,3305.3402,3279.5656,3290.9493,2023-08-01
000001.SH,2023-08-02,3281.8583,3290.8203,3252.3036,3261.6903,2023-08-02
000001.SH,2023-08-03,3254.5651,3280.8636,3247.2719,3280.4626,2023-08-03
000001.SH,2023-08-04,3296.0944,3315.0492,3281.7343,3288.0842,2023-08-04
000001.SH,2023-08-07,3276.7756,3276.7756,3258.5372,3268.8311,2023-08-07
000001.SH,2023-08-08,3260.7218,3274.5186,3246.6745,3260.6196,2023-08-08
000001.SH,2023-08-09,3251.1521,3257.0816,3240.2888,3244.4867,2023-08-09
000001.SH,2023-08-10,3242.2057,3257.0298,3234.1158,3254.5597,2023-08-10
000001.SH,2023-08-11,3254.4751,3254.4751,3189.248,3189.248,2023-08-11
000001.SH,2023-08-14,3159.7138,3180.5067,3141.6551,3178.4272,2023-08-14
000001.SH,2023-08-15,3180.5579,3186.234,3147.3459,3176.1758,2023-08-15
000001.SH,2023-08-16,3164.7019,3176.626,3149.7226,3150.1277,2023-08-16
000001.SH,2023-08-17,3137.3514,3167.4457,3123.2495,3163.7393,2023-08-17
000001.SH,2023-08-18,3165.0998,3179.1159,3131.953,3131.953,2023-08-18
000001.SH,2023-08-21,3125.9897,3134.9571,3092.9777,3092.9777,2023-08-21
000001.SH,2023-08-22,3103.7807,3126.7838,3074.5307,3120.3338,2023-08-22
000001.SH,2023-08-23,3116.2661,3116.3765,3077.6056,3078.4021,2023-08-23
000001.SH,2023-08-24,3085.9107,3106.1824,3072.9511,3082.2439,2023-08-24
000001.SH,2023-08-25,3068.615,3085.047,3053.0373,3064.0747,2023-08-25
000001.SH,2023-08-28,3219.0432,3219.0432,3089.1194,3098.6363,2023-08-28
000001.SH,2023-08-29,3091.9379,3145.761,3090.4377,3135.8867,2023-08-29
000001.SH,2023-08-30,3144.4067,3153.689,3126.9024,3137.1375,2023-08-30
000001.SH,2023-08-31,3134.5529,3139.9801,3113.9459,3119.8764,2023-08-31
000001.SH,2023-09-01,3126.0234,3143.8457,3123.1896,3133.2467,2023-09-01
000001.SH,2023-09-04,3145.9435,3177.0603,3143.3793,3177.0603,2023-09-04
000001.SH,2023-09-05,3169.7384,3169.7384,3150.0753,3154.3693,2023-09-05
000001.SH,2023-09-06,3147.1363,3162.1547,3136.8998,3158.0769,2023-09-06
000001.SH,2023-09-07,3152.2028,3152.2662,3120.8229,3122.3523,2023-09-07
000001.SH,2023-09-08,3114.2296,3126.0412,3104.6743,3116.7191,2023-09-08
000001.SH,2023-09-11,3119.6101,3155.1026,3113.8164,3142.779,2023-09-11
000001.SH,2023-09-12,3140.3409,3147.5141,3134.3176,3137.0593,2023-09-12
000001.SH,2023-09-13,3137.7718,3143.7577,3106.9693,3123.0669,2023-09-13
000001.SH,2023-09-14,3124.8482,3135.025,3111.8588,3126.5511,2023-09-14
000001.SH,2023-09-15,3133.5883,3141.9642,3107.448,3117.7434,2023-09-15
000001.SH,2023-09-18,3110.4404,3128.7009,3098.496,3125.9319,2023-09-18
000001.SH,2023-09-19,3123.9862,3131.1298,3113.5254,3124.9567,2023-09-19
000001.SH,2023-09-20,3118.6671,3122.1277,3108.1578,3108.5679,2023-09-20
000001.SH,2023-09-21,3103.1754,3113.4939,3084.701,3084.701,2023-09-21
000001.SH,2023-09-22,3084.7567,3132.5578,3078.8007,3132.4316,2023-09-22
000001.SH,2023-09-25,3131.2079,3131.2079,3112.1505,3115.6071,2023-09-25
000001.SH,2023-09-26,3114.0214,3120.2889,3102.2726,3102.2726,2023-09-26
000001.SH,2023-09-27,3104.0395,3125.447,3103.8441,3107.3156,2023-09-27
000001.SH,2023-09-28,3117.7549,3121.8352,3105.9397,3110.4753,2023-09-28
000001.SH,2023-10-09,3099.9998,3103.3597,3072.6418,3096.9224,2023-10-09
000001.SH,2023-10-10,3104.3651,3109.9822,3073.1864,3075.2361,2023-10-10
000001.SH,2023-10-11,3085.6989,3095.6594,3071.936,3078.9556,2023-10-11
000001.SH,2023-10-12,3101.7051,3109.9898,3092.1771,3107.9007,2023-10-12
000001.SH,2023-10-13,3091.9972,3094.9153,3080.5481,3088.0991,2023-10-13
000001.SH,2023-10-16,3091.0647,3091.1257,3063.6856,3073.813,2023-10-16
000001.SH,2023-10-17,3076.4283,3084.0725,3064.8897,3083.4964,2023-10-17
000001.SH,2023-10-18,3076.5796,3076.5796,3057.0588,3058.7098,2023-10-18
000001.SH,2023-10-19,3043.1955,3043.1955,3004.7745,3005.3934,2023-10-19
000001.SH,2023-10-20,2995.3575,3006.2746,2977.1731,2983.0585,2023-10-20
000001.SH,2023-10-23,2969.7858,2973.6611,2923.5113,2939.2913,2023-10-23
000001.SH,2023-10-24,2944.3105,2964.7605,2929.0883,2962.2437,2023-10-24
000001.SH,2023-10-25,2986.4066,2993.2951,2972.4177,2974.1135,2023-10-25
000001.SH,2023-10-26,2960.1038,2990.3277,2956.006,2988.2992,2023-10-26
000001.SH,2023-10-27,2978.4026,3029.2101,2974.8802,3017.7842,2023-10-27
000001.SH,2023-10-30,3009.6104,3028.2641,3002.3477,3021.5534,2023-10-30
000001.SH,2023-10-31,3019.646,3023.0014,3006.6088,3018.7706,2023-10-31
000001.SH,2023-11-01,3038.1821,3038.3303,3013.933,3023.0765,2023-11-01
000001.SH,2023-11-02,3028.6647,3038.6422,3009.121,3009.4058,2023-11-02
000001.SH,2023-11-03,3012.4654,3040.9807,3012.4654,3030.7977,2023-11-03
000001.SH,2023-11-06,3047.1301,3058.9891,3037.6941,3058.4105,2023-11-06
000001.SH,2023-11-07,3052.9202,3064.5771,3042.4689,3057.2697,2023-11-07
000001.SH,2023-11-08,3051.1531,3062.991,3037.2888,3052.3726,2023-11-08
000001.SH,2023-11-09,3047.6532,3063.4674,3045.8336,3053.2792,2023-11-09
000001.SH,2023-11-10,3043.5585,3044.0007,3027.0878,3038.9699,2023-11-10
000001.SH,2023-11-13,3044.0319,3048.6209,3028.168,3046.5329,2023-11-13
000001.SH,2023-11-14,3046.8171,3059.5294,3044.4259,3056.0703,2023-11-14
000001.SH,2023-11-15,3077.0291,3080.1284,3064.3464,3072.8348,2023-11-15
000001.SH,2023-11-16,3066.8554,3071.4522,3050.9257,3050.9257,2023-11-16
000001.SH,2023-11-17,3043.617,3055.8561,3033.7472,3054.3655,2023-11-17
000001.SH,2023-11-20,3056.9268,3072.5134,3043.5148,3068.3191,2023-11-20
000001.SH,2023-11-21,3074.8281,3089.7738,3063.3449,3067.9328,2023-11-21
000001.SH,2023-11-22,3060.4984,3067.9625,3043.611,3043.611,2023-11-22
000001.SH,2023-11-23,3041.6779,3062.8665,3034.2969,3061.8562,2023-11-23
000001.SH,2023-11-24,3060.3306,3060.3306,3037.2012,3040.9717,2023-11-24
000001.SH,2023-11-27,3038.1864,3038.3578,3015.0076,3031.7002,2023-11-27
000001.SH,2023-11-28,3028.5983,3039.6945,3020.2306,3038.5545,2023-11-28
000001.SH,2023-11-29,3038.4641,3038.9767,3017.6611,3021.6874,2023-11-29
000001.SH,2023-11-30,3021.1025,3030.9086,3013.7678,3029.6727,2023-11-30
000001.SH,2023-12-01,3027.353,3035.7599,3010.2333,3031.6358,2023-12-01
000001.SH,2023-12-04,3033.298,3038.9794,3022.3477,3022.9138,2023-12-04
000001.SH,2023-12-05,3017.0102,3017.0102,2972.2959,2972.2959,2023-12-05
000001.SH,2023-12-06,2966.9475,2985.3143,2959.603,2968.9334,2023-12-06
000001.SH,2023-12-07,2965.6523,2976.0148,2949.1438,2966.2061,2023-12-07
000001.SH,2023-12-08,2965.3901,2980.8344,2962.327,2969.5594,2023-12-08
000001.SH,2023-12-11,2956.2905,2995.6698,2930.422,2991.4385,2023-12-11
000001.SH,2023-12-12,2986.3282,3003.7455,2980.4462,3003.4378,2023-12-12
000001.SH,2023-12-13,2997.3358,2997.3358,2968.7606,2968.7606,2023-12-13
000001.SH,2023-12-14,2979.699,2986.1773,2958.066,2958.9856,2023-12-14
000001.SH,2023-12-15,2966.3015,2976.3094,2940.0266,2942.5568,2023-12-15
000001.SH,2023-12-18,2936.5751,2951.1479,2924.3254,2930.8036,2023-12-18
000001.SH,2023-12-19,2928.7631,2940.5014,2914.1253,2932.3908,2023-12-19
000001.SH,2023-12-20,2932.1186,2937.1011,2902.0395,2902.1096,2023-12-20
000001.SH,2023-12-21,2892.0201,2924.2562,2882.0195,2918.7149,2023-12-21
000001.SH,2023-12-22,2919.2879,2935.7002,2906.5094,2914.7752,2023-12-22
000001.SH,2023-12-25,2909.8751,2920.6323,2903.987,2918.8126,2023-12-25
000001.SH,2023-12-26,2917.9708,2917.9708,2892.8373,2898.8787,2023-12-26
000001.SH,2023-12-27,2900.1491,2917.9564,2890.165,2914.6138,2023-12-27
000001.SH,2023-12-28,2913.1096,2961.6476,2909.3886,2954.7035,2023-12-28
000001.SH,2023-12-29,2950.8372,2975.0319,2950.0173,2974.9348,2023-12-29
000001.SH,2024-01-02,2972.775,2976.2682,2962.2762,2962.2762,2024-01-02
000001.SH,2024-01-03,2957.1117,2971.2834,2953.2901,2967.2472,2024-01-03
000001.SH,2024-01-04,2965.5087,2966.6828,2936.6347,2954.3486,2024-01-04
000001.SH,2024-01-05,2949.8221,2967.9677,2916.7206,2929.1833,2024-01-05
000001.SH,2024-01-08,2923.457,2924.4559,2887.5379,2887.5379,2024-01-08
000001.SH,2024-01-09,2887.1095,2900.7266,2878.4123,2893.2513,2024-01-09
000001.SH,2024-01-10,2886.9807,2903.1621,2870.4155,2877.7023,2024-01-10
000001.SH,2024-01-11,2873.7982,2896.1788,2867.7223,2886.6502,2024-01-11
000001.SH,2024-01-12,2880.0399,2904.1743,2878.8752,2881.9769,2024-01-12
000001.SH,2024-01-15,2872.5562,2904.4643,2869.2236,2886.2908,2024-01-15
000001.SH,2024-01-16,2881.5602,2896.683,2861.1302,2893.9886,2024-01-16
000001.SH,2024-01-17,2887.2917,2887.4893,2833.6152,2833.6152,2024-01-17
000001.SH,2024-01-18,2822.6672,2849.2559,2760.978,2845.7839,2024-01-18
000001.SH,2024-01-19,2836.9749,2849.8755,2822.8434,2832.2793,2024-01-19
000001.SH,2024-01-22,2826.5034,2828.3202,2735.3721,2756.3399,2024-01-22
000001.SH,2024-01-23,2746.8923,2784.8407,2724.1573,2770.9763,2024-01-23
000001.SH,2024-01-24,2782.1415,2823.6953,2743.3971,2820.7719,2024-01-24
000001.SH,2024-01-25,2823.8259,2906.794,2821.7093,2906.1087,2024-01-25
000001.SH,2024-01-26,2897.9149,2924.3065,2890.4819,2910.2227,2024-01-26
000001.SH,2024-01-29,2910.6072,2923.8992,2883.3327,2883.356,2024-01-29
000001.SH,2024-01-30,2866.2795,2881.3468,2829.2498,2830.5266,2024-01-30
000001.SH,2024-01-31,2815.5042,2834.011,2782.5869,2788.5482,2024-01-31
000001.SH,2024-02-01,2773.4239,2805.0146,2752.7824,2770.7403,2024-02-01
000001.SH,2024-02-02,2773.2949,2791.6756,2666.3335,2730.152,2024-02-02
000001.SH,2024-02-05,2716.081,2739.7383,2635.0897,2702.185,2024-02-05
000001.SH,2024-02-06,2680.4846,2802.9312,2669.6732,2789.486,2024-02-06
000001.SH,2024-02-07,2791.5145,2829.6956,2770.5293,2829.6956,2024-02-07
000001.SH,2024-02-08,2832.4855,2867.4738,2827.902,2865.9032,2024-02-08
000001.SH,2024-02-19,2886.5871,2910.544,2867.7103,2910.544,2024-02-19
000001.SH,2024-02-20,2902.8765,2927.308,2887.4741,2922.7302,2024-02-20
000001.SH,2024-02-21,2906.0243,2994.6149,2898.0496,2950.9556,2024-02-21
000001.SH,2024-02-22,2945.4465,2988.3578,2944.4988,2988.3578,2024-02-22
000001.SH,2024-02-23,2992.9115,3009.1359,2979.9728,3004.881,2024-02-23
000001.SH,2024-02-26,3002.1179,3009.479,2967.0571,2977.0221,2024-02-26
000001.SH,2024-02-27,2966.4166,3015.4807,2961.1479,3015.4807,2024-02-27
000001.SH,2024-02-28,3016.2555,3031.4881,2957.8524,2957.8524,2024-02-28
000001.SH,2024-02-29,2943.6242,3015.1712,2943.6242,3015.1712,2024-02-29
000001.SH,2024-03-01,3013.8229,3032.2315,3003.7632,3027.0204,2024-03-01
000001.SH,2024-03-04,3026.6071,3040.3447,3007.6829,3039.3055,2024-03-04
000001.SH,2024-03-05,3027.1028,3052.5413,3022.1777,3047.7931,2024-03-05
000001.SH,2024-03-06,3041.7518,3060.5629,3034.3536,3039.9309,2024-03-06
000001.SH,2024-03-07,3040.2111,3063.6924,3023.1177,3027.4013,2024-03-07
000001.SH,2024-03-08,3026.1654,3049.194,3016.9032,3046.0192,2024-03-08
000001.SH,2024-03-11,3042.6188,3068.4554,3035.4451,3068.4554,2024-03-11
000001.SH,2024-03-12,3068.182,3075.1308,3044.8572,3055.935,2024-03-12
000001.SH,2024-03-13,3053.3413,3061.951,3031.8985,3043.8346,2024-03-13
000001.SH,2024-03-14,3042.4131,3059.9975,3020.637,3038.2339,2024-03-14
000001.SH,2024-03-15,3031.5229,3056.4473,3023.2152,3054.6359,2024-03-15
000001.SH,2024-03-18,3057.2093,3085.3124,3055.9221,3084.9262,2024-03-18
000001.SH,2024-03-19,3077.9805,3090.0459,3062.6279,3062.7558,2024-03-19
000001.SH,2024-03-20,3058.6478,3081.7547,3056.645,3079.6859,2024-03-20
000001.SH,2024-03-21,3084.4116,3090.0513,3069.272,3077.113,2024-03-21
000001.SH,2024-03-22,3070.5481,3073.2058,3027.7615,3048.0336,2024-03-22
000001.SH,2024-03-25,3040.501,3065.2611,3026.3055,3026.3055,2024-03-25
000001.SH,2024-03-26,3026.9218,3036.4939,3006.2597,3031.4809,2024-03-26
000001.SH,2024-03-27,3026.8138,3030.4495,2993.1388,2993.1388,2024-03-27
000001.SH,2024-03-28,2988.5899,3033.3666,2984.1201,3010.6636,2024-03-28
000001.SH,2024-03-29,3008.3757,3041.2978,3008.1672,3041.1669,2024-03-29
000001.SH,2024-04-01,3049.0207,3078.4883,3049.0207,3077.3786,2024-04-01
000001.SH,2024-04-02,3076.8752,3085.5365,3063.9808,3074.9586,2024-04-02
000001.SH,2024-04-03,3074.8929,3079.02,3057.3972,3069.2959,2024-04-03
000001.SH,2024-04-08,3057.3255,3077.3512,3045.4692,3047.0526,2024-04-08
000001.SH,2024-04-09,3044.6136,3051.5851,3033.2089,3048.5369,2024-04-09
000001.SH,2024-04-10,3045.9609,3049.6072,3013.5897,3027.3349,2024-04-10
000001.SH,2024-04-11,3013.5727,3050.3372,3009.8972,3034.2464,2024-04-11
000001.SH,2024-04-12,3035.5773,3043.5599,3014.8297,3019.4735,2024-04-12
000001.SH,2024-04-15,3013.6722,3066.9412,2995.542,3057.3776,2024-04-15
000001.SH,2024-04-16,3043.5505,3052.4346,3005.34,3007.0681,2024-04-16
000001.SH,2024-04-17,3008.0614,3071.3806,3002.0564,3071.3806,2024-04-17
000001.SH,2024-04-18,3060.0309,3102.5527,3057.7606,3074.2246,2024-04-18
000001.SH,2024-04-19,3060.2989,3080.3227,3055.0577,3065.261,2024-04-19
000001.SH,2024-04-22,3059.0649,3078.4226,3042.542,3044.5952,2024-04-22
000001.SH,2024-04-23,3038.6118,3044.9438,3016.5169,3021.9775,2024-04-23
000001.SH,2024-04-24,3029.4028,3045.6398,3019.1239,3044.8223,2024-04-24
000001.SH,2024-04-25,3037.9273,3060.2635,3034.6499,3052.9,2024-04-25
000001.SH,2024-04-26,3054.9793,3092.43,3054.9793,3088.6357,2024-04-26
000001.SH,2024-04-29,3086.6819,3119.6857,3080.5858,3113.0432,2024-04-29
000001.SH,2024-04-30,3110.1594,3123.2876,3104.2943,3104.8245,2024-04-30
000001.SH,2024-05-06,3132.5115,3142.3816,3126.7689,3140.7204,2024-05-06
000001.SH,2024-05-07,3139.6637,3151.219,3133.6904,3147.738,2024-05-07
000001.SH,2024-05-08,3141.4874,3144.9856,3126.1729,3128.4798,2024-05-08
000001.SH,2024-05-09,3128.1644,3158.4646,3128.1644,3154.3201,2024-05-09
000001.SH,2024-05-10,3158.5891,3163.1441,3137.1517,3154.5472,2024-05-10
000001.SH,2024-05-13,3139.4753,3157.3656,3126.1697,3148.0207,2024-05-13
000001.SH,2024-05-14,3148.8488,3155.8071,3137.6091,3145.7743,2024-05-14
000001.SH,2024-05-15,3141.2518,3142.9725,3117.9287,3119.9021,2024-05-15
000001.SH,2024-05-16,3127.1841,3137.8779,3116.1627,3122.401,2024-05-16
000001.SH,2024-05-17,3121.7126,3154.0263,3116.7842,3154.0263,2024-05-17
000001.SH,2024-05-20,3156.1482,3174.2658,3155.9903,3171.1451,2024-05-20
000001.SH,2024-05-21,3164.6826,3165.2237,3148.342,3157.9657,2024-05-21
000001.SH,2024-05-22,3157.1889,3166.9191,3152.457,3158.5399,2024-05-22
000001.SH,2024-05-23,3149.8752,3150.6282,3110.2773,3116.387,2024-05-23
000001.SH,2024-05-24,3110.7533,3130.4245,3087.7941,3088.8705,2024-05-24
000001.SH,2024-05-27,3094.14,3125.5064,3091.9893,3124.0427,2024-05-27
000001.SH,2024-05-28,3122.3877,3130.3103,3106.3645,3109.5721,2024-05-28
000001.SH,2024-05-29,3108.0267,3128.1365,3100.9797,3111.0176,2024-05-29
000001.SH,2024-05-30,3103.7078,3121.218,3085.3841,3091.6778,2024-05-30
000001.SH,2024-05-31,3094.7587,3107.6035,3086.8134,3086.8134,2024-05-31
000001.SH,2024-06-03,3085.9814,3097.2043,3061.2766,3078.4887,2024-06-03
000001.SH,2024-06-04,3071.3196,3095.3221,3063.5879,3091.1992,2024-06-04
000001.SH,2024-06-05,3086.0509,3092.3459,3064.7359,3065.4034,2024-06-05
000001.SH,2024-06-06,3069.4393,3077.6725,3040.8295,3048.7939,2024-06-06
000001.SH,2024-06-07,3053.9153,3065.0247,3031.0443,3051.2787,2024-06-07
000001.SH,2024-06-11,3042.1338,3043.1997,3013.8611,3028.0451,2024-06-11
000001.SH,2024-06-12,3025.2963,3042.0423,3021.3085,3037.4675,2024-06-12
000001.SH,2024-06-13,3038.0859,3040.4021,3022.8224,3028.9187,2024-06-13
000001.SH,2024-06-14,3020.9588,3037.9046,3011.5773,3032.6333,2024-06-14
000001.SH,2024-06-17,3017.7169,3026.6242,3012.0452,3015.8907,2024-06-17
000001.SH,2024-06-18,3015.0713,3031.9758,3012.5234,3030.2464,2024-06-18
000001.SH,2024-06-19,3029.0993,3030.2259,3015.3263,3018.0491,2024-06-19
000001.SH,2024-06-20,3015.7224,3028.5143,3001.7677,3005.4369,2024-06-20
000001.SH,2024-06-21,2998.2413,3011.9141,2985.9291,2998.1377,2024-06-21
000001.SH,2024-06-24,2982.8263,2990.6429,2960.1267,2963.0989,2024-06-24
000001.SH,2024-06-25,2962.7654,2971.6534,2935.5382,2949.9963,2024-06-25
000001.SH,2024-06-26,2943.4471,2976.669,2933.3304,2972.5251,2024-06-26
000001.SH,2024-06-27,2962.6964,2963.0644,2944.8979,2945.8524,2024-06-27
000001.SH,2024-06-28,2940.3032,2985.4679,2939.984,2967.4028,2024-06-28
000001.SH,2024-07-01,2965.2452,2996.4086,2961.8556,2994.7303,2024-07-01
000001.SH,2024-07-02,2992.8556,3004.987,2989.4701,2997.0111,2024-07-02
000001.SH,2024-07-03,2995.6642,2998.5369,2978.0686,2982.3756,2024-07-03
000001.SH,2024-07-04,2984.8303,2995.5695,2955.2895,2957.567,2024-07-04
000001.SH,2024-07-05,2954.3723,2957.1069,2920.2046,2949.9333,2024-07-05
000001.SH,2024-07-08,2939.8367,2947.61,2917.2322,2922.4498,2024-07-08
000001.SH,2024-07-09,2919.5729,2963.7822,2904.0389,2959.3724,2024-07-09
000001.SH,2024-07-10,2949.0261,2958.8594,2935.3304,2939.3636,2024-07-10
000001.SH,2024-07-11,2957.2502,2971.3608,2947.4027,2970.3874,2024-07-11
000001.SH,2024-07-12,2965.6121,2977.1417,2963.3033,2971.295,2024-07-12
000001.SH,2024-07-15,2963.8472,2977.3126,2959.1288,2974.0107,2024-07-15
000001.SH,2024-07-16,2963.9001,2977.3613,2959.6655,2976.3043,2024-07-16
000001.SH,2024-07-17,2970.8081,2972.7949,2957.948,2962.8549,2024-07-17
000001.SH,2024-07-18,2951.1434,2978.0919,2937.9045,2977.1334,2024-07-18
000001.SH,2024-07-19,2963.5144,2986.2425,2955.1199,2982.3086,2024-07-19
000001.SH,2024-07-22,2978.1932,2978.6007,2946.5608,2964.2155,2024-07-22
000001.SH,2024-07-23,2960.5004,2960.5004,2915.3682,2915.3685,2024-07-23
000001.SH,2024-07-24,2909.1521,2922.0298,2894.2885,2901.9518,2024-07-24
000001.SH,2024-07-25,2891.8918,2897.7674,2872.8497,2886.7416,2024-07-25
000001.SH,2024-07-26,2885.9953,2899.1162,2875.3959,2890.8973,2024-07-26
000001.SH,2024-07-29,2889.4726,2898.9512,2878.5825,2891.8453,2024-07-29
000001.SH,2024-07-30,2885.2152,2885.2152,2865.1493,2879.2996,2024-07-30
000001.SH,2024-07-31,2877.5409,2940.5927,2876.3009,2938.7493,2024-07-31
000001.SH,2024-08-01,2940.12,2947.8768,2928.8262,2932.3871,2024-08-01
000001.SH,2024-08-02,2913.0198,2931.2593,2902.7202,2905.3375,2024-08-02
000001.SH,2024-08-05,2889.3634,2919.0252,2860.6978,2860.6978,2024-08-05
000001.SH,2024-08-06,2878.6508,2888.2009,2845.335,2867.2837,2024-08-06
000001.SH,2024-08-07,2864.0101,2886.9417,2857.7247,2869.8338,2024-08-07
000001.SH,2024-08-08,2864.758,2886.3994,2850.8745,2869.9014,2024-08-08
000001.SH,2024-08-09,2879.8726,2887.8489,2862.1941,2862.1941,2024-08-09
000001.SH,2024-08-12,2858.8946,2869.2688,2851.2952,2858.2046,2024-08-12
000001.SH,2024-08-13,2860.4099,2867.946,2845.3099,2867.946,2024-08-13
000001.SH,2024-08-14,2866.2434,2866.2434,2850.401,2850.6539,2024-08-14
000001.SH,2024-08-15,2844.2005,2889.0866,2839.3875,2877.3579,2024-08-15
000001.SH,2024-08-16,2877.9403,2888.6753,2873.0601,2879.4298,2024-08-16
000001.SH,2024-08-19,2877.9542,2905.1547,2877.7709,2893.6738,2024-08-19
000001.SH,2024-08-20,2895.5506,2896.5194,2855.3293,2866.661,2024-08-20
000001.SH,2024-08-21,2858.9388,2863.891,2848.1509,2856.5839,2024-08-21
000001.SH,2024-08-22,2856.2001,2861.6071,2845.5024,2848.7718,2024-08-22
000001.SH,2024-08-23,2844.7703,2860.7327,2839.3371,2854.3675,2024-08-23
000001.SH,2024-08-26,2855.4741,2860.6545,2844.3828,2855.5203,2024-08-26
000001.SH,2024-08-27,2850.8773,2853.7804,2843.1576,2848.7312,2024-08-27
000001.SH,2024-08-28,2844.3269,2852.5621,2830.9615,2837.4293,2024-08-28
000001.SH,2024-08-29,2829.4506,2831.4309,2815.3829,2823.106,2024-08-29
000001.SH,2024-08-30,2819.6498,2867.9649,2817.0141,2842.2142,2024-08-30
000001.SH,2024-09-02,2832.3499,2839.2784,2810.3739,2811.035,2024-09-02
000001.SH,2024-09-03,2809.1733,2814.903,2794.9111,2802.9787,2024-09-03
000001.SH,2024-09-04,2786.5046,2800.6065,2781.9352,2784.2783,2024-09-04
000001.SH,2024-09-05,2785.2635,2796.0186,2777.471,2788.3141,2024-09-05
000001.SH,2024-09-06,2791.7645,2804.0932,2765.6394,2765.8066,2024-09-06
000001.SH,2024-09-09,2754.7237,2756.556,2726.9667,2736.4876,2024-09-09
000001.SH,2024-09-10,2737.881,2750.1181,2718.6273,2744.1921,2024-09-10
000001.SH,2024-09-11,2732.7314,2732.7314,2710.6208,2721.7952,2024-09-11
000001.SH,2024-09-12,2722.1382,2734.6832,2716.5552,2717.1231,2024-09-12
000001.SH,2024-09-13,2718.9864,2728.7797,2703.3689,2704.0896,2024-09-13
000001.SH,2024-09-18,2705.3451,2724.1141,2689.6952,2717.2813,2024-09-18
000001.SH,2024-09-19,2723.2053,2747.7402,2697.7756,2736.0222,2024-09-19
000001.SH,2024-09-20,2734.2277,2741.1552,2717.9451,2736.8139,2024-09-20
000001.SH,2024-09-23,2735.3895,2760.4799,2731.3571,2748.9177,2024-09-23
000001.SH,2024-09-24,2770.7543,2863.1519,2761.3717,2863.1255,2024-09-24
000001.SH,2024-09-25,2901.4185,2952.4511,2889.048,2896.3057,2024-09-25
000001.SH,2024-09-26,2893.7451,3000.9526,2889.0143,3000.9526,2024-09-26
000001.SH,2024-09-27,3049.1026,3087.5286,3017.4453,3087.5286,2024-09-27
000001.SH,2024-09-30,3194.7224,3358.5883,3153.697,3336.4974,2024-09-30
000001.SH,2024-10-08,3674.4048,3674.4048,3372.1868,3489.7751,2024-10-08
000001.SH,2024-10-09,3427.2199,3437.1571,3249.1591,3258.8578,2024-10-09
000001.SH,2024-10-10,3277.6916,3379.8053,3228.1248,3301.9259,2024-10-10
000001.SH,2024-10-11,3287.8727,3297.7517,3187.9882,3217.7377,2024-10-11
000001.SH,2024-10-14,3241.4275,3294.6199,3203.901,3284.3225,2024-10-14
000001.SH,2024-10-15,3265.7461,3285.2147,3201.2919,3201.2919,2024-10-15
000001.SH,2024-10-16,3169.1685,3236.848,3167.7364,3202.948,2024-10-16
000001.SH,2024-10-17,3220.7334,3241.5675,3169.3843,3169.3843,2024-10-17
000001.SH,2024-10-18,3165.9745,3313.9784,3152.8213,3261.5633,2024-10-18
000001.SH,2024-10-21,3276.0598,3300.664,3239.0965,3268.11,2024-10-21
000001.SH,2024-10-22,3263.8224,3294.9612,3255.1375,3285.8669,2024-10-22
000001.SH,2024-10-23,3285.2474,3331.0823,3277.0663,3302.8028,2024-10-23
000001.SH,2024-10-24,3287.8243,3292.9448,3266.8823,3280.2625,2024-10-24
000001.SH,2024-10-25,3280.7616,3319.3571,3276.1303,3299.7003,2024-10-25
000001.SH,2024-10-28,3300.4634,3322.1975,3279.715,3322.1975,2024-10-28
000001.SH,2024-10-29,3328.0885,3340.4584,3284.2108,3286.407,2024-10-29
000001.SH,2024-10-30,3273.6421,3291.6795,3244.8063,3266.2378,2024-10-30
000001.SH,2024-10-31,3267.975,3295.7421,3252.3899,3279.8244,2024-10-31
000001.SH,2024-11-01,3275.5768,3305.3181,3258.7346,3272.0142,2024-11-01
000001.SH,2024-11-04,3275.6787,3310.2072,3263.8421,3310.2072,2024-11-04
000001.SH,2024-11-05,3306.8098,3386.9869,3302.0472,3386.9869,2024-11-05
000001.SH,2024-11-06,3395.2217,3420.9986,3367.0812,3383.8062,2024-11-06
000001.SH,2024-11-07,3359.9851,3470.6609,3356.258,3470.6609,2024-11-07
000001.SH,2024-11-08,3502.1331,3509.8182,3443.193,3452.2971,2024-11-08
000001.SH,2024-11-11,3432.3672,3471.1222,3416.7266,3470.0657,2024-11-11
000001.SH,2024-11-12,3469.8908,3489.4244,3402.0422,3421.9701,2024-11-12
000001.SH,2024-11-13,3406.9164,3442.2983,3404.5254,3439.2778,2024-11-13
000001.SH,2024-11-14,3429.5054,3441.7746,3376.1528,3379.8389,2024-11-14
000001.SH,2024-11-15,3369.8092,3391.3204,3330.7263,3330.7263,2024-11-15
000001.SH,2024-11-18,3344.6904,3386.9031,3309.0076,3323.8486,2024-11-18
000001.SH,2024-11-19,3324.8831,3346.7577,3284.133,3346.0098,2024-11-19
000001.SH,2024-11-20,3337.6778,3375.2482,3333.0023,3367.9893,2024-11-20
000001.SH,2024-11-21,3362.9444,3378.5175,3348.8552,3370.4039,2024-11-21
000001.SH,2024-11-22,3368.043,3372.0034,3267.1916,3267.1916,2024-11-22
000001.SH,2024-11-25,3274.884,3285.4555,3232.9178,3263.7597,2024-11-25
000001.SH,2024-11-26,3256.8576,3285.3281,3252.8661,3259.7572,2024-11-26
000001.SH,2024-11-27,3250.591,3309.8805,3227.3553,3309.7789,2024-11-27
000001.SH,2024-11-28,3308.2797,3319.2559,3290.3641,3295.6983,2024-11-28
000001.SH,2024-11-29,3295.2096,3357.5013,3293.6899,3326.4557,2024-11-29
000001.SH,2024-12-02,3328.482,3369.3032,3323.0091,3363.9823,2024-12-02
000001.SH,2024-12-03,3366.2853,3386.6176,3348.3742,3378.8063,2024-12-03
000001.SH,2024-12-04,3376.5715,3388.0241,3352.9434,3364.6498,2024-12-04
000001.SH,2024-12-05,3353.0573,3377.055,3353.0573,3368.8553,2024-12-05
000001.SH,2024-12-06,3370.9405,3418.2608,3364.2061,3404.0764,2024-12-06
000001.SH,2024-12-09,3402.6288,3426.6451,3385.9588,3402.5343,2024-12-09
000001.SH,2024-12-10,3490.2892,3494.8669,3417.7654,3422.6607,2024-12-10
000001.SH,2024-12-11,3416.0874,3437.8103,3416.0874,3432.4902,2024-12-11
000001.SH,2024-12-12,3432.2786,3464.1162,3425.9755,3461.4998,2024-12-12
000001.SH,2024-12-13,3442.9259,3442.9259,3390.7537,3391.8782,2024-12-13
000001.SH,2024-12-16,3390.083,3401.9263,3376.5358,3386.3312,2024-12-16
000001.SH,2024-12-17,3381.8141,3396.2074,3357.7694,3361.485,2024-12-17
000001.SH,2024-12-18,3371.2955,3396.4603,3371.2955,3382.2081,2024-12-18
000001.SH,2024-12-19,3355.9041,3377.5321,3346.469,3370.0331,2024-12-19
000001.SH,2024-12-20,3364.481,3390.6182,3362.8193,3368.0693,2024-12-20
000001.SH,2024-12-23,3367.9037,3384.9918,3348.277,3351.2571,2024-12-23
000001.SH,2024-12-24,3353.5354,3394.9044,3352.9474,3393.5281,2024-12-24
000001.SH,2024-12-25,3395.1072,3406.2125,3374.0113,3393.3501,2024-12-25
000001.SH,2024-12-26,3389.3383,3401.0951,3380.255,3398.0765,2024-12-26
000001.SH,2024-12-27,3397.2939,3418.952,3388.3215,3400.142,2024-12-27
000001.SH,2024-12-30,3395.3962,3412.8414,3394.9648,3407.3259,2024-12-30
000001.SH,2024-12-31,3406.9652,3413.4545,3351.763,3351.763,2024-12-31
000001.SH,2025-01-02,3347.9392,3351.722,3242.0865,3262.5607,2025-01-02
000001.SH,2025-01-03,3267.0766,3273.5656,3205.7755,3211.4299,2025-01-03
000001.SH,2025-01-06,3209.7832,3219.4877,3185.4631,3206.9228,2025-01-06
000001.SH,2025-01-07,3203.3068,3230.8529,3190.4612,3229.6439,2025-01-07
000001.SH,2025-01-08,3218.8577,3246.2908,3175.7247,3230.1679,2025-01-08
000001.SH,2025-01-09,3220.7205,3228.9725,3205.9103,3211.3933,2025-01-09
000001.SH,2025-01-10,3211.7068,3220.1073,3168.5238,3168.5238,2025-01-10
000001.SH,2025-01-13,3148.8259,3172.7,3140.9775,3160.755,2025-01-13
000001.SH,2025-01-14,3165.1613,3245.2196,3159.432,3240.94,2025-01-14
000001.SH,2025-01-15,3234.7152,3245.9042,3222.2359,3227.1167,2025-01-15
000001.SH,2025-01-16,3239.0261,3265.2824,3217.0966,3236.032,2025-01-16
000001.SH,2025-01-17,3226.7616,3256.5067,3219.7734,3241.8212,2025-01-17
000001.SH,2025-01-20,3256.1492,3268.2626,3238.1214,3244.3776,2025-01-20
000001.SH,2025-01-21,3256.8325,3258.6103,3229.0689,3242.6226,2025-01-21
000001.SH,2025-01-22,3235.4925,3235.5013,3203.3801,3213.6237,2025-01-22
000001.SH,2025-01-23,3237.5988,3273.5203,3229.5716,3230.1637,2025-01-23
000001.SH,2025-01-24,3222.8774,3260.0112,3221.7121,3252.6264,2025-01-24
000001.SH,2025-01-27,3256.6136,3274.3924,3250.6007,3250.6007,2025-01-27
000001.SH,2025-02-05,3270.1604,3271.022,3220.2794,3229.4876,2025-02-05
000001.SH,2025-02-06,3226.575,3271.4271,3225.8459,3270.6594,2025-02-06
000001.SH,2025-02-07,3269.2269,3324.428,3262.5085,3303.6666,2025-02-07
000001.SH,2025-02-10,3308.04,3325.3558,3299.2429,3322.1698,2025-02-10
000001.SH,2025-02-11,3323.6694,3324.1727,3304.4443,3318.0569,2025-02-11
000001.SH,2025-02-12,3312.2572,3346.3854,3310.3904,3346.3854,2025-02-12
000001.SH,2025-02-13,3343.2347,3359.1807,3332.4826,3332.4826,2025-02-13
000001.SH,2025-02-14,3328.483,3349.0836,3322.5289,3346.7242,2025-02-14
000001.SH,2025-02-17,3355.4171,3357.1212,3333.1948,3355.8296,2025-02-17
000001.SH,2025-02-18,3348.9827,3366.0119,3314.3006,3324.4906,2025-02-18
000001.SH,2025-02-19,3320.7801,3352.0867,3320.5809,3351.5392,2025-02-19
000001.SH,2025-02-20,3347.5893,3355.5571,3338.0335,3350.7833,2025-02-20
000001.SH,2025-02-21,3356.6947,3381.0575,3339.0256,3379.1128,2025-02-21
000001.SH,2025-02-24,3374.0813,3384.8106,3355.8694,3373.0276,2025-02-24
000001.SH,2025-02-25,3345.6534,3369.5583,3337.8448,3346.0398,2025-02-25
000001.SH,2025-02-26,3351.2093,3380.2144,3351.2093,3380.2144,2025-02-26
000001.SH,2025-02-27,3378.4494,3388.7808,3353.5712,3388.0622,2025-02-27
000001.SH,2025-02-28,3374.6636,3383.1909,3318.7162,3320.8973,2025-02-28
000001.SH,2025-03-03,3328.3955,3349.0169,3304.5931,3316.9253,2025-03-03
000001.SH,2025-03-04,3300.498,3327.8242,3297.5304,3324.2099,2025-03-04
000001.SH,2025-03-05,3324.6962,3342.7143,3314.1478,3341.9649,2025-03-05
000001.SH,2025-03-06,3353.5703,3387.0538,3348.684,3381.0983,2025-03-06
000001.SH,2025-03-07,3373.1808,3390.9442,3363.9288,3372.5458,2025-03-07
000001.SH,2025-03-10,3373.2588,3375.7978,3347.1859,3366.163,2025-03-10
000001.SH,2025-03-11,3335.4394,3379.8287,3334.8313,3379.8284,2025-03-11
000001.SH,2025-03-12,3385.6853,3392.4086,3370.2204,3371.9235,2025-03-12
000001.SH,2025-03-13,3371.0945,3377.1183,3341.1182,3358.7285,2025-03-13
000001.SH,2025-03-14,3361.6861,3421.2333,3360.6063,3419.5616,2025-03-14
000001.SH,2025-03-17,3430.8093,3436.3516,3422.4618,3426.1285,2025-03-17
000001.SH,2025-03-18,3434.5653,3437.0654,3423.3005,3429.7593,2025-03-18
000001.SH,2025-03-19,3424.1726,3439.0463,3414.5933,3426.4291,2025-03-19
000001.SH,2025-03-20,3425.2157,3427.0454,3404.662,3408.9482,2025-03-20
000001.SH,2025-03-21,3401.7593,3414.7094,3355.8396,3364.8307,2025-03-21
000001.SH,2025-03-24,3364.8342,3373.6936,3340.2383,3370.0283,2025-03-24
000001.SH,2025-03-25,3370.0008,3379.9884,3361.0462,3369.9763,2025-03-25
000001.SH,2025-03-26,3365.6658,3382.3424,3365.6658,3368.6973,2025-03-26
000001.SH,2025-03-27,3362.7123,3394.0349,3351.1739,3373.7489,2025-03-27
000001.SH,2025-03-28,3372.0388,3375.0528,3346.0807,3351.3068,2025-03-28
000001.SH,2025-03-31,3343.3442,3361.7415,3317.7381,3335.7462,2025-03-31
000001.SH,2025-04-01,3340.7121,3357.6215,3338.7788,3348.4351,2025-04-01
000001.SH,2025-04-02,3344.1711,3361.134,3343.1155,3350.1266,2025-04-02
000001.SH,2025-04-03,3319.6057,3358.4256,3319.6057,3342.0077,2025-04-03
000001.SH,2025-04-07,3193.1024,3217.7818,3040.6932,3096.5762,2025-04-07
000001.SH,2025-04-08,3094.2619,3145.5491,3085.1229,3145.5491,2025-04-08
000001.SH,2025-04-09,3110.0101,3186.8099,3070.0778,3186.8099,2025-04-09
000001.SH,2025-04-10,3227.8362,3239.9408,3201.5714,3223.6379,2025-04-10
000001.SH,2025-04-11,3219.5053,3249.8536,3211.3497,3238.2268,2025-04-11
000001.SH,2025-04-14,3251.9779,3272.7203,3244.7327,3262.8075,2025-04-14
000001.SH,2025-04-15,3260.685,3268.9848,3246.3369,3267.6623,2025-04-15
000001.SH,2025-04-16,3267.665,3276.0045,3233.7911,3276.0039,2025-04-16
000001.SH,2025-04-17,3261.7177,3285.9154,3258.1451,3280.3412,2025-04-17
000001.SH,2025-04-18,3270.3534,3283.0896,3262.3916,3276.7304,2025-04-18
000001.SH,2025-04-21,3273.1383,3298.6398,3270.0131,3291.4341,2025-04-21
000001.SH,2025-04-22,3289.1664,3311.1529,3288.3316,3299.7571,2025-04-22
000001.SH,2025-04-23,3308.1514,3312.1923,3293.0633,3296.3552,2025-04-23
000001.SH,2025-04-24,3295.1487,3313.5087,3286.2363,3297.2881,2025-04-24
000001.SH,2025-04-25,3300.3916,3305.2618,3288.7545,3295.06,2025-04-25
000001.SH,2025-04-28,3292.0559,3296.9318,3279.8773,3288.4147,2025-04-28
000001.SH,2025-04-29,3281.4453,3294.9815,3277.6271,3286.6548,2025-04-29
000001.SH,2025-04-30,3284.0812,3292.2002,3277.5499,3279.0314,2025-04-30
000001.SH,2025-05-06,3295.2504,3316.4476,3286.9886,3316.1135,2025-05-06
000001.SH,2025-05-07,3354.9737,3356.6884,3324.8088,3342.6651,2025-05-07
000001.SH,2025-05-08,3331.2052,3359.7309,3327.9024,3351.9958,2025-05-08
000001.SH,2025-05-09,3350.405,3351.2198,3335.127,3341.9989,2025-05-09
000001.SH,2025-05-12,3352.9698,3372.4724,3344.2687,3369.2445,2025-05-12
000001.SH,2025-05-13,3386.2344,3386.2344,3370.2516,3374.8707,2025-05-13
000001.SH,2025-05-14,3374.2353,3417.3142,3368.0781,3403.9481,2025-05-14
000001.SH,2025-05-15,3398.4272,3402.8656,3378.0208,3380.8214,2025-05-15
000001.SH,2025-05-16,3374.7061,3380.29,3356.6609,3367.4619,2025-05-16
000001.SH,2025-05-19,3365.8823,3373.5994,3356.6483,3367.5829,2025-05-19
000001.SH,2025-05-20,3371.6886,3387.804,3369.9629,3380.478,2025-05-20
000001.SH,2025-05-21,3380.2094,3394.7541,3380.2094,3387.5736,2025-05-21
000001.SH,2025-05-22,3381.865,3390.5925,3376.2331,3380.1885,2025-05-22
000001.SH,2025-05-23,3376.8691,3389.4686,3348.3717,3348.3717,2025-05-23
000001.SH,2025-05-26,3346.561,3362.307,3336.3552,3346.8388,2025-05-26
000001.SH,2025-05-27,3346.5029,3351.5718,3332.4895,3340.687,2025-05-27
000001.SH,2025-05-28,3341.8518,3348.234,3336.7273,3339.9319,2025-05-28
000001.SH,2025-05-29,3340.4012,3368.6334,3337.415,3363.4455,2025-05-29
000001.SH,2025-05-30,3358.8093,3361.2751,3341.6484,3347.4873,2025-05-30
000001.SH,2025-06-03,3340.0666,3366.9974,3340.0666,3361.9755,2025-06-03
000001.SH,2025-06-04,3363.391,3379.6401,3363.391,3376.2029,2025-06-04
000001.SH,2025-06-05,3378.2169,3387.7645,3371.1457,3384.0985,2025-06-05
000001.SH,2025-06-06,3384.2949,3391.451,3379.7641,3385.3579,2025-06-06
000001.SH,2025-06-09,3388.7783,3402.0503,3383.0742,3399.7716,2025-06-09
000001.SH,2025-06-10,3402.013,3406.4515,3365.6674,3384.8163,2025-06-10
000001.SH,2025-06-11,3385.4568,3413.5132,3385.4568,3402.3159,2025-06-11
000001.SH,2025-06-12,3397.972,3408.2049,3388.8657,3402.658,2025-06-12
000001.SH,2025-06-13,3397.4844,3401.5526,3370.5924,3376.996,2025-06-13
000001.SH,2025-06-16,3369.3661,3389.7563,3368.8764,3388.7293,2025-06-16
000001.SH,2025-06-17,3388.1801,3393.3127,3376.4201,3387.4049,2025-06-17
000001.SH,2025-06-18,3386.136,3391.7087,3369.9859,3388.8086,2025-06-18
000001.SH,2025-06-19,3384.2932,3386.9194,3353.9355,3362.1082,2025-06-19
000001.SH,2025-06-20,3358.9128,3370.7984,3357.7061,3359.8954,2025-06-20
000001.SH,2025-06-23,3349.4603,3389.4524,3347.6508,3381.5816,2025-06-23
000001.SH,2025-06-24,3380.08,3423.7835,3380.08,3420.566,2025-06-24
000001.SH,2025-06-25,3419.0914,3459.0093,3417.4105,3455.9736,2025-06-25
000001.SH,2025-06-26,3451.7193,3462.752,3446.1855,3448.4534,2025-06-26
000001.SH,2025-06-27,3450.6863,3462.6273,3421.0403,3424.2267,2025-06-27
000001.SH,2025-06-30,3423.4738,3447.46,3420.1118,3444.4256,2025-06-30
000001.SH,2025-07-01,3445.8457,3459.5866,3441.0379,3457.7474,2025-07-01
000001.SH,2025-07-02,3458.171,3461.328,3447.9557,3454.7924,2025-07-02
000001.SH,2025-07-03,3456.1519,3463.6198,3446.9739,3461.1506,2025-07-03
000001.SH,2025-07-04,3459.5924,3497.2248,3455.4938,3472.3192,2025-07-04
000001.SH,2025-07-07,3467.9849,3474.8007,3462.7923,3473.1271,2025-07-07
000001.SH,2025-07-08,3474.6316,3499.8857,3474.6316,3497.4753,2025-07-08
000001.SH,2025-07-09,3498.724,3512.6687,3491.2007,3493.0495,2025-07-09
000001.SH,2025-07-10,3491.4973,3526.5899,3491.4973,3509.6818,2025-07-10
000001.SH,2025-07-11,3511.3656,3555.2179,3506.7994,3510.1772,2025-07-11
000001.SH,2025-07-14,3513.2515,3532.1183,3513.2515,3519.6498,2025-07-14
000001.SH,2025-07-15,3519.8052,3527.0379,3483.3798,3504.9988,2025-07-15
000001.SH,2025-07-16,3502.8987,3511.8058,3489.1368,3503.7769,2025-07-16
000001.SH,2025-07-17,3500.3715,3517.2847,3499.1856,3516.8255,2025-07-17
000001.SH,2025-07-18,3519.4752,3536.0143,3518.2313,3534.4827,2025-07-18
000001.SH,2025-07-21,3542.8164,3560.6285,3542.5677,3559.7912,2025-07-21
000001.SH,2025-07-22,3561.6316,3584.7185,3547.252,3581.8611,2025-07-22
000001.SH,2025-07-23,3588.8777,3613.0223,3577.5942,3582.298,2025-07-23
000001.SH,2025-07-24,3578.9121,3608.7278,3577.1131,3605.7269,2025-07-24
000001.SH,2025-07-25,3604.4505,3610.0287,3586.22,3593.6553,2025-07-25
000001.SH,2025-07-28,3594.2313,3606.2742,3582.1489,3597.9369,2025-07-28
000001.SH,2025-07-29,3595.8099,3611.3532,3585.9435,3609.7113,2025-07-29
000001.SH,2025-07-30,3608.354,3636.1664,3593.7338,3615.7167,2025-07-30
000001.SH,2025-07-31,3604.6959,3606.3744,3562.6072,3573.2082,2025-07-31
000001.SH,2025-08-01,3568.2608,3581.7457,3550.0434,3559.9518,2025-08-01
000001.SH,2025-08-04,3547.1629,3583.3088,3547.1629,3583.3088,2025-08-04
000001.SH,2025-08-05,3588.8077,3617.5976,3586.9686,3617.5976,2025-08-05
000001.SH,2025-08-06,3615.808,3634.3135,3613.9894,3633.9949,2025-08-06
000001.SH,2025-08-07,3637.7811,3645.117,3622.5224,3639.6666,2025-08-07
000001.SH,2025-08-08,3634.8546,3645.3667,3625.4508,3635.1281,2025-08-08
000001.SH,2025-08-11,3637.0534,3656.8517,3629.6267,3647.5467,2025-08-11
000001.SH,2025-08-12,3647.9625,3669.0384,3647.9625,3665.9177,2025-08-12
000001.SH,2025-08-13,3668.6581,3688.6276,3666.5468,3683.4648,2025-08-13
000001.SH,2025-08-14,3685.5223,3704.7715,3662.5695,3666.4426,2025-08-14
000001.SH,2025-08-15,3659.8146,3702.2553,3658.3762,3696.7705,2025-08-15
000001.SH,2025-08-18,3712.4952,3745.939,3702.3802,3728.0273,2025-08-18
000001.SH,2025-08-19,3728.4851,3746.669,3718.1467,3727.2879,2025-08-19
000001.SH,2025-08-20,3716.6847,3767.43,3704.9912,3766.2104,2025-08-20
000001.SH,2025-08-21,3770.6757,3787.9806,3757.9918,3771.0989,2025-08-21
000001.SH,2025-08-22,3772.2769,3825.7592,3772.2769,3825.7592,2025-08-22
000001.SH,2025-08-25,3848.1629,3883.5617,3839.9724,3883.5617,2025-08-25
000001.SH,2025-08-26,3871.471,3888.5985,3859.7575,3868.382,2025-08-26
000001.SH,2025-08-27,3869.6116,3887.198,3800.3499,3800.3499,2025-08-27
000001.SH,2025-08-28,3796.7112,3845.0871,3761.4221,3843.5974,2025-08-28
000001.SH,2025-08-29,3842.8234,3867.6058,3839.2059,3857.9274,2025-08-29
000001.SH,2025-09-01,3869.7457,3879.0453,3853.6584,3875.5304,2025-09-01
000001.SH,2025-09-02,3877.0858,3885.3145,3828.6775,3858.1334,2025-09-02
000001.SH,2025-09-03,3865.286,3868.3877,3794.8837,3813.5566,2025-09-03
000001.SH,2025-09-04,3807.7571,3808.3955,3732.8404,3765.8759,2025-09-04
000001.SH,2025-09-05,3761.8801,3817.1589,3745.3091,3812.5143,2025-09-05
000001.SH,2025-09-08,3811.6692,3833.143,3803.6033,3826.8407,2025-09-08
000001.SH,2025-09-09,3816.6574,3834.671,3791.7243,3807.2923,2025-09-09
000001.SH,2025-09-10,3806.5842,3826.9959,3794.0574,3812.2212,2025-09-10
000001.SH,2025-09-11,3806.0564,3875.3094,3796.4345,3875.3094,2025-09-11
000001.SH,2025-09-12,3875.5072,3892.7375,3866.5388,3870.5984,2025-09-12
000001.SH,2025-09-15,3876.0974,3879.7365,3855.9725,3860.5036,2025-09-15
000001.SH,2025-09-16,3865.9801,3876.6901,3838.6483,3861.8651,2025-09-16
000001.SH,2025-09-17,3854.0726,3882.6687,3848.9455,3876.3409,2025-09-17
000001.SH,2025-09-18,3876.0592,3899.9594,3800.9953,3831.6562,2025-09-18
000001.SH,2025-09-19,3830.4437,3843.1696,3811.9029,3820.0894,2025-09-19
000001.SH,2025-09-22,3822.0096,3831.7404,3806.2016,3828.5764,2025-09-22
000001.SH,2025-09-23,3830.1379,3838.6059,3774.5282,3821.8327,2025-09-23
000001.SH,2025-09-24,3804.4833,3854.923,3804.3279,3853.6422,2025-09-24
000001.SH,2025-09-25,3852.431,3866.1058,3840.459,3853.3021,2025-09-25
000001.SH,2025-09-26,3839.8553,3856.6062,3828.106,3828.106,2025-09-26
000001.SH,2025-09-29,3828.1656,3881.0023,3809.5352,3862.5317,2025-09-29
000001.SH,2025-09-30,3869.7046,3887.57,3866.2808,3882.7774,2025-09-30
000001.SH,2025-10-09,3898.307,3936.5761,3885.7437,3933.9724,2025-10-09
000001.SH,2025-10-10,3915.4752,3933.0053,3886.305,3897.0281,2025-10-10
000001.SH,2025-10-13,3800.1055,3895.83,3800.1055,3889.5022,2025-10-13
000001.SH,2025-10-14,3910.7825,3918.4357,3851.1209,3865.2289,2025-10-14
000001.SH,2025-10-15,3867.5364,3912.2912,3857.6668,3912.2095,2025-10-15
000001.SH,2025-10-16,3900.6834,3931.05,3899.1673,3916.228,2025-10-16
000001.SH,2025-10-17,3912.0403,3921.0648,3835.3648,3839.7553,2025-10-17
000001.SH,2025-10-20,3865.5523,3877.7215,3850.3673,3863.8926,2025-10-20
000001.SH,2025-10-21,3870.7488,3919.3183,3868.1453,3916.3322,2025-10-21
000001.SH,2025-10-22,3896.0736,3918.5924,3893.325,3913.7576,2025-10-22
000001.SH,2025-10-23,3904.159,3926.2171,3877.5294,3922.4101,2025-10-23
000001.SH,2025-10-24,3929.115,3950.3115,3928.9598,3950.3115,2025-10-24
000001.SH,2025-10-27,3969.2197,3999.0667,3963.1017,3996.9445,2025-10-27
000001.SH,2025-10-28,3986.8912,4010.7275,3976.8326,3988.2239,2025-10-28
000001.SH,2025-10-29,3990.2655,4016.331,3986.9414,4016.331,2025-10-29
000001.SH,2025-10-30,4007.8207,4025.7048,3984.8284,3986.9008,2025-10-30
000001.SH,2025-10-31,3985.0641,3986.7433,3951.7308,3954.79,2025-10-31
000001.SH,2025-11-03,3954.0783,3977.3051,3937.0215,3976.5207,2025-11-03
000001.SH,2025-11-04,3973.4575,3985.8822,3938.5197,3960.186,2025-11-04
000001.SH,2025-11-05,3922.5844,3979.7537,3922.5844,3969.2483,2025-11-05
000001.SH,2025-11-06,3973.3493,4008.7991,3973.3493,4007.7599,2025-11-06
000001.SH,2025-11-07,3994.3167,4012.0054,3993.691,3997.5557,2025-11-07
000001.SH,2025-11-10,4001.7939,4018.6958,3990.8359,4018.5972,2025-11-10
000001.SH,2025-11-11,4023.877,4024.939,3991.5156,4002.7576,2025-11-11
000001.SH,2025-11-12,3996.5648,4020.3775,3980.6756,4000.1396,2025-11-12
000001.SH,2025-11-13,3996.5143,4030.3983,3994.7712,4029.5012,2025-11-13
000001.SH,2025-11-14,4007.1258,4034.0786,3990.3074,3990.4921,2025-11-14
000001.SH,2025-11-17,3988.5564,3992.4041,3958.9484,3972.0348,2025-11-17
000001.SH,2025-11-18,3962.4437,3966.8854,3926.5885,3939.8131,2025-11-18
000001.SH,2025-11-19,3937.9198,3960.0518,3930.0745,3946.7424,2025-11-19
000001.SH,2025-11-20,3960.6993,3967.971,3927.5124,3931.0512,2025-11-20
000001.SH,2025-11-21,3896.6646,3912.0063,3834.749,3834.8908,2025-11-21
000001.SH,2025-11-24,3848.6565,3854.3305,3816.5757,3836.7655,2025-11-24
000001.SH,2025-11-25,3850.571,3882.0299,3845.1383,3870.0228,2025-11-25
000001.SH,2025-11-26,3867.429,3879.9231,3861.1769,3864.1844,2025-11-26
000001.SH,2025-11-27,3867.1971,3895.5892,3864.1311,3875.2594,2025-11-27
000001.SH,2025-11-28,3870.9438,3888.8885,3856.25,3888.5962,2025-11-28
000001.SH,2025-12-01,3894.2132,3914.4644,3890.9485,3914.0061,2025-12-01
000001.SH,2025-12-02,3908.4559,3908.7688,3888.3275,3897.7116,2025-12-02
000001.SH,2025-12-03,3894.1556,3901.696,3869.9528,3877.9996,2025-12-03
000001.SH,2025-12-04,3879.7417,3888.8595,3859.0491,3875.7933,2025-12-04
000001.SH,2025-12-05,3873.1207,3907.7816,3863.3137,3902.8076,2025-12-05
000001.SH,2025-12-08,3909.226,3936.3111,3904.7377,3924.0778,2025-12-08
000001.SH,2025-12-09,3916.5087,3923.8986,3902.1278,3909.5216,2025-12-09
000001.SH,2025-12-10,3901.1275,3906.1163,3876.4745,3900.496,2025-12-10
000001.SH,2025-12-11,3903.8948,3904.9632,3862.821,3873.3176,2025-12-11
000001.SH,2025-12-12,3869.4127,3891.8068,3850.5968,3889.3457,2025-12-12
000001.SH,2025-12-15,3865.4021,3896.9769,3863.6296,3867.9209,2025-12-15
000001.SH,2025-12-16,3861.5145,3862.4271,3815.8444,3824.8119,2025-12-16
000001.SH,2025-12-17,3822.5086,3881.7519,3817.9955,3870.2775,2025-12-17
000001.SH,2025-12-18,3857.2568,3888.2853,3856.4229,3876.3705,2025-12-18
000001.SH,2025-12-19,3878.227,3902.6708,3871.7767,3890.4475,2025-12-19
000001.SH,2025-12-22,3900.535,3920.0121,3900.5152,3917.3638,2025-12-22
000001.SH,2025-12-23,3919.1063,3937.127,3910.7449,3919.9786,2025-12-23
000001.SH,2025-12-24,3920.3466,3947.0408,3912.3107,3940.947,2025-12-24
000001.SH,2025-12-25,3937.7196,3964.0733,3936.0782,3959.6211,2025-12-25
000001.SH,2025-12-26,3957.8326,3977.7062,3945.5238,3963.6789,2025-12-26
000001.SH,2025-12-29,3964.6513,3983.9787,3956.9455,3965.2796,2025-12-29
000001.SH,2025-12-30,3947.8707,3979.9901,3947.4187,3965.1159,2025-12-30
000001.SH,2025-12-31,3968.7256,3977.5358,3955.4871,3968.8401,2025-12-31
000001.SH,2026-01-05,3986.9721,4025.2632,3983.5759,4023.4167,2026-01-05
000001.SH,2026-01-06,4026.0158,4083.6672,4025.088,4083.6672,2026-01-06
000001.SH,2026-01-07,4083.843,4098.7771,4069.4358,4085.7723,2026-01-07
000001.SH,2026-01-08,4077.715,4093.8718,4067.1216,4082.9788,2026-01-08
000001.SH,2026-01-09,4086.7624,4121.7226,4083.6155,4120.426,2026-01-09
000001.SH,2026-01-12,4134.893,4168.3569,4119.8793,4165.287,2026-01-12
000001.SH,2026-01-13,4169.7041,4179.702,4126.2343,4138.7585,2026-01-13
000001.SH,2026-01-14,4138.6454,4190.8663,4103.6205,4126.0932,2026-01-14
000001.SH,2026-01-15,4106.2241,4133.0726,4096.8496,4112.6012,2026-01-15
000001.SH,2026-01-16,4127.0632,4140.2251,4091.8106,4101.9127,2026-01-16
000001.SH,2026-01-19,4090.7185,4126.5175,4090.0567,4114.0001,2026-01-19
000001.SH,2026-01-20,4116.3659,4128.9304,4080.2938,4113.649,2026-01-20
000001.SH,2026-01-21,4103.5291,4135.9585,4103.5291,4116.94,2026-01-21
000001.SH,2026-01-22,4126.0717,4140.8378,4109.9232,4122.576,2026-01-22
000001.SH,2026-01-23,4130.1076,4143.7498,4120.204,4136.1642,2026-01-23
000001.SH,2026-01-26,4144.7782,4160.9852,4124.7004,4132.6052,2026-01-26
000001.SH,2026-01-27,4125.2155,4158.8019,4101.8299,4139.9041,2026-01-27
000001.SH,2026-01-28,4150.2152,4170.1468,4138.0188,4151.2378,2026-01-28
000001.SH,2026-01-29,4155.9185,4170.2138,4138.2992,4157.9845,2026-01-29
000001.SH,2026-01-30,4131.9929,4152.8501,4064.7769,4117.9476,2026-01-30
000001.SH,2026-02-02,4079.7075,4103.4073,4013.6557,4015.7464,2026-02-02
000001.SH,2026-02-03,4043.9061,4069.4179,4002.782,4067.7379,2026-02-03
000001.SH,2026-02-04,4064.6772,4104.6207,4062.6825,4102.202,2026-02-04
000001.SH,2026-02-05,4075.0254,4088.9041,4048.939,4075.9167,2026-02-05
000001.SH,2026-02-06,4040.2992,4095.0303,4029.9731,4065.5834,2026-02-06
000001.SH,2026-02-09,4103.5396,4123.1587,4093.0561,4123.0897,2026-02-09
000001.SH,2026-02-10,4127.7658,4134.3382,4117.5635,4128.3731,2026-02-10
000001.SH,2026-02-11,4124.4277,4142.5612,4122.4283,4131.985,2026-02-11
000001.SH,2026-02-12,4136.99,4140.5931,4124.1308,4134.0178,2026-02-12
000001.SH,2026-02-13,4115.9243,4123.8443,4079.7702,4082.0726,2026-02-13
000001.SH,2026-02-24,4129.1338,4131.5499,4105.9369,4117.4089,2026-02-24
000001.SH,2026-02-25,4123.7808,4167.8438,4122.6987,4147.2305,2026-02-25
000001.SH,2026-02-26,4151.068,4152.1926,4127.1531,4146.6311,2026-02-26
000001.SH,2026-02-27,4128.8974,4166.2344,4128.36,4162.8815,2026-02-27
000001.SH,2026-03-02,4151.8011,4188.7702,4131.3676,4182.5909,2026-03-02
000001.SH,2026-03-03,4189.4079,4197.228,4116.011,4122.676,2026-03-03
000001.SH,2026-03-04,4087.632,4106.0397,4055.4125,4082.474,2026-03-04
000001.SH,2026-03-05,4109.777,4125.6166,4090.6213,4108.567,2026-03-05
000001.SH,2026-03-06,4085.8954,4129.4647,4085.8954,4124.194,2026-03-06
000001.SH,2026-03-09,4098.6987,4106.5336,4052.5454,4096.6023,2026-03-09
000001.SH,2026-03-10,4098.5869,4123.9578,4098.5869,4123.138,2026-03-10
000001.SH,2026-03-11,4123.6663,4135.8392,4112.7998,4133.4331,2026-03-11
000001.SH,2026-03-12,4133.1996,4141.6488,4103.1636,4129.1026,2026-03-12
000001.SH,2026-03-13,4117.5738,4134.0794,4086.8469,4095.4485,2026-03-13
000001.SH,2026-03-16,4092.2491,4096.1333,4048.0866,4084.7858,2026-03-16
000001.SH,2026-03-17,4086.2953,4108.4,4049.5801,4049.9073,2026-03-17
000001.SH,2026-03-18,4053.3052,4065.3734,4023.0295,4062.9844,2026-03-18
000001.SH,2026-03-19,4028.542,4042.0221,3994.1651,4006.5523,2026-03-19
000001.SH,2026-03-20,4004.5732,4022.7033,3955.7113,3957.0527,2026-03-20
000001.SH,2026-03-23,3904.9513,3906.622,3794.6844,3813.2829,2026-03-23
000001.SH,2026-03-24,3849.6312,3881.4236,3807.9937,3881.2797,2026-03-24
000001.SH,2026-03-25,3892.269,3933.0613,3891.8159,3931.8375,2026-03-25
000001.SH,2026-03-26,3924.9621,3937.1041,3880.5729,3889.0835,2026-03-26
000001.SH,2026-03-27,3852.0936,3924.1075,3852.0936,3913.7238,2026-03-27
000001.SH,2026-03-30,3884.2769,3924.2893,3872.7756,3923.2869,2026-03-30
000001.SH,2026-03-31,3924.067,3948.8107,3891.8605,3891.8605,2026-03-31
000001.SH,2026-04-01,3939.5658,3955.943,3929.9213,3948.5521,2026-04-01
000001.SH,2026-04-02,3940.7989,3952.5761,3900.1164,3919.2852,2026-04-02
000001.SH,2026-04-03,3927.5923,3929.5285,3871.3004,3880.0967,2026-04-03
000001.SH,2026-04-07,3884.1505,3902.6065,3875.6843,3890.1645,2026-04-07
000001.SH,2026-04-08,3930.2507,3994.9975,3926.2489,3994.9975,2026-04-08
000001.SH,2026-04-09,3967.6296,3979.1271,3955.2458,3966.1712,2026-04-09
000001.SH,2026-04-10,3985.464,4011.0243,3979.814,3986.2247,2026-04-10
000001.SH,2026-04-13,3971.1985,3991.2622,3966.1981,3988.558,2026-04-13
000001.SH,2026-04-14,4006.7267,4026.6256,3992.4071,4026.6256,2026-04-14
000001.SH,2026-04-15,4039.4711,4050.6208,4020.9039,4027.2095,2026-04-15
000001.SH,2026-04-16,4030.1378,4057.8314,4028.9086,4055.5468,2026-04-16
000001.SH,2026-04-17,4043.3813,4058.6041,4038.4287,4051.4254,2026-04-17
000001.SH,2026-04-20,4053.3745,4083.1902,4051.685,4082.1271,2026-04-20
000001.SH,2026-04-21,4075.8454,4086.6369,4062.1326,4085.0766,2026-04-21
000001.SH,2026-04-22,4074.8131,4106.8441,4074.6796,4106.2581,2026-04-22
000001.SH,2026-04-23,4110.7883,4114.8443,4070.4598,4093.2501,2026-04-23
000001.SH,2026-04-24,4081.0326,4092.6131,4061.1453,4079.9004,2026-04-24
000001.SH,2026-04-27,4074.8109,4092.8305,4071.0803,4086.3442,2026-04-27
000001.SH,2026-04-28,4076.1431,4090.2014,4062.872,4078.6374,2026-04-28
000001.SH,2026-04-29,4061.8221,4112.1518,4061.8221,4107.5144,2026-04-29
000001.SH,2026-04-30,4107.2974,4118.7552,4100.9656,4112.1593,2026-04-30
000001.SH,2026-05-06,4135.4505,4166.1469,4129.9108,4160.1737,2026-05-06
000001.SH,2026-05-07,4168.4467,4180.2099,4163.1365,4180.0922,2026-05-07
000001.SH,2026-05-08,4163.8537,4183.0631,4154.2456,4179.9524,2026-05-08
000001.SH,2026-05-11,4201.3465,4229.5795,4186.0819,4225.0207,2026-05-11
000001.SH,2026-05-12,4229.2833,4230.1839,4199.344,4214.4891,2026-05-12
000001.SH,2026-05-13,4192.3145,4245.0684,4192.3145,4242.572,2026-05-13
000001.SH,2026-05-14,4256.1569,4258.8631,4177.9175,4177.9175,2026-05-14
000001.SH,2026-05-15,4174.175,4191.8068,4114.0856,4135.3894,2026-05-15
000001.SH,2026-05-18,4120.1401,4145.6612,4108.6044,4131.5276,2026-05-18
000001.SH,2026-05-19,4122.9608,4170.2887,4107.9944,4169.5378,2026-05-19
000001.SH,2026-05-20,4152.6984,4169.8468,4139.9744,4162.1845,2026-05-20
000001.SH,2026-05-21,4174.3772,4199.5269,4074.2167,4077.2765,2026-05-21
000001.SH,2026-05-22,4096.1723,4120.0875,4067.7471,4112.8996,2026-05-22
000001.SH,2026-05-25,4126.3376,4153.8788,4119.7996,4152.5686,2026-05-25
000001.SH,2026-05-26,4137.3196,4150.2888,4104.4593,4145.373,2026-05-26
000001.SH,2026-05-27,4138.8053,4153.5614,4077.616,4093.7266,2026-05-27
000001.SH,2026-05-28,4080.3044,4110.7821,4055.8275,4098.6358,2026-05-28
000001.SH,2026-05-29,4110.5212,4112.9553,4055.8861,4068.5691,2026-05-29
000001.SH,2026-06-01,4067.1578,4093.0405,4045.6898,4057.74,2026-06-01
000001.SH,2026-06-02,4061.4629,4089.5747,4032.5826,4075.1016,2026-06-02
000001.SH,2026-06-03,4068.3408,4107.0458,4059.9067,4083.974,2026-06-03
000001.SH,2026-06-04,4053.6702,4080.7178,4043.4331,4057.7811,2026-06-04
000001.SH,2026-06-05,4044.8292,4078.9317,4015.0629,4027.7362,2026-06-05
000001.SH,2026-06-08,3938.7093,4007.493,3927.8527,3959.3378,2026-06-08
000001.SH,2026-06-09,3977.5394,4010.8715,3955.908,4010.0307,2026-06-09
000001.SH,2026-06-10,3985.1244,4006.3127,3963.4417,3993.2258,2026-06-10
000001.SH,2026-06-11,3979.7057,3997.4777,3958.4371,3987.0147,2026-06-11
000001.SH,2026-06-12,4017.8648,4060.271,4008.1769,4031.5129,2026-06-12
000001.SH,2026-06-15,4053.5822,4097.1657,4051.0651,4096.4717,2026-06-15
000001.SH,2026-06-16,4094.2124,4103.9259,4077.8702,4091.8917,2026-06-16
000001.SH,2026-06-17,4074.2913,4109.9579,4073.7319,4108.0762,2026-06-17
000001.SH,2026-06-18,4094.2301,4117.451,4080.2938,4090.4813,2026-06-18
000001.SH,2026-06-22,4093.9546,4164.4178,4070.1723,4163.0965,2026-06-22
000001.SH,2026-06-23,4153.593,4175.3476,4085.5908,4106.2517,2026-06-23
000001.SH,2026-06-24,4090.1001,4117.2848,4075.4921,4110.8134,2026-06-24
000001.SH,2026-06-25,4103.4817,4133.0975,4093.0087,4120.2806,2026-06-25
000001.SH,2026-06-26,4098.6864,4099.7796,4007.8593,4027.2648,2026-06-26
000001.SH,2026-06-29,4026.6858,4075.3343,3992.5522,4073.9017,2026-06-29
000001.SH,2026-06-30,4058.1695,4097.415,4052.17,4094.3972,2026-06-30
000001.SH,2026-07-01,4090.7598,4143.3135,4087.5354,4112.4453,2026-07-01
000001.SH,2026-07-02,4054.0857,4093.6777,4019.2147,4028.9038,2026-07-02
000001.SH,2026-07-03,4031.3351,4073.8802,4027.2553,4043.6432,2026-07-03
000001.SH,2026-07-06,4059.1941,4060.0688,4005.4137,4041.2382,2026-07-06
000001.SH,2026-07-07,4019.4942,4028.5139,3971.7126,3990.2353,2026-07-07
000001.SH,2026-07-08,3996.8069,4016.0262,3967.9128,3970.8797,2026-07-08
000001.SH,2026-07-09,3977.5473,4040.5387,3938.8775,4036.5879,2026-07-09
000001.SH,2026-07-10,4031.5373,4074.828,3995.8072,3996.1616,2026-07-10
000001.SH,2026-07-13,3966.0234,3983.0535,3900.6676,3913.794,2026-07-13
000001.SH,2026-07-14,3909.274,3967.1262,3869.3042,3967.1262,2026-07-14
000001.SH,2026-07-15,3963.7267,3981.6716,3943.6953,3955.5781,2026-07-15
000001.SH,2026-07-16,3912.3812,3940.4505,3867.6012,3882.4126,2026-07-16
000001.SH,2026-07-17,3865.3165,3869.2148,3745.1744,3764.1547,2026-07-17
000001.SH,2026-07-20,3791.6616,3831.6593,3741.1099,3796.2814,2026-07-20
000001.SH,2026-07-21,3812.1618,3864.6002,3743.3601,3864.3671,2026-07-21
000001.SH,2026-07-22,3839.6654,3884.4352,3839.6654,3867.0336,2026-07-22
000001.SH,2026-07-23,3868.0871,3878.8318,3851.7058,3876.7774,2026-07-23
000001.SH,2026-07-24,3853.6316,3861.0404,3808.6359,3814.1978,2026-07-24
000001.SH,2026-07-27,3808.9032,3858.3097,3793.4489,3858.245,2026-07-27
000001.SH,2026-07-28,3823.1331,3844.0118,3797.3727,3813.3146,2026-07-28
000001.SH,2026-07-29,3823.2931,3845.7661,3782.4811,3828.469,2026-07-29
000001.SH,2026-07-30,3812.111,3839.3407,3767.5033,3804.6926,2026-07-30
000001.SH,2026-07-31,3833.5359,3847.0926,3822.3736,3832.2624,2026-07-31
000001.SH,2026-08-03,3812.6129,3827.6359,3797.6431,3809.6629,2026-08-03
000001.SH,2026-08-04,3816.3699,3831.94,3799.5244,3822.2846,2026-08-04
000001.SH,2026-08-05,3815.1217,3884.3971,3815.1217,3878.4296,2026-08-05
000001.SH,2026-08-06,3864.2734,3902.0543,3864.2734,3900.3523,2026-08-06
000001.SH,2026-08-07,3896.4854,3940.9347,3885.6248,3940.0371,2026-08-07
000001.SH,2026-08-10,3943.816,3967.5919,3938.625,3966.5935,2026-08-10
000001.SH,2026-08-11,3950.7078,3966.391,3930.6386,3934.0929,2026-08-11
000001.SH,2026-08-12,3933.5533,3950.6213,3927.5489,3946.6752,2026-08-12
000001.SH,2026-08-13,3957.1612,3968.4758,3924.6418,3926.9648,2026-08-13
000001.SH,2026-08-14,3930.0215,3932.6405,3903.7048,3927.1764,2026-08-14
000001.SH,2026-08-17,3930.1044,3983.5066,3924.4738,3982.6535,2026-08-17
000001.SH,2026-08-18,3979.4898,3994.1812,3955.6012,3990.3037,2026-08-18
000001.SH,2026-08-19,3952.1219,3961.1368,3879.5785,3894.4224,2026-08-19
000001.SH,2026-08-20,3907.2058,3925.0615,3888.0989,3903.721,2026-08-20
000001.SH,2026-08-21,3891.1751,3912.1314,3883.787,3905.2026,2026-08-21
000001.SH,2026-08-24,3902.6963,3910.2394,3855.3524,3882.0079,2026-08-24
000001.SH,2026-08-25,3863.3695,3896.206,3850.8628,3889.4449,2026-08-25
000001.SH,2026-08-26,3881.7408,3926.435,3881.7408,3912.5235,2026-08-26
000001.SH,2026-08-27,3911.8908,3958.0328,3909.3122,3956.571,2026-08-27
000001.SH,2026-08-28,3950.2368,3970.3095,3947.7981,3952.179,2026-08-28
000001.SH,2026-08-31,3926.5312,3986.298,3926.5039,3986.298,2026-08-31
000001.SH,2026-09-01,3979.8814,3995.1751,3976.4685,3979.8877,2026-09-01
000001.SH,2026-09-02,3963.0661,3965.8078,3932.2515,3941.3862,2026-09-02
000001.SH,2026-09-03,3952.7948,3968.112,3930.4472,3942.0879,2026-09-03
000001.SH,2026-09-04,3955.5489,3980.2022,3915.2213,3930.1164,2026-09-04
000001.SH,2026-09-07,3942.5093,3948.4206,3916.4915,3932.6992,2026-09-07
000300.SH,2010-01-04,3592.468,3597.748,3535.229,3535.229,2010-01-04
000300.SH,2010-01-05,3545.186,3577.526,3497.661,3564.038,2010-01-05
000300.SH,2010-01-06,3558.7,3588.832,3541.173,3541.727,2010-01-06
000300.SH,2010-01-07,3543.16,3558.556,3452.769,3471.456,2010-01-07
000300.SH,2010-01-08,3456.908,3482.083,3426.698,3480.13,2010-01-08
000300.SH,2010-01-11,3593.106,3594.528,3465.317,3482.052,2010-01-11
000300.SH,2010-01-12,3477.842,3535.407,3437.661,3534.916,2010-01-12
000300.SH,2010-01-13,3448.291,3490.112,3415.693,3421.144,2010-01-13
000300.SH,2010-01-14,3433.472,3470.323,3411.812,3469.051,2010-01-14
000300.SH,2010-01-15,3472.524,3500.072,3448.661,3482.738,2010-01-15
000300.SH,2010-01-18,3471.777,3501.26,3458.042,3500.684,2010-01-18
000300.SH,2010-01-19,3506.806,3528.39,3497.094,3507.482,2010-01-19
000300.SH,2010-01-20,3512.246,3515.449,3387.818,3394.434,2010-01-20
000300.SH,2010-01-21,3397.043,3425.18,3364.723,3408.574,2010-01-21
000300.SH,2010-01-22,3364.452,3390.796,3293.194,3366.197,2010-01-22
000300.SH,2010-01-25,3340.013,3372.426,3326.266,3328.014,2010-01-25
000300.SH,2010-01-26,3328.113,3341.198,3222.14,3242.797,2010-01-26
000300.SH,2010-01-27,3243.038,3255.116,3183.365,3198.566,2010-01-27
000300.SH,2010-01-28,3195.289,3220.306,3168.463,3206.57,2010-01-28
000300.SH,2010-01-29,3190.315,3249.455,3176.916,3204.155,2010-01-29
000300.SH,2010-02-01,3198.23,3198.311,3116.439,3152.707,2010-02-01
000300.SH,2010-02-02,3170.778,3211.941,3143.085,3146.189,2010-02-02
000300.SH,2010-02-03,3160.712,3231.102,3094.568,3230.715,2010-02-03
000300.SH,2010-02-04,3206.431,3242.519,3190.437,3218.802,2010-02-04
000300.SH,2010-02-05,3147.721,3177.42,3129.921,3153.087,2010-02-05
000300.SH,2010-02-08,3152.253,3172.306,3133.808,3150.988,2010-02-08
000300.SH,2010-02-09,3147.761,3178.947,3144.478,3169.19,2010-02-09
000300.SH,2010-02-10,3195.142,3214.456,3182.834,3214.13,2010-02-10
000300.SH,2010-02-11,3216.688,3238.349,3207.165,3220.398,2010-02-11
000300.SH,2010-02-12,3232.879,3253.196,3228.738,3251.278,2010-02-12
000300.SH,2010-02-22,3248.947,3261.949,3232.784,3233.345,2010-02-22
000300.SH,2010-02-23,3225.393,3225.393,3152.934,3198.634,2010-02-23
000300.SH,2010-02-24,3177.082,3244.816,3165.133,3244.483,2010-02-24
000300.SH,2010-02-25,3252.153,3294.144,3249.329,3292.128,2010-02-25
000300.SH,2010-02-26,3286.095,3301.149,3273.693,3281.666,2010-02-26
000300.SH,2010-03-01,3290.007,3330.378,3287.556,3324.423,2010-03-01
000300.SH,2010-03-02,3327.103,3339.894,3299.685,3311.236,2010-03-02
000300.SH,2010-03-03,3313.023,3335.654,3293.916,3335.081,2010-03-03
000300.SH,2010-03-04,3338.674,3345.909,3244.978,3250.573,2010-03-04
000300.SH,2010-03-05,3253.164,3276.403,3239.677,3259.764,2010-03-05
000300.SH,2010-03-08,3268.397,3293.93,3258.034,3286.178,2010-03-08
000300.SH,2010-03-09,3285.62,3322.506,3255.982,3305.863,2010-03-09
000300.SH,2010-03-10,3304.036,3321.081,3267.761,3279.694,2010-03-10
000300.SH,2010-03-11,3282.199,3303.488,3251.704,3276.705,2010-03-11
000300.SH,2010-03-12,3277.309,3284.263,3232.117,3233.126,2010-03-12
000300.SH,2010-03-15,3231.216,3234.821,3171.803,3183.183,2010-03-15
000300.SH,2010-03-16,3183.775,3204.289,3169.098,3203.971,2010-03-16
000300.SH,2010-03-17,3214.216,3273.998,3207.271,3273.916,2010-03-17
000300.SH,2010-03-18,3277.883,3295.368,3256.593,3267.555,2010-03-18
000300.SH,2010-03-19,3270.978,3296.411,3251.136,3293.871,2010-03-19
000300.SH,2010-03-22,3297.824,3313.922,3288.506,3302.628,2010-03-22
000300.SH,2010-03-23,3305.554,3309.12,3272.921,3275.573,2010-03-23
000300.SH,2010-03-24,3282.052,3298.543,3271.033,3276.669,2010-03-24
000300.SH,2010-03-25,3270.39,3270.39,3222.821,3229.128,2010-03-25
000300.SH,2010-03-26,3226.8,3285.388,3220.594,3275.002,2010-03-26
000300.SH,2010-03-29,3295.763,3363.605,3293.671,3358.54,2010-03-29
000300.SH,2010-03-30,3361.353,3372.265,3350.313,3366.708,2010-03-30
000300.SH,2010-03-31,3369.193,3369.901,3338.745,3345.607,2010-03-31
000300.SH,2010-04-01,3349.884,3392.481,3349.884,3391.935,2010-04-01
000300.SH,2010-04-02,3400.139,3412.2,3391.806,3407.346,2010-04-02
000300.SH,2010-04-06,3422.849,3436.29,3386.888,3405.145,2010-04-06
000300.SH,2010-04-07,3403.088,3404.582,3369.017,3386.949,2010-04-07
000300.SH,2010-04-08,3381.306,3381.306,3336.156,3346.744,2010-04-08
000300.SH,2010-04-09,3348.773,3379.398,3342.471,3379.17,2010-04-09
000300.SH,2010-04-12,3388.355,3393.557,3330.3,3351.478,2010-04-12
000300.SH,2010-04-13,3350.726,3401.707,3324.048,3391.716,2010-04-13
000300.SH,2010-04-14,3394.635,3404.516,3377.437,3403.707,2010-04-14
000300.SH,2010-04-15,3407.025,3412.937,3365.881,3394.574,2010-04-15
000300.SH,2010-04-16,3388.286,3388.286,3348.781,3356.332,2010-04-16
000300.SH,2010-04-19,3313.499,3313.499,3175.441,3176.423,2010-04-19
000300.SH,2010-04-20,3176.414,3196.646,3130.96,3173.374,2010-04-20
000300.SH,2010-04-21,3178.877,3237.537,3164.765,3236.679,2010-04-21
000300.SH,2010-04-22,3222.68,3231.985,3177.726,3201.541,2010-04-22
000300.SH,2010-04-23,3198.784,3224.739,3172.578,3190.003,2010-04-23
000300.SH,2010-04-26,3195.457,3207.715,3168.374,3171.997,2010-04-26
000300.SH,2010-04-27,3163.101,3163.101,3060.854,3108.409,2010-04-27
000300.SH,2010-04-28,3080.324,3122.115,3062.085,3097.353,2010-04-28
000300.SH,2010-04-29,3114.941,3130.696,3059.796,3060.064,2010-04-29
000300.SH,2010-04-30,3060.12,3068.127,3014.069,3067.365,2010-04-30
000300.SH,2010-05-04,3005.487,3056.082,2994.921,3019.449,2010-05-04
000300.SH,2010-05-05,2981.777,3036.865,2943.361,3036.394,2010-05-05
000300.SH,2010-05-06,3014.907,3014.907,2895.392,2896.856,2010-05-06
000300.SH,2010-05-07,2835.879,2892.533,2817.153,2836.789,2010-05-07
000300.SH,2010-05-10,2842.366,2872.314,2798.523,2858.233,2010-05-10
000300.SH,2010-05-11,2916.335,2922.125,2790.701,2800.817,2010-05-11
000300.SH,2010-05-12,2781.708,2832.147,2756.422,2818.16,2010-05-12
000300.SH,2010-05-13,2818.578,2886.972,2811.661,2886.911,2010-05-13
000300.SH,2010-05-14,2865.58,2888.093,2849.241,2868.023,2010-05-14
000300.SH,2010-05-17,2828.882,2828.882,2712.444,2714.715,2010-05-17
000300.SH,2010-05-18,2711.407,2781.845,2686.973,2771.348,2010-05-18
000300.SH,2010-05-19,2748.952,2803.695,2723.304,2762.174,2010-05-19
000300.SH,2010-05-20,2739.219,2793.876,2721.072,2726.022,2010-05-20
000300.SH,2010-05-21,2656.419,2769.094,2647.597,2768.791,2010-05-21
000300.SH,2010-05-24,2787.751,2886.368,2787.751,2873.469,2010-05-24
000300.SH,2010-05-25,2851.256,2855.332,2798.02,2813.943,2010-05-25
000300.SH,2010-05-26,2814.444,2839.031,2797.628,2813.944,2010-05-26
000300.SH,2010-05-27,2808.048,2866.865,2771.586,2859.979,2010-05-27
000300.SH,2010-05-28,2885.857,2893.687,2835.069,2850.302,2010-05-28
000300.SH,2010-05-31,2835.334,2857.416,2772.792,2773.264,2010-05-31
000300.SH,2010-06-01,2755.284,2782.288,2710.593,2744.162,2010-06-01
000300.SH,2010-06-02,2729.328,2757.914,2700.075,2757.527,2010-06-02
000300.SH,2010-06-03,2769.096,2787.512,2735.7,2736.076,2010-06-03
000300.SH,2010-06-04,2721.359,2748.476,2713.095,2744.391,2010-06-04
000300.SH,2010-06-07,2692.831,2716.401,2673.342,2695.715,2010-06-07
000300.SH,2010-06-08,2694.106,2720.586,2672.058,2699.336,2010-06-08
000300.SH,2010-06-09,2711.642,2787.825,2687.331,2782.133,2010-06-09
000300.SH,2010-06-10,2755.94,2776.259,2746.107,2750.023,2010-06-10
000300.SH,2010-06-11,2766.196,2782.095,2755.949,2758.866,2010-06-11
000300.SH,2010-06-17,2778.533,2784.916,2742.64,2742.733,2010-06-17
000300.SH,2010-06-18,2739.032,2755.842,2686.614,2696.166,2010-06-18
000300.SH,2010-06-21,2698.984,2784.47,2686.323,2780.663,2010-06-21
000300.SH,2010-06-22,2772.886,2795.323,2766.443,2783.72,2010-06-22
000300.SH,2010-06-23,2768.695,2788.219,2734.047,2758.495,2010-06-23
000300.SH,2010-06-24,2753.712,2783.508,2739.807,2757.498,2010-06-24
000300.SH,2010-06-25,2744.122,2759.445,2715.655,2736.287,2010-06-25
000300.SH,2010-06-28,2734.507,2751.455,2710.087,2716.777,2010-06-28
000300.SH,2010-06-29,2717.465,2724.231,2591.694,2592.019,2010-06-29
000300.SH,2010-06-30,2572.912,2575.824,2546.843,2563.07,2010-06-30
000300.SH,2010-07-01,2557.92,2574.098,2524.573,2526.071,2010-07-01
000300.SH,2010-07-02,2523.035,2542.122,2462.202,2534.105,2010-07-02
000300.SH,2010-07-05,2507.354,2529.425,2476.49,2512.651,2010-07-05
000300.SH,2010-07-06,2504.869,2563.411,2502.931,2562.902,2010-07-06
000300.SH,2010-07-07,2561.106,2580.608,2548.559,2580.477,2010-07-07
000300.SH,2010-07-08,2591.509,2602.23,2564.638,2575.921,2010-07-08
000300.SH,2010-07-09,2578.555,2662.163,2557.259,2647.104,2010-07-09
000300.SH,2010-07-12,2647.421,2689.809,2636.648,2676.218,2010-07-12
000300.SH,2010-07-13,2649.658,2649.658,2618.34,2634.593,2010-07-13
000300.SH,2010-07-14,2640.925,2684.616,2640.542,2653.609,2010-07-14
000300.SH,2010-07-15,2650.334,2680.442,2607.788,2608.519,2010-07-15
000300.SH,2010-07-16,2597.0,2621.332,2573.794,2616.128,2010-07-16
000300.SH,2010-07-19,2592.087,2691.937,2585.007,2682.472,2010-07-19
000300.SH,2010-07-20,2685.459,2746.237,2685.459,2741.503,2010-07-20
000300.SH,2010-07-21,2744.696,2766.205,2733.721,2747.335,2010-07-21
000300.SH,2010-07-22,2738.027,2783.138,2734.071,2781.286,2010-07-22
000300.SH,2010-07-23,2787.521,2806.979,2769.44,2793.076,2010-07-23
000300.SH,2010-07-26,2798.762,2811.953,2775.778,2811.055,2010-07-26
000300.SH,2010-07-27,2803.755,2812.208,2785.374,2795.724,2010-07-27
000300.SH,2010-07-28,2796.483,2866.404,2784.155,2863.724,2010-07-28
000300.SH,2010-07-29,2866.772,2888.599,2851.996,2877.976,2010-07-29
000300.SH,2010-07-30,2871.481,2876.136,2844.682,2868.846,2010-07-30
000300.SH,2010-08-02,2868.279,2922.612,2867.45,2917.275,2010-08-02
000300.SH,2010-08-03,2925.254,2929.614,2865.761,2865.971,2010-08-03
000300.SH,2010-08-04,2858.354,2876.595,2818.248,2876.434,2010-08-04
000300.SH,2010-08-05,2874.66,2877.31,2833.669,2850.829,2010-08-05
000300.SH,2010-08-06,2848.155,2898.534,2821.033,2897.659,2010-08-06
000300.SH,2010-08-09,2894.103,2922.624,2888.045,2918.241,2010-08-09
000300.SH,2010-08-10,2920.404,2925.296,2832.078,2832.638,2010-08-10
000300.SH,2010-08-11,2823.15,2864.361,2823.15,2850.211,2010-08-11
000300.SH,2010-08-12,2822.791,2860.369,2810.102,2816.386,2010-08-12
000300.SH,2010-08-13,2818.41,2856.043,2799.221,2855.547,2010-08-13
000300.SH,2010-08-16,2851.219,2927.688,2843.024,2922.083,2010-08-16
000300.SH,2010-08-17,2927.258,2949.73,2917.834,2942.291,2010-08-17
000300.SH,2010-08-18,2945.979,2962.749,2924.668,2937.362,2010-08-18
000300.SH,2010-08-19,2940.767,2975.188,2928.013,2955.395,2010-08-19
000300.SH,2010-08-20,2943.334,2951.956,2892.64,2898.333,2010-08-20
000300.SH,2010-08-23,2895.707,2920.541,2886.659,2896.192,2010-08-23
000300.SH,2010-08-24,2892.129,2933.118,2866.802,2911.827,2010-08-24
000300.SH,2010-08-25,2893.986,2904.662,2842.249,2843.023,2010-08-25
000300.SH,2010-08-26,2853.105,2868.878,2836.129,2850.093,2010-08-26
000300.SH,2010-08-27,2847.448,2861.074,2833.422,2858.566,2010-08-27
000300.SH,2010-08-30,2874.247,2921.085,2872.918,2915.01,2010-08-30
000300.SH,2010-08-31,2905.154,2910.06,2889.808,2903.188,2010-08-31
000300.SH,2010-09-01,2907.663,2931.76,2859.166,2884.042,2010-09-01
000300.SH,2010-09-02,2917.735,2931.547,2903.028,2921.393,2010-09-02
000300.SH,2010-09-03,2926.939,2929.548,2891.878,2920.205,2010-09-03
000300.SH,2010-09-06,2935.89,2980.424,2935.89,2975.09,2010-09-06
000300.SH,2010-09-07,2979.298,2991.435,2959.902,2983.108,2010-09-07
000300.SH,2010-09-08,2970.002,2982.72,2953.839,2980.967,2010-09-08
000300.SH,2010-09-09,2986.867,2986.867,2922.2,2926.46,2010-09-09
000300.SH,2010-09-10,2928.001,2940.79,2890.035,2932.554,2010-09-10
000300.SH,2010-09-13,2933.594,2977.078,2925.416,2962.319,2010-09-13
000300.SH,2010-09-14,2971.547,2984.466,2954.507,2965.009,2010-09-14
000300.SH,2010-09-15,2965.539,2965.539,2905.63,2913.194,2010-09-15
000300.SH,2010-09-16,2908.322,2917.849,2834.033,2857.789,2010-09-16
000300.SH,2010-09-17,2864.717,2877.083,2847.681,2861.369,2010-09-17
000300.SH,2010-09-20,2865.04,2872.219,2829.757,2849.828,2010-09-20
000300.SH,2010-09-21,2859.43,2869.38,2844.125,2857.476,2010-09-21
000300.SH,2010-09-27,2869.928,2905.526,2864.209,2905.029,2010-09-27
000300.SH,2010-09-28,2900.536,2900.536,2875.658,2880.907,2010-09-28
000300.SH,2010-09-29,2877.269,2908.732,2866.854,2874.812,2010-09-29
000300.SH,2010-09-30,2859.06,2935.595,2857.418,2935.574,2010-09-30
000300.SH,2010-10-08,2965.652,3055.836,2963.237,3044.233,2010-10-08
000300.SH,2010-10-11,3069.188,3154.204,3069.188,3132.895,2010-10-11
000300.SH,2010-10-12,3121.636,3173.849,3106.224,3172.726,2010-10-12
000300.SH,2010-10-13,3176.886,3221.646,3165.578,3217.577,2010-10-13
000300.SH,2010-10-14,3245.133,3286.023,3215.031,3224.14,2010-10-14
000300.SH,2010-10-15,3204.723,3327.683,3199.122,3327.683,2010-10-15
000300.SH,2010-10-18,3345.804,3390.015,3288.781,3306.16,2010-10-18
000300.SH,2010-10-19,3300.517,3375.867,3279.999,3375.674,2010-10-19
000300.SH,2010-10-20,3304.221,3439.225,3301.009,3396.879,2010-10-20
000300.SH,2010-10-21,3404.721,3418.091,3344.962,3374.685,2010-10-21
000300.SH,2010-10-22,3365.597,3408.491,3346.111,3378.655,2010-10-22
000300.SH,2010-10-25,3386.85,3481.347,3366.43,3481.081,2010-10-25
000300.SH,2010-10-26,3491.474,3499.817,3436.463,3466.084,2010-10-26
000300.SH,2010-10-27,3451.427,3490.217,3398.095,3403.872,2010-10-27
000300.SH,2010-10-28,3390.426,3420.885,3371.439,3397.692,2010-10-28
000300.SH,2010-10-29,3400.262,3404.6,3351.601,3379.983,2010-10-29
000300.SH,2010-11-01,3390.413,3472.995,3390.413,3472.995,2010-11-01
000300.SH,2010-11-02,3484.232,3522.175,3449.724,3463.131,2010-11-02
000300.SH,2010-11-03,3462.74,3474.707,3419.08,3420.341,2010-11-03
000300.SH,2010-11-04,3426.46,3480.929,3419.643,3480.505,2010-11-04
000300.SH,2010-11-05,3538.988,3554.47,3498.276,3520.798,2010-11-05
000300.SH,2010-11-08,3534.191,3549.305,3506.375,3548.566,2010-11-08
000300.SH,2010-11-09,3547.44,3547.44,3498.623,3523.954,2010-11-09
000300.SH,2010-11-10,3507.195,3508.275,3470.968,3499.111,2010-11-10
000300.SH,2010-11-11,3490.738,3557.987,3484.891,3509.975,2010-11-11
000300.SH,2010-11-12,3484.606,3497.061,3284.348,3291.833,2010-11-12
000300.SH,2010-11-15,3298.737,3319.976,3241.758,3314.893,2010-11-15
000300.SH,2010-11-16,3311.616,3311.616,3155.475,3169.538,2010-11-16
000300.SH,2010-11-17,3124.109,3168.931,3087.507,3103.906,2010-11-17
000300.SH,2010-11-18,3134.937,3158.629,3097.388,3147.962,2010-11-18
000300.SH,2010-11-19,3168.165,3178.846,3076.213,3178.846,2010-11-19
000300.SH,2010-11-22,3148.215,3200.472,3137.751,3171.941,2010-11-22
000300.SH,2010-11-23,3156.478,3156.478,3061.623,3107.176,2010-11-23
000300.SH,2010-11-24,3088.992,3177.412,3088.992,3177.043,2010-11-24
000300.SH,2010-11-25,3197.965,3227.054,3172.282,3223.484,2010-11-25
000300.SH,2010-11-26,3214.132,3224.517,3170.364,3194.853,2010-11-26
000300.SH,2010-11-29,3183.54,3206.756,3159.459,3190.05,2010-11-29
000300.SH,2010-11-30,3187.529,3205.782,3060.438,3136.985,2010-11-30
000300.SH,2010-12-01,3127.262,3150.436,3111.645,3136.024,2010-12-01
000300.SH,2010-12-02,3185.76,3194.226,3154.32,3155.059,2010-12-02
000300.SH,2010-12-03,3161.93,3171.378,3134.419,3158.156,2010-12-03
000300.SH,2010-12-06,3168.875,3185.332,3140.555,3165.57,2010-12-06
000300.SH,2010-12-07,3152.733,3214.691,3112.223,3200.339,2010-12-07
000300.SH,2010-12-08,3194.895,3215.281,3166.766,3171.882,2010-12-08
000300.SH,2010-12-09,3155.996,3175.052,3122.196,3123.366,2010-12-09
000300.SH,2010-12-10,3107.379,3172.163,3101.083,3161.977,2010-12-10
000300.SH,2010-12-13,3176.335,3261.344,3173.564,3261.061,2010-12-13
000300.SH,2010-12-14,3270.201,3279.365,3254.181,3269.474,2010-12-14
000300.SH,2010-12-15,3270.781,3282.772,3242.516,3247.644,2010-12-15
000300.SH,2010-12-16,3246.013,3258.394,3224.122,3230.665,2010-12-16
000300.SH,2010-12-17,3229.297,3232.839,3212.579,3225.661,2010-12-17
000300.SH,2010-12-20,3239.022,3249.763,3117.998,3178.657,2010-12-20
000300.SH,2010-12-21,3184.7,3251.551,3168.889,3249.509,2010-12-21
000300.SH,2010-12-22,3253.821,3263.45,3201.669,3215.453,2010-12-22
000300.SH,2010-12-23,3210.67,3237.644,3183.152,3188.607,2010-12-23
000300.SH,2010-12-24,3170.642,3187.724,3139.454,3162.955,2010-12-24
000300.SH,2010-12-27,3176.107,3219.655,3092.263,3099.709,2010-12-27
000300.SH,2010-12-28,3084.823,3095.358,3041.328,3044.931,2010-12-28
000300.SH,2010-12-29,3049.928,3062.557,3025.22,3061.83,2010-12-29
000300.SH,2010-12-30,3063.05,3079.909,3027.898,3064.098,2010-12-30
000300.SH,2010-12-31,3069.053,3129.446,3067.108,3128.261,2010-12-31
000300.SH,2011-01-04,3155.557,3194.358,3143.604,3189.682,2011-01-04
000300.SH,2011-01-05,3170.181,3193.779,3158.871,3175.662,2011-01-05
000300.SH,2011-01-06,3177.835,3198.052,3152.572,3159.643,2011-01-06
000300.SH,2011-01-07,3156.362,3209.9,3141.125,3166.624,2011-01-07
000300.SH,2011-01-10,3162.085,3182.782,3102.428,3108.187,2011-01-10
000300.SH,2011-01-11,3096.249,3131.292,3084.513,3124.922,2011-01-11
000300.SH,2011-01-12,3135.18,3153.43,3099.413,3142.337,2011-01-12
000300.SH,2011-01-13,3153.985,3157.036,3127.158,3141.284,2011-01-13
000300.SH,2011-01-14,3129.667,3129.667,3083.511,3091.862,2011-01-14
000300.SH,2011-01-17,3067.433,3078.88,2968.61,2974.35,2011-01-17
000300.SH,2011-01-18,2965.424,2984.47,2947.6,2977.648,2011-01-18
000300.SH,2011-01-19,2978.457,3045.605,2967.243,3044.851,2011-01-19
000300.SH,2011-01-20,3037.862,3037.862,2944.498,2944.713,2011-01-20
000300.SH,2011-01-21,2935.233,3030.265,2935.138,2983.456,2011-01-21
000300.SH,2011-01-24,2986.092,2999.201,2943.92,2954.232,2011-01-24
000300.SH,2011-01-25,2949.647,2960.587,2919.162,2938.654,2011-01-25
000300.SH,2011-01-26,2939.773,2982.322,2939.356,2978.431,2011-01-26
000300.SH,2011-01-27,2953.589,3037.159,2935.271,3026.466,2011-01-27
000300.SH,2011-01-28,3020.122,3047.266,3011.375,3036.735,2011-01-28
000300.SH,2011-01-31,3035.418,3076.547,3032.449,3076.508,2011-01-31
000300.SH,2011-02-01,3083.493,3087.225,3062.83,3077.283,2011-02-01
000300.SH,2011-02-09,3055.398,3087.551,3031.749,3040.949,2011-02-09
000300.SH,2011-02-10,3034.079,3105.324,3024.349,3104.163,2011-02-10
000300.SH,2011-02-11,3100.274,3133.499,3092.582,3120.956,2011-02-11
000300.SH,2011-02-14,3123.246,3227.432,3123.246,3219.143,2011-02-14
000300.SH,2011-02-15,3223.222,3259.639,3215.619,3217.671,2011-02-15
000300.SH,2011-02-16,3211.135,3248.849,3195.467,3248.527,2011-02-16
000300.SH,2011-02-17,3255.626,3265.257,3218.913,3245.907,2011-02-17
000300.SH,2011-02-18,3240.051,3242.374,3203.12,3211.876,2011-02-18
000300.SH,2011-02-21,3192.146,3258.28,3189.848,3257.908,2011-02-21
000300.SH,2011-02-22,3267.615,3269.048,3161.833,3163.578,2011-02-22
000300.SH,2011-02-23,3152.441,3182.185,3145.986,3174.742,2011-02-23
000300.SH,2011-02-24,3170.236,3195.688,3157.969,3190.935,2011-02-24
000300.SH,2011-02-25,3190.872,3213.792,3159.847,3197.617,2011-02-25
000300.SH,2011-02-28,3200.677,3241.597,3178.831,3239.559,2011-02-28
000300.SH,2011-03-01,3241.714,3273.511,3235.754,3254.893,2011-03-01
000300.SH,2011-03-02,3237.116,3257.419,3202.833,3243.298,2011-03-02
000300.SH,2011-03-03,3248.156,3271.64,3221.038,3221.718,2011-03-03
000300.SH,2011-03-04,3223.507,3273.658,3217.477,3270.666,2011-03-04
000300.SH,2011-03-07,3287.405,3337.466,3287.405,3334.51,2011-03-07
000300.SH,2011-03-08,3335.71,3342.711,3311.722,3337.457,2011-03-08
000300.SH,2011-03-09,3344.1,3355.487,3322.698,3338.858,2011-03-09
000300.SH,2011-03-10,3330.444,3330.444,3279.33,3280.259,2011-03-10
000300.SH,2011-03-11,3263.081,3290.7,3240.181,3247.376,2011-03-11
000300.SH,2011-03-14,3238.905,3263.906,3230.114,3262.92,2011-03-14
000300.SH,2011-03-15,3250.595,3250.595,3147.957,3203.961,2011-03-15
000300.SH,2011-03-16,3204.919,3250.878,3202.931,3248.195,2011-03-16
000300.SH,2011-03-17,3216.288,3240.381,3185.084,3197.1,2011-03-17
000300.SH,2011-03-18,3228.915,3239.963,3205.144,3215.685,2011-03-18
000300.SH,2011-03-21,3220.677,3236.279,3194.145,3207.11,2011-03-21
000300.SH,2011-03-22,3217.8,3227.797,3175.93,3222.961,2011-03-22
000300.SH,2011-03-23,3222.325,3267.004,3216.653,3264.926,2011-03-23
000300.SH,2011-03-24,3269.575,3273.37,3250.023,3251.361,2011-03-24
000300.SH,2011-03-25,3256.179,3304.264,3254.683,3294.484,2011-03-25
000300.SH,2011-03-28,3307.405,3328.07,3286.856,3290.571,2011-03-28
000300.SH,2011-03-29,3288.564,3309.199,3256.337,3257.979,2011-03-29
000300.SH,2011-03-30,3256.722,3274.977,3233.109,3256.08,2011-03-30
000300.SH,2011-03-31,3257.164,3264.956,3210.174,3223.288,2011-03-31
000300.SH,2011-04-01,3227.564,3272.768,3220.911,3272.729,2011-04-01
000300.SH,2011-04-06,3269.19,3315.299,3268.765,3311.067,2011-04-06
000300.SH,2011-04-07,3313.467,3330.805,3302.818,3324.419,2011-04-07
000300.SH,2011-04-08,3321.54,3353.889,3314.089,3353.358,2011-04-08
000300.SH,2011-04-11,3363.37,3380.527,3331.174,3333.427,2011-04-11
000300.SH,2011-04-12,3324.754,3350.156,3307.476,3326.771,2011-04-12
000300.SH,2011-04-13,3311.324,3372.031,3296.507,3372.031,2011-04-13
000300.SH,2011-04-14,3374.324,3378.703,3347.488,3353.56,2011-04-14
000300.SH,2011-04-15,3345.134,3378.106,3323.563,3358.944,2011-04-15
000300.SH,2011-04-18,3346.149,3372.9,3335.599,3359.438,2011-04-18
000300.SH,2011-04-19,3334.912,3334.912,3290.736,3295.812,2011-04-19
000300.SH,2011-04-20,3300.418,3311.725,3281.827,3295.758,2011-04-20
000300.SH,2011-04-21,3312.271,3330.244,3301.936,3317.367,2011-04-21
000300.SH,2011-04-22,3317.083,3325.459,3291.638,3299.942,2011-04-22
000300.SH,2011-04-25,3292.48,3292.48,3247.691,3249.574,2011-04-25
000300.SH,2011-04-26,3242.529,3257.8,3216.21,3230.96,2011-04-26
000300.SH,2011-04-27,3242.619,3256.413,3189.04,3209.503,2011-04-27
000300.SH,2011-04-28,3224.413,3237.192,3160.406,3161.776,2011-04-28
000300.SH,2011-04-29,3161.158,3193.599,3147.137,3192.723,2011-04-29
000300.SH,2011-05-03,3192.845,3212.055,3164.926,3211.132,2011-05-03
000300.SH,2011-05-04,3192.844,3193.446,3120.961,3129.028,2011-05-04
000300.SH,2011-05-05,3115.003,3136.897,3105.854,3126.117,2011-05-05
000300.SH,2011-05-06,3093.809,3141.683,3083.908,3121.396,2011-05-06
000300.SH,2011-05-09,3126.26,3149.937,3118.141,3129.759,2011-05-09
000300.SH,2011-05-10,3135.146,3153.301,3121.746,3153.221,2011-05-10
000300.SH,2011-05-11,3153.648,3164.65,3127.494,3145.085,2011-05-11
000300.SH,2011-05-12,3123.158,3142.397,3101.136,3101.603,2011-05-12
000300.SH,2011-05-13,3105.303,3128.442,3080.19,3128.093,2011-05-13
000300.SH,2011-05-16,3120.436,3137.604,3098.776,3100.463,2011-05-16
000300.SH,2011-05-17,3097.071,3136.231,3076.946,3116.028,2011-05-17
000300.SH,2011-05-18,3109.294,3145.698,3106.552,3139.379,2011-05-18
000300.SH,2011-05-19,3148.353,3154.935,3118.619,3120.639,2011-05-19
000300.SH,2011-05-20,3120.579,3133.429,3113.271,3121.596,2011-05-20
000300.SH,2011-05-23,3115.312,3115.312,3021.45,3022.98,2011-05-23
000300.SH,2011-05-24,3013.715,3029.746,2999.885,3026.223,2011-05-24
000300.SH,2011-05-25,3020.323,3030.988,2988.094,2990.343,2011-05-25
000300.SH,2011-05-26,3011.466,3021.203,2977.596,2978.381,2011-05-26
000300.SH,2011-05-27,2980.721,2996.605,2962.067,2963.308,2011-05-27
000300.SH,2011-05-30,2956.575,2982.583,2942.361,2954.506,2011-05-30
000300.SH,2011-05-31,2958.607,3001.727,2946.146,3001.556,2011-05-31
000300.SH,2011-06-01,2996.085,3006.556,2985.711,3004.173,2011-06-01
000300.SH,2011-06-02,2970.634,2984.491,2923.016,2955.705,2011-06-02
000300.SH,2011-06-03,2951.579,2993.895,2951.201,2986.349,2011-06-03
000300.SH,2011-06-07,2977.681,3006.569,2974.361,3004.262,2011-06-07
000300.SH,2011-06-08,3003.581,3012.806,2965.923,3008.652,2011-06-08
000300.SH,2011-06-09,3000.404,3004.06,2951.889,2951.889,2011-06-09
000300.SH,2011-06-10,2947.927,2964.079,2925.868,2961.932,2011-06-10
000300.SH,2011-06-13,2940.391,2957.523,2921.746,2950.348,2011-06-13
000300.SH,2011-06-14,2947.655,3000.526,2943.531,2993.559,2011-06-14
000300.SH,2011-06-15,2984.962,2999.15,2963.112,2963.119,2011-06-15
000300.SH,2011-06-16,2939.681,2946.815,2915.401,2917.578,2011-06-16
000300.SH,2011-06-17,2916.405,2934.061,2891.015,2892.157,2011-06-17
000300.SH,2011-06-20,2888.935,2896.081,2862.408,2874.896,2011-06-20
000300.SH,2011-06-21,2883.354,2909.572,2877.054,2909.073,2011-06-21
000300.SH,2011-06-22,2913.666,2921.034,2894.178,2908.582,2011-06-22
000300.SH,2011-06-23,2899.013,2966.54,2888.678,2957.629,2011-06-23
000300.SH,2011-06-24,2946.609,3047.943,2944.051,3027.47,2011-06-24
000300.SH,2011-06-27,3028.496,3056.023,3019.236,3036.491,2011-06-27
000300.SH,2011-06-28,3040.183,3046.797,3013.996,3041.734,2011-06-28
000300.SH,2011-06-29,3039.047,3043.815,2999.953,3000.169,2011-06-29
000300.SH,2011-06-30,3003.23,3058.625,3003.23,3044.089,2011-06-30
000300.SH,2011-07-01,3052.12,3071.206,3034.072,3049.745,2011-07-01
000300.SH,2011-07-04,3064.935,3124.582,3064.935,3121.98,2011-07-04
000300.SH,2011-07-05,3122.899,3128.529,3105.086,3122.5,2011-07-05
000300.SH,2011-07-06,3116.121,3116.121,3084.834,3113.712,2011-07-06
000300.SH,2011-07-07,3123.29,3140.102,3101.096,3101.68,2011-07-07
000300.SH,2011-07-08,3105.486,3124.386,3093.374,3109.183,2011-07-08
000300.SH,2011-07-11,3097.874,3120.998,3086.263,3113.206,2011-07-11
000300.SH,2011-07-12,3089.136,3090.097,3054.8,3056.905,2011-07-12
000300.SH,2011-07-13,3060.42,3108.497,3060.42,3106.247,2011-07-13
000300.SH,2011-07-14,3112.587,3126.153,3092.473,3115.745,2011-07-14
000300.SH,2011-07-15,3105.497,3130.775,3097.336,3128.889,2011-07-15
000300.SH,2011-07-18,3131.803,3137.922,3113.667,3122.6,2011-07-18
000300.SH,2011-07-19,3108.472,3109.916,3088.377,3095.125,2011-07-19
000300.SH,2011-07-20,3113.705,3119.543,3071.85,3091.567,2011-07-20
000300.SH,2011-07-21,3092.271,3099.278,3058.255,3059.139,2011-07-21
000300.SH,2011-07-22,3066.192,3083.191,3059.598,3067.985,2011-07-22
000300.SH,2011-07-25,3050.897,3050.897,2958.878,2968.289,2011-07-25
000300.SH,2011-07-26,2965.721,2980.857,2957.61,2977.766,2011-07-26
000300.SH,2011-07-27,2961.576,3002.691,2951.516,3000.052,2011-07-27
000300.SH,2011-07-28,2973.642,2984.375,2956.71,2981.002,2011-07-28
000300.SH,2011-07-29,2981.021,2995.974,2948.076,2972.079,2011-07-29
000300.SH,2011-08-01,2969.106,2991.051,2958.832,2977.721,2011-08-01
000300.SH,2011-08-02,2958.85,2958.85,2919.014,2956.383,2011-08-02
000300.SH,2011-08-03,2930.193,2969.132,2927.096,2954.87,2011-08-03
000300.SH,2011-08-04,2962.913,2983.012,2951.838,2960.309,2011-08-04
000300.SH,2011-08-05,2881.737,2916.41,2868.157,2897.417,2011-08-05
000300.SH,2011-08-08,2864.514,2888.769,2747.967,2793.897,2011-08-08
000300.SH,2011-08-09,2720.953,2812.769,2697.062,2798.19,2011-08-09
000300.SH,2011-08-10,2845.352,2858.553,2820.123,2824.12,2011-08-10
000300.SH,2011-08-11,2779.715,2867.311,2777.761,2866.924,2011-08-11
000300.SH,2011-08-12,2881.554,2894.224,2868.871,2875.365,2011-08-12
000300.SH,2011-08-15,2883.174,2917.883,2870.19,2917.883,2011-08-15
000300.SH,2011-08-16,2920.829,2932.14,2888.334,2897.581,2011-08-16
000300.SH,2011-08-17,2893.849,2910.835,2881.631,2886.013,2011-08-17
000300.SH,2011-08-18,2887.103,2889.997,2832.269,2834.254,2011-08-18
000300.SH,2011-08-19,2789.346,2814.099,2782.556,2807.664,2011-08-19
000300.SH,2011-08-22,2809.329,2829.687,2768.418,2777.787,2011-08-22
000300.SH,2011-08-23,2788.699,2821.003,2777.287,2821.003,2011-08-23
000300.SH,2011-08-24,2834.577,2845.47,2804.818,2810.016,2011-08-24
000300.SH,2011-08-25,2818.701,2904.438,2815.912,2903.837,2011-08-25
000300.SH,2011-08-26,2889.382,2907.398,2876.828,2901.216,2011-08-26
000300.SH,2011-08-29,2875.784,2875.784,2847.476,2852.809,2011-08-29
000300.SH,2011-08-30,2875.144,2901.733,2838.33,2841.74,2011-08-30
000300.SH,2011-08-31,2843.993,2855.305,2823.77,2846.776,2011-08-31
000300.SH,2011-09-01,2852.386,2869.249,2825.956,2834.535,2011-09-01
000300.SH,2011-09-02,2828.839,2836.624,2790.769,2803.854,2011-09-02
000300.SH,2011-09-05,2780.834,2780.834,2743.383,2743.817,2011-09-05
000300.SH,2011-09-06,2727.749,2745.36,2711.071,2723.303,2011-09-06
000300.SH,2011-09-07,2738.789,2779.205,2730.055,2779.09,2011-09-07
000300.SH,2011-09-08,2788.832,2789.112,2755.799,2756.105,2011-09-08
000300.SH,2011-09-09,2770.153,2796.352,2739.62,2751.095,2011-09-09
000300.SH,2011-09-13,2712.443,2726.185,2698.66,2720.283,2011-09-13
000300.SH,2011-09-14,2729.256,2736.905,2677.127,2733.108,2011-09-14
000300.SH,2011-09-15,2734.552,2754.193,2728.905,2729.051,2011-09-15
000300.SH,2011-09-16,2744.218,2755.889,2728.995,2733.987,2011-09-16
000300.SH,2011-09-19,2718.318,2718.318,2678.795,2679.27,2011-09-19
000300.SH,2011-09-20,2675.043,2702.28,2664.1,2689.845,2011-09-20
000300.SH,2011-09-21,2691.701,2778.353,2677.349,2771.011,2011-09-21
000300.SH,2011-09-22,2745.146,2754.917,2684.94,2685.688,2011-09-22
000300.SH,2011-09-23,2644.294,2681.227,2631.425,2669.478,2011-09-23
000300.SH,2011-09-26,2645.245,2679.56,2603.108,2610.919,2011-09-26
000300.SH,2011-09-27,2634.925,2652.56,2613.423,2637.879,2011-09-27
000300.SH,2011-09-28,2654.83,2660.099,2602.63,2610.59,2011-09-28
000300.SH,2011-09-29,2593.559,2615.144,2577.286,2588.185,2011-09-29
000300.SH,2011-09-30,2595.582,2607.566,2572.193,2581.351,2011-09-30
000300.SH,2011-10-10,2588.349,2595.324,2552.284,2557.082,2011-10-10
000300.SH,2011-10-11,2625.163,2635.694,2526.649,2551.994,2011-10-11
000300.SH,2011-10-12,2537.398,2647.015,2523.344,2644.758,2011-10-12
000300.SH,2011-10-13,2636.863,2672.91,2629.405,2662.601,2011-10-13
000300.SH,2011-10-14,2655.358,2665.443,2629.879,2653.782,2011-10-14
000300.SH,2011-10-17,2658.947,2687.102,2653.384,2666.951,2011-10-17
000300.SH,2011-10-18,2646.841,2651.732,2589.205,2592.209,2011-10-18
000300.SH,2011-10-19,2599.917,2617.411,2580.663,2583.081,2011-10-19
000300.SH,2011-10-20,2566.603,2570.101,2500.486,2520.532,2011-10-20
000300.SH,2011-10-21,2522.257,2538.117,2504.693,2507.877,2011-10-21
000300.SH,2011-10-24,2517.059,2581.125,2501.956,2576.669,2011-10-24
000300.SH,2011-10-25,2572.708,2633.968,2560.047,2625.425,2011-10-25
000300.SH,2011-10-26,2613.272,2679.658,2611.012,2651.652,2011-10-26
000300.SH,2011-10-27,2658.428,2672.84,2647.296,2657.478,2011-10-27
000300.SH,2011-10-28,2694.542,2729.139,2689.376,2709.017,2011-10-28
000300.SH,2011-10-31,2704.535,2709.317,2680.992,2695.307,2011-10-31
000300.SH,2011-11-01,2672.508,2726.088,2669.05,2697.534,2011-11-01
000300.SH,2011-11-02,2658.547,2742.938,2653.722,2742.39,2011-11-02
000300.SH,2011-11-03,2752.627,2781.039,2743.196,2744.301,2011-11-03
000300.SH,2011-11-04,2770.572,2781.99,2748.978,2763.746,2011-11-04
000300.SH,2011-11-07,2750.991,2769.296,2733.168,2736.248,2011-11-07
000300.SH,2011-11-08,2745.059,2756.091,2723.693,2727.71,2011-11-08
000300.SH,2011-11-09,2739.154,2755.811,2710.054,2751.654,2011-11-09
000300.SH,2011-11-10,2720.836,2729.572,2698.306,2699.588,2011-11-10
000300.SH,2011-11-11,2705.243,2713.914,2685.101,2695.002,2011-11-11
000300.SH,2011-11-14,2717.544,2751.88,2714.862,2750.195,2011-11-14
000300.SH,2011-11-15,2746.773,2754.001,2732.913,2744.68,2011-11-15
000300.SH,2011-11-16,2745.858,2746.29,2659.148,2670.116,2011-11-16
000300.SH,2011-11-17,2671.953,2687.831,2660.651,2662.017,2011-11-17
000300.SH,2011-11-18,2643.667,2646.209,2601.179,2606.495,2011-11-18
000300.SH,2011-11-21,2608.556,2613.262,2587.742,2609.687,2011-11-21
000300.SH,2011-11-22,2592.229,2611.15,2580.781,2609.475,2011-11-22
000300.SH,2011-11-23,2613.291,2617.088,2578.157,2584.011,2011-11-23
000300.SH,2011-11-24,2565.686,2604.236,2557.695,2588.915,2011-11-24
000300.SH,2011-11-25,2585.137,2598.392,2563.65,2569.973,2011-11-25
000300.SH,2011-11-28,2578.344,2589.354,2562.493,2573.321,2011-11-28
000300.SH,2011-11-29,2595.086,2609.187,2580.293,2608.569,2011-11-29
000300.SH,2011-11-30,2600.099,2601.9,2507.184,2521.52,2011-11-30
000300.SH,2011-12-01,2596.153,2630.664,2577.722,2583.613,2011-12-01
000300.SH,2011-12-02,2570.56,2575.692,2543.532,2557.311,2011-12-02
000300.SH,2011-12-05,2561.2,2561.2,2517.179,2521.385,2011-12-05
000300.SH,2011-12-06,2515.044,2525.666,2499.574,2516.341,2011-12-06
000300.SH,2011-12-07,2517.341,2534.529,2509.777,2528.228,2011-12-07
000300.SH,2011-12-08,2525.041,2549.101,2494.694,2525.001,2011-12-08
000300.SH,2011-12-09,2506.624,2525.162,2496.972,2503.461,2011-12-09
000300.SH,2011-12-12,2497.922,2502.046,2476.116,2477.692,2011-12-12
000300.SH,2011-12-13,2467.016,2472.656,2418.673,2421.928,2011-12-13
000300.SH,2011-12-14,2415.944,2433.55,2392.299,2397.48,2011-12-14
000300.SH,2011-12-15,2382.441,2384.473,2340.447,2340.788,2011-12-15
000300.SH,2011-12-16,2339.976,2390.378,2332.14,2390.129,2011-12-16
000300.SH,2011-12-19,2370.418,2387.89,2321.657,2384.408,2011-12-19
000300.SH,2011-12-20,2376.709,2412.572,2373.86,2377.073,2011-12-20
000300.SH,2011-12-21,2397.275,2404.775,2337.693,2339.108,2011-12-21
000300.SH,2011-12-22,2325.27,2358.468,2294.607,2341.335,2011-12-22
000300.SH,2011-12-23,2337.382,2382.709,2331.958,2359.159,2011-12-23
000300.SH,2011-12-26,2345.555,2369.818,2334.794,2335.702,2011-12-26
000300.SH,2011-12-27,2332.826,2346.384,2302.411,2305.035,2011-12-27
000300.SH,2011-12-28,2295.866,2309.645,2267.114,2307.928,2011-12-28
000300.SH,2011-12-29,2297.288,2323.488,2293.872,2311.361,2011-12-29
000300.SH,2011-12-30,2318.673,2349.029,2318.673,2345.742,2011-12-30
000300.SH,2012-01-04,2361.499,2365.988,2298.298,2298.753,2012-01-04
000300.SH,2012-01-05,2290.78,2316.657,2272.153,2276.385,2012-01-05
000300.SH,2012-01-06,2274.352,2291.885,2254.567,2290.601,2012-01-06
000300.SH,2012-01-09,2291.182,2368.889,2271.717,2368.57,2012-01-09
000300.SH,2012-01-10,2365.768,2449.955,2361.281,2447.349,2012-01-10
000300.SH,2012-01-11,2444.757,2453.146,2423.322,2435.608,2012-01-11
000300.SH,2012-01-12,2426.82,2464.378,2423.321,2435.219,2012-01-12
000300.SH,2012-01-13,2438.405,2445.787,2374.545,2394.334,2012-01-13
000300.SH,2012-01-16,2376.953,2394.498,2345.633,2345.649,2012-01-16
000300.SH,2012-01-17,2347.568,2462.429,2329.248,2460.601,2012-01-17
000300.SH,2012-01-18,2464.92,2485.498,2414.527,2422.189,2012-01-18
000300.SH,2012-01-19,2423.857,2480.206,2414.985,2468.35,2012-01-19
000300.SH,2012-01-20,2476.73,2510.34,2462.594,2504.086,2012-01-20
000300.SH,2012-01-30,2508.877,2508.877,2460.396,2460.72,2012-01-30
000300.SH,2012-01-31,2462.338,2472.839,2447.768,2464.26,2012-01-31
000300.SH,2012-02-01,2458.233,2481.664,2423.45,2428.994,2012-02-01
000300.SH,2012-02-02,2437.47,2486.238,2429.709,2486.238,2012-02-02
000300.SH,2012-02-03,2478.336,2514.645,2470.28,2506.09,2012-02-03
000300.SH,2012-02-06,2511.172,2520.758,2488.709,2504.322,2012-02-06
000300.SH,2012-02-07,2489.032,2489.032,2441.698,2457.954,2012-02-07
000300.SH,2012-02-08,2456.422,2534.162,2450.999,2528.236,2012-02-08
000300.SH,2012-02-09,2525.589,2546.025,2513.131,2529.231,2012-02-09
000300.SH,2012-02-10,2521.676,2560.027,2521.155,2533.624,2012-02-10
000300.SH,2012-02-13,2504.41,2553.446,2496.305,2531.981,2012-02-13
000300.SH,2012-02-14,2528.967,2533.264,2506.537,2522.107,2012-02-14
000300.SH,2012-02-15,2515.829,2562.071,2511.289,2549.607,2012-02-15
000300.SH,2012-02-16,2544.641,2559.345,2519.043,2536.074,2012-02-16
000300.SH,2012-02-17,2551.815,2558.345,2522.856,2537.086,2012-02-17
000300.SH,2012-02-20,2571.907,2574.746,2539.904,2540.706,2012-02-20
000300.SH,2012-02-21,2544.835,2562.909,2520.786,2562.453,2012-02-21
000300.SH,2012-02-22,2564.315,2598.863,2560.343,2597.476,2012-02-22
000300.SH,2012-02-23,2595.779,2614.537,2590.518,2606.256,2012-02-23
000300.SH,2012-02-24,2607.339,2648.017,2602.776,2648.017,2012-02-24
000300.SH,2012-02-27,2658.121,2693.843,2656.573,2656.573,2012-02-27
000300.SH,2012-02-28,2652.342,2671.833,2641.459,2662.463,2012-02-28
000300.SH,2012-02-29,2655.858,2666.647,2631.784,2634.143,2012-02-29
000300.SH,2012-03-01,2622.737,2647.785,2621.858,2633.345,2012-03-01
000300.SH,2012-03-02,2637.961,2679.934,2637.961,2679.934,2012-03-02
000300.SH,2012-03-05,2687.74,2694.612,2660.955,2662.698,2012-03-05
000300.SH,2012-03-06,2654.799,2657.963,2615.6,2621.052,2012-03-06
000300.SH,2012-03-07,2596.479,2628.585,2594.128,2603.005,2012-03-07
000300.SH,2012-03-08,2612.403,2645.953,2612.403,2635.791,2012-03-08
000300.SH,2012-03-09,2644.1,2664.414,2631.406,2664.302,2012-03-09
000300.SH,2012-03-12,2663.243,2666.432,2636.423,2654.402,2012-03-12
000300.SH,2012-03-13,2653.681,2681.334,2649.169,2681.073,2012-03-13
000300.SH,2012-03-14,2694.475,2705.754,2595.342,2605.106,2012-03-14
000300.SH,2012-03-15,2602.661,2618.252,2575.437,2585.546,2012-03-15
000300.SH,2012-03-16,2591.8,2624.316,2577.245,2623.52,2012-03-16
000300.SH,2012-03-19,2617.662,2631.045,2598.63,2630.013,2012-03-19
000300.SH,2012-03-20,2622.66,2622.66,2584.024,2584.445,2012-03-20
000300.SH,2012-03-21,2597.375,2613.269,2569.075,2587.793,2012-03-21
000300.SH,2012-03-22,2586.938,2599.244,2570.446,2583.747,2012-03-22
000300.SH,2012-03-23,2575.327,2578.825,2544.525,2552.94,2012-03-23
000300.SH,2012-03-26,2551.425,2562.929,2540.696,2555.442,2012-03-26
000300.SH,2012-03-27,2565.551,2571.899,2544.373,2547.143,2012-03-27
000300.SH,2012-03-28,2538.458,2540.417,2471.034,2474.9,2012-03-28
000300.SH,2012-03-29,2463.688,2476.478,2429.732,2443.122,2012-03-29
000300.SH,2012-03-30,2447.939,2461.977,2438.488,2454.899,2012-03-30
000300.SH,2012-04-05,2449.208,2517.386,2441.269,2512.832,2012-04-05
000300.SH,2012-04-06,2509.445,2525.534,2502.703,2519.83,2012-04-06
000300.SH,2012-04-09,2510.533,2518.378,2491.592,2495.146,2012-04-09
000300.SH,2012-04-10,2490.283,2519.812,2459.348,2519.788,2012-04-10
000300.SH,2012-04-11,2494.517,2541.126,2489.325,2520.036,2012-04-11
000300.SH,2012-04-12,2522.828,2570.842,2516.568,2570.436,2012-04-12
000300.SH,2012-04-13,2575.052,2593.788,2570.035,2580.454,2012-04-13
000300.SH,2012-04-16,2564.231,2586.198,2559.781,2574.044,2012-04-16
000300.SH,2012-04-17,2572.364,2578.76,2541.535,2541.883,2012-04-17
000300.SH,2012-04-18,2550.905,2602.106,2545.996,2599.908,2012-04-18
000300.SH,2012-04-19,2598.329,2606.86,2585.301,2596.056,2012-04-19
000300.SH,2012-04-20,2591.51,2627.375,2589.351,2626.839,2012-04-20
000300.SH,2012-04-23,2624.751,2632.092,2599.112,2606.038,2012-04-23
000300.SH,2012-04-24,2594.801,2640.295,2559.464,2604.866,2012-04-24
000300.SH,2012-04-25,2598.228,2631.438,2593.327,2625.99,2012-04-25
000300.SH,2012-04-26,2632.718,2643.768,2617.089,2631.487,2012-04-26
000300.SH,2012-04-27,2630.549,2637.918,2623.598,2626.157,2012-04-27
000300.SH,2012-05-02,2660.673,2697.949,2643.527,2683.487,2012-05-02
000300.SH,2012-05-03,2679.517,2693.88,2675.811,2691.518,2012-05-03
000300.SH,2012-05-04,2689.624,2716.033,2677.14,2715.879,2012-05-04
000300.SH,2012-05-07,2699.447,2717.778,2694.321,2717.778,2012-05-07
000300.SH,2012-05-08,2717.408,2717.825,2683.562,2709.116,2012-05-08
000300.SH,2012-05-09,2685.187,2685.187,2655.322,2657.514,2012-05-09
000300.SH,2012-05-10,2657.87,2667.675,2649.38,2657.214,2012-05-10
000300.SH,2012-05-11,2652.313,2666.566,2636.523,2636.917,2012-05-11
000300.SH,2012-05-14,2653.806,2656.284,2613.349,2615.534,2012-05-14
000300.SH,2012-05-15,2597.644,2618.175,2591.598,2617.374,2012-05-15
000300.SH,2012-05-16,2610.161,2612.625,2574.082,2574.647,2012-05-16
000300.SH,2012-05-17,2577.961,2619.589,2571.201,2613.942,2012-05-17
000300.SH,2012-05-18,2595.547,2603.191,2567.302,2573.976,2012-05-18
000300.SH,2012-05-21,2572.369,2604.219,2563.973,2587.231,2012-05-21
000300.SH,2012-05-22,2598.167,2627.602,2597.603,2627.525,2012-05-22
000300.SH,2012-05-23,2621.786,2635.78,2598.29,2616.869,2012-05-23
000300.SH,2012-05-24,2613.095,2630.414,2588.209,2595.26,2012-05-24
000300.SH,2012-05-25,2595.261,2602.17,2565.647,2573.103,2012-05-25
000300.SH,2012-05-28,2562.596,2614.849,2545.336,2614.689,2012-05-28
000300.SH,2012-05-29,2615.145,2658.255,2612.564,2650.854,2012-05-29
000300.SH,2012-05-30,2646.37,2655.163,2636.518,2642.258,2012-05-30
000300.SH,2012-05-31,2623.158,2645.591,2617.228,2632.042,2012-05-31
000300.SH,2012-06-01,2633.601,2653.857,2623.289,2632.998,2012-06-01
000300.SH,2012-06-04,2598.733,2608.316,2558.92,2559.026,2012-06-04
000300.SH,2012-06-05,2565.186,2573.887,2548.76,2558.842,2012-06-05
000300.SH,2012-06-06,2564.226,2573.739,2547.334,2557.401,2012-06-06
000300.SH,2012-06-07,2579.425,2584.039,2536.258,2542.184,2012-06-07
000300.SH,2012-06-08,2558.843,2559.128,2520.409,2524.329,2012-06-08
000300.SH,2012-06-11,2529.599,2565.429,2523.774,2558.265,2012-06-11
000300.SH,2012-06-12,2543.765,2553.915,2529.951,2540.178,2012-06-12
000300.SH,2012-06-13,2546.791,2581.115,2539.632,2580.636,2012-06-13
000300.SH,2012-06-14,2573.329,2584.709,2558.565,2560.421,2012-06-14
000300.SH,2012-06-15,2565.189,2580.17,2538.572,2568.054,2012-06-15
000300.SH,2012-06-18,2576.629,2593.218,2572.987,2581.212,2012-06-18
000300.SH,2012-06-19,2577.362,2577.362,2556.103,2558.621,2012-06-19
000300.SH,2012-06-20,2563.643,2570.663,2549.438,2552.611,2012-06-20
000300.SH,2012-06-21,2547.048,2547.048,2502.419,2512.185,2012-06-21
000300.SH,2012-06-25,2501.163,2501.163,2455.008,2456.518,2012-06-25
000300.SH,2012-06-26,2442.562,2465.12,2434.64,2454.915,2012-06-26
000300.SH,2012-06-27,2452.666,2470.762,2444.343,2447.195,2012-06-27
000300.SH,2012-06-28,2451.664,2459.189,2425.24,2425.729,2012-06-28
000300.SH,2012-06-29,2418.862,2462.815,2417.486,2461.612,2012-06-29
000300.SH,2012-07-02,2473.545,2473.966,2452.986,2465.238,2012-07-02
000300.SH,2012-07-03,2464.85,2490.547,2457.449,2468.721,2012-07-03
000300.SH,2012-07-04,2474.527,2481.336,2455.995,2464.919,2012-07-04
000300.SH,2012-07-05,2450.3,2450.3,2420.001,2430.37,2012-07-05
000300.SH,2012-07-06,2435.059,2477.231,2420.356,2472.614,2012-07-06
000300.SH,2012-07-09,2455.892,2470.205,2414.953,2416.036,2012-07-09
000300.SH,2012-07-10,2411.003,2426.529,2402.371,2406.706,2012-07-10
000300.SH,2012-07-11,2402.184,2427.795,2402.154,2425.572,2012-07-11
000300.SH,2012-07-12,2420.036,2460.559,2404.584,2449.181,2012-07-12
000300.SH,2012-07-13,2441.013,2467.99,2438.979,2450.633,2012-07-13
000300.SH,2012-07-16,2452.595,2452.595,2399.61,2399.731,2012-07-16
000300.SH,2012-07-17,2391.897,2421.929,2391.281,2414.201,2012-07-17
000300.SH,2012-07-18,2412.062,2420.778,2373.647,2414.335,2012-07-18
000300.SH,2012-07-19,2407.443,2444.057,2401.291,2424.322,2012-07-19
000300.SH,2012-07-20,2415.71,2423.804,2392.181,2398.455,2012-07-20
000300.SH,2012-07-23,2379.885,2379.885,2357.507,2365.431,2012-07-23
000300.SH,2012-07-24,2353.22,2392.353,2352.803,2375.992,2012-07-24
000300.SH,2012-07-25,2368.384,2381.043,2357.468,2360.083,2012-07-25
000300.SH,2012-07-26,2360.134,2374.874,2344.695,2347.488,2012-07-26
000300.SH,2012-07-27,2353.942,2364.984,2341.293,2349.108,2012-07-27
000300.SH,2012-07-30,2350.782,2367.029,2333.999,2335.793,2012-07-30
000300.SH,2012-07-31,2336.882,2350.071,2329.505,2332.922,2012-07-31
000300.SH,2012-08-01,2332.129,2371.122,2331.949,2358.651,2012-08-01
000300.SH,2012-08-02,2354.073,2358.559,2325.608,2334.882,2012-08-02
000300.SH,2012-08-03,2340.25,2354.156,2329.934,2353.737,2012-08-03
000300.SH,2012-08-06,2350.117,2388.363,2348.119,2385.611,2012-08-06
000300.SH,2012-08-07,2383.257,2390.782,2379.452,2388.873,2012-08-07
000300.SH,2012-08-08,2390.959,2405.183,2382.825,2389.795,2012-08-08
000300.SH,2012-08-09,2388.43,2412.142,2378.854,2411.7,2012-08-09
000300.SH,2012-08-10,2409.937,2413.423,2395.912,2399.751,2012-08-10
000300.SH,2012-08-13,2394.504,2394.504,2350.808,2351.931,2012-08-13
000300.SH,2012-08-14,2352.659,2357.847,2324.906,2357.016,2012-08-14
000300.SH,2012-08-15,2350.022,2350.022,2330.15,2331.615,2012-08-15
000300.SH,2012-08-16,2327.91,2335.397,2317.061,2319.67,2012-08-16
000300.SH,2012-08-17,2318.432,2322.885,2295.158,2313.476,2012-08-17
000300.SH,2012-08-20,2294.901,2307.406,2279.946,2301.788,2012-08-20
000300.SH,2012-08-21,2301.932,2327.375,2296.551,2313.703,2012-08-21
000300.SH,2012-08-22,2315.14,2317.373,2285.755,2295.586,2012-08-22
000300.SH,2012-08-23,2298.18,2311.653,2285.367,2302.199,2012-08-23
000300.SH,2012-08-24,2295.684,2299.298,2274.566,2275.677,2012-08-24
000300.SH,2012-08-27,2268.485,2268.485,2228.151,2228.204,2012-08-27
000300.SH,2012-08-28,2226.898,2250.6,2222.001,2238.411,2012-08-28
000300.SH,2012-08-29,2230.199,2240.112,2214.429,2214.814,2012-08-29
000300.SH,2012-08-30,2204.515,2223.195,2188.724,2211.37,2012-08-30
000300.SH,2012-08-31,2205.573,2218.866,2203.123,2204.868,2012-08-31
000300.SH,2012-09-03,2201.123,2236.563,2197.708,2228.369,2012-09-03
000300.SH,2012-09-04,2231.716,2234.875,2199.509,2204.407,2012-09-04
000300.SH,2012-09-05,2199.743,2209.536,2186.962,2199.875,2012-09-05
000300.SH,2012-09-06,2204.436,2218.68,2199.857,2217.823,2012-09-06
000300.SH,2012-09-07,2233.912,2341.522,2233.912,2317.179,2012-09-07
000300.SH,2012-09-10,2320.557,2334.496,2313.572,2326.666,2012-09-10
000300.SH,2012-09-11,2316.532,2316.532,2294.82,2311.89,2012-09-11
000300.SH,2012-09-12,2325.925,2337.196,2298.297,2320.071,2012-09-12
000300.SH,2012-09-13,2316.679,2325.534,2298.367,2298.461,2012-09-13
000300.SH,2012-09-14,2324.012,2332.417,2298.83,2315.542,2012-09-14
000300.SH,2012-09-17,2312.055,2314.989,2258.182,2258.705,2012-09-17
000300.SH,2012-09-18,2249.425,2253.144,2228.042,2235.239,2012-09-18
000300.SH,2012-09-19,2237.218,2249.243,2229.489,2246.236,2012-09-19
000300.SH,2012-09-20,2236.191,2236.191,2194.221,2195.951,2012-09-20
000300.SH,2012-09-21,2190.327,2217.473,2186.53,2199.063,2012-09-21
000300.SH,2012-09-24,2183.969,2225.805,2172.879,2215.516,2012-09-24
000300.SH,2012-09-25,2209.975,2225.334,2202.376,2210.154,2012-09-25
000300.SH,2012-09-26,2208.906,2216.824,2181.083,2184.891,2012-09-26
000300.SH,2012-09-27,2186.004,2266.297,2185.766,2251.717,2012-09-27
000300.SH,2012-09-28,2235.057,2297.033,2234.323,2293.106,2012-09-28
000300.SH,2012-10-08,2291.961,2305.18,2258.11,2270.054,2012-10-08
000300.SH,2012-10-09,2281.753,2327.727,2281.753,2320.157,2012-10-09
000300.SH,2012-10-10,2314.593,2325.749,2304.608,2324.117,2012-10-10
000300.SH,2012-10-11,2315.897,2321.352,2300.934,2302.533,2012-10-11
000300.SH,2012-10-12,2311.284,2332.149,2287.009,2304.531,2012-10-12
000300.SH,2012-10-15,2306.006,2307.882,2278.457,2294.857,2012-10-15
000300.SH,2012-10-16,2293.244,2315.453,2287.59,2298.162,2012-10-16
000300.SH,2012-10-17,2307.358,2312.173,2280.818,2300.803,2012-10-17
000300.SH,2012-10-18,2307.487,2341.12,2305.883,2336.077,2012-10-18
000300.SH,2012-10-19,2335.105,2342.527,2328.733,2332.47,2012-10-19
000300.SH,2012-10-22,2320.468,2347.895,2315.895,2341.592,2012-10-22
000300.SH,2012-10-23,2340.89,2344.044,2309.252,2312.077,2012-10-23
000300.SH,2012-10-24,2303.401,2321.43,2302.169,2307.779,2012-10-24
000300.SH,2012-10-25,2306.733,2322.917,2288.601,2291.239,2012-10-25
000300.SH,2012-10-26,2291.31,2293.176,2237.059,2247.907,2012-10-26
000300.SH,2012-10-29,2241.802,2248.139,2227.646,2235.854,2012-10-29
000300.SH,2012-10-30,2236.316,2257.951,2231.776,2239.882,2012-10-30
000300.SH,2012-10-31,2241.432,2256.095,2233.684,2254.82,2012-10-31
000300.SH,2012-11-01,2256.609,2305.629,2256.412,2297.884,2012-11-01
000300.SH,2012-11-02,2297.898,2309.666,2284.719,2306.774,2012-11-02
000300.SH,2012-11-05,2302.742,2318.231,2290.135,2301.88,2012-11-05
000300.SH,2012-11-06,2301.98,2304.048,2260.507,2292.206,2012-11-06
000300.SH,2012-11-07,2288.763,2300.893,2277.02,2287.505,2012-11-07
000300.SH,2012-11-08,2269.582,2275.401,2245.4,2245.405,2012-11-08
000300.SH,2012-11-09,2241.756,2252.196,2235.231,2240.924,2012-11-09
000300.SH,2012-11-12,2242.96,2254.703,2232.742,2251.848,2012-11-12
000300.SH,2012-11-13,2250.842,2250.842,2208.723,2212.44,2012-11-13
000300.SH,2012-11-14,2213.086,2225.124,2205.996,2223.11,2012-11-14
000300.SH,2012-11-15,2210.751,2220.987,2193.516,2193.623,2012-11-15
000300.SH,2012-11-16,2189.511,2191.611,2162.976,2177.24,2012-11-16
000300.SH,2012-11-19,2175.184,2176.492,2149.538,2174.985,2012-11-19
000300.SH,2012-11-20,2180.205,2184.334,2163.527,2164.881,2012-11-20
000300.SH,2012-11-21,2165.408,2195.461,2151.38,2194.896,2012-11-21
000300.SH,2012-11-22,2181.179,2185.577,2169.657,2177.546,2012-11-22
000300.SH,2012-11-23,2184.409,2202.47,2179.727,2192.676,2012-11-23
000300.SH,2012-11-26,2187.24,2191.359,2172.1,2175.599,2012-11-26
000300.SH,2012-11-27,2168.589,2173.464,2150.222,2150.638,2012-11-27
000300.SH,2012-11-28,2142.5,2144.802,2126.03,2129.161,2012-11-28
000300.SH,2012-11-29,2128.803,2140.877,2114.477,2115.676,2012-11-29
000300.SH,2012-11-30,2114.244,2142.856,2109.963,2139.661,2012-11-30
000300.SH,2012-12-03,2136.696,2152.608,2108.149,2108.85,2012-12-03
000300.SH,2012-12-04,2104.928,2135.662,2102.135,2131.473,2012-12-04
000300.SH,2012-12-05,2128.387,2219.094,2126.793,2207.878,2012-12-05
000300.SH,2012-12-06,2205.605,2216.976,2191.227,2203.602,2012-12-06
000300.SH,2012-12-07,2203.887,2250.529,2198.107,2246.757,2012-12-07
000300.SH,2012-12-10,2254.915,2276.28,2250.437,2271.046,2012-12-10
000300.SH,2012-12-11,2263.209,2274.994,2254.299,2258.5,2012-12-11
000300.SH,2012-12-12,2257.73,2273.211,2247.953,2267.767,2012-12-12
000300.SH,2012-12-13,2260.601,2266.721,2242.557,2242.635,2012-12-13
000300.SH,2012-12-14,2245.636,2357.106,2245.636,2355.865,2012-12-14
000300.SH,2012-12-17,2359.201,2380.001,2358.664,2366.7,2012-12-17
000300.SH,2012-12-18,2361.095,2398.63,2347.077,2368.12,2012-12-18
000300.SH,2012-12-19,2362.802,2387.142,2358.033,2371.109,2012-12-19
000300.SH,2012-12-20,2361.322,2391.924,2346.55,2384.816,2012-12-20
000300.SH,2012-12-21,2386.376,2414.223,2365.032,2372.002,2012-12-21
000300.SH,2012-12-24,2368.007,2396.725,2367.038,2381.217,2012-12-24
000300.SH,2012-12-25,2373.88,2459.302,2365.41,2448.395,2012-12-25
000300.SH,2012-12-26,2445.987,2458.007,2441.642,2457.619,2012-12-26
000300.SH,2012-12-27,2464.779,2479.792,2443.681,2444.594,2012-12-27
000300.SH,2012-12-28,2448.076,2481.592,2444.381,2480.049,2012-12-28
000300.SH,2012-12-31,2485.559,2522.952,2485.559,2522.952,2012-12-31
000300.SH,2013-01-04,2551.814,2558.529,2498.892,2524.409,2013-01-04
000300.SH,2013-01-07,2518.047,2545.969,2511.603,2535.985,2013-01-07
000300.SH,2013-01-08,2534.647,2540.513,2502.49,2525.33,2013-01-08
000300.SH,2013-01-09,2518.104,2534.239,2504.299,2526.126,2013-01-09
000300.SH,2013-01-10,2525.59,2553.352,2513.729,2530.569,2013-01-10
000300.SH,2013-01-11,2533.495,2539.794,2473.696,2483.23,2013-01-11
000300.SH,2013-01-14,2474.176,2583.625,2473.998,2577.725,2013-01-14
000300.SH,2013-01-15,2579.132,2605.41,2576.919,2595.856,2013-01-15
000300.SH,2013-01-16,2591.365,2600.093,2540.521,2577.092,2013-01-16
000300.SH,2013-01-17,2570.711,2575.058,2539.674,2552.758,2013-01-17
000300.SH,2013-01-18,2568.692,2607.446,2553.451,2595.439,2013-01-18
000300.SH,2013-01-21,2605.649,2611.201,2582.652,2610.898,2013-01-21
000300.SH,2013-01-22,2610.392,2620.025,2578.181,2596.898,2013-01-22
000300.SH,2013-01-23,2588.198,2611.409,2576.362,2607.456,2013-01-23
000300.SH,2013-01-24,2606.427,2663.404,2564.206,2582.755,2013-01-24
000300.SH,2013-01-25,2580.881,2591.513,2567.107,2571.674,2013-01-25
000300.SH,2013-01-28,2577.267,2651.967,2577.267,2651.863,2013-01-28
000300.SH,2013-01-29,2655.377,2685.531,2646.154,2675.866,2013-01-29
000300.SH,2013-01-30,2678.433,2689.683,2662.062,2688.711,2013-01-30
000300.SH,2013-01-31,2690.951,2696.881,2671.33,2686.882,2013-01-31
000300.SH,2013-02-01,2677.187,2744.322,2671.274,2743.324,2013-02-01
000300.SH,2013-02-04,2753.688,2768.504,2731.08,2748.028,2013-02-04
000300.SH,2013-02-05,2727.93,2779.953,2725.362,2771.675,2013-02-05
000300.SH,2013-02-06,2771.908,2787.456,2765.743,2775.844,2013-02-06
000300.SH,2013-02-07,2771.53,2775.974,2722.874,2759.87,2013-02-07
000300.SH,2013-02-08,2755.649,2791.303,2747.946,2771.725,2013-02-08
000300.SH,2013-02-18,2784.065,2787.74,2731.506,2737.471,2013-02-18
000300.SH,2013-02-19,2735.045,2740.739,2674.339,2685.606,2013-02-19
000300.SH,2013-02-20,2686.093,2703.098,2665.231,2702.635,2013-02-20
000300.SH,2013-02-21,2675.741,2675.741,2584.758,2610.549,2013-02-21
000300.SH,2013-02-22,2607.65,2618.483,2591.146,2596.604,2013-02-22
000300.SH,2013-02-25,2607.149,2628.696,2590.787,2604.96,2013-02-25
000300.SH,2013-02-26,2587.375,2631.094,2564.672,2567.595,2013-02-26
000300.SH,2013-02-27,2576.046,2615.249,2569.38,2594.677,2013-02-27
000300.SH,2013-02-28,2611.94,2673.711,2593.997,2673.327,2013-02-28
000300.SH,2013-03-01,2671.842,2680.854,2626.995,2668.836,2013-03-01
000300.SH,2013-03-04,2619.42,2619.574,2528.694,2545.715,2013-03-04
000300.SH,2013-03-05,2547.893,2623.171,2541.766,2622.807,2013-03-05
000300.SH,2013-03-06,2634.87,2658.139,2620.431,2650.202,2013-03-06
000300.SH,2013-03-07,2639.783,2658.969,2592.867,2619.479,2013-03-07
000300.SH,2013-03-08,2622.684,2632.624,2601.961,2606.927,2013-03-08
000300.SH,2013-03-11,2600.278,2611.652,2574.172,2592.372,2013-03-11
000300.SH,2013-03-12,2590.391,2619.512,2530.251,2555.615,2013-03-12
000300.SH,2013-03-13,2551.726,2556.773,2515.058,2527.486,2013-03-13
000300.SH,2013-03-14,2517.745,2546.699,2514.463,2534.273,2013-03-14
000300.SH,2013-03-15,2533.722,2600.091,2504.458,2539.873,2013-03-15
000300.SH,2013-03-18,2526.077,2544.619,2499.828,2502.493,2013-03-18
000300.SH,2013-03-19,2507.396,2532.07,2491.854,2525.097,2013-03-19
000300.SH,2013-03-20,2526.968,2610.174,2526.83,2610.174,2013-03-20
000300.SH,2013-03-21,2611.58,2626.538,2598.509,2614.988,2013-03-21
000300.SH,2013-03-22,2612.256,2625.531,2603.344,2618.308,2013-03-22
000300.SH,2013-03-25,2628.407,2641.609,2607.613,2613.097,2013-03-25
000300.SH,2013-03-26,2601.964,2607.357,2554.974,2575.05,2013-03-26
000300.SH,2013-03-27,2575.726,2611.939,2566.345,2583.53,2013-03-27
000300.SH,2013-03-28,2535.988,2535.988,2495.083,2499.302,2013-03-28
000300.SH,2013-03-29,2502.782,2509.109,2482.488,2495.083,2013-03-29
000300.SH,2013-04-01,2486.428,2507.825,2483.732,2493.187,2013-04-01
000300.SH,2013-04-02,2495.843,2524.463,2475.0,2486.391,2013-04-02
000300.SH,2013-04-03,2493.877,2507.143,2474.927,2483.547,2013-04-03
000300.SH,2013-04-08,2443.24,2473.309,2429.5,2472.299,2013-04-08
000300.SH,2013-04-09,2477.29,2505.294,2477.29,2489.43,2013-04-09
000300.SH,2013-04-10,2487.984,2495.572,2466.19,2485.309,2013-04-10
000300.SH,2013-04-11,2502.5,2508.593,2476.396,2477.876,2013-04-11
000300.SH,2013-04-12,2476.322,2489.118,2460.182,2462.112,2013-04-12
000300.SH,2013-04-15,2453.967,2461.668,2430.149,2436.818,2013-04-15
000300.SH,2013-04-16,2419.508,2461.046,2416.617,2459.592,2013-04-16
000300.SH,2013-04-17,2457.881,2465.202,2437.345,2458.473,2013-04-17
000300.SH,2013-04-18,2440.707,2478.413,2434.73,2464.851,2013-04-18
000300.SH,2013-04-19,2469.951,2542.453,2469.323,2533.827,2013-04-19
000300.SH,2013-04-22,2525.113,2539.046,2518.257,2530.67,2013-04-22
000300.SH,2013-04-23,2532.201,2532.201,2448.2,2449.471,2013-04-23
000300.SH,2013-04-24,2452.781,2511.202,2446.587,2495.579,2013-04-24
000300.SH,2013-04-25,2486.857,2505.482,2456.566,2467.875,2013-04-25
000300.SH,2013-04-26,2477.724,2488.585,2439.796,2447.306,2013-04-26
000300.SH,2013-05-02,2434.603,2453.749,2423.077,2449.639,2013-05-02
000300.SH,2013-05-03,2457.543,2521.119,2457.543,2492.912,2013-05-03
000300.SH,2013-05-06,2502.978,2533.855,2500.455,2525.983,2013-05-06
000300.SH,2013-05-07,2519.364,2539.298,2507.756,2529.938,2013-05-07
000300.SH,2013-05-08,2542.266,2562.007,2531.251,2542.798,2013-05-08
000300.SH,2013-05-09,2542.374,2543.305,2507.792,2527.794,2013-05-09
000300.SH,2013-05-10,2519.517,2546.975,2515.158,2540.836,2013-05-10
000300.SH,2013-05-13,2542.412,2547.602,2516.728,2530.768,2013-05-13
000300.SH,2013-05-14,2525.998,2526.145,2479.872,2493.338,2013-05-14
000300.SH,2013-05-15,2493.968,2507.43,2491.927,2506.925,2013-05-15
000300.SH,2013-05-16,2501.117,2553.058,2487.763,2552.709,2013-05-16
000300.SH,2013-05-17,2550.452,2598.706,2547.776,2592.048,2013-05-17
000300.SH,2013-05-20,2597.151,2627.616,2590.053,2609.607,2013-05-20
000300.SH,2013-05-21,2607.393,2617.4,2594.249,2614.853,2013-05-21
000300.SH,2013-05-22,2613.411,2630.068,2603.75,2618.034,2013-05-22
000300.SH,2013-05-23,2604.93,2624.076,2579.347,2582.849,2013-05-23
000300.SH,2013-05-24,2591.419,2608.35,2572.884,2597.228,2013-05-24
000300.SH,2013-05-27,2593.522,2611.972,2589.739,2599.587,2013-05-27
000300.SH,2013-05-28,2600.632,2644.359,2585.901,2644.359,2013-05-28
000300.SH,2013-05-29,2648.927,2661.229,2640.881,2642.561,2013-05-29
000300.SH,2013-05-30,2633.955,2647.443,2623.581,2634.323,2013-05-30
000300.SH,2013-05-31,2638.71,2645.565,2604.746,2606.426,2013-05-31
000300.SH,2013-06-03,2605.969,2625.936,2596.051,2602.623,2013-06-03
000300.SH,2013-06-04,2600.499,2600.499,2556.056,2565.666,2013-06-04
000300.SH,2013-06-05,2565.329,2570.027,2545.19,2560.539,2013-06-05
000300.SH,2013-06-06,2552.817,2557.678,2525.306,2527.845,2013-06-06
000300.SH,2013-06-07,2526.913,2538.891,2475.687,2484.16,2013-06-07
000300.SH,2013-06-13,2448.717,2448.717,2375.204,2399.937,2013-06-13
000300.SH,2013-06-14,2404.423,2420.356,2396.487,2416.771,2013-06-14
000300.SH,2013-06-17,2422.762,2427.532,2394.385,2403.839,2013-06-17
000300.SH,2013-06-18,2413.088,2424.202,2393.321,2418.745,2013-06-18
000300.SH,2013-06-19,2408.28,2408.28,2366.346,2400.765,2013-06-19
000300.SH,2013-06-20,2386.104,2386.104,2320.226,2321.466,2013-06-20
000300.SH,2013-06-21,2283.151,2332.842,2269.565,2317.394,2013-06-21
000300.SH,2013-06-24,2308.069,2308.069,2164.325,2171.21,2013-06-24
000300.SH,2013-06-25,2146.053,2169.211,2023.171,2165.421,2013-06-25
000300.SH,2013-06-26,2170.326,2181.021,2131.86,2168.297,2013-06-26
000300.SH,2013-06-27,2172.848,2200.213,2153.175,2160.735,2013-06-27
000300.SH,2013-06-28,2149.03,2227.461,2139.372,2200.639,2013-06-28
000300.SH,2013-07-01,2187.092,2213.965,2166.353,2213.317,2013-07-01
000300.SH,2013-07-02,2211.803,2226.113,2191.801,2221.984,2013-07-02
000300.SH,2013-07-03,2211.044,2211.044,2169.137,2203.828,2013-07-03
000300.SH,2013-07-04,2187.181,2245.908,2176.08,2221.979,2013-07-04
000300.SH,2013-07-05,2227.35,2252.033,2225.047,2226.849,2013-07-05
000300.SH,2013-07-08,2194.423,2205.214,2162.189,2163.619,2013-07-08
000300.SH,2013-07-09,2160.699,2174.786,2149.787,2162.669,2013-07-09
000300.SH,2013-07-10,2163.098,2224.135,2157.468,2224.065,2013-07-10
000300.SH,2013-07-11,2232.157,2351.223,2232.157,2326.688,2013-07-11
000300.SH,2013-07-12,2319.023,2331.986,2274.073,2275.373,2013-07-12
000300.SH,2013-07-15,2289.762,2336.04,2274.673,2307.297,2013-07-15
000300.SH,2013-07-16,2300.83,2317.848,2281.942,2317.848,2013-07-16
000300.SH,2013-07-17,2311.443,2326.925,2281.609,2282.836,2013-07-17
000300.SH,2013-07-18,2272.947,2282.435,2241.93,2245.328,2013-07-18
000300.SH,2013-07-19,2248.133,2257.916,2188.752,2190.478,2013-07-19
000300.SH,2013-07-22,2170.089,2203.058,2159.813,2202.189,2013-07-22
000300.SH,2013-07-23,2211.587,2276.742,2206.756,2265.845,2013-07-23
000300.SH,2013-07-24,2253.376,2265.578,2217.192,2249.151,2013-07-24
000300.SH,2013-07-25,2255.223,2268.839,2227.853,2237.683,2013-07-25
000300.SH,2013-07-26,2226.429,2238.42,2209.806,2224.008,2013-07-26
000300.SH,2013-07-29,2205.083,2205.083,2169.017,2175.97,2013-07-29
000300.SH,2013-07-30,2184.007,2221.589,2162.979,2189.388,2013-07-30
000300.SH,2013-07-31,2211.75,2235.384,2187.21,2193.021,2013-07-31
000300.SH,2013-08-01,2206.004,2245.56,2200.626,2245.364,2013-08-01
000300.SH,2013-08-02,2263.495,2274.71,2244.252,2247.263,2013-08-02
000300.SH,2013-08-05,2249.976,2278.329,2243.22,2278.329,2013-08-05
000300.SH,2013-08-06,2270.672,2302.484,2256.715,2293.641,2013-08-06
000300.SH,2013-08-07,2292.379,2313.879,2276.862,2280.623,2013-08-07
000300.SH,2013-08-08,2277.253,2297.628,2267.073,2276.782,2013-08-08
000300.SH,2013-08-09,2288.51,2301.59,2258.334,2286.01,2013-08-09
000300.SH,2013-08-12,2296.22,2352.89,2293.176,2352.794,2013-08-12
000300.SH,2013-08-13,2352.883,2360.827,2340.733,2359.068,2013-08-13
000300.SH,2013-08-14,2362.619,2386.599,2340.833,2349.08,2013-08-14
000300.SH,2013-08-15,2348.839,2362.089,2319.784,2321.576,2013-08-15
000300.SH,2013-08-16,2314.261,2423.081,2295.023,2304.144,2013-08-16
000300.SH,2013-08-19,2286.203,2340.194,2284.077,2331.43,2013-08-19
000300.SH,2013-08-20,2325.862,2353.409,2303.666,2312.465,2013-08-20
000300.SH,2013-08-21,2320.584,2321.642,2291.053,2308.589,2013-08-21
000300.SH,2013-08-22,2302.668,2329.143,2297.016,2303.932,2013-08-22
000300.SH,2013-08-23,2314.866,2321.037,2251.92,2286.929,2013-08-23
000300.SH,2013-08-26,2294.759,2336.381,2288.496,2335.616,2013-08-26
000300.SH,2013-08-27,2332.8,2345.105,2322.461,2340.881,2013-08-27
000300.SH,2013-08-28,2326.096,2345.358,2307.043,2328.056,2013-08-28
000300.SH,2013-08-29,2338.564,2342.32,2308.145,2318.311,2013-08-29
000300.SH,2013-08-30,2315.913,2334.413,2303.609,2313.91,2013-08-30
000300.SH,2013-09-02,2319.957,2329.867,2297.449,2320.344,2013-09-02
000300.SH,2013-09-03,2326.231,2354.856,2321.304,2354.502,2013-09-03
000300.SH,2013-09-04,2352.537,2360.663,2345.437,2350.699,2013-09-04
000300.SH,2013-09-05,2350.927,2351.218,2336.754,2341.735,2013-09-05
000300.SH,2013-09-06,2336.767,2361.178,2335.932,2357.782,2013-09-06
000300.SH,2013-09-09,2374.26,2449.249,2372.686,2440.609,2013-09-09
000300.SH,2013-09-10,2446.454,2475.195,2435.826,2474.894,2013-09-10
000300.SH,2013-09-11,2483.791,2504.469,2471.624,2482.889,2013-09-11
000300.SH,2013-09-12,2480.468,2527.383,2469.718,2507.455,2013-09-12
000300.SH,2013-09-13,2502.54,2515.781,2481.454,2488.902,2013-09-13
000300.SH,2013-09-16,2501.077,2503.694,2467.129,2478.39,2013-09-16
000300.SH,2013-09-17,2480.81,2481.71,2426.462,2427.322,2013-09-17
000300.SH,2013-09-18,2426.04,2439.626,2407.243,2432.51,2013-09-18
000300.SH,2013-09-23,2441.516,2473.163,2439.993,2472.288,2013-09-23
000300.SH,2013-09-24,2470.715,2470.746,2420.085,2443.885,2013-09-24
000300.SH,2013-09-25,2440.835,2455.037,2423.276,2429.03,2013-09-25
000300.SH,2013-09-26,2422.631,2422.631,2382.535,2384.443,2013-09-26
000300.SH,2013-09-27,2382.218,2402.196,2379.856,2394.971,2013-09-27
000300.SH,2013-09-30,2406.205,2415.075,2397.22,2409.037,2013-09-30
000300.SH,2013-10-08,2406.415,2446.703,2392.572,2441.811,2013-10-08
000300.SH,2013-10-09,2432.94,2453.746,2424.769,2453.583,2013-10-09
000300.SH,2013-10-10,2455.64,2455.979,2422.017,2429.317,2013-10-10
000300.SH,2013-10-11,2442.364,2471.165,2439.634,2468.508,2013-10-11
000300.SH,2013-10-14,2472.267,2483.131,2462.551,2472.542,2013-10-14
000300.SH,2013-10-15,2475.324,2479.134,2449.416,2467.517,2013-10-15
000300.SH,2013-10-16,2459.077,2459.077,2409.718,2421.371,2013-10-16
000300.SH,2013-10-17,2432.645,2440.919,2407.777,2413.33,2013-10-17
000300.SH,2013-10-18,2415.118,2435.712,2410.599,2426.054,2013-10-18
000300.SH,2013-10-21,2431.915,2472.785,2423.562,2471.322,2013-10-21
000300.SH,2013-10-22,2470.255,2470.255,2439.859,2445.891,2013-10-22
000300.SH,2013-10-23,2451.556,2474.372,2412.483,2418.491,2013-10-23
000300.SH,2013-10-24,2412.235,2422.943,2395.474,2400.511,2013-10-24
000300.SH,2013-10-25,2400.517,2413.332,2353.993,2368.559,2013-10-25
000300.SH,2013-10-28,2372.571,2377.249,2351.862,2365.954,2013-10-28
000300.SH,2013-10-29,2369.216,2408.616,2327.904,2372.053,2013-10-29
000300.SH,2013-10-30,2371.853,2407.851,2365.506,2407.471,2013-10-30
000300.SH,2013-10-31,2398.395,2398.395,2370.226,2373.718,2013-10-31
000300.SH,2013-11-01,2373.962,2395.005,2365.146,2384.96,2013-11-01
000300.SH,2013-11-04,2397.21,2404.896,2376.355,2380.454,2013-11-04
000300.SH,2013-11-05,2366.884,2385.688,2343.801,2383.769,2013-11-05
000300.SH,2013-11-06,2371.324,2383.54,2352.787,2353.568,2013-11-06
000300.SH,2013-11-07,2351.871,2356.672,2328.253,2340.552,2013-11-07
000300.SH,2013-11-08,2329.084,2342.672,2306.041,2307.945,2013-11-08
000300.SH,2013-11-11,2305.94,2325.228,2295.003,2315.889,2013-11-11
000300.SH,2013-11-12,2319.362,2342.529,2316.603,2340.0,2013-11-12
000300.SH,2013-11-13,2325.36,2325.563,2287.547,2288.116,2013-11-13
000300.SH,2013-11-14,2291.269,2305.696,2279.006,2304.501,2013-11-14
000300.SH,2013-11-15,2306.549,2377.211,2306.549,2350.734,2013-11-15
000300.SH,2013-11-18,2367.883,2429.566,2361.038,2428.903,2013-11-18
000300.SH,2013-11-19,2427.928,2427.928,2405.076,2412.163,2013-11-19
000300.SH,2013-11-20,2428.767,2435.427,2406.417,2424.85,2013-11-20
000300.SH,2013-11-21,2412.451,2415.383,2382.878,2409.989,2013-11-21
000300.SH,2013-11-22,2415.29,2418.999,2393.581,2397.962,2013-11-22
000300.SH,2013-11-25,2385.784,2418.853,2380.689,2388.629,2013-11-25
000300.SH,2013-11-26,2387.826,2399.022,2380.412,2387.416,2013-11-26
000300.SH,2013-11-27,2386.362,2422.806,2383.78,2414.481,2013-11-27
000300.SH,2013-11-28,2419.15,2460.556,2417.235,2439.53,2013-11-28
000300.SH,2013-11-29,2442.676,2446.395,2432.387,2438.944,2013-11-29
000300.SH,2013-12-02,2423.969,2464.863,2397.007,2418.788,2013-12-02
000300.SH,2013-12-03,2410.693,2448.333,2406.663,2442.784,2013-12-03
000300.SH,2013-12-04,2439.824,2486.64,2434.694,2475.135,2013-12-04
000300.SH,2013-12-05,2476.453,2481.747,2460.576,2468.197,2013-12-05
000300.SH,2013-12-06,2463.043,2470.813,2445.623,2452.287,2013-12-06
000300.SH,2013-12-09,2460.028,2468.948,2445.94,2450.872,2013-12-09
000300.SH,2013-12-10,2456.23,2466.66,2444.526,2453.322,2013-12-10
000300.SH,2013-12-11,2440.503,2440.503,2400.742,2412.763,2013-12-11
000300.SH,2013-12-12,2406.766,2423.309,2402.769,2410.015,2013-12-12
000300.SH,2013-12-13,2388.659,2416.26,2386.246,2406.639,2013-12-13
000300.SH,2013-12-16,2408.678,2412.734,2367.43,2367.923,2013-12-16
000300.SH,2013-12-17,2369.255,2373.286,2351.183,2356.376,2013-12-17
000300.SH,2013-12-18,2356.703,2368.583,2350.451,2357.226,2013-12-18
000300.SH,2013-12-19,2366.205,2370.991,2331.194,2332.41,2013-12-19
000300.SH,2013-12-20,2335.052,2338.875,2278.096,2278.136,2013-12-20
000300.SH,2013-12-23,2283.8,2295.765,2259.575,2284.602,2013-12-23
000300.SH,2013-12-24,2291.125,2312.832,2270.245,2288.248,2013-12-24
000300.SH,2013-12-25,2291.748,2305.609,2281.6,2305.11,2013-12-25
000300.SH,2013-12-26,2299.972,2301.493,2263.922,2265.334,2013-12-26
000300.SH,2013-12-27,2268.535,2315.182,2264.386,2303.478,2013-12-27
000300.SH,2013-12-30,2313.38,2316.621,2295.641,2299.458,2013-12-30
000300.SH,2013-12-31,2289.01,2333.074,2287.117,2330.026,2013-12-31
000300.SH,2014-01-02,2323.433,2325.991,2310.653,2321.978,2014-01-02
000300.SH,2014-01-03,2311.968,2314.836,2280.887,2290.779,2014-01-03
000300.SH,2014-01-06,2286.371,2286.371,2229.334,2238.637,2014-01-06
000300.SH,2014-01-07,2222.306,2246.791,2218.647,2238.001,2014-01-07
000300.SH,2014-01-08,2240.635,2262.584,2228.418,2241.911,2014-01-08
000300.SH,2014-01-09,2236.967,2258.894,2220.802,2222.221,2014-01-09
000300.SH,2014-01-10,2216.521,2224.494,2200.215,2204.851,2014-01-10
000300.SH,2014-01-13,2206.996,2222.072,2183.597,2193.679,2014-01-13
000300.SH,2014-01-14,2192.844,2214.124,2179.908,2212.846,2014-01-14
000300.SH,2014-01-15,2210.024,2215.903,2193.802,2208.941,2014-01-15
000300.SH,2014-01-16,2209.448,2227.262,2201.56,2211.844,2014-01-16
000300.SH,2014-01-17,2203.821,2205.972,2175.876,2178.488,2014-01-17
000300.SH,2014-01-20,2173.651,2182.463,2156.458,2165.993,2014-01-20
000300.SH,2014-01-21,2168.42,2197.923,2168.42,2187.41,2014-01-21
000300.SH,2014-01-22,2190.432,2244.133,2187.534,2243.796,2014-01-22
000300.SH,2014-01-23,2242.245,2248.924,2228.057,2231.889,2014-01-23
000300.SH,2014-01-24,2225.758,2257.355,2222.893,2245.678,2014-01-24
000300.SH,2014-01-27,2233.015,2233.231,2211.799,2215.919,2014-01-27
000300.SH,2014-01-28,2220.785,2233.257,2205.972,2219.855,2014-01-28
000300.SH,2014-01-29,2225.711,2233.057,2219.928,2227.781,2014-01-29
000300.SH,2014-01-30,2223.163,2223.163,2200.224,2202.45,2014-01-30
000300.SH,2014-02-07,2187.343,2212.498,2177.117,2212.483,2014-02-07
000300.SH,2014-02-10,2221.54,2270.194,2221.54,2267.534,2014-02-10
000300.SH,2014-02-11,2267.735,2296.516,2262.599,2285.562,2014-02-11
000300.SH,2014-02-12,2286.187,2294.317,2276.444,2291.246,2014-02-12
000300.SH,2014-02-13,2288.451,2307.474,2278.261,2279.554,2014-02-13
000300.SH,2014-02-14,2278.4,2295.852,2274.429,2295.575,2014-02-14
000300.SH,2014-02-17,2308.791,2315.579,2293.552,2311.647,2014-02-17
000300.SH,2014-02-18,2310.309,2310.309,2276.108,2282.442,2014-02-18
000300.SH,2014-02-19,2280.927,2317.42,2274.152,2308.656,2014-02-19
000300.SH,2014-02-20,2314.088,2331.698,2286.203,2287.436,2014-02-20
000300.SH,2014-02-21,2284.03,2287.869,2250.652,2264.294,2014-02-21
000300.SH,2014-02-24,2246.715,2246.715,2194.164,2214.509,2014-02-24
000300.SH,2014-02-25,2216.515,2225.209,2150.095,2157.909,2014-02-25
000300.SH,2014-02-26,2147.737,2164.698,2137.079,2163.405,2014-02-26
000300.SH,2014-02-27,2170.81,2180.063,2150.135,2154.108,2014-02-27
000300.SH,2014-02-28,2149.446,2180.474,2133.548,2178.971,2014-02-28
000300.SH,2014-03-03,2173.907,2194.224,2167.91,2190.37,2014-03-03
000300.SH,2014-03-04,2183.858,2188.601,2161.589,2184.273,2014-03-04
000300.SH,2014-03-05,2187.352,2189.093,2159.595,2163.976,2014-03-05
000300.SH,2014-03-06,2159.397,2181.427,2136.454,2173.634,2014-03-06
000300.SH,2014-03-07,2170.043,2189.39,2161.436,2168.358,2014-03-07
000300.SH,2014-03-10,2149.676,2149.676,2095.067,2097.787,2014-03-10
000300.SH,2014-03-11,2092.608,2118.79,2088.729,2108.661,2014-03-11
000300.SH,2014-03-12,2102.801,2130.586,2090.757,2114.134,2014-03-12
000300.SH,2014-03-13,2119.547,2149.436,2115.986,2140.333,2014-03-13
000300.SH,2014-03-14,2129.87,2140.384,2109.575,2122.836,2014-03-14
000300.SH,2014-03-17,2132.793,2143.196,2118.953,2143.038,2014-03-17
000300.SH,2014-03-18,2146.124,2152.462,2134.923,2138.133,2014-03-18
000300.SH,2014-03-19,2131.283,2131.283,2101.285,2120.87,2014-03-19
000300.SH,2014-03-20,2116.185,2134.792,2086.497,2086.967,2014-03-20
000300.SH,2014-03-21,2079.871,2163.225,2077.759,2158.798,2014-03-21
000300.SH,2014-03-24,2161.898,2186.731,2150.871,2176.554,2014-03-24
000300.SH,2014-03-25,2170.78,2191.491,2164.669,2174.44,2014-03-25
000300.SH,2014-03-26,2181.231,2186.078,2165.217,2171.047,2014-03-26
000300.SH,2014-03-27,2168.344,2186.893,2146.916,2155.707,2014-03-27
000300.SH,2014-03-28,2154.515,2172.668,2144.584,2151.965,2014-03-28
000300.SH,2014-03-31,2156.054,2165.254,2134.422,2146.305,2014-03-31
000300.SH,2014-04-01,2143.717,2170.095,2141.151,2163.115,2014-04-01
000300.SH,2014-04-02,2166.067,2182.683,2164.008,2180.727,2014-04-02
000300.SH,2014-04-03,2188.642,2196.138,2160.747,2165.008,2014-04-03
000300.SH,2014-04-04,2157.982,2186.154,2155.277,2185.472,2014-04-04
000300.SH,2014-04-08,2179.92,2243.97,2178.905,2237.316,2014-04-08
000300.SH,2014-04-09,2239.791,2246.793,2228.994,2238.62,2014-04-09
000300.SH,2014-04-10,2241.452,2290.742,2229.515,2273.761,2014-04-10
000300.SH,2014-04-11,2269.565,2281.105,2261.133,2270.666,2014-04-11
000300.SH,2014-04-14,2267.943,2275.83,2255.456,2268.613,2014-04-14
000300.SH,2014-04-15,2261.411,2261.474,2225.685,2229.463,2014-04-15
000300.SH,2014-04-16,2223.468,2245.315,2221.153,2232.526,2014-04-16
000300.SH,2014-04-17,2238.779,2241.622,2221.954,2224.803,2014-04-17
000300.SH,2014-04-18,2215.879,2228.77,2203.047,2224.479,2014-04-18
000300.SH,2014-04-21,2209.942,2231.707,2186.755,2187.248,2014-04-21
000300.SH,2014-04-22,2184.017,2196.849,2165.075,2196.795,2014-04-22
000300.SH,2014-04-23,2191.231,2205.594,2187.388,2194.668,2014-04-23
000300.SH,2014-04-24,2192.769,2209.454,2186.763,2190.474,2014-04-24
000300.SH,2014-04-25,2195.815,2201.712,2167.64,2167.826,2014-04-25
000300.SH,2014-04-28,2165.773,2171.385,2132.695,2134.969,2014-04-28
000300.SH,2014-04-29,2134.413,2159.379,2131.783,2158.47,2014-04-29
000300.SH,2014-04-30,2158.762,2164.175,2153.124,2158.659,2014-04-30
000300.SH,2014-05-05,2152.59,2161.703,2131.232,2156.47,2014-05-05
000300.SH,2014-05-06,2151.388,2173.618,2150.112,2157.328,2014-05-06
000300.SH,2014-05-07,2151.472,2153.723,2136.99,2137.316,2014-05-07
000300.SH,2014-05-08,2132.036,2168.206,2128.318,2135.496,2014-05-08
000300.SH,2014-05-09,2138.84,2141.559,2120.595,2133.911,2014-05-09
000300.SH,2014-05-12,2150.313,2184.332,2139.483,2180.054,2014-05-12
000300.SH,2014-05-13,2180.059,2185.046,2167.767,2174.852,2014-05-13
000300.SH,2014-05-14,2175.094,2184.221,2168.997,2172.372,2014-05-14
000300.SH,2014-05-15,2169.278,2171.453,2142.338,2144.084,2014-05-15
000300.SH,2014-05-16,2143.926,2150.5,2132.186,2145.952,2014-05-16
000300.SH,2014-05-19,2139.362,2139.362,2105.713,2115.143,2014-05-19
000300.SH,2014-05-20,2124.708,2131.567,2110.72,2115.771,2014-05-20
000300.SH,2014-05-21,2106.762,2136.1,2096.514,2135.905,2014-05-21
000300.SH,2014-05-22,2134.087,2160.909,2128.858,2130.868,2014-05-22
000300.SH,2014-05-23,2130.775,2148.583,2128.663,2148.414,2014-05-23
000300.SH,2014-05-26,2161.892,2165.421,2147.445,2155.976,2014-05-26
000300.SH,2014-05-27,2154.395,2160.027,2145.752,2147.28,2014-05-27
000300.SH,2014-05-28,2147.467,2171.172,2142.007,2169.352,2014-05-28
000300.SH,2014-05-29,2171.26,2178.092,2154.925,2155.164,2014-05-29
000300.SH,2014-05-30,2156.381,2166.907,2146.218,2156.464,2014-05-30
000300.SH,2014-06-03,2157.64,2168.995,2149.291,2149.918,2014-06-03
000300.SH,2014-06-04,2149.407,2149.452,2117.313,2128.274,2014-06-04
000300.SH,2014-06-05,2126.607,2150.93,2123.524,2150.602,2014-06-05
000300.SH,2014-06-06,2149.214,2149.783,2123.98,2134.716,2014-06-06
000300.SH,2014-06-09,2128.225,2153.903,2126.665,2134.281,2014-06-09
000300.SH,2014-06-10,2138.671,2161.526,2132.447,2161.268,2014-06-10
000300.SH,2014-06-11,2156.151,2163.61,2152.08,2160.766,2014-06-11
000300.SH,2014-06-12,2156.761,2160.988,2148.413,2153.41,2014-06-12
000300.SH,2014-06-13,2150.987,2183.645,2150.569,2176.242,2014-06-13
000300.SH,2014-06-16,2176.438,2196.343,2174.277,2191.855,2014-06-16
000300.SH,2014-06-17,2185.681,2185.681,2168.445,2169.674,2014-06-17
000300.SH,2014-06-18,2169.252,2172.549,2158.497,2160.239,2014-06-18
000300.SH,2014-06-19,2161.426,2166.407,2119.498,2126.907,2014-06-19
000300.SH,2014-06-20,2124.963,2137.034,2120.807,2136.729,2014-06-20
000300.SH,2014-06-23,2137.926,2147.227,2132.454,2134.11,2014-06-23
000300.SH,2014-06-24,2131.686,2145.213,2130.292,2144.821,2014-06-24
000300.SH,2014-06-25,2141.726,2141.726,2126.035,2133.371,2014-06-25
000300.SH,2014-06-26,2135.156,2151.114,2134.891,2149.076,2014-06-26
000300.SH,2014-06-27,2146.374,2159.526,2138.927,2150.258,2014-06-27
000300.SH,2014-06-30,2152.306,2168.221,2152.306,2165.118,2014-06-30
000300.SH,2014-07-01,2169.199,2171.15,2157.133,2164.559,2014-07-01
000300.SH,2014-07-02,2163.998,2171.51,2155.609,2170.867,2014-07-02
000300.SH,2014-07-03,2169.003,2184.964,2164.843,2180.192,2014-07-03
000300.SH,2014-07-04,2180.445,2183.798,2174.073,2178.695,2014-07-04
000300.SH,2014-07-07,2178.546,2186.202,2171.083,2176.289,2014-07-07
000300.SH,2014-07-08,2174.828,2180.778,2163.359,2180.473,2014-07-08
000300.SH,2014-07-09,2178.135,2178.51,2148.26,2148.71,2014-07-09
000300.SH,2014-07-10,2146.601,2151.774,2139.522,2142.847,2014-07-10
000300.SH,2014-07-11,2136.317,2154.735,2134.795,2148.009,2014-07-11
000300.SH,2014-07-14,2149.542,2171.902,2145.278,2171.758,2014-07-14
000300.SH,2014-07-15,2170.089,2176.272,2165.206,2174.976,2014-07-15
000300.SH,2014-07-16,2172.824,2183.248,2166.774,2170.868,2014-07-16
000300.SH,2014-07-17,2166.831,2166.932,2147.084,2157.068,2014-07-17
000300.SH,2014-07-18,2147.663,2176.325,2145.446,2164.144,2014-07-18
000300.SH,2014-07-21,2164.223,2171.94,2158.955,2166.295,2014-07-21
000300.SH,2014-07-22,2162.436,2197.592,2162.236,2192.698,2014-07-22
000300.SH,2014-07-23,2191.394,2210.282,2190.555,2197.833,2014-07-23
000300.SH,2014-07-24,2199.833,2239.815,2199.833,2237.015,2014-07-24
000300.SH,2014-07-25,2243.067,2260.89,2239.066,2260.454,2014-07-25
000300.SH,2014-07-28,2272.383,2331.472,2272.383,2323.897,2014-07-28
000300.SH,2014-07-29,2326.038,2342.77,2316.217,2331.369,2014-07-29
000300.SH,2014-07-30,2324.69,2339.038,2316.058,2322.011,2014-07-30
000300.SH,2014-07-31,2321.967,2350.551,2316.585,2350.251,2014-07-31
000300.SH,2014-08-01,2341.227,2371.5,2328.966,2329.402,2014-08-01
000300.SH,2014-08-04,2336.63,2375.62,2332.138,2375.62,2014-08-04
000300.SH,2014-08-05,2376.797,2380.774,2353.795,2369.353,2014-08-05
000300.SH,2014-08-06,2358.206,2371.667,2334.334,2363.221,2014-08-06
000300.SH,2014-08-07,2363.608,2369.204,2326.268,2327.457,2014-08-07
000300.SH,2014-08-08,2329.184,2339.27,2319.288,2331.134,2014-08-08
000300.SH,2014-08-11,2338.008,2367.004,2337.014,2365.349,2014-08-11
000300.SH,2014-08-12,2361.17,2361.17,2344.716,2357.052,2014-08-12
000300.SH,2014-08-13,2358.459,2370.513,2335.694,2358.901,2014-08-13
000300.SH,2014-08-14,2357.198,2363.18,2334.08,2335.945,2014-08-14
000300.SH,2014-08-15,2337.985,2366.902,2333.123,2360.635,2014-08-15
000300.SH,2014-08-18,2366.272,2379.804,2361.197,2374.562,2014-08-18
000300.SH,2014-08-19,2378.886,2379.474,2358.965,2374.768,2014-08-19
000300.SH,2014-08-20,2371.649,2375.475,2360.837,2366.14,2014-08-20
000300.SH,2014-08-21,2365.731,2367.46,2333.299,2354.244,2014-08-21
000300.SH,2014-08-22,2352.316,2368.457,2350.986,2365.364,2014-08-22
000300.SH,2014-08-25,2367.019,2367.606,2338.455,2342.863,2014-08-25
000300.SH,2014-08-26,2339.6,2350.391,2317.184,2324.092,2014-08-26
000300.SH,2014-08-27,2323.79,2336.737,2322.885,2327.595,2014-08-27
000300.SH,2014-08-28,2328.059,2336.363,2309.639,2311.278,2014-08-28
000300.SH,2014-08-29,2317.304,2338.774,2313.262,2338.287,2014-08-29
000300.SH,2014-09-01,2340.925,2355.552,2338.53,2355.317,2014-09-01
000300.SH,2014-09-02,2359.862,2387.655,2349.949,2386.46,2014-09-02
000300.SH,2014-09-03,2389.694,2414.26,2389.679,2408.838,2014-09-03
000300.SH,2014-09-04,2411.934,2427.297,2404.082,2426.224,2014-09-04
000300.SH,2014-09-05,2433.174,2450.634,2427.987,2449.259,2014-09-05
000300.SH,2014-09-09,2452.227,2454.893,2437.078,2445.224,2014-09-09
000300.SH,2014-09-10,2435.593,2437.081,2422.646,2432.433,2014-09-10
000300.SH,2014-09-11,2430.678,2461.473,2417.269,2423.454,2014-09-11
000300.SH,2014-09-12,2418.752,2438.358,2412.622,2438.358,2014-09-12
000300.SH,2014-09-15,2433.001,2439.254,2418.959,2437.189,2014-09-15
000300.SH,2014-09-16,2440.339,2442.924,2386.98,2388.765,2014-09-16
000300.SH,2014-09-17,2395.361,2405.371,2379.091,2401.326,2014-09-17
000300.SH,2014-09-18,2396.379,2414.946,2389.622,2408.664,2014-09-18
000300.SH,2014-09-19,2409.313,2430.149,2402.313,2425.211,2014-09-19
000300.SH,2014-09-22,2419.326,2419.326,2374.108,2378.92,2014-09-22
000300.SH,2014-09-23,2379.521,2402.482,2379.521,2399.462,2014-09-23
000300.SH,2014-09-24,2391.419,2443.978,2387.07,2441.864,2014-09-24
000300.SH,2014-09-25,2453.423,2462.668,2429.587,2436.965,2014-09-25
000300.SH,2014-09-26,2430.808,2439.649,2420.499,2437.201,2014-09-26
000300.SH,2014-09-29,2443.91,2453.665,2435.611,2447.799,2014-09-29
000300.SH,2014-09-30,2452.166,2454.885,2444.204,2450.988,2014-09-30
000300.SH,2014-10-08,2460.87,2478.383,2445.268,2478.383,2014-10-08
000300.SH,2014-10-09,2480.197,2488.113,2461.112,2481.955,2014-10-09
000300.SH,2014-10-10,2472.096,2482.136,2457.684,2466.789,2014-10-10
000300.SH,2014-10-13,2457.412,2460.389,2430.546,2454.946,2014-10-13
000300.SH,2014-10-14,2451.094,2467.904,2436.336,2446.562,2014-10-14
000300.SH,2014-10-15,2444.538,2465.498,2431.188,2463.874,2014-10-15
000300.SH,2014-10-16,2448.968,2480.3,2441.822,2444.395,2014-10-16
000300.SH,2014-10-17,2443.222,2456.105,2410.401,2441.732,2014-10-17
000300.SH,2014-10-20,2448.453,2456.621,2441.896,2454.711,2014-10-20
000300.SH,2014-10-21,2453.406,2459.255,2432.552,2433.391,2014-10-21
000300.SH,2014-10-22,2434.886,2447.467,2417.562,2418.641,2014-10-22
000300.SH,2014-10-23,2415.44,2424.662,2392.532,2395.936,2014-10-23
000300.SH,2014-10-24,2397.848,2404.993,2385.725,2390.706,2014-10-24
000300.SH,2014-10-27,2377.542,2377.542,2361.68,2368.832,2014-10-27
000300.SH,2014-10-28,2373.155,2416.766,2373.155,2416.653,2014-10-28
000300.SH,2014-10-29,2423.813,2461.268,2415.703,2451.384,2014-10-29
000300.SH,2014-10-30,2450.361,2474.376,2443.759,2468.925,2014-10-30
000300.SH,2014-10-31,2473.501,2512.189,2466.504,2508.325,2014-10-31
000300.SH,2014-11-03,2515.824,2524.172,2502.06,2512.548,2014-11-03
000300.SH,2014-11-04,2511.036,2517.46,2498.605,2513.172,2014-11-04
000300.SH,2014-11-05,2516.87,2519.399,2499.228,2503.448,2014-11-05
000300.SH,2014-11-06,2505.167,2510.985,2482.983,2506.067,2014-11-06
000300.SH,2014-11-07,2508.765,2541.549,2489.419,2502.153,2014-11-07
000300.SH,2014-11-10,2529.83,2565.73,2514.71,2565.73,2014-11-10
000300.SH,2014-11-11,2578.438,2602.373,2532.572,2558.612,2014-11-11
000300.SH,2014-11-12,2545.403,2594.318,2539.601,2594.318,2014-11-12
000300.SH,2014-11-13,2597.389,2607.519,2567.463,2579.75,2014-11-13
000300.SH,2014-11-14,2569.211,2581.932,2557.666,2581.093,2014-11-14
000300.SH,2014-11-17,2613.513,2614.086,2565.943,2567.101,2014-11-17
000300.SH,2014-11-18,2565.273,2570.211,2534.927,2541.416,2014-11-18
000300.SH,2014-11-19,2538.233,2550.5,2531.318,2537.223,2014-11-19
000300.SH,2014-11-20,2528.78,2545.473,2522.836,2537.099,2014-11-20
000300.SH,2014-11-21,2537.538,2585.362,2530.032,2583.455,2014-11-21
000300.SH,2014-11-24,2614.16,2667.671,2602.944,2649.258,2014-11-24
000300.SH,2014-11-25,2650.085,2686.063,2643.843,2685.561,2014-11-25
000300.SH,2014-11-26,2695.263,2723.36,2690.31,2723.018,2014-11-26
000300.SH,2014-11-27,2737.03,2754.49,2718.704,2754.49,2014-11-27
000300.SH,2014-11-28,2753.925,2809.543,2740.374,2808.819,2014-11-28
000300.SH,2014-12-01,2825.611,2855.332,2808.653,2819.812,2014-12-01
000300.SH,2014-12-02,2807.338,2944.506,2804.293,2923.94,2014-12-02
000300.SH,2014-12-03,2936.124,3028.225,2912.246,2967.549,2014-12-03
000300.SH,2014-12-04,2975.403,3104.89,2968.876,3104.351,2014-12-04
000300.SH,2014-12-05,3143.968,3195.798,3011.936,3124.885,2014-12-05
000300.SH,2014-12-08,3108.272,3270.881,3075.7,3252.881,2014-12-08
000300.SH,2014-12-09,3233.097,3387.827,3074.516,3106.913,2014-12-09
000300.SH,2014-12-10,3120.212,3229.047,3058.191,3221.546,2014-12-10
000300.SH,2014-12-11,3185.161,3254.424,3158.443,3183.012,2014-12-11
000300.SH,2014-12-12,3182.923,3239.447,3167.928,3193.227,2014-12-12
000300.SH,2014-12-15,3176.829,3226.221,3143.297,3217.228,2014-12-15
000300.SH,2014-12-16,3221.358,3303.402,3207.688,3303.402,2014-12-16
000300.SH,2014-12-17,3325.82,3368.194,3275.736,3360.598,2014-12-17
000300.SH,2014-12-18,3359.09,3393.711,3322.229,3345.927,2014-12-18
000300.SH,2014-12-19,3345.629,3397.183,3280.916,3383.167,2014-12-19
000300.SH,2014-12-22,3396.251,3455.207,3357.661,3394.481,2014-12-22
000300.SH,2014-12-23,3358.798,3431.779,3316.913,3324.924,2014-12-23
000300.SH,2014-12-24,3332.146,3340.357,3188.495,3230.385,2014-12-24
000300.SH,2014-12-25,3254.48,3335.779,3226.322,3335.419,2014-12-25
000300.SH,2014-12-26,3343.64,3453.338,3335.012,3445.839,2014-12-26
000300.SH,2014-12-29,3502.183,3524.28,3405.836,3455.455,2014-12-29
000300.SH,2014-12-30,3450.814,3491.826,3422.174,3457.554,2014-12-30
000300.SH,2014-12-31,3462.389,3542.34,3452.498,3533.705,2014-12-31
000300.SH,2015-01-05,3566.089,3669.042,3551.51,3641.541,2015-01-05
000300.SH,2015-01-06,3608.428,3683.226,3587.231,3641.059,2015-01-06
000300.SH,2015-01-07,3620.924,3671.19,3601.698,3643.79,2015-01-07
000300.SH,2015-01-08,3650.073,3659.945,3552.1,3559.259,2015-01-08
000300.SH,2015-01-09,3547.574,3689.753,3536.395,3546.723,2015-01-09
000300.SH,2015-01-12,3531.515,3560.527,3461.322,3513.576,2015-01-12
000300.SH,2015-01-13,3506.451,3550.158,3494.768,3514.04,2015-01-13
000300.SH,2015-01-14,3522.907,3547.242,3471.56,3502.423,2015-01-14
000300.SH,2015-01-15,3501.719,3604.121,3482.27,3604.121,2015-01-15
000300.SH,2015-01-16,3616.248,3662.158,3601.258,3635.146,2015-01-16
000300.SH,2015-01-19,3414.013,3497.252,3330.981,3355.155,2015-01-19
000300.SH,2015-01-20,3336.793,3419.204,3325.681,3396.222,2015-01-20
000300.SH,2015-01-21,3420.491,3557.794,3409.43,3548.885,2015-01-21
000300.SH,2015-01-22,3551.052,3576.756,3520.053,3567.613,2015-01-22
000300.SH,2015-01-23,3582.088,3627.806,3548.626,3571.732,2015-01-23
000300.SH,2015-01-26,3580.118,3611.617,3559.376,3607.985,2015-01-26
000300.SH,2015-01-27,3614.038,3616.258,3510.017,3574.931,2015-01-27
000300.SH,2015-01-28,3547.239,3583.312,3512.393,3525.323,2015-01-28
000300.SH,2015-01-29,3474.915,3505.582,3453.901,3481.798,2015-01-29
000300.SH,2015-01-30,3496.885,3514.217,3431.936,3434.39,2015-01-30
000300.SH,2015-02-02,3360.193,3407.256,3347.085,3353.96,2015-02-02
000300.SH,2015-02-03,3388.602,3441.709,3360.717,3437.445,2015-02-03
000300.SH,2015-02-04,3446.144,3476.817,3399.565,3401.768,2015-02-04
000300.SH,2015-02-05,3487.951,3487.951,3366.862,3366.946,2015-02-05
000300.SH,2015-02-06,3352.33,3374.051,3285.935,3312.42,2015-02-06
000300.SH,2015-02-09,3305.734,3376.526,3298.597,3345.921,2015-02-09
000300.SH,2015-02-10,3345.077,3407.18,3339.548,3406.943,2015-02-10
000300.SH,2015-02-11,3415.977,3445.655,3412.136,3434.124,2015-02-11
000300.SH,2015-02-12,3435.361,3453.582,3405.627,3442.874,2015-02-12
000300.SH,2015-02-13,3458.827,3509.505,3452.079,3469.828,2015-02-13
000300.SH,2015-02-16,3473.289,3504.475,3466.607,3499.483,2015-02-16
000300.SH,2015-02-17,3511.544,3536.82,3511.093,3522.322,2015-02-17
000300.SH,2015-02-25,3529.55,3529.55,3463.955,3478.729,2015-02-25
000300.SH,2015-02-26,3473.713,3569.33,3456.871,3566.295,2015-02-26
000300.SH,2015-02-27,3565.233,3594.813,3560.455,3572.843,2015-02-27
000300.SH,2015-03-02,3603.452,3608.691,3566.527,3601.265,2015-03-02
000300.SH,2015-03-03,3579.315,3579.315,3504.201,3507.9,2015-03-03
000300.SH,2015-03-04,3514.667,3540.912,3497.172,3530.822,2015-03-04
000300.SH,2015-03-05,3513.249,3517.083,3467.676,3496.344,2015-03-05
000300.SH,2015-03-06,3501.184,3516.243,3472.392,3478.52,2015-03-06
000300.SH,2015-03-09,3449.696,3546.705,3417.486,3537.75,2015-03-09
000300.SH,2015-03-10,3523.64,3551.205,3511.985,3520.611,2015-03-10
000300.SH,2015-03-11,3524.575,3568.916,3512.218,3524.653,2015-03-11
000300.SH,2015-03-12,3557.686,3603.341,3536.534,3592.844,2015-03-12
000300.SH,2015-03-13,3604.671,3641.392,3594.742,3617.657,2015-03-13
000300.SH,2015-03-16,3641.773,3705.739,3621.119,3705.671,2015-03-16
000300.SH,2015-03-17,3733.961,3762.575,3716.809,3757.122,2015-03-17
000300.SH,2015-03-18,3769.086,3846.055,3763.848,3846.055,2015-03-18
000300.SH,2015-03-19,3851.249,3859.126,3809.706,3839.739,2015-03-19
000300.SH,2015-03-20,3852.492,3916.863,3832.416,3892.574,2015-03-20
000300.SH,2015-03-23,3923.083,3972.296,3922.21,3972.061,2015-03-23
000300.SH,2015-03-24,3980.066,3989.858,3883.782,3973.046,2015-03-24
000300.SH,2015-03-25,3961.578,3980.716,3913.988,3940.412,2015-03-25
000300.SH,2015-03-26,3921.745,3991.997,3892.878,3949.999,2015-03-26
000300.SH,2015-03-27,3957.542,3993.032,3932.87,3971.697,2015-03-27
000300.SH,2015-03-30,3999.024,4101.651,3999.024,4088.178,2015-03-30
000300.SH,2015-03-31,4138.885,4166.018,4037.771,4051.204,2015-03-31
000300.SH,2015-04-01,4057.501,4139.499,4046.939,4123.895,2015-04-01
000300.SH,2015-04-02,4149.946,4156.842,4068.649,4124.776,2015-04-02
000300.SH,2015-04-03,4104.672,4170.558,4092.383,4170.538,2015-04-03
000300.SH,2015-04-07,4213.894,4260.471,4197.019,4260.044,2015-04-07
000300.SH,2015-04-08,4277.45,4304.78,4204.826,4295.803,2015-04-08
000300.SH,2015-04-09,4316.958,4332.166,4212.611,4262.138,2015-04-09
000300.SH,2015-04-10,4249.383,4351.687,4231.196,4344.416,2015-04-10
000300.SH,2015-04-13,4394.047,4432.024,4361.589,4421.073,2015-04-13
000300.SH,2015-04-14,4432.126,4474.353,4385.908,4438.184,2015-04-14
000300.SH,2015-04-15,4439.314,4475.997,4379.609,4380.513,2015-04-15
000300.SH,2015-04-16,4355.491,4513.765,4335.63,4513.546,2015-04-16
000300.SH,2015-04-17,4578.679,4630.27,4553.904,4596.136,2015-04-17
000300.SH,2015-04-20,4615.034,4671.168,4492.6,4521.919,2015-04-20
000300.SH,2015-04-21,4520.461,4620.058,4504.558,4619.164,2015-04-21
000300.SH,2015-04-22,4637.055,4740.933,4632.589,4739.814,2015-04-22
000300.SH,2015-04-23,4764.481,4782.044,4693.967,4740.892,2015-04-23
000300.SH,2015-04-24,4682.626,4730.43,4618.318,4702.641,2015-04-24
000300.SH,2015-04-27,4753.871,4810.485,4735.31,4807.592,2015-04-27
000300.SH,2015-04-28,4811.319,4839.078,4703.567,4741.861,2015-04-28
000300.SH,2015-04-29,4722.903,4797.927,4695.793,4774.326,2015-04-29
000300.SH,2015-04-30,4788.412,4818.725,4749.485,4749.886,2015-04-30
000300.SH,2015-05-04,4757.637,4795.915,4699.398,4787.741,2015-05-04
000300.SH,2015-05-05,4785.192,4785.192,4572.983,4596.837,2015-05-05
000300.SH,2015-05-06,4626.231,4700.909,4511.761,4553.327,2015-05-06
000300.SH,2015-05-07,4520.818,4546.338,4467.459,4470.089,2015-05-07
000300.SH,2015-05-08,4515.554,4559.058,4445.592,4558.404,2015-05-08
000300.SH,2015-05-11,4582.091,4690.954,4535.149,4690.532,2015-05-11
000300.SH,2015-05-12,4692.122,4748.004,4660.016,4747.421,2015-05-12
000300.SH,2015-05-13,4746.713,4758.002,4678.845,4718.436,2015-05-13
000300.SH,2015-05-14,4717.955,4735.284,4670.168,4700.778,2015-05-14
000300.SH,2015-05-15,4690.755,4690.755,4592.05,4617.47,2015-05-15
000300.SH,2015-05-18,4582.058,4623.383,4565.061,4575.14,2015-05-18
000300.SH,2015-05-19,4577.637,4740.005,4577.637,4731.222,2015-05-19
000300.SH,2015-05-20,4751.572,4843.1,4745.21,4754.919,2015-05-20
000300.SH,2015-05-21,4768.689,4841.615,4746.029,4840.976,2015-05-21
000300.SH,2015-05-22,4895.925,4951.991,4870.598,4951.335,2015-05-22
000300.SH,2015-05-25,4949.11,5099.839,4949.11,5099.495,2015-05-25
000300.SH,2015-05-26,5140.798,5199.295,5063.146,5198.918,2015-05-26
000300.SH,2015-05-27,5216.17,5226.844,5126.861,5181.434,2015-05-27
000300.SH,2015-05-28,5174.101,5213.183,4831.329,4834.007,2015-05-28
000300.SH,2015-05-29,4839.53,4924.303,4665.521,4840.829,2015-05-29
000300.SH,2015-06-01,4862.756,5079.319,4835.774,5076.179,2015-06-01
000300.SH,2015-06-02,5091.272,5162.556,5047.081,5161.87,2015-06-02
000300.SH,2015-06-03,5176.597,5186.967,5059.495,5143.59,2015-06-03
000300.SH,2015-06-04,5156.012,5194.233,4863.465,5181.416,2015-06-04
000300.SH,2015-06-05,5254.905,5288.34,5104.178,5230.552,2015-06-05
000300.SH,2015-06-08,5259.408,5370.609,5202.595,5353.751,2015-06-08
000300.SH,2015-06-09,5379.47,5380.426,5251.208,5317.461,2015-06-09
000300.SH,2015-06-10,5254.3042,5374.8296,5209.6795,5309.112,2015-06-10
000300.SH,2015-06-11,5305.1407,5329.2951,5248.1626,5306.59,2015-06-11
000300.SH,2015-06-12,5329.2781,5351.6481,5283.0859,5335.1151,2015-06-12
000300.SH,2015-06-15,5354.0138,5362.4515,5207.3081,5221.1665,2015-06-15
000300.SH,2015-06-16,5165.0245,5204.303,5015.2646,5064.8212,2015-06-16
000300.SH,2015-06-17,5072.3064,5158.3671,4949.2934,5138.8307,2015-06-17
000300.SH,2015-06-18,5107.6946,5121.2184,4926.4292,4930.5491,2015-06-18
000300.SH,2015-06-19,4847.0568,4910.4499,4634.6909,4637.0517,2015-06-19
000300.SH,2015-06-23,4641.4248,4786.955,4455.3304,4786.0906,2015-06-23
000300.SH,2015-06-24,4811.5949,4883.7317,4744.3058,4880.1261,2015-06-24
000300.SH,2015-06-25,4906.2416,4919.2631,4667.2235,4706.5159,2015-06-25
000300.SH,2015-06-26,4573.8723,4650.1861,4278.6752,4336.1947,2015-06-26
000300.SH,2015-06-29,4446.8419,4451.1659,4000.9261,4191.5486,2015-06-29
000300.SH,2015-06-30,4161.0672,4475.7674,4016.0126,4472.9976,2015-06-30
000300.SH,2015-07-01,4408.9843,4526.1271,4235.6964,4253.021,2015-07-01
000300.SH,2015-07-02,4287.7344,4312.1904,4000.0612,4107.9961,2015-07-02
000300.SH,2015-07-03,4017.2019,4164.6289,3785.9015,3885.9169,2015-07-03
000300.SH,2015-07-06,4218.266,4218.266,3832.4678,3998.537,2015-07-06
000300.SH,2015-07-07,3877.8539,3960.6359,3743.6237,3928.0025,2015-07-07
000300.SH,2015-07-08,3651.0604,3762.6222,3612.2536,3663.0375,2015-07-08
000300.SH,2015-07-09,3621.6804,3930.2641,3537.826,3897.6263,2015-07-09
000300.SH,2015-07-10,3916.2717,4179.1114,3887.5509,4106.5561,2015-07-10
000300.SH,2015-07-13,4132.2308,4278.1612,4072.4297,4211.8116,2015-07-13
000300.SH,2015-07-14,4178.6295,4258.5132,4062.5004,4112.1488,2015-07-14
000300.SH,2015-07-15,4068.8803,4114.2425,3899.5079,3966.7585,2015-07-15
000300.SH,2015-07-16,3949.639,4067.0223,3856.3213,3997.3555,2015-07-16
000300.SH,2015-07-17,4023.7567,4190.1857,4000.2307,4151.4956,2015-07-17
000300.SH,2015-07-20,4157.0598,4221.693,4106.389,4160.612,2015-07-20
000300.SH,2015-07-21,4109.7606,4201.4824,4081.7039,4166.0057,2015-07-21
000300.SH,2015-07-22,4148.5601,4187.4305,4094.7116,4157.1604,2015-07-22
000300.SH,2015-07-23,4158.932,4262.0619,4148.8235,4250.805,2015-07-23
000300.SH,2015-07-24,4255.1977,4299.6497,4154.617,4176.2787,2015-07-24
000300.SH,2015-07-27,4097.7963,4156.3128,3817.1693,3818.7314,2015-07-27
000300.SH,2015-07-28,3690.9741,3883.4461,3627.4214,3811.0926,2015-07-28
000300.SH,2015-07-29,3839.9585,3934.0033,3769.1894,3930.3791,2015-07-29
000300.SH,2015-07-30,3915.7795,3968.5338,3802.8821,3815.4118,2015-07-30
000300.SH,2015-07-31,3777.1546,3863.6237,3757.9889,3816.6993,2015-07-31
000300.SH,2015-08-03,3766.0719,3829.2354,3742.5781,3829.2354,2015-08-03
000300.SH,2015-08-04,3827.3726,3948.4489,3801.0281,3948.1554,2015-08-04
000300.SH,2015-08-05,3937.6232,3962.2774,3858.6598,3866.8998,2015-08-05
000300.SH,2015-08-06,3802.928,3888.6926,3793.237,3831.8516,2015-08-06
000300.SH,2015-08-07,3866.4298,3926.6488,3857.9076,3906.9448,2015-08-07
000300.SH,2015-08-10,3947.4724,4101.7313,3932.8417,4084.3646,2015-08-10
000300.SH,2015-08-11,4083.5887,4110.1328,4042.0037,4066.6692,2015-08-11
000300.SH,2015-08-12,4025.6735,4078.0297,4015.3547,4016.1262,2015-08-12
000300.SH,2015-08-13,4010.0129,4075.7003,3967.8205,4075.463,2015-08-13
000300.SH,2015-08-14,4097.9177,4113.1585,4056.7265,4073.54,2015-08-14
000300.SH,2015-08-17,4058.1129,4081.7718,4009.9896,4077.8721,2015-08-17
000300.SH,2015-08-18,4084.3108,4103.0535,3816.5535,3825.4122,2015-08-18
000300.SH,2015-08-19,3748.2663,3898.74,3668.1924,3886.1357,2015-08-19
000300.SH,2015-08-20,3848.4034,3880.824,3761.4541,3761.4541,2015-08-20
000300.SH,2015-08-21,3714.2891,3757.7794,3578.1749,3589.5358,2015-08-21
000300.SH,2015-08-24,3454.5977,3468.1493,3266.5499,3275.5342,2015-08-24
000300.SH,2015-08-25,3070.0069,3200.1081,3019.5561,3042.9266,2015-08-25
000300.SH,2015-08-26,3062.566,3192.9316,2952.0082,3025.692,2015-08-26
000300.SH,2015-08-27,3092.8123,3206.7238,3028.3984,3205.6375,2015-08-27
000300.SH,2015-08-28,3246.236,3353.2435,3223.6221,3342.2863,2015-08-28
000300.SH,2015-08-31,3307.3962,3368.2789,3205.5365,3366.5359,2015-08-31
000300.SH,2015-09-01,3296.5289,3370.5039,3190.5783,3362.0827,2015-09-01
000300.SH,2015-09-02,3220.8505,3387.0204,3213.6371,3365.8318,2015-09-02
000300.SH,2015-09-07,3347.2934,3422.2246,3240.2427,3250.485,2015-09-07
000300.SH,2015-09-08,3221.789,3340.2192,3170.807,3334.0233,2015-09-08
000300.SH,2015-09-09,3344.8238,3426.6509,3330.2896,3399.3054,2015-09-09
000300.SH,2015-09-10,3349.2806,3398.3164,3337.3105,3357.561,2015-09-10
000300.SH,2015-09-11,3349.8772,3383.1338,3315.4782,3347.1878,2015-09-11
000300.SH,2015-09-14,3367.642,3373.9212,3187.5659,3281.1317,2015-09-14
000300.SH,2015-09-15,3208.744,3240.0789,3131.9795,3152.2319,2015-09-15
000300.SH,2015-09-16,3149.1577,3345.9177,3131.3703,3309.2484,2015-09-16
000300.SH,2015-09-17,3287.6567,3354.9052,3236.9986,3236.9986,2015-09-17
000300.SH,2015-09-18,3254.4432,3280.877,3227.8338,3251.2732,2015-09-18
000300.SH,2015-09-21,3222.6029,3312.5497,3211.9336,3308.2467,2015-09-21
000300.SH,2015-09-22,3312.3655,3371.4139,3303.1842,3339.03,2015-09-22
000300.SH,2015-09-23,3290.0712,3315.9351,3253.3326,3263.0275,2015-09-23
000300.SH,2015-09-24,3278.8962,3300.8572,3255.9021,3284.9991,2015-09-24
000300.SH,2015-09-25,3272.665,3290.858,3201.9137,3231.9514,2015-09-25
000300.SH,2015-09-28,3226.6072,3246.5541,3186.5066,3242.7524,2015-09-28
000300.SH,2015-09-29,3197.2209,3208.4165,3159.0419,3178.8544,2015-09-29
000300.SH,2015-09-30,3195.901,3223.9076,3186.767,3202.9475,2015-09-30
000300.SH,2015-10-08,3324.981,3337.3306,3294.6049,3296.482,2015-10-08
000300.SH,2015-10-09,3302.3596,3352.3794,3293.965,3340.1159,2015-10-09
000300.SH,2015-10-12,3351.1391,3486.6306,3347.2512,3447.6934,2015-10-12
000300.SH,2015-10-13,3422.4772,3452.0453,3413.9674,3445.0431,2015-10-13
000300.SH,2015-10-14,3431.1352,3458.7015,3403.2305,3406.1116,2015-10-14
000300.SH,2015-10-15,3403.3891,3486.815,3402.3162,3486.815,2015-10-15
000300.SH,2015-10-16,3508.5177,3537.5387,3487.1044,3534.0653,2015-10-16
000300.SH,2015-10-19,3548.9525,3572.9945,3502.5045,3534.1821,2015-10-19
000300.SH,2015-10-20,3527.875,3577.7981,3510.4368,3577.7027,2015-10-20
000300.SH,2015-10-21,3580.8378,3601.2434,3417.4123,3473.2544,2015-10-21
000300.SH,2015-10-22,3453.2013,3530.7657,3442.3065,3524.5339,2015-10-22
000300.SH,2015-10-23,3536.8425,3581.8362,3515.8216,3571.2411,2015-10-23
000300.SH,2015-10-26,3614.7023,3620.7564,3561.1922,3589.2611,2015-10-26
000300.SH,2015-10-27,3569.4486,3601.0529,3486.102,3592.8794,2015-10-27
000300.SH,2015-10-28,3575.8048,3598.1717,3517.2104,3524.9199,2015-10-28
000300.SH,2015-10-29,3539.9777,3561.814,3507.9657,3533.3065,2015-10-29
000300.SH,2015-10-30,3530.2233,3574.4733,3497.5677,3534.0788,2015-10-30
000300.SH,2015-11-02,3489.2252,3543.4501,3474.7116,3475.9623,2015-11-02
000300.SH,2015-11-03,3484.7218,3501.704,3452.6203,3465.4927,2015-11-03
000300.SH,2015-11-04,3477.1592,3628.5377,3477.1592,3628.5377,2015-11-04
000300.SH,2015-11-05,3630.7817,3781.4085,3627.3009,3705.9697,2015-11-05
000300.SH,2015-11-06,3698.342,3801.705,3694.6567,3793.3739,2015-11-06
000300.SH,2015-11-09,3796.3792,3891.773,3796.3792,3840.3547,2015-11-09
000300.SH,2015-11-10,3806.6685,3876.4901,3798.8214,3833.2379,2015-11-10
000300.SH,2015-11-11,3828.4476,3843.1121,3781.4102,3833.6457,2015-11-11
000300.SH,2015-11-12,3841.7376,3843.8997,3771.2743,3795.3241,2015-11-12
000300.SH,2015-11-13,3756.2044,3793.7134,3727.5847,3746.2422,2015-11-13
000300.SH,2015-11-16,3682.7349,3764.4087,3680.0734,3764.1262,2015-11-16
000300.SH,2015-11-17,3790.4261,3852.7743,3750.1565,3758.3869,2015-11-17
000300.SH,2015-11-18,3760.4555,3771.8467,3706.3103,3715.5796,2015-11-18
000300.SH,2015-11-19,3725.622,3775.232,3714.675,3774.969,2015-11-19
000300.SH,2015-11-20,3778.8843,3793.5447,3757.0264,3774.3833,2015-11-20
000300.SH,2015-11-23,3774.4356,3802.8513,3743.405,3753.3351,2015-11-23
000300.SH,2015-11-24,3745.7607,3754.1688,3702.7369,3753.8887,2015-11-24
000300.SH,2015-11-25,3747.7594,3781.857,3735.7162,3781.6069,2015-11-25
000300.SH,2015-11-26,3795.2454,3805.8435,3756.8234,3759.4286,2015-11-26
000300.SH,2015-11-27,3739.0958,3742.7417,3534.3904,3556.9924,2015-11-27
000300.SH,2015-11-30,3554.89,3587.9703,3455.0679,3566.4122,2015-11-30
000300.SH,2015-12-01,3562.3186,3617.3054,3536.1156,3591.696,2015-12-01
000300.SH,2015-12-02,3587.7576,3725.8542,3573.4025,3721.9545,2015-12-02
000300.SH,2015-12-03,3709.5469,3758.4457,3693.137,3749.2985,2015-12-03
000300.SH,2015-12-04,3719.7338,3726.1236,3667.2911,3677.5922,2015-12-04
000300.SH,2015-12-07,3681.5817,3699.337,3658.5778,3687.6073,2015-12-07
000300.SH,2015-12-08,3668.8385,3668.8385,3619.4449,3623.0202,2015-12-08
000300.SH,2015-12-09,3613.4203,3655.1585,3611.4904,3635.9382,2015-12-09
000300.SH,2015-12-10,3634.366,3678.3183,3615.9911,3623.0842,2015-12-10
000300.SH,2015-12-11,3605.3723,3630.7435,3578.1463,3608.0587,2015-12-11
000300.SH,2015-12-14,3573.8838,3712.5026,3570.9978,3711.322,2015-12-14
000300.SH,2015-12-15,3707.7304,3717.3573,3679.2297,3694.3885,2015-12-15
000300.SH,2015-12-16,3703.9503,3713.0897,3677.4495,3685.4398,2015-12-16
000300.SH,2015-12-17,3712.7833,3768.8435,3709.8511,3755.8881,2015-12-17
000300.SH,2015-12-18,3754.9603,3810.218,3750.925,3767.9128,2015-12-18
000300.SH,2015-12-21,3762.097,3877.82,3759.989,3865.965,2015-12-21
000300.SH,2015-12-22,3872.0975,3880.4675,3841.5929,3876.7325,2015-12-22
000300.SH,2015-12-23,3877.8722,3926.6857,3862.9646,3866.3814,2015-12-23
000300.SH,2015-12-24,3858.1348,3867.6786,3787.0836,3829.4022,2015-12-24
000300.SH,2015-12-25,3832.0849,3848.0247,3813.204,3838.201,2015-12-25
000300.SH,2015-12-28,3847.5323,3853.3891,3727.6316,3727.6316,2015-12-28
000300.SH,2015-12-29,3723.0498,3762.0518,3710.4803,3761.8745,2015-12-29
000300.SH,2015-12-30,3762.9141,3765.657,3726.278,3765.1752,2015-12-30
000300.SH,2015-12-31,3760.9039,3772.6166,3727.3247,3731.0047,2015-12-31
000300.SH,2016-01-04,3725.8561,3726.2446,3468.9485,3469.0662,2016-01-04
000300.SH,2016-01-05,3382.1769,3518.217,3377.2799,3478.7797,2016-01-05
000300.SH,2016-01-06,3482.4064,3543.7394,3468.4666,3539.8082,2016-01-06
000300.SH,2016-01-07,3481.1499,3481.1499,3284.7374,3294.3839,2016-01-07
000300.SH,2016-01-08,3371.871,3418.8508,3237.9307,3361.5632,2016-01-08
000300.SH,2016-01-11,3303.1246,3342.4807,3192.4499,3192.4499,2016-01-11
000300.SH,2016-01-12,3214.8234,3242.2532,3174.5497,3215.7099,2016-01-12
000300.SH,2016-01-13,3240.4838,3257.2953,3155.8787,3155.8787,2016-01-13
000300.SH,2016-01-14,3076.6445,3226.6576,3072.0389,3221.5714,2016-01-14
000300.SH,2016-01-15,3200.888,3216.7977,3101.0522,3118.7301,2016-01-15
000300.SH,2016-01-18,3068.2348,3165.6164,3066.727,3130.7289,2016-01-18
000300.SH,2016-01-19,3132.7047,3227.908,3119.2163,3223.1251,2016-01-19
000300.SH,2016-01-20,3204.2183,3225.9496,3154.4259,3174.3781,2016-01-20
000300.SH,2016-01-21,3136.3841,3202.5381,3081.3454,3081.3454,2016-01-21
000300.SH,2016-01-22,3114.895,3132.1708,3053.9581,3113.4626,2016-01-22
000300.SH,2016-01-25,3129.0279,3149.3322,3105.1004,3128.886,2016-01-25
000300.SH,2016-01-26,3099.5957,3106.5302,2934.6469,2940.5085,2016-01-26
000300.SH,2016-01-27,2953.1826,2963.5438,2839.2899,2930.3519,2016-01-27
000300.SH,2016-01-28,2909.3341,2941.8866,2841.8442,2853.7562,2016-01-28
000300.SH,2016-01-29,2855.5983,2965.3093,2854.3712,2946.0902,2016-01-29
000300.SH,2016-02-01,2939.0401,2944.5172,2869.5614,2901.0477,2016-02-01
000300.SH,2016-02-02,2901.5284,2972.4258,2901.5119,2961.3337,2016-02-02
000300.SH,2016-02-03,2931.2883,2954.71,2909.8982,2948.6386,2016-02-03
000300.SH,2016-02-04,2960.3335,2999.2061,2960.2065,2984.7598,2016-02-04
000300.SH,2016-02-05,2982.0563,2988.3597,2962.8471,2963.7894,2016-02-05
000300.SH,2016-02-15,2888.4277,2961.4926,2886.0183,2946.7066,2016-02-15
000300.SH,2016-02-16,2962.1871,3042.0886,2962.1871,3037.0353,2016-02-16
000300.SH,2016-02-17,3034.0902,3065.7845,3027.0458,3063.3199,2016-02-17
000300.SH,2016-02-18,3079.5272,3093.5129,3049.8407,3053.6985,2016-02-18
000300.SH,2016-02-19,3047.9417,3065.9677,3032.6336,3051.585,2016-02-19
000300.SH,2016-02-22,3083.9325,3128.2069,3071.3289,3118.8675,2016-02-22
000300.SH,2016-02-23,3117.2027,3119.2209,3061.4294,3089.3632,2016-02-23
000300.SH,2016-02-24,3077.6062,3109.5454,3055.2511,3109.5454,2016-02-24
000300.SH,2016-02-25,3104.4097,3104.4357,2905.4565,2918.7501,2016-02-25
000300.SH,2016-02-26,2942.0954,2964.3851,2902.948,2948.0306,2016-02-26
000300.SH,2016-02-29,2939.5802,2939.8745,2821.2149,2877.4666,2016-02-29
000300.SH,2016-03-01,2881.3353,2950.4361,2863.3228,2930.6937,2016-03-01
000300.SH,2016-03-02,2933.9209,3054.7237,2933.1162,3051.3327,2016-03-02
000300.SH,2016-03-03,3050.3886,3078.4437,3040.2463,3058.4219,2016-03-03
000300.SH,2016-03-04,3047.5371,3101.6556,3032.4235,3093.8895,2016-03-04
000300.SH,2016-03-07,3108.9994,3130.9032,3083.5843,3104.8397,2016-03-07
000300.SH,2016-03-08,3100.1492,3109.2499,3001.8285,3107.6727,2016-03-08
000300.SH,2016-03-09,3045.9238,3072.9156,3020.1335,3071.907,2016-03-09
000300.SH,2016-03-10,3056.2104,3074.1602,3012.6908,3013.1457,2016-03-10
000300.SH,2016-03-11,2990.2135,3026.4368,2982.1722,3018.2844,2016-03-11
000300.SH,2016-03-14,3039.5689,3106.8002,3033.9997,3065.6904,2016-03-14
000300.SH,2016-03-15,3061.3427,3077.0846,3028.5781,3074.7796,2016-03-15
000300.SH,2016-03-16,3068.8664,3100.3518,3064.5209,3090.0328,2016-03-16
000300.SH,2016-03-17,3096.8076,3147.8413,3077.5717,3124.2039,2016-03-17
000300.SH,2016-03-18,3136.223,3197.668,3130.102,3171.963,2016-03-18
000300.SH,2016-03-21,3203.2929,3267.7751,3198.3608,3249.4372,2016-03-21
000300.SH,2016-03-22,3231.6146,3249.6772,3218.7276,3225.7903,2016-03-22
000300.SH,2016-03-23,3217.7288,3242.2466,3202.9759,3236.0924,2016-03-23
000300.SH,2016-03-24,3211.496,3221.9061,3181.8128,3181.8507,2016-03-24
000300.SH,2016-03-25,3176.8101,3204.4423,3174.3179,3197.8169,2016-03-25
000300.SH,2016-03-28,3206.9532,3229.6237,3161.8782,3169.7283,2016-03-28
000300.SH,2016-03-29,3171.3138,3178.0748,3122.7605,3135.4098,2016-03-29
000300.SH,2016-03-30,3161.2886,3216.6755,3161.2886,3216.2753,2016-03-30
000300.SH,2016-03-31,3229.1995,3241.9268,3208.6649,3218.0879,2016-03-31
000300.SH,2016-04-01,3213.674,3222.6124,3165.8555,3221.8948,2016-04-01
000300.SH,2016-04-05,3211.3046,3271.9301,3205.2065,3264.4858,2016-04-05
000300.SH,2016-04-06,3250.5215,3267.64,3236.1961,3257.5276,2016-04-06
000300.SH,2016-04-07,3266.2883,3270.8202,3208.6443,3209.2902,2016-04-07
000300.SH,2016-04-08,3189.8456,3197.7736,3163.305,3185.7258,2016-04-08
000300.SH,2016-04-11,3213.507,3251.5717,3213.507,3230.0957,2016-04-11
000300.SH,2016-04-12,3227.3673,3232.2642,3198.9027,3218.4497,2016-04-12
000300.SH,2016-04-13,3237.8575,3296.5228,3237.8575,3261.3831,2016-04-13
000300.SH,2016-04-14,3277.0982,3286.0716,3252.0499,3275.8321,2016-04-14
000300.SH,2016-04-15,3279.8566,3282.9846,3261.7299,3272.2053,2016-04-15
000300.SH,2016-04-18,3252.6706,3252.6706,3221.6623,3228.4531,2016-04-18
000300.SH,2016-04-19,3243.9712,3250.7253,3221.5773,3238.3029,2016-04-19
000300.SH,2016-04-20,3244.1419,3248.4218,3107.3693,3181.0264,2016-04-20
000300.SH,2016-04-21,3160.7958,3198.557,3150.9395,3160.6033,2016-04-21
000300.SH,2016-04-22,3142.5611,3175.3799,3137.9927,3174.9012,2016-04-22
000300.SH,2016-04-25,3164.7384,3172.2694,3137.113,3162.0331,2016-04-25
000300.SH,2016-04-26,3159.7706,3181.0954,3150.4041,3179.1605,2016-04-26
000300.SH,2016-04-27,3181.9305,3188.8264,3162.6914,3165.9156,2016-04-27
000300.SH,2016-04-28,3169.3333,3174.7662,3135.6425,3160.5809,2016-04-28
000300.SH,2016-04-29,3153.5371,3171.2887,3149.3966,3156.7451,2016-04-29
000300.SH,2016-05-03,3159.823,3218.485,3151.4045,3213.5397,2016-05-03
000300.SH,2016-05-04,3203.4653,3222.8816,3198.2919,3209.4614,2016-05-04
000300.SH,2016-05-05,3204.1686,3217.282,3196.5661,3213.9199,2016-05-05
000300.SH,2016-05-06,3213.1358,3216.893,3130.1469,3130.3544,2016-05-06
000300.SH,2016-05-09,3115.4301,3115.4301,3055.0057,3065.6154,2016-05-09
000300.SH,2016-05-10,3055.2119,3084.7245,3055.1831,3069.1124,2016-05-10
000300.SH,2016-05-11,3080.6361,3102.8768,3063.0883,3082.8086,2016-05-11
000300.SH,2016-05-12,3059.3831,3095.3489,3035.0228,3090.1372,2016-05-12
000300.SH,2016-05-13,3081.6797,3103.0955,3064.691,3074.9351,2016-05-13
000300.SH,2016-05-16,3064.5261,3095.5554,3053.6619,3095.3085,2016-05-16
000300.SH,2016-05-17,3095.5229,3105.2013,3073.459,3086.0249,2016-05-17
000300.SH,2016-05-18,3071.5292,3072.6122,3039.4618,3068.0358,2016-05-18
000300.SH,2016-05-19,3060.3426,3086.977,3058.145,3062.5002,2016-05-19
000300.SH,2016-05-20,3047.7778,3078.5316,3041.5169,3078.2183,2016-05-20
000300.SH,2016-05-23,3078.515,3098.4782,3076.5039,3087.2225,2016-05-23
000300.SH,2016-05-24,3083.2441,3083.2571,3052.5905,3063.5556,2016-05-24
000300.SH,2016-05-25,3079.7486,3089.1022,3054.8697,3059.2259,2016-05-25
000300.SH,2016-05-26,3056.6004,3072.524,3027.444,3064.2111,2016-05-26
000300.SH,2016-05-27,3059.732,3073.7562,3052.1793,3062.4993,2016-05-27
000300.SH,2016-05-30,3056.3138,3075.2613,3037.6647,3066.7095,2016-05-30
000300.SH,2016-05-31,3068.5964,3170.926,3068.5964,3169.5598,2016-05-31
000300.SH,2016-06-01,3172.9619,3181.7926,3159.8175,3160.547,2016-06-01
000300.SH,2016-06-02,3158.0259,3168.824,3151.0654,3167.0997,2016-06-02
000300.SH,2016-06-03,3172.946,3201.7492,3162.088,3189.3255,2016-06-03
000300.SH,2016-06-06,3192.7793,3197.2204,3168.554,3178.7883,2016-06-06
000300.SH,2016-06-07,3182.4374,3186.6167,3168.1792,3177.0536,2016-06-07
000300.SH,2016-06-08,3171.8134,3174.9719,3148.3517,3163.9864,2016-06-08
000300.SH,2016-06-13,3134.0453,3145.6057,3065.7674,3066.3413,2016-06-13
000300.SH,2016-06-14,3058.4433,3078.7494,3055.6553,3075.9834,2016-06-14
000300.SH,2016-06-15,3043.9577,3128.6733,3042.2328,3116.3682,2016-06-15
000300.SH,2016-06-16,3104.3619,3112.4755,3089.4777,3094.6748,2016-06-16
000300.SH,2016-06-17,3096.0901,3131.0485,3096.0901,3110.3572,2016-06-17
000300.SH,2016-06-20,3114.9064,3118.7254,3089.7127,3112.6744,2016-06-20
000300.SH,2016-06-21,3124.8984,3155.4927,3097.9402,3106.3175,2016-06-21
000300.SH,2016-06-22,3100.4496,3134.0608,3096.9919,3133.9611,2016-06-22
000300.SH,2016-06-23,3129.7207,3129.7207,3102.4811,3117.3168,2016-06-23
000300.SH,2016-06-24,3110.6465,3130.5391,3033.9651,3077.1554,2016-06-24
000300.SH,2016-06-27,3065.128,3120.6405,3064.9664,3120.5443,2016-06-27
000300.SH,2016-06-28,3107.3979,3139.4301,3099.7012,3136.4013,2016-06-28
000300.SH,2016-06-29,3142.4842,3158.0762,3139.1325,3151.3898,2016-06-29
000300.SH,2016-06-30,3152.8331,3163.7205,3148.1987,3153.921,2016-06-30
000300.SH,2016-07-01,3156.932,3170.2583,3148.2948,3154.2003,2016-07-01
000300.SH,2016-07-04,3136.3852,3210.6016,3134.0233,3204.6962,2016-07-04
000300.SH,2016-07-05,3199.1572,3216.7029,3197.9956,3207.3827,2016-07-05
000300.SH,2016-07-06,3197.6249,3217.5158,3183.4511,3216.8035,2016-07-06
000300.SH,2016-07-07,3206.5507,3220.5404,3190.1235,3209.9542,2016-07-07
000300.SH,2016-07-08,3199.7542,3204.9283,3183.9594,3192.2804,2016-07-08
000300.SH,2016-07-11,3199.0383,3235.9623,3197.6255,3203.3298,2016-07-11
000300.SH,2016-07-12,3201.9062,3273.4738,3200.3034,3273.1823,2016-07-12
000300.SH,2016-07-13,3274.0202,3300.9912,3271.7752,3282.8681,2016-07-13
000300.SH,2016-07-14,3277.4816,3281.9503,3259.0653,3276.7637,2016-07-14
000300.SH,2016-07-15,3278.8357,3285.026,3265.2906,3276.2775,2016-07-15
000300.SH,2016-07-18,3269.7077,3281.6375,3251.7659,3262.0222,2016-07-18
000300.SH,2016-07-19,3260.4349,3264.7303,3226.1987,3248.2341,2016-07-19
000300.SH,2016-07-20,3246.8626,3254.5076,3232.2568,3237.6051,2016-07-20
000300.SH,2016-07-21,3238.3367,3271.3739,3238.3034,3252.5227,2016-07-21
000300.SH,2016-07-22,3251.242,3253.7694,3220.8937,3225.1621,2016-07-22
000300.SH,2016-07-25,3220.1658,3243.7902,3218.1419,3230.885,2016-07-25
000300.SH,2016-07-26,3228.234,3269.7457,3228.0075,3269.5882,2016-07-26
000300.SH,2016-07-27,3270.0837,3276.5112,3157.4093,3218.243,2016-07-27
000300.SH,2016-07-28,3204.4645,3235.7816,3195.2696,3221.1365,2016-07-28
000300.SH,2016-07-29,3217.1923,3225.4184,3198.6839,3203.9304,2016-07-29
000300.SH,2016-08-01,3196.425,3199.9751,3156.7488,3176.8091,2016-08-01
000300.SH,2016-08-02,3173.7576,3189.0529,3165.5422,3189.0529,2016-08-02
000300.SH,2016-08-03,3179.6842,3197.1573,3173.5356,3193.5073,2016-08-03
000300.SH,2016-08-04,3190.546,3201.5539,3170.4189,3201.2888,2016-08-04
000300.SH,2016-08-05,3201.3543,3224.873,3192.8614,3205.1101,2016-08-05
000300.SH,2016-08-08,3199.5723,3234.4795,3187.2521,3234.1833,2016-08-08
000300.SH,2016-08-09,3232.603,3257.3336,3229.1741,3256.9813,2016-08-09
000300.SH,2016-08-10,3255.1822,3261.8609,3242.7509,3243.3409,2016-08-10
000300.SH,2016-08-11,3239.5583,3274.0261,3232.6127,3233.3604,2016-08-11
000300.SH,2016-08-12,3231.8065,3294.2337,3231.1366,3294.2337,2016-08-12
000300.SH,2016-08-15,3303.4688,3417.9147,3302.3776,3393.4239,2016-08-15
000300.SH,2016-08-16,3403.3839,3418.6884,3372.0206,3378.2451,2016-08-16
000300.SH,2016-08-17,3377.7713,3394.3887,3356.9244,3373.0476,2016-08-17
000300.SH,2016-08-18,3369.9472,3394.7912,3349.6879,3364.4851,2016-08-18
000300.SH,2016-08-19,3358.555,3374.045,3341.1922,3365.0197,2016-08-19
000300.SH,2016-08-22,3364.681,3372.8331,3335.4695,3336.7949,2016-08-22
000300.SH,2016-08-23,3332.621,3359.6477,3324.9603,3341.8298,2016-08-23
000300.SH,2016-08-24,3341.9304,3348.1291,3323.7251,3329.8631,2016-08-24
000300.SH,2016-08-25,3314.0846,3315.0812,3279.8064,3308.9721,2016-08-25
000300.SH,2016-08-26,3312.4991,3328.9453,3301.7359,3307.0902,2016-08-26
000300.SH,2016-08-29,3306.5749,3315.0789,3297.0697,3307.7812,2016-08-29
000300.SH,2016-08-30,3310.3188,3325.1218,3304.5966,3311.9872,2016-08-30
000300.SH,2016-08-31,3310.5654,3333.9729,3304.6552,3327.7938,2016-08-31
000300.SH,2016-09-01,3326.7389,3329.3455,3301.2129,3301.5767,2016-09-01
000300.SH,2016-09-02,3298.7217,3320.4252,3295.7554,3314.1142,2016-09-02
000300.SH,2016-09-05,3321.0053,3338.4197,3314.6293,3319.6803,2016-09-05
000300.SH,2016-09-06,3322.018,3347.9511,3300.1257,3342.6259,2016-09-06
000300.SH,2016-09-07,3344.0657,3357.3567,3337.7508,3340.8172,2016-09-07
000300.SH,2016-09-08,3338.0082,3343.395,3328.2264,3339.564,2016-09-08
000300.SH,2016-09-09,3339.3733,3344.951,3318.044,3318.044,2016-09-09
000300.SH,2016-09-12,3271.8702,3276.7163,3234.573,3262.6043,2016-09-12
000300.SH,2016-09-13,3265.3373,3269.2224,3246.3857,3260.333,2016-09-13
000300.SH,2016-09-14,3245.7371,3254.995,3231.3355,3238.7299,2016-09-14
000300.SH,2016-09-19,3242.7429,3264.8995,3242.7429,3263.1242,2016-09-19
000300.SH,2016-09-20,3264.6649,3265.0353,3252.3885,3257.4034,2016-09-20
000300.SH,2016-09-21,3257.7097,3270.9022,3254.3214,3266.6363,2016-09-21
000300.SH,2016-09-22,3281.4718,3303.1993,3277.9791,3291.1211,2016-09-22
000300.SH,2016-09-23,3292.2788,3293.9162,3275.025,3275.6665,2016-09-23
000300.SH,2016-09-26,3267.6905,3267.6905,3220.2838,3220.2838,2016-09-26
000300.SH,2016-09-27,3214.8704,3240.7756,3214.4414,3240.7546,2016-09-27
000300.SH,2016-09-28,3243.647,3243.647,3227.996,3230.8904,2016-09-28
000300.SH,2016-09-29,3234.857,3257.7668,3234.8032,3244.3874,2016-09-29
000300.SH,2016-09-30,3240.1775,3260.9405,3239.0364,3253.2848,2016-09-30
000300.SH,2016-10-10,3265.3644,3294.6409,3258.9584,3293.8689,2016-10-10
000300.SH,2016-10-11,3296.8672,3308.0042,3292.8775,3306.5573,2016-10-11
000300.SH,2016-10-12,3299.1388,3302.561,3289.7532,3300.0099,2016-10-12
000300.SH,2016-10-13,3299.1557,3307.4091,3292.3974,3302.6455,2016-10-13
000300.SH,2016-10-14,3298.734,3306.6859,3285.729,3305.8481,2016-10-14
000300.SH,2016-10-17,3305.9635,3309.0097,3271.5413,3277.8787,2016-10-17
000300.SH,2016-10-18,3272.6815,3321.3324,3272.6815,3321.3324,2016-10-18
000300.SH,2016-10-19,3323.3038,3332.5201,3309.8313,3316.2407,2016-10-19
000300.SH,2016-10-20,3317.1792,3324.9031,3312.1741,3318.6044,2016-10-20
000300.SH,2016-10-21,3315.7156,3341.5603,3309.1787,3327.74,2016-10-21
000300.SH,2016-10-24,3332.5125,3382.8259,3330.9674,3367.5778,2016-10-24
000300.SH,2016-10-25,3367.4753,3373.9139,3356.5853,3367.4547,2016-10-25
000300.SH,2016-10-26,3365.1975,3367.831,3349.5744,3354.8003,2016-10-26
000300.SH,2016-10-27,3351.4603,3352.3545,3335.1332,3345.695,2016-10-27
000300.SH,2016-10-28,3347.1438,3370.7485,3337.2888,3340.1262,2016-10-28
000300.SH,2016-10-31,3332.406,3340.4695,3317.3279,3336.2778,2016-10-31
000300.SH,2016-11-01,3338.7099,3359.3941,3334.4568,3359.0515,2016-11-01
000300.SH,2016-11-02,3350.71,3356.3974,3331.3841,3333.3524,2016-11-02
000300.SH,2016-11-03,3326.9045,3379.9889,3324.8378,3365.085,2016-11-03
000300.SH,2016-11-04,3362.2055,3377.6394,3348.4263,3354.1749,2016-11-04
000300.SH,2016-11-07,3353.4441,3362.7416,3342.3122,3356.5916,2016-11-07
000300.SH,2016-11-08,3367.6974,3383.9174,3361.1292,3371.1177,2016-11-08
000300.SH,2016-11-09,3370.5999,3373.096,3322.0798,3353.0547,2016-11-09
000300.SH,2016-11-10,3374.906,3403.0158,3374.906,3390.6119,2016-11-10
000300.SH,2016-11-11,3387.9481,3422.6715,3382.8925,3417.2211,2016-11-11
000300.SH,2016-11-14,3409.2241,3452.6159,3408.1392,3430.2482,2016-11-14
000300.SH,2016-11-15,3428.8663,3434.9216,3415.9948,3429.8697,2016-11-15
000300.SH,2016-11-16,3432.4336,3435.6366,3419.2435,3429.5921,2016-11-16
000300.SH,2016-11-17,3423.4654,3437.669,3412.8771,3436.535,2016-11-17
000300.SH,2016-11-18,3437.4898,3443.1185,3413.2698,3417.4554,2016-11-18
000300.SH,2016-11-21,3412.6523,3463.1423,3412.0801,3441.1106,2016-11-21
000300.SH,2016-11-22,3443.2201,3469.2189,3443.2201,3468.3637,2016-11-22
000300.SH,2016-11-23,3473.8949,3492.9564,3465.7639,3474.7289,2016-11-23
000300.SH,2016-11-24,3468.8071,3508.1648,3467.0108,3488.7402,2016-11-24
000300.SH,2016-11-25,3490.0399,3521.3029,3463.9477,3521.2984,2016-11-25
000300.SH,2016-11-28,3538.6754,3553.3603,3528.3196,3535.0807,2016-11-28
000300.SH,2016-11-29,3525.9011,3583.7185,3521.3787,3564.0404,2016-11-29
000300.SH,2016-11-30,3557.6357,3567.0689,3527.0231,3538.001,2016-11-30
000300.SH,2016-12-01,3543.9555,3575.97,3543.245,3565.036,2016-12-01
000300.SH,2016-12-02,3559.7711,3562.5497,3516.7881,3528.9547,2016-12-02
000300.SH,2016-12-05,3473.6876,3496.8838,3457.3433,3469.4073,2016-12-05
000300.SH,2016-12-06,3466.2417,3477.5901,3456.8067,3459.1533,2016-12-06
000300.SH,2016-12-07,3458.3687,3475.7473,3445.7561,3475.7473,2016-12-07
000300.SH,2016-12-08,3481.8067,3484.3402,3466.512,3470.1426,2016-12-08
000300.SH,2016-12-09,3464.8733,3507.9276,3461.7612,3493.7004,2016-12-09
000300.SH,2016-12-12,3489.2683,3495.8022,3400.793,3409.1794,2016-12-12
000300.SH,2016-12-13,3394.2072,3416.2147,3370.5956,3405.0355,2016-12-13
000300.SH,2016-12-14,3399.4113,3412.2795,3378.2656,3378.9453,2016-12-14
000300.SH,2016-12-15,3363.8597,3378.0367,3327.1429,3340.4338,2016-12-15
000300.SH,2016-12-16,3335.3625,3356.2916,3330.4928,3346.0305,2016-12-16
000300.SH,2016-12-19,3342.3449,3344.8584,3324.9986,3328.9827,2016-12-19
000300.SH,2016-12-20,3328.2985,3329.1022,3289.2682,3309.0641,2016-12-20
000300.SH,2016-12-21,3313.7451,3342.4761,3313.7451,3338.536,2016-12-21
000300.SH,2016-12-22,3335.1218,3340.3628,3322.7196,3335.672,2016-12-22
000300.SH,2016-12-23,3333.4009,3334.8937,3300.8843,3307.5991,2016-12-23
000300.SH,2016-12-26,3293.2236,3322.4212,3267.0481,3322.4006,2016-12-26
000300.SH,2016-12-27,3319.2061,3330.2324,3315.8318,3316.3852,2016-12-27
000300.SH,2016-12-28,3315.7526,3320.5467,3293.1737,3301.8887,2016-12-28
000300.SH,2016-12-29,3297.036,3312.113,3288.0959,3297.7648,2016-12-29
000300.SH,2016-12-30,3302.5993,3313.5497,3295.7513,3310.0808,2016-12-30
000300.SH,2017-01-03,3313.9534,3345.2629,3313.9534,3342.2272,2017-01-03
000300.SH,2017-01-04,3340.5576,3369.5658,3338.1527,3368.3117,2017-01-04
000300.SH,2017-01-05,3368.3402,3373.4119,3361.462,3367.7892,2017-01-05
000300.SH,2017-01-06,3366.8522,3368.8705,3346.8914,3347.6665,2017-01-06
000300.SH,2017-01-09,3345.7483,3366.2219,3344.3472,3363.9014,2017-01-09
000300.SH,2017-01-10,3361.6394,3370.5051,3354.0878,3358.2716,2017-01-10
000300.SH,2017-01-11,3355.8008,3366.6315,3334.2978,3334.4954,2017-01-11
000300.SH,2017-01-12,3332.6857,3343.1279,3315.9629,3317.6241,2017-01-12
000300.SH,2017-01-13,3317.9625,3338.174,3309.3741,3319.9122,2017-01-13
000300.SH,2017-01-16,3314.1507,3322.7819,3264.2071,3319.4455,2017-01-16
000300.SH,2017-01-17,3305.6001,3327.3767,3292.2044,3326.3563,2017-01-17
000300.SH,2017-01-18,3323.3389,3350.9619,3320.4062,3339.3653,2017-01-18
000300.SH,2017-01-19,3330.9522,3346.4959,3324.6835,3329.2891,2017-01-19
000300.SH,2017-01-20,3326.9773,3358.4121,3326.374,3354.8891,2017-01-20
000300.SH,2017-01-23,3359.0543,3378.7388,3355.8475,3364.0808,2017-01-23
000300.SH,2017-01-24,3363.1374,3371.32,3355.899,3364.4509,2017-01-24
000300.SH,2017-01-25,3361.6561,3376.4415,3357.2183,3375.9042,2017-01-25
000300.SH,2017-01-26,3378.2609,3395.8848,3378.2609,3387.9606,2017-01-26
000300.SH,2017-02-03,3390.9315,3392.4773,3362.5653,3364.4923,2017-02-03
000300.SH,2017-02-06,3368.1081,3381.3348,3358.7516,3373.2051,2017-02-06
000300.SH,2017-02-07,3371.7695,3376.7099,3354.6251,3365.6849,2017-02-07
000300.SH,2017-02-08,3361.7811,3383.6859,3347.4302,3383.2878,2017-02-08
000300.SH,2017-02-09,3381.8992,3406.5888,3379.7872,3396.2924,2017-02-09
000300.SH,2017-02-10,3398.3173,3422.3256,3398.0295,3413.4868,2017-02-10
000300.SH,2017-02-13,3416.9168,3439.5432,3416.8746,3436.275,2017-02-13
000300.SH,2017-02-14,3438.511,3440.6748,3424.4028,3435.8042,2017-02-14
000300.SH,2017-02-15,3435.3882,3448.0322,3417.0811,3421.7131,2017-02-15
000300.SH,2017-02-16,3421.8299,3440.9331,3418.3514,3440.9331,2017-02-16
000300.SH,2017-02-17,3443.6166,3457.5562,3419.6143,3421.4419,2017-02-17
000300.SH,2017-02-20,3421.6434,3472.6035,3421.6434,3471.3926,2017-02-20
000300.SH,2017-02-21,3475.0584,3490.0855,3472.017,3482.823,2017-02-21
000300.SH,2017-02-22,3483.2008,3489.946,3473.524,3489.7567,2017-02-22
000300.SH,2017-02-23,3487.5745,3492.9616,3460.118,3473.3236,2017-02-23
000300.SH,2017-02-24,3468.9588,3473.8517,3455.2514,3473.8517,2017-02-24
000300.SH,2017-02-27,3471.1319,3472.8356,3441.3938,3446.2228,2017-02-27
000300.SH,2017-02-28,3445.0274,3460.9089,3441.3589,3452.8103,2017-02-28
000300.SH,2017-03-01,3452.2058,3472.6962,3449.109,3458.4376,2017-03-01
000300.SH,2017-03-02,3463.4829,3468.471,3434.001,3435.0963,2017-03-02
000300.SH,2017-03-03,3424.6627,3428.8824,3412.8312,3427.8628,2017-03-03
000300.SH,2017-03-06,3427.2533,3449.0342,3425.9041,3446.484,2017-03-06
000300.SH,2017-03-07,3446.1628,3454.0386,3440.0574,3453.9565,2017-03-07
000300.SH,2017-03-08,3452.2006,3457.0351,3441.2575,3448.7313,2017-03-08
000300.SH,2017-03-09,3442.8953,3443.0455,3414.6782,3426.9438,2017-03-09
000300.SH,2017-03-10,3423.9776,3436.2388,3423.9369,3427.8916,2017-03-10
000300.SH,2017-03-13,3425.6723,3458.098,3412.6879,3458.098,2017-03-13
000300.SH,2017-03-14,3456.6584,3465.3915,3448.9034,3456.6934,2017-03-14
000300.SH,2017-03-15,3452.2139,3463.9191,3445.2676,3463.6436,2017-03-15
000300.SH,2017-03-16,3472.2694,3492.1267,3472.2694,3481.5066,2017-03-16
000300.SH,2017-03-17,3485.3114,3488.4969,3441.4685,3445.8051,2017-03-17
000300.SH,2017-03-20,3449.0515,3454.063,3429.8254,3449.6126,2017-03-20
000300.SH,2017-03-21,3449.7696,3466.7026,3445.6416,3466.3468,2017-03-21
000300.SH,2017-03-22,3450.7544,3464.3328,3433.4994,3450.0502,2017-03-22
000300.SH,2017-03-23,3452.4056,3470.8164,3435.6912,3461.9782,2017-03-23
000300.SH,2017-03-24,3464.1966,3499.3179,3461.1108,3489.5997,2017-03-24
000300.SH,2017-03-27,3488.7647,3505.9789,3474.5206,3478.0385,2017-03-27
000300.SH,2017-03-28,3480.249,3482.2923,3461.4678,3469.8093,2017-03-28
000300.SH,2017-03-29,3472.9665,3483.0571,3455.5529,3465.1933,2017-03-29
000300.SH,2017-03-30,3461.6159,3467.3049,3422.366,3436.758,2017-03-30
000300.SH,2017-03-31,3434.8222,3456.3051,3430.8197,3456.0455,2017-03-31
000300.SH,2017-04-05,3476.4231,3504.5379,3475.1486,3503.8932,2017-04-05
000300.SH,2017-04-06,3507.9879,3517.7779,3495.7246,3514.0469,2017-04-06
000300.SH,2017-04-07,3514.4521,3526.815,3506.3885,3517.4634,2017-04-07
000300.SH,2017-04-10,3519.4597,3522.7955,3502.0826,3505.1392,2017-04-10
000300.SH,2017-04-11,3503.8294,3520.1315,3466.139,3517.328,2017-04-11
000300.SH,2017-04-12,3514.5723,3523.0975,3497.9991,3509.4387,2017-04-12
000300.SH,2017-04-13,3500.2838,3518.4385,3496.5699,3514.5662,2017-04-13
000300.SH,2017-04-14,3516.8103,3517.4664,3476.9468,3486.5045,2017-04-14
000300.SH,2017-04-17,3475.7381,3480.5696,3453.6759,3479.9417,2017-04-17
000300.SH,2017-04-18,3474.8892,3489.0845,3462.6297,3462.7429,2017-04-18
000300.SH,2017-04-19,3452.9904,3459.3524,3418.514,3445.8761,2017-04-19
000300.SH,2017-04-20,3444.5225,3465.6088,3440.7151,3461.5481,2017-04-20
000300.SH,2017-04-21,3461.389,3475.5622,3449.5421,3466.7865,2017-04-21
000300.SH,2017-04-24,3458.2279,3458.2279,3403.9792,3431.2587,2017-04-24
000300.SH,2017-04-25,3427.7322,3449.6716,3422.6521,3440.9743,2017-04-25
000300.SH,2017-04-26,3440.2526,3466.5651,3439.1505,3445.1832,2017-04-26
000300.SH,2017-04-27,3435.1017,3449.2723,3399.5392,3446.7202,2017-04-27
000300.SH,2017-04-28,3439.5735,3439.904,3417.2375,3439.753,2017-04-28
000300.SH,2017-05-02,3427.9169,3436.3064,3418.6652,3426.5766,2017-05-02
000300.SH,2017-05-03,3421.7586,3432.2248,3403.0782,3413.1282,2017-05-03
000300.SH,2017-05-04,3404.9379,3421.3953,3391.277,3404.3864,2017-05-04
000300.SH,2017-05-05,3393.4831,3395.4532,3366.5568,3382.5502,2017-05-05
000300.SH,2017-05-08,3369.1084,3374.1571,3339.5743,3358.8125,2017-05-08
000300.SH,2017-05-09,3342.5981,3358.0463,3327.5901,3352.5324,2017-05-09
000300.SH,2017-05-10,3350.6502,3369.4345,3336.003,3337.7007,2017-05-10
000300.SH,2017-05-11,3322.9455,3359.6003,3312.8921,3356.6459,2017-05-11
000300.SH,2017-05-12,3350.9371,3387.2677,3349.1671,3385.3787,2017-05-12
000300.SH,2017-05-15,3391.5881,3406.581,3391.5881,3399.1937,2017-05-15
000300.SH,2017-05-16,3390.925,3428.8531,3373.552,3428.6491,2017-05-16
000300.SH,2017-05-17,3423.19,3433.9695,3408.1541,3409.9656,2017-05-17
000300.SH,2017-05-18,3387.6655,3409.9319,3383.935,3398.1127,2017-05-18
000300.SH,2017-05-19,3395.2318,3405.9448,3392.3776,3403.8492,2017-05-19
000300.SH,2017-05-22,3400.5882,3424.1776,3391.1748,3411.2387,2017-05-22
000300.SH,2017-05-23,3405.0254,3434.7662,3401.5338,3424.194,2017-05-23
000300.SH,2017-05-24,3409.7169,3424.1669,3383.8922,3424.1669,2017-05-24
000300.SH,2017-05-25,3414.3992,3490.4176,3413.2246,3485.6581,2017-05-25
000300.SH,2017-05-26,3479.6206,3498.3148,3473.04,3480.4345,2017-05-26
000300.SH,2017-05-31,3495.073,3515.0812,3474.9215,3492.8845,2017-05-31
000300.SH,2017-06-01,3485.2223,3499.8142,3476.4283,3497.7382,2017-06-01
000300.SH,2017-06-02,3491.5893,3498.1189,3470.2017,3486.5074,2017-06-02
000300.SH,2017-06-05,3480.1692,3484.1244,3462.3144,3468.7538,2017-06-05
000300.SH,2017-06-06,3464.3765,3492.8816,3460.4534,3492.8816,2017-06-06
000300.SH,2017-06-07,3493.8846,3537.0947,3491.1328,3533.8718,2017-06-07
000300.SH,2017-06-08,3531.2419,3562.2724,3528.179,3560.9786,2017-06-08
000300.SH,2017-06-09,3561.2411,3590.8872,3560.6336,3576.1703,2017-06-09
000300.SH,2017-06-12,3570.2191,3603.6901,3565.9012,3574.3894,2017-06-12
000300.SH,2017-06-13,3569.1594,3584.4094,3559.2134,3582.2674,2017-06-13
000300.SH,2017-06-14,3571.2483,3571.2483,3530.274,3535.2987,2017-06-14
000300.SH,2017-06-15,3530.7465,3542.2796,3508.9461,3528.7926,2017-06-15
000300.SH,2017-06-16,3522.9745,3536.1401,3514.3892,3518.7611,2017-06-16
000300.SH,2017-06-19,3520.0602,3554.91,3520.0602,3553.6653,2017-06-19
000300.SH,2017-06-20,3560.7871,3563.6964,3539.5149,3546.494,2017-06-20
000300.SH,2017-06-21,3567.1256,3587.9863,3545.5666,3587.955,2017-06-21
000300.SH,2017-06-22,3583.5583,3635.5273,3581.3375,3590.3425,2017-06-22
000300.SH,2017-06-23,3583.4359,3623.2352,3569.3225,3622.8831,2017-06-23
000300.SH,2017-06-26,3627.0208,3671.9435,3627.0208,3668.0919,2017-06-26
000300.SH,2017-06-27,3665.5775,3676.5328,3648.7635,3674.7152,2017-06-27
000300.SH,2017-06-28,3664.1629,3672.1887,3644.0268,3646.1666,2017-06-28
000300.SH,2017-06-29,3649.2525,3669.1345,3644.7331,3668.8279,2017-06-29
000300.SH,2017-06-30,3654.7348,3669.7584,3646.2272,3666.7977,2017-06-30
000300.SH,2017-07-03,3667.2316,3667.5957,3633.7825,3650.8463,2017-07-03
000300.SH,2017-07-04,3646.828,3646.8455,3611.6911,3619.9841,2017-07-04
000300.SH,2017-07-05,3611.8984,3660.7291,3610.4586,3659.6795,2017-07-05
000300.SH,2017-07-06,3654.5576,3666.7745,3629.56,3660.0967,2017-07-06
000300.SH,2017-07-07,3647.6416,3657.1131,3631.8702,3655.9293,2017-07-07
000300.SH,2017-07-10,3647.9379,3667.8455,3641.5277,3653.6868,2017-07-10
000300.SH,2017-07-11,3646.8783,3701.2087,3645.9946,3670.8086,2017-07-11
000300.SH,2017-07-12,3672.6328,3691.5814,3640.5893,3658.8236,2017-07-12
000300.SH,2017-07-13,3656.3502,3690.4832,3652.5658,3686.9205,2017-07-13
000300.SH,2017-07-14,3682.6153,3703.094,3672.7425,3703.094,2017-07-14
000300.SH,2017-07-17,3700.6179,3716.47,3621.3652,3663.5575,2017-07-17
000300.SH,2017-07-18,3648.4942,3667.5408,3622.0414,3667.1807,2017-07-18
000300.SH,2017-07-19,3660.8665,3731.0468,3658.2035,3729.7466,2017-07-19
000300.SH,2017-07-20,3725.1436,3750.1938,3723.0689,3747.8843,2017-07-20
000300.SH,2017-07-21,3738.1847,3751.6947,3722.0656,3728.5976,2017-07-21
000300.SH,2017-07-24,3724.3778,3755.1902,3719.8488,3743.4686,2017-07-24
000300.SH,2017-07-25,3742.6405,3752.1559,3713.2766,3719.559,2017-07-25
000300.SH,2017-07-26,3722.8761,3738.5316,3684.1819,3705.3884,2017-07-26
000300.SH,2017-07-27,3700.8558,3716.6888,3672.4971,3712.1947,2017-07-27
000300.SH,2017-07-28,3703.4895,3725.5378,3696.7776,3721.8914,2017-07-28
000300.SH,2017-07-31,3722.4282,3746.5207,3713.655,3737.8732,2017-07-31
000300.SH,2017-08-01,3738.7364,3770.4043,3737.0954,3770.3828,2017-08-01
000300.SH,2017-08-02,3768.1938,3784.3511,3759.2764,3760.8525,2017-08-02
000300.SH,2017-08-03,3755.1081,3766.3452,3718.4351,3727.8264,2017-08-03
000300.SH,2017-08-04,3724.7225,3738.7312,3707.003,3707.5796,2017-08-04
000300.SH,2017-08-07,3701.2161,3730.7774,3689.9552,3726.7948,2017-08-07
000300.SH,2017-08-08,3724.3287,3737.3344,3718.8116,3732.2129,2017-08-08
000300.SH,2017-08-09,3728.0319,3738.999,3713.5668,3731.044,2017-08-09
000300.SH,2017-08-10,3724.962,3746.8614,3688.1766,3715.9208,2017-08-10
000300.SH,2017-08-11,3687.9314,3700.4944,3645.0945,3647.3503,2017-08-11
000300.SH,2017-08-14,3651.3754,3698.3663,3651.3754,3694.6831,2017-08-14
000300.SH,2017-08-15,3695.78,3719.2931,3692.2802,3706.0566,2017-08-15
000300.SH,2017-08-16,3701.1337,3707.144,3679.7338,3701.4207,2017-08-16
000300.SH,2017-08-17,3707.0668,3722.6239,3704.4126,3721.277,2017-08-17
000300.SH,2017-08-18,3707.1891,3733.4914,3700.4112,3724.6748,2017-08-18
000300.SH,2017-08-21,3731.8399,3744.2631,3728.6157,3740.9941,2017-08-21
000300.SH,2017-08-22,3745.7543,3758.2924,3734.5556,3752.298,2017-08-22
000300.SH,2017-08-23,3747.6108,3772.4568,3741.7204,3756.0884,2017-08-23
000300.SH,2017-08-24,3755.8902,3765.7082,3729.0876,3734.6458,2017-08-24
000300.SH,2017-08-25,3736.2916,3795.9693,3736.2916,3795.7544,2017-08-25
000300.SH,2017-08-28,3805.6567,3866.9422,3805.6567,3842.7119,2017-08-28
000300.SH,2017-08-29,3839.1779,3847.9303,3825.7597,3834.5376,2017-08-29
000300.SH,2017-08-30,3834.2682,3854.7062,3827.8607,3834.3005,2017-08-30
000300.SH,2017-08-31,3835.8394,3840.199,3800.8861,3822.0928,2017-08-31
000300.SH,2017-09-01,3825.3392,3843.6176,3818.1586,3830.5383,2017-09-01
000300.SH,2017-09-04,3828.5447,3847.0906,3813.5537,3845.6163,2017-09-04
000300.SH,2017-09-05,3845.5451,3865.2938,3841.9514,3857.0464,2017-09-05
000300.SH,2017-09-06,3846.7471,3858.2481,3831.3835,3849.4499,2017-09-06
000300.SH,2017-09-07,3851.688,3858.1617,3828.835,3829.8713,2017-09-07
000300.SH,2017-09-08,3830.0707,3843.0186,3813.9833,3825.9895,2017-09-08
000300.SH,2017-09-11,3828.3422,3850.7409,3817.5108,3825.6453,2017-09-11
000300.SH,2017-09-12,3832.2422,3849.3885,3822.0037,3837.9341,2017-09-12
000300.SH,2017-09-13,3835.5493,3847.7841,3822.9441,3842.6061,2017-09-13
000300.SH,2017-09-14,3843.572,3854.4931,3820.0876,3829.9554,2017-09-14
000300.SH,2017-09-15,3826.1448,3843.297,3818.5234,3831.2965,2017-09-15
000300.SH,2017-09-18,3832.9626,3862.3589,3832.9626,3843.1428,2017-09-18
000300.SH,2017-09-19,3849.8794,3857.303,3820.2885,3832.1161,2017-09-19
000300.SH,2017-09-20,3830.1549,3850.9426,3827.8858,3842.4353,2017-09-20
000300.SH,2017-09-21,3843.2577,3860.7977,3837.384,3837.8176,2017-09-21
000300.SH,2017-09-22,3826.4589,3842.252,3816.8225,3837.7304,2017-09-22
000300.SH,2017-09-25,3829.219,3835.3894,3811.1192,3817.7915,2017-09-25
000300.SH,2017-09-26,3810.3333,3821.6928,3808.3827,3820.7816,2017-09-26
000300.SH,2017-09-27,3818.9646,3832.566,3818.8147,3821.2,2017-09-27
000300.SH,2017-09-28,3821.5904,3827.3308,3813.7532,3822.5386,2017-09-28
000300.SH,2017-09-29,3825.2021,3852.2236,3825.2021,3836.5013,2017-09-29
000300.SH,2017-10-09,3910.1149,3918.8391,3876.0322,3882.2076,2017-10-09
000300.SH,2017-10-10,3883.0037,3900.7418,3855.4666,3889.8637,2017-10-10
000300.SH,2017-10-11,3886.8184,3913.0695,3885.497,3902.6868,2017-10-11
000300.SH,2017-10-12,3902.0156,3917.4435,3897.5472,3912.9536,2017-10-12
000300.SH,2017-10-13,3912.975,3927.1744,3908.8885,3921.0017,2017-10-13
000300.SH,2017-10-16,3926.2754,3947.4239,3913.3224,3913.4462,2017-10-16
000300.SH,2017-10-17,3910.7894,3924.6141,3900.4758,3913.0688,2017-10-17
000300.SH,2017-10-18,3914.8152,3944.4106,3914.8152,3944.1626,2017-10-18
000300.SH,2017-10-19,3940.5831,3944.0349,3923.6455,3931.2495,2017-10-19
000300.SH,2017-10-20,3918.5265,3928.9607,3910.1974,3926.852,2017-10-20
000300.SH,2017-10-23,3930.8914,3936.2729,3920.6562,3930.7981,2017-10-23
000300.SH,2017-10-24,3926.2299,3959.4951,3922.0288,3959.3953,2017-10-24
000300.SH,2017-10-25,3958.1669,3978.0893,3954.0011,3976.949,2017-10-25
000300.SH,2017-10-26,3980.0479,4013.5988,3973.5535,3993.5752,2017-10-26
000300.SH,2017-10-27,3992.5539,4024.4645,3991.354,4021.9676,2017-10-27
000300.SH,2017-10-30,4022.1641,4033.3394,3960.2698,4009.7218,2017-10-30
000300.SH,2017-10-31,3995.3935,4009.2828,3983.2565,4006.7179,2017-10-31
000300.SH,2017-11-01,4007.9116,4032.4581,3991.3235,3996.6221,2017-11-01
000300.SH,2017-11-02,3994.0946,3999.2262,3971.3761,3997.1343,2017-11-02
000300.SH,2017-11-03,3992.3496,3999.3373,3963.0263,3992.6979,2017-11-03
000300.SH,2017-11-06,3989.1824,4021.6382,3975.4069,4020.8896,2017-11-06
000300.SH,2017-11-07,4022.4018,4064.2178,4021.3639,4054.2465,2017-11-07
000300.SH,2017-11-08,4051.4935,4089.1457,4040.5772,4048.0057,2017-11-08
000300.SH,2017-11-09,4043.0663,4076.6102,4038.4004,4075.8998,2017-11-09
000300.SH,2017-11-10,4070.2763,4116.7142,4067.657,4111.9112,2017-11-10
000300.SH,2017-11-13,4115.5507,4137.6455,4115.5507,4128.0733,2017-11-13
000300.SH,2017-11-14,4129.2736,4133.5462,4086.8903,4099.351,2017-11-14
000300.SH,2017-11-15,4084.2131,4102.8071,4055.7167,4073.6696,2017-11-15
000300.SH,2017-11-16,4063.4943,4107.617,4062.2734,4105.0122,2017-11-16
000300.SH,2017-11-17,4094.0787,4122.3756,4081.3723,4120.8508,2017-11-17
000300.SH,2017-11-20,4093.734,4144.5144,4060.9636,4143.8334,2017-11-20
000300.SH,2017-11-21,4131.8482,4220.2636,4129.9783,4217.7015,2017-11-21
000300.SH,2017-11-22,4228.3721,4260.6395,4191.145,4227.5666,2017-11-22
000300.SH,2017-11-23,4213.3781,4214.1895,4086.9018,4102.3966,2017-11-23
000300.SH,2017-11-24,4089.4723,4116.5942,4057.4894,4104.2034,2017-11-24
000300.SH,2017-11-27,4088.9318,4088.9318,4037.1457,4049.9475,2017-11-27
000300.SH,2017-11-28,4034.2057,4056.4753,4010.2955,4055.8235,2017-11-28
000300.SH,2017-11-29,4061.3545,4069.2418,4004.687,4053.7529,2017-11-29
000300.SH,2017-11-30,4034.0091,4052.797,3988.0018,4006.0993,2017-11-30
000300.SH,2017-12-01,4003.5604,4027.1064,3984.3776,3998.1365,2017-12-01
000300.SH,2017-12-04,3989.0466,4032.9859,3982.3182,4018.8571,2017-12-04
000300.SH,2017-12-05,4007.9361,4045.9331,4006.5432,4040.1704,2017-12-05
000300.SH,2017-12-06,4027.1231,4031.7533,3964.8087,4015.8211,2017-12-06
000300.SH,2017-12-07,4003.5826,4017.9465,3955.9939,3971.0569,2017-12-07
000300.SH,2017-12-08,3962.8288,4014.1387,3955.44,4003.3792,2017-12-08
000300.SH,2017-12-11,4006.8784,4069.4997,4005.2687,4069.4997,2017-12-11
000300.SH,2017-12-12,4068.5053,4070.1503,4015.4546,4016.0163,2017-12-12
000300.SH,2017-12-13,4013.8319,4052.6878,4004.7436,4050.0927,2017-12-13
000300.SH,2017-12-14,4050.9028,4057.6245,4013.8546,4026.1516,2017-12-14
000300.SH,2017-12-15,4018.7313,4020.2668,3974.9277,3980.8558,2017-12-15
000300.SH,2017-12-18,3983.2965,4008.0688,3967.9343,3985.2914,2017-12-18
000300.SH,2017-12-19,3985.8233,4035.6296,3985.8233,4035.3294,2017-12-19
000300.SH,2017-12-20,4036.019,4044.8485,4015.6285,4030.4898,2017-12-20
000300.SH,2017-12-21,4023.076,4080.781,4014.6526,4067.8485,2017-12-21
000300.SH,2017-12-22,4064.9131,4076.8028,4048.4913,4054.5984,2017-12-22
000300.SH,2017-12-25,4057.4173,4086.9342,4026.4496,4041.5401,2017-12-25
000300.SH,2017-12-26,4040.6173,4056.8554,4015.2996,4053.6224,2017-12-26
000300.SH,2017-12-27,4045.2793,4047.7366,3986.7385,3991.2075,2017-12-27
000300.SH,2017-12-28,3992.997,4036.6975,3980.2358,4018.8974,2017-12-28
000300.SH,2017-12-29,4022.8826,4043.14,4012.8749,4030.8549,2017-12-29
000300.SH,2018-01-02,4045.2086,4087.7789,4045.2086,4087.4012,2018-01-02
000300.SH,2018-01-03,4091.4607,4140.0543,4088.7302,4111.3925,2018-01-03
000300.SH,2018-01-04,4114.1213,4137.642,4105.8858,4128.8119,2018-01-04
000300.SH,2018-01-05,4133.3439,4151.2818,4123.2817,4138.7505,2018-01-05
000300.SH,2018-01-08,4140.8545,4166.3182,4127.3081,4160.1595,2018-01-08
000300.SH,2018-01-09,4157.5394,4191.2843,4153.5021,4189.2977,2018-01-09
000300.SH,2018-01-10,4187.2044,4211.0549,4175.1355,4207.8132,2018-01-10
000300.SH,2018-01-11,4197.1136,4211.799,4181.9572,4205.5863,2018-01-11
000300.SH,2018-01-12,4205.1444,4227.3923,4199.0251,4225.001,2018-01-12
000300.SH,2018-01-15,4229.8357,4262.9314,4216.3585,4225.2393,2018-01-15
000300.SH,2018-01-16,4215.6247,4260.2118,4213.1275,4258.473,2018-01-16
000300.SH,2018-01-17,4261.7833,4283.3449,4230.5367,4248.1164,2018-01-17
000300.SH,2018-01-18,4259.375,4292.6372,4246.684,4271.4168,2018-01-18
000300.SH,2018-01-19,4281.9371,4316.5714,4269.6167,4285.395,2018-01-19
000300.SH,2018-01-22,4276.4811,4338.4832,4275.8977,4336.5974,2018-01-22
000300.SH,2018-01-23,4346.8885,4383.5722,4346.7925,4382.6129,2018-01-23
000300.SH,2018-01-24,4389.4547,4397.8196,4349.0865,4389.8853,2018-01-24
000300.SH,2018-01-25,4381.9768,4392.1963,4336.2386,4365.0794,2018-01-25
000300.SH,2018-01-26,4352.2211,4403.3375,4351.4871,4381.2996,2018-01-26
000300.SH,2018-01-29,4387.0577,4395.9053,4287.1124,4302.0181,2018-01-29
000300.SH,2018-01-30,4286.6834,4308.5115,4251.5706,4256.1021,2018-01-30
000300.SH,2018-01-31,4234.1101,4287.8576,4232.7727,4275.8986,2018-01-31
000300.SH,2018-02-01,4276.3425,4287.3888,4214.2909,4245.8978,2018-02-01
000300.SH,2018-02-02,4213.9386,4271.7647,4181.7793,4271.2326,2018-02-02
000300.SH,2018-02-05,4204.458,4274.1464,4200.1409,4274.1464,2018-02-05
000300.SH,2018-02-06,4182.3257,4211.5234,4131.5562,4148.8856,2018-02-06
000300.SH,2018-02-07,4205.7365,4212.5677,4048.4228,4050.4972,2018-02-07
000300.SH,2018-02-08,4022.8802,4071.6653,3974.6779,4012.0472,2018-02-08
000300.SH,2018-02-09,3896.1691,3911.2917,3759.1463,3840.6527,2018-02-09
000300.SH,2018-02-12,3846.2671,3907.843,3828.0697,3890.1046,2018-02-12
000300.SH,2018-02-13,3925.5955,3986.9807,3925.5955,3935.6324,2018-02-13
000300.SH,2018-02-14,3945.0943,3971.4041,3923.1267,3966.9614,2018-02-14
000300.SH,2018-02-22,4020.9731,4058.7878,4009.9202,4052.7332,2018-02-22
000300.SH,2018-02-23,4061.7545,4085.2008,4035.2319,4071.0889,2018-02-23
000300.SH,2018-02-26,4093.3988,4128.7435,4048.9834,4118.4186,2018-02-26
000300.SH,2018-02-27,4120.8712,4120.8712,4051.8054,4058.9806,2018-02-27
000300.SH,2018-02-28,4016.7911,4051.7124,3991.7063,4023.6415,2018-02-28
000300.SH,2018-03-01,3994.8686,4061.0328,3986.8947,4049.0863,2018-03-01
000300.SH,2018-03-02,4014.951,4044.4183,4006.9435,4016.461,2018-03-02
000300.SH,2018-03-05,4021.6575,4042.8346,3995.8715,4018.097,2018-03-05
000300.SH,2018-03-06,4034.9854,4067.5525,3998.9317,4066.5647,2018-03-06
000300.SH,2018-03-07,4063.5028,4089.6964,4027.9363,4036.6536,2018-03-07
000300.SH,2018-03-08,4038.9527,4078.2263,4029.7144,4077.6001,2018-03-08
000300.SH,2018-03-09,4088.0704,4110.6738,4076.4537,4108.8652,2018-03-09
000300.SH,2018-03-12,4130.7082,4139.5259,4112.7658,4127.6662,2018-03-12
000300.SH,2018-03-13,4124.3312,4130.2829,4087.5629,4091.2533,2018-03-13
000300.SH,2018-03-14,4076.0626,4089.0942,4066.4896,4073.3447,2018-03-14
000300.SH,2018-03-15,4058.7058,4098.989,4058.7058,4096.1627,2018-03-15
000300.SH,2018-03-16,4096.8857,4110.0451,4055.822,4056.4226,2018-03-16
000300.SH,2018-03-19,4054.6167,4074.518,4033.5216,4074.2479,2018-03-19
000300.SH,2018-03-20,4045.7428,4080.1925,4040.308,4077.7041,2018-03-20
000300.SH,2018-03-21,4097.0243,4110.1158,4046.2408,4061.0502,2018-03-21
000300.SH,2018-03-22,4062.0668,4072.3771,4003.721,4020.349,2018-03-22
000300.SH,2018-03-23,3896.7359,3928.5114,3834.9373,3904.9355,2018-03-23
000300.SH,2018-03-26,3862.6948,3883.901,3829.9155,3879.893,2018-03-26
000300.SH,2018-03-27,3927.492,3936.778,3881.8726,3913.2689,2018-03-27
000300.SH,2018-03-28,3865.0454,3907.2811,3835.8825,3842.7155,2018-03-28
000300.SH,2018-03-29,3854.5914,3913.9578,3794.2617,3894.0498,2018-03-29
000300.SH,2018-03-30,3893.7468,3915.3473,3879.2128,3898.4977,2018-03-30
000300.SH,2018-04-02,3897.0052,3937.0183,3882.8856,3886.9189,2018-04-02
000300.SH,2018-04-03,3850.1546,3878.1504,3839.9333,3862.4796,2018-04-03
000300.SH,2018-04-04,3873.6267,3898.6126,3852.4958,3854.8625,2018-04-04
000300.SH,2018-04-09,3851.9548,3870.6736,3827.4133,3852.9292,2018-04-09
000300.SH,2018-04-10,3860.7225,3927.4247,3851.7957,3927.1729,2018-04-10
000300.SH,2018-04-11,3934.1698,3958.7071,3924.9603,3938.3434,2018-04-11
000300.SH,2018-04-12,3935.673,3937.7837,3896.1789,3898.6354,2018-04-12
000300.SH,2018-04-13,3920.7375,3929.952,3866.186,3871.1443,2018-04-13
000300.SH,2018-04-16,3862.4738,3869.156,3789.6121,3808.863,2018-04-16
000300.SH,2018-04-17,3812.8746,3822.6264,3745.4442,3748.6412,2018-04-17
000300.SH,2018-04-18,3785.3059,3789.6591,3708.1068,3766.282,2018-04-18
000300.SH,2018-04-19,3774.784,3824.0321,3767.7974,3811.843,2018-04-19
000300.SH,2018-04-20,3801.2075,3815.444,3750.1033,3760.8543,2018-04-20
000300.SH,2018-04-23,3754.6896,3787.3951,3735.1842,3766.3257,2018-04-23
000300.SH,2018-04-24,3769.8787,3854.4292,3769.8787,3843.4886,2018-04-24
000300.SH,2018-04-25,3824.5929,3838.6921,3817.032,3828.7015,2018-04-25
000300.SH,2018-04-26,3823.3921,3828.7129,3744.8852,3755.4941,2018-04-26
000300.SH,2018-04-27,3771.0369,3776.9751,3714.6444,3756.8765,2018-04-27
000300.SH,2018-05-02,3769.9251,3787.3025,3744.5475,3763.6461,2018-05-02
000300.SH,2018-05-03,3756.1657,3797.5269,3732.3718,3793.0001,2018-05-03
000300.SH,2018-05-04,3784.3161,3801.5243,3770.9389,3774.5981,2018-05-04
000300.SH,2018-05-07,3782.5404,3834.5872,3776.0296,3834.1877,2018-05-07
000300.SH,2018-05-08,3834.6141,3892.0732,3833.729,3878.6767,2018-05-08
000300.SH,2018-05-09,3876.1296,3878.9382,3855.7392,3871.6152,2018-05-09
000300.SH,2018-05-10,3882.8357,3894.4902,3867.3084,3893.0565,2018-05-10
000300.SH,2018-05-11,3902.1481,3903.3378,3871.9523,3872.8383,2018-05-11
000300.SH,2018-05-14,3886.8736,3919.2999,3886.8736,3909.2933,2018-05-14
000300.SH,2018-05-15,3920.1395,3924.3427,3892.9198,3924.0975,2018-05-15
000300.SH,2018-05-16,3909.8183,3923.3433,3889.1877,3892.8442,2018-05-16
000300.SH,2018-05-17,3895.4895,3899.5137,3858.8525,3864.0507,2018-05-17
000300.SH,2018-05-18,3860.1644,3903.0637,3841.896,3903.0637,2018-05-18
000300.SH,2018-05-21,3925.5394,3937.4607,3913.6046,3921.2421,2018-05-21
000300.SH,2018-05-22,3918.8153,3918.8153,3881.169,3906.2081,2018-05-22
000300.SH,2018-05-23,3898.2683,3898.2683,3854.5825,3854.5825,2018-05-23
000300.SH,2018-05-24,3853.2916,3859.1034,3823.9235,3827.217,2018-05-24
000300.SH,2018-05-25,3823.7448,3841.1244,3804.1349,3816.498,2018-05-25
000300.SH,2018-05-28,3816.2649,3846.5525,3799.3207,3833.2599,2018-05-28
000300.SH,2018-05-29,3824.1909,3841.7794,3800.6749,3804.0093,2018-05-29
000300.SH,2018-05-30,3755.1764,3767.8872,3722.0719,3723.3724,2018-05-30
000300.SH,2018-05-31,3749.2954,3804.7919,3742.5287,3802.3759,2018-05-31
000300.SH,2018-06-01,3789.6716,3802.5366,3753.8395,3770.5891,2018-06-01
000300.SH,2018-06-04,3785.1869,3813.4065,3776.6185,3807.5781,2018-06-04
000300.SH,2018-06-05,3811.2852,3845.5648,3800.9256,3845.3164,2018-06-05
000300.SH,2018-06-06,3839.683,3848.3295,3830.8956,3837.3511,2018-06-06
000300.SH,2018-06-07,3846.9367,3859.8476,3827.6874,3831.0128,2018-06-07
000300.SH,2018-06-08,3819.4477,3819.4607,3759.2717,3779.6159,2018-06-08
000300.SH,2018-06-11,3770.208,3792.548,3756.5148,3779.9818,2018-06-11
000300.SH,2018-06-12,3783.1858,3830.471,3765.2644,3825.9534,2018-06-12
000300.SH,2018-06-13,3814.6174,3817.4528,3782.0728,3788.3391,2018-06-13
000300.SH,2018-06-14,3774.6396,3808.1616,3759.2484,3773.3655,2018-06-14
000300.SH,2018-06-15,3763.0405,3780.3368,3737.4282,3753.4338,2018-06-15
000300.SH,2018-06-19,3702.6681,3712.8162,3583.0208,3621.1166,2018-06-19
000300.SH,2018-06-20,3602.5512,3649.3359,3578.1743,3635.4436,2018-06-20
000300.SH,2018-06-21,3633.5558,3673.5625,3589.4899,3592.965,2018-06-21
000300.SH,2018-06-22,3567.8939,3609.0751,3542.4564,3608.9046,2018-06-22
000300.SH,2018-06-25,3625.7984,3631.0253,3559.0343,3560.4777,2018-06-25
000300.SH,2018-06-26,3521.5876,3541.782,3478.2134,3531.1112,2018-06-26
000300.SH,2018-06-27,3525.1323,3537.6569,3441.785,3459.2621,2018-06-27
000300.SH,2018-06-28,3434.9441,3477.0565,3416.9476,3423.5255,2018-06-28
000300.SH,2018-06-29,3431.9619,3512.3834,3425.2159,3510.9845,2018-06-29
000300.SH,2018-07-02,3504.4571,3506.8996,3383.5006,3407.9638,2018-07-02
000300.SH,2018-07-03,3410.4767,3422.0398,3319.2889,3409.2801,2018-07-03
000300.SH,2018-07-04,3398.7788,3418.3311,3359.0861,3363.7473,2018-07-04
000300.SH,2018-07-05,3365.5547,3398.4852,3330.7113,3342.4379,2018-07-05
000300.SH,2018-07-06,3347.0624,3396.2458,3295.7296,3365.1227,2018-07-06
000300.SH,2018-07-09,3378.9056,3459.3153,3378.9056,3459.1837,2018-07-09
000300.SH,2018-07-10,3464.9064,3474.1396,3437.2706,3467.5155,2018-07-10
000300.SH,2018-07-11,3398.9265,3427.5705,3375.1441,3407.5297,2018-07-11
000300.SH,2018-07-12,3403.3302,3499.097,3403.3302,3481.0559,2018-07-12
000300.SH,2018-07-13,3488.4966,3499.7643,3474.9123,3492.6897,2018-07-13
000300.SH,2018-07-16,3488.967,3506.2355,3459.7312,3472.0859,2018-07-16
000300.SH,2018-07-17,3466.4236,3467.1852,3420.9714,3449.3773,2018-07-17
000300.SH,2018-07-18,3456.6065,3479.2635,3430.1563,3431.3227,2018-07-18
000300.SH,2018-07-19,3444.8032,3466.5056,3417.9627,3428.343,2018-07-19
000300.SH,2018-07-20,3426.4558,3505.928,3398.9532,3492.8938,2018-07-20
000300.SH,2018-07-23,3471.8555,3527.5335,3464.6475,3525.7503,2018-07-23
000300.SH,2018-07-24,3530.6641,3596.5128,3530.6641,3581.7057,2018-07-24
000300.SH,2018-07-25,3589.5055,3589.9841,3566.314,3577.7522,2018-07-25
000300.SH,2018-07-26,3583.3173,3593.9227,3528.6442,3536.2456,2018-07-26
000300.SH,2018-07-27,3533.7714,3545.4058,3512.7034,3521.2269,2018-07-27
000300.SH,2018-07-30,3520.8538,3550.902,3489.5494,3515.0794,2018-07-30
000300.SH,2018-07-31,3510.4744,3528.154,3493.1545,3517.6568,2018-07-31
000300.SH,2018-08-01,3530.0298,3543.606,3446.7765,3447.3882,2018-08-01
000300.SH,2018-08-02,3434.3516,3434.3516,3322.096,3370.9579,2018-08-02
000300.SH,2018-08-03,3366.6637,3381.3417,3315.2008,3315.2839,2018-08-03
000300.SH,2018-08-06,3312.8153,3344.246,3257.6856,3273.2728,2018-08-06
000300.SH,2018-08-07,3284.9785,3368.962,3263.4986,3368.8695,2018-08-07
000300.SH,2018-08-08,3362.1485,3368.1602,3311.7694,3314.5075,2018-08-08
000300.SH,2018-08-09,3303.4765,3408.3911,3299.6157,3397.5298,2018-08-09
000300.SH,2018-08-10,3398.4139,3424.0411,3380.5731,3405.0191,2018-08-10
000300.SH,2018-08-13,3369.9812,3396.1883,3336.6956,3390.3441,2018-08-13
000300.SH,2018-08-14,3386.4832,3391.729,3356.6142,3372.9137,2018-08-14
000300.SH,2018-08-15,3371.959,3372.1369,3288.7088,3291.976,2018-08-15
000300.SH,2018-08-16,3251.8556,3315.2031,3231.5561,3276.7276,2018-08-16
000300.SH,2018-08-17,3305.8954,3311.5729,3224.0999,3229.6198,2018-08-17
000300.SH,2018-08-20,3238.215,3267.2498,3209.0115,3267.2498,2018-08-20
000300.SH,2018-08-21,3271.8402,3331.7077,3270.0302,3326.6489,2018-08-21
000300.SH,2018-08-22,3328.9693,3328.9693,3299.3938,3307.9545,2018-08-22
000300.SH,2018-08-23,3308.4589,3336.1123,3285.8141,3320.0257,2018-08-23
000300.SH,2018-08-24,3308.4778,3353.0445,3291.8654,3325.3347,2018-08-24
000300.SH,2018-08-27,3339.3894,3406.5735,3339.2646,3406.5735,2018-08-27
000300.SH,2018-08-28,3408.1502,3416.5929,3388.8143,3400.1705,2018-08-28
000300.SH,2018-08-29,3393.0527,3398.7139,3377.1231,3386.5736,2018-08-29
000300.SH,2018-08-30,3385.8052,3402.5626,3349.4688,3351.0942,2018-08-30
000300.SH,2018-08-31,3333.3801,3356.5757,3310.8726,3334.5036,2018-08-31
000300.SH,2018-09-03,3320.6898,3325.607,3291.7842,3321.8248,2018-09-03
000300.SH,2018-09-04,3324.186,3370.963,3307.9585,3363.8984,2018-09-04
000300.SH,2018-09-05,3349.6983,3354.1991,3298.1412,3298.1412,2018-09-05
000300.SH,2018-09-06,3286.6645,3311.4973,3253.7552,3262.8808,2018-09-06
000300.SH,2018-09-07,3273.8906,3316.6149,3253.725,3277.6438,2018-09-07
000300.SH,2018-09-10,3271.3818,3277.884,3227.8481,3230.0681,2018-09-10
000300.SH,2018-09-11,3229.7052,3245.617,3209.1121,3224.2116,2018-09-11
000300.SH,2018-09-12,3216.9911,3225.6014,3194.9785,3202.0248,2018-09-12
000300.SH,2018-09-13,3239.6852,3249.593,3191.3975,3236.5662,2018-09-13
000300.SH,2018-09-14,3242.8307,3254.1043,3227.9439,3242.0902,2018-09-14
000300.SH,2018-09-17,3224.9267,3230.7878,3200.5096,3204.9224,2018-09-17
000300.SH,2018-09-18,3193.6423,3270.107,3193.6423,3269.4319,2018-09-18
000300.SH,2018-09-19,3261.997,3335.9913,3258.3097,3312.4823,2018-09-19
000300.SH,2018-09-20,3314.8758,3332.3093,3303.073,3310.1258,2018-09-20
000300.SH,2018-09-21,3320.6958,3410.4856,3307.767,3410.4856,2018-09-21
000300.SH,2018-09-25,3375.9717,3394.3771,3367.0253,3379.8043,2018-09-25
000300.SH,2018-09-26,3388.5576,3448.2595,3383.2352,3417.2413,2018-09-26
000300.SH,2018-09-27,3415.9532,3423.71,3394.732,3403.5902,2018-09-27
000300.SH,2018-09-28,3409.9598,3444.9884,3404.6973,3438.8649,2018-09-28
000300.SH,2018-10-08,3361.5594,3364.4641,3285.253,3290.8988,2018-10-08
000300.SH,2018-10-09,3290.1705,3309.7978,3276.1322,3288.6906,2018-10-09
000300.SH,2018-10-10,3295.4288,3315.731,3256.5815,3281.5978,2018-10-10
000300.SH,2018-10-11,3179.5408,3209.5202,3099.0402,3124.1139,2018-10-11
000300.SH,2018-10-12,3123.3715,3184.122,3094.9657,3170.7262,2018-10-12
000300.SH,2018-10-15,3173.8467,3183.1297,3120.2306,3126.4516,2018-10-15
000300.SH,2018-10-16,3128.5764,3166.0918,3089.3668,3100.9738,2018-10-16
000300.SH,2018-10-17,3140.6838,3149.1344,3062.554,3118.2463,2018-10-17
000300.SH,2018-10-18,3097.7903,3097.7903,3043.3817,3044.3918,2018-10-18
000300.SH,2018-10-19,3017.7488,3137.7475,3009.4983,3134.9455,2018-10-19
000300.SH,2018-10-22,3159.5614,3297.3803,3159.5614,3270.2732,2018-10-22
000300.SH,2018-10-23,3273.1271,3276.0205,3163.5704,3183.4257,2018-10-23
000300.SH,2018-10-24,3169.4571,3245.3971,3164.293,3188.2018,2018-10-24
000300.SH,2018-10-25,3107.8402,3197.3212,3099.8887,3194.3084,2018-10-25
000300.SH,2018-10-26,3204.2845,3218.1021,3151.9244,3173.635,2018-10-26
000300.SH,2018-10-29,3157.4879,3158.8114,3062.5803,3076.8889,2018-10-29
000300.SH,2018-10-30,3061.93,3146.6276,3050.7709,3110.2605,2018-10-30
000300.SH,2018-10-31,3116.6582,3168.9187,3106.0279,3153.8234,2018-10-31
000300.SH,2018-11-01,3185.202,3217.8034,3173.0992,3177.0338,2018-11-01
000300.SH,2018-11-02,3258.6093,3290.2455,3222.4354,3290.2455,2018-11-02
000300.SH,2018-11-05,3269.4695,3279.8781,3230.3632,3262.8351,2018-11-05
000300.SH,2018-11-06,3254.9778,3254.9778,3213.895,3243.1504,2018-11-06
000300.SH,2018-11-07,3243.8775,3270.5003,3218.4219,3221.9101,2018-11-07
000300.SH,2018-11-08,3251.7281,3253.5735,3207.7084,3212.7737,2018-11-08
000300.SH,2018-11-09,3193.3039,3193.3039,3166.3106,3167.4442,2018-11-09
000300.SH,2018-11-12,3160.2465,3206.5127,3152.4399,3205.1407,2018-11-12
000300.SH,2018-11-13,3164.9222,3254.7684,3161.0979,3237.3823,2018-11-13
000300.SH,2018-11-14,3233.6409,3239.2448,3200.2285,3204.9427,2018-11-14
000300.SH,2018-11-15,3201.2814,3242.3836,3198.7814,3242.3715,2018-11-15
000300.SH,2018-11-16,3242.879,3282.39,3223.7215,3257.6735,2018-11-16
000300.SH,2018-11-19,3258.7919,3294.6031,3251.0665,3294.6031,2018-11-19
000300.SH,2018-11-20,3268.0768,3278.7845,3213.6833,3218.4076,2018-11-20
000300.SH,2018-11-21,3187.1025,3230.2578,3185.2393,3226.4918,2018-11-21
000300.SH,2018-11-22,3232.9731,3235.4524,3199.6981,3214.4273,2018-11-22
000300.SH,2018-11-23,3208.593,3212.1952,3139.3857,3143.4752,2018-11-23
000300.SH,2018-11-26,3148.6721,3169.4418,3131.636,3141.2434,2018-11-26
000300.SH,2018-11-27,3152.7743,3162.0121,3126.289,3137.2413,2018-11-27
000300.SH,2018-11-28,3137.7477,3179.4108,3126.6179,3178.9326,2018-11-28
000300.SH,2018-11-29,3198.8259,3204.8565,3137.6542,3137.6542,2018-11-29
000300.SH,2018-11-30,3136.1962,3175.154,3132.423,3172.69,2018-11-30
000300.SH,2018-12-03,3260.6862,3273.6397,3228.3611,3260.9502,2018-12-03
000300.SH,2018-12-04,3256.2282,3267.94,3243.6951,3267.7095,2018-12-04
000300.SH,2018-12-05,3224.2556,3266.9039,3219.9785,3252.0041,2018-12-05
000300.SH,2018-12-06,3218.113,3223.5219,3179.8948,3181.673,2018-12-06
000300.SH,2018-12-07,3187.4919,3193.8191,3176.7061,3181.5646,2018-12-07
000300.SH,2018-12-10,3153.5228,3170.1523,3134.3845,3144.7631,2018-12-10
000300.SH,2018-12-11,3148.2256,3161.9557,3143.6072,3159.8158,2018-12-11
000300.SH,2018-12-12,3181.566,3182.2107,3160.2784,3170.6092,2018-12-12
000300.SH,2018-12-13,3178.891,3234.0817,3169.4234,3219.6924,2018-12-13
000300.SH,2018-12-14,3207.3481,3210.7221,3165.9109,3165.9109,2018-12-14
000300.SH,2018-12-17,3158.2844,3167.5125,3134.3653,3161.1966,2018-12-17
000300.SH,2018-12-18,3139.9493,3165.0018,3114.4684,3128.4265,2018-12-18
000300.SH,2018-12-19,3133.7416,3137.0099,3086.7579,3091.1255,2018-12-19
000300.SH,2018-12-20,3083.5441,3097.7202,3044.2929,3067.4169,2018-12-20
000300.SH,2018-12-21,3055.3258,3057.4007,3007.6096,3029.3951,2018-12-21
000300.SH,2018-12-24,3015.4974,3040.3524,3007.3292,3038.1981,2018-12-24
000300.SH,2018-12-25,3006.8787,3030.1418,2964.875,3017.2815,2018-12-25
000300.SH,2018-12-26,3012.869,3029.0608,2996.4829,3002.0327,2018-12-26
000300.SH,2018-12-27,3042.9491,3047.2348,2990.5057,2990.5057,2018-12-27
000300.SH,2018-12-28,2994.795,3024.3525,2984.8177,3010.6536,2018-12-28
000300.SH,2019-01-02,3017.0674,3018.7759,2958.4883,2969.5353,2019-01-02
000300.SH,2019-01-03,2963.0186,3000.4413,2953.2548,2964.8421,2019-01-03
000300.SH,2019-01-04,2940.1916,3036.8147,2935.8295,3035.8741,2019-01-04
000300.SH,2019-01-07,3055.1535,3061.749,3035.9123,3054.303,2019-01-07
000300.SH,2019-01-08,3049.8747,3055.51,3038.5339,3047.7035,2019-01-08
000300.SH,2019-01-09,3065.2307,3117.9614,3062.8474,3078.4759,2019-01-09
000300.SH,2019-01-10,3077.4817,3092.5411,3062.5721,3072.6864,2019-01-10
000300.SH,2019-01-11,3082.2615,3102.8333,3071.0264,3094.7782,2019-01-11
000300.SH,2019-01-14,3092.4984,3097.4064,3064.3827,3067.7845,2019-01-14
000300.SH,2019-01-15,3071.5185,3129.3708,3064.6705,3127.9904,2019-01-15
000300.SH,2019-01-16,3126.1347,3135.0117,3117.2926,3128.6517,2019-01-16
000300.SH,2019-01-17,3132.6285,3141.7099,3110.0608,3111.4168,2019-01-17
000300.SH,2019-01-18,3124.5025,3171.6864,3120.3458,3168.1739,2019-01-18
000300.SH,2019-01-21,3170.8773,3199.2134,3170.8773,3185.6364,2019-01-21
000300.SH,2019-01-22,3181.9494,3181.9494,3135.3378,3143.3171,2019-01-22
000300.SH,2019-01-23,3136.096,3157.6269,3131.8673,3141.0532,2019-01-23
000300.SH,2019-01-24,3146.6046,3165.6296,3125.3008,3158.7817,2019-01-24
000300.SH,2019-01-25,3165.1814,3203.1747,3164.4082,3184.4696,2019-01-25
000300.SH,2019-01-28,3203.1189,3228.8678,3174.7243,3183.7777,2019-01-28
000300.SH,2019-01-29,3177.261,3200.9898,3148.2345,3193.9698,2019-01-29
000300.SH,2019-01-30,3181.6551,3202.896,3167.8934,3168.4829,2019-01-30
000300.SH,2019-01-31,3182.6987,3216.0673,3178.0105,3201.6331,2019-01-31
000300.SH,2019-02-01,3225.7335,3247.4956,3207.7168,3247.3971,2019-02-01
000300.SH,2019-02-11,3239.8079,3307.0638,3239.8079,3306.4725,2019-02-11
000300.SH,2019-02-12,3306.3523,3335.3606,3298.6337,3330.3353,2019-02-12
000300.SH,2019-02-13,3337.7794,3405.5773,3329.1436,3397.0276,2019-02-13
000300.SH,2019-02-14,3392.8547,3415.3994,3381.9821,3402.1403,2019-02-14
000300.SH,2019-02-15,3391.242,3395.0294,3335.8705,3338.7047,2019-02-15
000300.SH,2019-02-18,3366.423,3445.7448,3366.423,3445.7448,2019-02-18
000300.SH,2019-02-19,3454.7216,3480.7938,3419.0731,3439.6078,2019-02-19
000300.SH,2019-02-20,3449.9321,3463.7735,3421.505,3451.9273,2019-02-20
000300.SH,2019-02-21,3450.1411,3500.2519,3431.631,3442.7056,2019-02-21
000300.SH,2019-02-22,3439.3781,3520.1182,3417.9784,3520.1182,2019-02-22
000300.SH,2019-02-25,3575.8528,3729.4831,3574.6885,3729.4831,2019-02-25
000300.SH,2019-02-26,3734.7059,3762.1128,3679.2705,3684.6935,2019-02-26
000300.SH,2019-02-27,3682.8116,3737.6317,3638.3334,3678.3921,2019-02-27
000300.SH,2019-02-28,3675.2642,3695.4646,3650.0537,3669.3703,2019-02-28
000300.SH,2019-03-01,3699.2157,3749.7143,3668.7653,3749.7143,2019-03-01
000300.SH,2019-03-04,3783.0367,3886.5797,3764.7764,3794.104,2019-03-04
000300.SH,2019-03-05,3785.3762,3816.1621,3770.7858,3816.0132,2019-03-05
000300.SH,2019-03-06,3822.8588,3855.1556,3787.5225,3848.0903,2019-03-06
000300.SH,2019-03-07,3841.1456,3845.182,3778.8004,3808.8497,2019-03-07
000300.SH,2019-03-08,3721.4016,3774.5431,3656.1917,3657.579,2019-03-08
000300.SH,2019-03-11,3663.9772,3731.9091,3650.8125,3729.9546,2019-03-11
000300.SH,2019-03-12,3758.3151,3804.72,3723.6785,3755.3519,2019-03-12
000300.SH,2019-03-13,3758.713,3763.0926,3708.8145,3724.1941,2019-03-13
000300.SH,2019-03-14,3710.2934,3747.819,3673.8509,3698.4858,2019-03-14
000300.SH,2019-03-15,3713.936,3782.2364,3713.936,3745.005,2019-03-15
000300.SH,2019-03-18,3753.6436,3851.7479,3733.6781,3851.7479,2019-03-18
000300.SH,2019-03-19,3856.5885,3868.335,3815.2187,3833.9626,2019-03-19
000300.SH,2019-03-20,3825.3356,3855.1465,3790.5119,3835.4397,2019-03-20
000300.SH,2019-03-21,3840.2783,3864.0696,3823.4661,3836.8913,2019-03-21
000300.SH,2019-03-22,3838.1255,3845.5808,3786.5917,3833.8013,2019-03-22
000300.SH,2019-03-25,3776.4426,3807.1793,3741.6062,3742.8252,2019-03-25
000300.SH,2019-03-26,3766.5287,3770.843,3687.5472,3700.4388,2019-03-26
000300.SH,2019-03-27,3724.4058,3750.2642,3703.4508,3743.3878,2019-03-27
000300.SH,2019-03-28,3731.0612,3755.716,3710.0814,3728.3953,2019-03-28
000300.SH,2019-03-29,3739.7739,3876.379,3739.7739,3872.3412,2019-03-29
000300.SH,2019-04-01,3901.1698,3982.9091,3901.1698,3973.928,2019-04-01
000300.SH,2019-04-02,3986.3443,3988.0975,3956.5059,3971.2852,2019-04-02
000300.SH,2019-04-03,3947.8697,4026.4972,3939.7837,4022.1566,2019-04-03
000300.SH,2019-04-04,4039.7415,4072.1138,4021.7055,4062.2309,2019-04-04
000300.SH,2019-04-08,4097.1027,4122.6034,4017.4887,4057.2286,2019-04-08
000300.SH,2019-04-09,4063.8139,4084.243,4038.2825,4075.4301,2019-04-09
000300.SH,2019-04-10,4062.4425,4115.378,4035.4741,4085.847,2019-04-10
000300.SH,2019-04-11,4083.4618,4097.1249,3990.239,3997.5778,2019-04-11
000300.SH,2019-04-12,3986.7822,4006.9335,3961.464,3988.6168,2019-04-12
000300.SH,2019-04-15,4056.4919,4085.3882,3974.2264,3975.5244,2019-04-15
000300.SH,2019-04-16,3958.0963,4085.7891,3943.4879,4085.7891,2019-04-16
000300.SH,2019-04-17,4080.7172,4106.6158,4057.5032,4087.2398,2019-04-17
000300.SH,2019-04-18,4085.1148,4094.0533,4056.2356,4072.0753,2019-04-18
000300.SH,2019-04-19,4076.2953,4120.6356,4046.2042,4120.6078,2019-04-19
000300.SH,2019-04-22,4125.9717,4126.0907,4015.4748,4025.6109,2019-04-22
000300.SH,2019-04-23,4021.6277,4061.0858,4005.2832,4019.0053,2019-04-23
000300.SH,2019-04-24,4033.6292,4044.3375,3967.8058,4030.0887,2019-04-24
000300.SH,2019-04-25,4013.6027,4022.5631,3938.3251,3941.816,2019-04-25
000300.SH,2019-04-26,3921.8909,3943.8331,3887.2525,3889.2748,2019-04-26
000300.SH,2019-04-29,3896.5824,3953.2288,3875.452,3900.3339,2019-04-29
000300.SH,2019-04-30,3887.1799,3923.1082,3885.147,3913.211,2019-04-30
000300.SH,2019-05-06,3775.0765,3791.6119,3647.1405,3684.6168,2019-05-06
000300.SH,2019-05-07,3702.2656,3738.1767,3671.8341,3720.6684,2019-05-07
000300.SH,2019-05-08,3648.5489,3722.9325,3642.4981,3667.4574,2019-05-08
000300.SH,2019-05-09,3637.346,3656.8966,3584.8227,3599.7001,2019-05-09
000300.SH,2019-05-10,3643.0557,3732.9238,3589.2906,3730.4513,2019-05-10
000300.SH,2019-05-13,3675.7597,3702.9012,3658.0004,3668.7255,2019-05-13
000300.SH,2019-05-14,3630.4388,3683.2619,3630.4388,3645.1503,2019-05-14
000300.SH,2019-05-15,3674.9931,3741.0406,3674.9931,3727.0923,2019-05-15
000300.SH,2019-05-16,3720.039,3745.1405,3707.9032,3743.9635,2019-05-16
000300.SH,2019-05-17,3744.8751,3745.3555,3637.5826,3648.7609,2019-05-17
000300.SH,2019-05-20,3635.7357,3644.5,3583.8324,3617.7924,2019-05-20
000300.SH,2019-05-21,3619.4369,3690.0884,3610.6817,3666.7762,2019-05-21
000300.SH,2019-05-22,3663.1533,3679.2727,3634.7479,3649.3796,2019-05-22
000300.SH,2019-05-23,3629.5284,3631.4743,3578.1129,3583.9646,2019-05-23
000300.SH,2019-05-24,3584.9016,3623.3904,3580.7853,3593.9139,2019-05-24
000300.SH,2019-05-27,3592.6027,3648.0267,3556.2567,3637.1971,2019-05-27
000300.SH,2019-05-28,3633.0182,3683.2306,3627.7878,3672.2605,2019-05-28
000300.SH,2019-05-29,3642.5415,3693.2273,3637.3481,3663.909,2019-05-29
000300.SH,2019-05-30,3648.8495,3650.9718,3612.6248,3641.1833,2019-05-30
000300.SH,2019-05-31,3640.9963,3668.1796,3627.5448,3629.7893,2019-05-31
000300.SH,2019-06-03,3640.6126,3672.8136,3613.1274,3632.0127,2019-06-03
000300.SH,2019-06-04,3632.5602,3636.128,3584.4612,3598.4666,2019-06-04
000300.SH,2019-06-05,3627.7947,3634.4536,3593.9515,3597.105,2019-06-05
000300.SH,2019-06-06,3601.0356,3601.0356,3557.0167,3564.6778,2019-06-06
000300.SH,2019-06-10,3578.0084,3623.7301,3568.2787,3610.7435,2019-06-10
000300.SH,2019-06-11,3617.5239,3723.1419,3617.5239,3719.2759,2019-06-11
000300.SH,2019-06-12,3706.8635,3711.8793,3683.9394,3691.0957,2019-06-12
000300.SH,2019-06-13,3689.5834,3697.5917,3654.2742,3685.3933,2019-06-13
000300.SH,2019-06-14,3690.4763,3709.6521,3650.9096,3654.8799,2019-06-14
000300.SH,2019-06-17,3654.4433,3683.7743,3645.4982,3654.8248,2019-06-17
000300.SH,2019-06-18,3661.1299,3675.6452,3638.78,3667.6185,2019-06-18
000300.SH,2019-06-19,3761.3381,3771.347,3715.1331,3715.9381,2019-06-19
000300.SH,2019-06-20,3718.9416,3845.7912,3717.1857,3828.5183,2019-06-20
000300.SH,2019-06-21,3832.7321,3856.0856,3817.3068,3833.9383,2019-06-21
000300.SH,2019-06-24,3836.3051,3853.5452,3819.7692,3841.2659,2019-06-24
000300.SH,2019-06-25,3837.4259,3838.0578,3755.0099,3801.3098,2019-06-25
000300.SH,2019-06-26,3779.5125,3809.758,3771.7164,3794.331,2019-06-26
000300.SH,2019-06-27,3807.5376,3854.0801,3805.8328,3834.8172,2019-06-27
000300.SH,2019-06-28,3832.0599,3835.2326,3803.0546,3825.5873,2019-06-28
000300.SH,2019-07-01,3899.3313,3936.668,3886.909,3935.8116,2019-07-01
000300.SH,2019-07-02,3931.0486,3942.4257,3918.9378,3937.1691,2019-07-02
000300.SH,2019-07-03,3927.4365,3927.4365,3878.8405,3893.5341,2019-07-03
000300.SH,2019-07-04,3895.1978,3906.8894,3854.693,3873.1019,2019-07-04
000300.SH,2019-07-05,3875.3736,3900.3095,3857.928,3893.2025,2019-07-05
000300.SH,2019-07-08,3875.7547,3875.7547,3775.0259,3802.7897,2019-07-08
000300.SH,2019-07-09,3798.0954,3811.0993,3774.7641,3793.1297,2019-07-09
000300.SH,2019-07-10,3807.9497,3810.396,3774.2304,3786.739,2019-07-10
000300.SH,2019-07-11,3806.1855,3830.7387,3774.4137,3785.221,2019-07-11
000300.SH,2019-07-12,3783.0733,3820.2354,3774.5224,3808.7311,2019-07-12
000300.SH,2019-07-15,3792.6409,3844.8683,3745.8549,3824.1878,2019-07-15
000300.SH,2019-07-16,3819.2474,3828.3256,3799.8665,3806.8449,2019-07-16
000300.SH,2019-07-17,3800.1064,3820.2713,3787.8973,3804.6384,2019-07-17
000300.SH,2019-07-18,3793.1893,3793.3916,3767.9958,3768.4019,2019-07-18
000300.SH,2019-07-19,3787.5079,3828.1514,3787.5079,3807.9551,2019-07-19
000300.SH,2019-07-22,3813.5022,3816.5387,3765.4428,3781.6832,2019-07-22
000300.SH,2019-07-23,3783.5411,3792.9647,3768.7614,3789.9135,2019-07-23
000300.SH,2019-07-24,3803.5867,3840.0579,3803.5738,3819.8325,2019-07-24
000300.SH,2019-07-25,3821.3898,3851.0665,3812.9532,3851.0665,2019-07-25
000300.SH,2019-07-26,3835.2281,3863.5878,3832.5223,3858.5688,2019-07-26
000300.SH,2019-07-29,3857.9394,3862.7467,3842.426,3854.2704,2019-07-29
000300.SH,2019-07-30,3861.5698,3890.7298,3861.5698,3870.3176,2019-07-30
000300.SH,2019-07-31,3856.745,3856.745,3830.0914,3835.3589,2019-07-31
000300.SH,2019-08-01,3819.3242,3831.2641,3791.546,3803.4694,2019-08-01
000300.SH,2019-08-02,3729.1309,3754.5326,3720.0584,3747.4379,2019-08-02
000300.SH,2019-08-05,3724.4097,3739.5031,3675.6884,3675.6884,2019-08-05
000300.SH,2019-08-06,3609.1118,3649.8953,3575.8626,3636.3289,2019-08-06
000300.SH,2019-08-07,3654.6323,3659.0778,3621.431,3621.431,2019-08-07
000300.SH,2019-08-08,3651.3571,3675.4603,3646.9386,3669.2936,2019-08-08
000300.SH,2019-08-09,3686.7493,3689.1774,3628.1163,3633.5296,2019-08-09
000300.SH,2019-08-12,3647.8661,3699.1047,3643.3161,3699.1047,2019-08-12
000300.SH,2019-08-13,3675.5868,3686.4302,3658.0126,3665.7515,2019-08-13
000300.SH,2019-08-14,3712.0657,3717.5579,3680.6086,3682.4015,2019-08-14
000300.SH,2019-08-15,3618.0092,3694.2985,3612.1108,3694.0006,2019-08-15
000300.SH,2019-08-16,3697.9407,3738.0964,3687.0751,3710.5386,2019-08-16
000300.SH,2019-08-19,3736.0344,3791.0946,3720.6894,3791.0946,2019-08-19
000300.SH,2019-08-20,3786.026,3799.8977,3778.7306,3787.7324,2019-08-20
000300.SH,2019-08-21,3778.3091,3792.5955,3775.4474,3781.7579,2019-08-21
000300.SH,2019-08-22,3793.8552,3797.329,3771.2048,3793.5061,2019-08-22
000300.SH,2019-08-23,3796.8821,3829.3607,3788.0345,3820.8638,2019-08-23
000300.SH,2019-08-26,3756.3618,3778.8665,3753.1646,3765.9105,2019-08-26
000300.SH,2019-08-27,3791.4587,3848.2358,3790.873,3816.9459,2019-08-27
000300.SH,2019-08-28,3818.8125,3822.5883,3790.1384,3802.5844,2019-08-28
000300.SH,2019-08-29,3805.494,3808.5954,3774.3968,3790.1867,2019-08-29
000300.SH,2019-08-30,3816.678,3828.9698,3778.9189,3799.5863,2019-08-30
000300.SH,2019-09-02,3803.689,3855.7768,3799.8166,3848.3198,2019-09-02
000300.SH,2019-09-03,3852.5794,3856.6813,3833.7571,3853.6106,2019-09-03
000300.SH,2019-09-04,3848.6483,3886.0012,3846.4215,3886.0012,2019-09-04
000300.SH,2019-09-05,3909.2087,3970.0038,3909.2087,3925.323,2019-09-05
000300.SH,2019-09-06,3946.6854,3948.5397,3922.3361,3948.5075,2019-09-06
000300.SH,2019-09-09,3980.9577,3985.239,3954.8755,3972.9484,2019-09-09
000300.SH,2019-09-10,3976.8697,3976.9225,3938.7441,3959.265,2019-09-10
000300.SH,2019-09-11,3969.6757,3971.2237,3922.9531,3930.0999,2019-09-11
000300.SH,2019-09-12,3944.6917,3975.9311,3933.4366,3972.3799,2019-09-12
000300.SH,2019-09-16,3981.3616,3982.204,3943.3734,3957.7154,2019-09-16
000300.SH,2019-09-17,3947.1577,3947.1577,3879.4852,3891.2208,2019-09-17
000300.SH,2019-09-18,3902.9947,3923.1462,3902.5109,3910.0837,2019-09-18
000300.SH,2019-09-19,3923.9631,3924.3823,3897.0666,3924.3823,2019-09-19
000300.SH,2019-09-20,3933.4594,3942.224,3921.4124,3935.6511,2019-09-20
000300.SH,2019-09-23,3925.1858,3925.1858,3868.214,3890.6616,2019-09-23
000300.SH,2019-09-24,3895.8661,3927.0115,3886.1404,3901.0758,2019-09-24
000300.SH,2019-09-25,3887.5548,3889.839,3867.2277,3870.9837,2019-09-25
000300.SH,2019-09-26,3884.7022,3890.7452,3840.2472,3841.1388,2019-09-26
000300.SH,2019-09-27,3843.4584,3859.5003,3832.2466,3852.6534,2019-09-27
000300.SH,2019-09-30,3842.0741,3857.2319,3813.5491,3814.5282,2019-09-30
000300.SH,2019-10-08,3818.5894,3861.6429,3818.5894,3837.6791,2019-10-08
000300.SH,2019-10-09,3822.6068,3845.3403,3805.0671,3843.2392,2019-10-09
000300.SH,2019-10-10,3838.4865,3877.142,3829.4328,3874.6391,2019-10-10
000300.SH,2019-10-11,3885.5198,3922.3694,3868.8417,3911.7253,2019-10-11
000300.SH,2019-10-14,3944.8593,3983.8117,3934.7325,3953.2411,2019-10-14
000300.SH,2019-10-15,3953.1645,3953.1645,3928.151,3936.2498,2019-10-15
000300.SH,2019-10-16,3939.276,3964.0456,3919.0169,3922.6854,2019-10-16
000300.SH,2019-10-17,3929.386,3935.8123,3913.9173,3925.2216,2019-10-17
000300.SH,2019-10-18,3935.4199,3940.5409,3864.9652,3869.3777,2019-10-18
000300.SH,2019-10-21,3865.3436,3884.7447,3856.0374,3880.8398,2019-10-21
000300.SH,2019-10-22,3896.3149,3897.4352,3870.5486,3895.8809,2019-10-22
000300.SH,2019-10-23,3892.6766,3901.4243,3862.1965,3871.0848,2019-10-23
000300.SH,2019-10-24,3877.9239,3890.1955,3852.5828,3870.6678,2019-10-24
000300.SH,2019-10-25,3871.7687,3899.7223,3849.0337,3896.7923,2019-10-25
000300.SH,2019-10-28,3904.9824,3927.7959,3897.8175,3926.585,2019-10-28
000300.SH,2019-10-29,3929.7077,3932.3745,3910.226,3910.226,2019-10-29
000300.SH,2019-10-30,3904.7172,3908.0999,3883.4468,3891.2255,2019-10-30
000300.SH,2019-10-31,3906.8593,3907.1505,3878.8757,3886.7519,2019-10-31
000300.SH,2019-11-01,3883.8084,3956.0797,3876.4164,3952.3872,2019-11-01
000300.SH,2019-11-04,3964.0052,3985.3573,3964.0052,3978.1216,2019-11-04
000300.SH,2019-11-05,3982.1155,4030.6381,3970.8664,4002.8128,2019-11-05
000300.SH,2019-11-06,4006.327,4007.5012,3973.7762,3984.8816,2019-11-06
000300.SH,2019-11-07,3984.5529,4005.3829,3975.5475,3991.8749,2019-11-07
000300.SH,2019-11-08,4017.6742,4022.0362,3971.5726,3973.0107,2019-11-08
000300.SH,2019-11-11,3948.6186,3948.6186,3897.5504,3902.9783,2019-11-11
000300.SH,2019-11-12,3905.9584,3914.8821,3877.7397,3903.6888,2019-11-12
000300.SH,2019-11-13,3905.2831,3908.4196,3882.4314,3899.9815,2019-11-13
000300.SH,2019-11-14,3905.9284,3916.9459,3895.1415,3905.857,2019-11-14
000300.SH,2019-11-15,3908.4891,3915.1049,3877.0892,3877.0892,2019-11-15
000300.SH,2019-11-18,3874.4405,3913.1029,3868.3166,3907.9291,2019-11-18
000300.SH,2019-11-19,3904.0996,3947.0392,3902.3776,3947.0392,2019-11-19
000300.SH,2019-11-20,3940.1344,3943.2273,3901.9865,3907.8641,2019-11-20
000300.SH,2019-11-21,3894.539,3901.8262,3875.9682,3889.598,2019-11-21
000300.SH,2019-11-22,3894.1742,3918.8385,3833.5033,3849.9948,2019-11-22
000300.SH,2019-11-25,3850.966,3878.2507,3839.4201,3878.2061,2019-11-25
000300.SH,2019-11-26,3893.4349,3899.1097,3869.5948,3891.6533,2019-11-26
000300.SH,2019-11-27,3883.429,3889.9783,3862.7011,3875.6186,2019-11-27
000300.SH,2019-11-28,3877.9012,3887.6903,3852.0105,3862.3029,2019-11-28
000300.SH,2019-11-29,3857.1883,3861.6584,3804.8291,3828.6706,2019-11-29
000300.SH,2019-12-02,3835.5128,3854.7509,3829.3126,3836.0589,2019-12-02
000300.SH,2019-12-03,3829.212,3851.1205,3811.6281,3851.0873,2019-12-03
000300.SH,2019-12-04,3841.6627,3852.9922,3831.0747,3849.819,2019-12-04
000300.SH,2019-12-05,3863.6086,3883.4031,3859.8223,3879.3638,2019-12-05
000300.SH,2019-12-06,3885.0582,3902.3853,3878.7002,3902.3853,2019-12-06
000300.SH,2019-12-09,3909.5297,3911.9682,3885.2507,3895.4468,2019-12-09
000300.SH,2019-12-10,3886.444,3900.959,3882.0877,3900.3843,2019-12-10
000300.SH,2019-12-11,3907.1592,3909.3854,3890.341,3902.7492,2019-12-11
000300.SH,2019-12-12,3908.4537,3908.4537,3886.1188,3891.0242,2019-12-12
000300.SH,2019-12-13,3928.0044,3969.4568,3925.2757,3968.2211,2019-12-13
000300.SH,2019-12-16,3970.7092,3987.5866,3953.5126,3987.5464,2019-12-16
000300.SH,2019-12-17,3987.7426,4067.1355,3984.5193,4041.7996,2019-12-17
000300.SH,2019-12-18,4039.724,4057.64,4025.3433,4032.7826,2019-12-18
000300.SH,2019-12-19,4034.6159,4038.5435,4014.8951,4027.1495,2019-12-19
000300.SH,2019-12-20,4032.1519,4046.7261,4014.9296,4017.2527,2019-12-20
000300.SH,2019-12-23,4014.6929,4032.1721,3964.3798,3967.0962,2019-12-23
000300.SH,2019-12-24,3971.56,3994.5092,3963.6653,3992.9581,2019-12-24
000300.SH,2019-12-25,3988.6574,4000.5556,3976.3559,3990.8671,2019-12-25
000300.SH,2019-12-26,3993.6686,4025.9879,3993.5413,4025.9879,2019-12-26
000300.SH,2019-12-27,4029.2454,4066.7964,4019.7223,4022.0278,2019-12-27
000300.SH,2019-12-30,4015.5195,4083.6901,4001.4951,4081.6334,2019-12-30
000300.SH,2019-12-31,4077.7519,4098.1444,4069.0086,4096.5821,2019-12-31
000300.SH,2020-01-02,4121.3487,4172.6555,4121.3487,4152.2408,2020-01-02
000300.SH,2020-01-03,4161.2185,4164.2989,4131.864,4144.9649,2020-01-03
000300.SH,2020-01-06,4120.5211,4170.6384,4102.3796,4129.2954,2020-01-06
000300.SH,2020-01-07,4137.4019,4161.2504,4135.0972,4160.2274,2020-01-07
000300.SH,2020-01-08,4139.6315,4149.813,4101.9801,4112.3172,2020-01-08
000300.SH,2020-01-09,4145.5345,4165.6574,4143.592,4164.3697,2020-01-09
000300.SH,2020-01-10,4177.5777,4180.9771,4148.4817,4163.1849,2020-01-10
000300.SH,2020-01-13,4166.9254,4203.9883,4148.6007,4203.9883,2020-01-13
000300.SH,2020-01-14,4215.1578,4223.5078,4188.0809,4189.8862,2020-01-14
000300.SH,2020-01-15,4186.881,4193.8686,4150.8799,4166.7344,2020-01-15
000300.SH,2020-01-16,4174.8172,4175.2938,4142.1795,4149.0434,2020-01-16
000300.SH,2020-01-17,4162.1939,4177.0282,4141.6448,4154.853,2020-01-17
000300.SH,2020-01-20,4170.7365,4185.9629,4149.4879,4185.8304,2020-01-20
000300.SH,2020-01-21,4165.0203,4165.0203,4113.3251,4114.3085,2020-01-21
000300.SH,2020-01-22,4093.8009,4141.1772,4046.4866,4131.9311,2020-01-22
000300.SH,2020-01-23,4093.3229,4103.5244,3972.3933,4003.9013,2020-01-23
000300.SH,2020-02-03,3639.9089,3732.1572,3639.9089,3688.3578,2020-02-03
000300.SH,2020-02-04,3652.0035,3786.8629,3652.0035,3785.6376,2020-02-04
000300.SH,2020-02-05,3801.099,3866.0108,3781.613,3828.5272,2020-02-05
000300.SH,2020-02-06,3841.7537,3914.915,3806.9601,3899.7751,2020-02-06
000300.SH,2020-02-07,3879.5531,3899.8837,3849.7127,3899.8693,2020-02-07
000300.SH,2020-02-10,3872.3738,3920.1667,3861.0066,3916.0052,2020-02-10
000300.SH,2020-02-11,3926.4204,3970.5221,3915.7077,3952.4643,2020-02-11
000300.SH,2020-02-12,3945.6663,3984.4325,3940.6667,3984.4325,2020-02-12
000300.SH,2020-02-13,3985.8757,3999.5495,3950.1422,3959.9188,2020-02-13
000300.SH,2020-02-14,3954.234,4001.5627,3954.0233,3987.7342,2020-02-14
000300.SH,2020-02-17,3999.6511,4077.4464,3999.6511,4077.4241,2020-02-17
000300.SH,2020-02-18,4069.8315,4076.388,4027.7859,4057.5108,2020-02-18
000300.SH,2020-02-19,4049.5862,4085.1704,4042.8451,4051.3107,2020-02-19
000300.SH,2020-02-20,4062.8968,4148.5287,4055.8105,4144.6561,2020-02-20
000300.SH,2020-02-21,4134.8747,4184.4379,4130.1677,4149.4903,2020-02-21
000300.SH,2020-02-24,4131.8364,4149.0102,4097.1753,4132.8388,2020-02-24
000300.SH,2020-02-25,4066.302,4126.7075,4020.9075,4123.8543,2020-02-25
000300.SH,2020-02-26,4070.0994,4132.7817,4061.125,4073.0152,2020-02-26
000300.SH,2020-02-27,4084.0782,4110.5275,4067.4408,4084.8759,2020-02-27
000300.SH,2020-02-28,3988.7274,4031.1453,3928.0663,3940.0488,2020-02-28
000300.SH,2020-03-02,3968.8435,4092.5394,3968.8435,4069.6662,2020-03-02
000300.SH,2020-03-03,4125.1356,4147.6525,4067.9094,4091.3615,2020-03-03
000300.SH,2020-03-04,4078.4998,4115.2618,4060.729,4115.0524,2020-03-04
000300.SH,2020-03-05,4150.21,4215.8513,4127.0386,4206.7251,2020-03-05
000300.SH,2020-03-06,4158.2021,4181.3102,4135.3901,4138.5072,2020-03-06
000300.SH,2020-03-09,4063.076,4063.076,3995.1313,3997.1325,2020-03-09
000300.SH,2020-03-10,3975.2288,4093.0024,3954.7506,4082.7315,2020-03-10
000300.SH,2020-03-11,4090.9348,4091.2704,4028.3964,4028.4289,2020-03-11
000300.SH,2020-03-12,3976.1139,3987.4336,3926.2704,3950.9111,2020-03-12
000300.SH,2020-03-13,3771.0139,3937.1806,3765.1479,3895.3128,2020-03-13
000300.SH,2020-03-16,3899.8598,3899.8598,3720.5127,3727.8398,2020-03-16
000300.SH,2020-03-17,3739.7833,3786.8908,3618.307,3709.6822,2020-03-17
000300.SH,2020-03-18,3729.6853,3775.8506,3636.2565,3636.2565,2020-03-18
000300.SH,2020-03-19,3623.789,3647.9874,3503.1866,3589.0926,2020-03-19
000300.SH,2020-03-20,3629.5126,3663.9517,3588.7766,3653.2239,2020-03-20
000300.SH,2020-03-23,3542.6837,3585.8014,3523.7877,3530.3058,2020-03-23
000300.SH,2020-03-24,3598.6548,3627.7592,3545.4524,3625.1146,2020-03-24
000300.SH,2020-03-25,3711.4753,3732.6536,3685.9942,3722.5181,2020-03-25
000300.SH,2020-03-26,3692.6083,3736.2536,3681.2668,3698.0472,2020-03-26
000300.SH,2020-03-27,3746.3914,3758.7827,3709.9213,3710.0605,2020-03-27
000300.SH,2020-03-30,3657.4624,3690.6388,3637.5853,3674.1108,2020-03-30
000300.SH,2020-03-31,3708.1404,3716.0707,3676.2024,3686.1551,2020-03-31
000300.SH,2020-04-01,3682.2966,3731.7799,3670.9653,3675.0758,2020-04-01
000300.SH,2020-04-02,3656.3225,3734.5306,3652.3167,3734.5306,2020-04-02
000300.SH,2020-04-03,3721.4815,3738.8323,3698.9822,3713.2183,2020-04-03
000300.SH,2020-04-07,3779.9076,3803.6286,3772.2054,3798.0214,2020-04-07
000300.SH,2020-04-08,3776.4171,3793.0023,3767.2924,3780.3445,2020-04-08
000300.SH,2020-04-09,3798.4879,3801.7245,3785.3116,3792.8105,2020-04-09
000300.SH,2020-04-10,3794.8429,3824.7441,3758.9599,3769.1782,2020-04-10
000300.SH,2020-04-13,3751.7093,3769.8764,3740.1936,3753.2566,2020-04-13
000300.SH,2020-04-14,3777.8343,3825.7599,3764.9838,3825.6991,2020-04-14
000300.SH,2020-04-15,3820.8506,3829.8009,3793.4402,3797.3623,2020-04-15
000300.SH,2020-04-16,3777.7986,3807.3569,3774.5585,3802.3806,2020-04-16
000300.SH,2020-04-17,3831.9232,3863.4521,3821.4201,3839.4871,2020-04-17
000300.SH,2020-04-20,3845.4598,3853.7984,3831.553,3853.4551,2020-04-20
000300.SH,2020-04-21,3838.2314,3838.2314,3779.9967,3808.0474,2020-04-21
000300.SH,2020-04-22,3789.1297,3839.3834,3782.2149,3839.3834,2020-04-22
000300.SH,2020-04-23,3851.9132,3857.4709,3826.5565,3829.7525,2020-04-23
000300.SH,2020-04-24,3826.3116,3827.212,3787.0714,3796.9721,2020-04-24
000300.SH,2020-04-27,3808.0171,3842.8706,3793.7655,3822.769,2020-04-27
000300.SH,2020-04-28,3835.348,3859.6754,3768.2,3849.1465,2020-04-28
000300.SH,2020-04-29,3837.5135,3880.7444,3833.7164,3867.032,2020-04-29
000300.SH,2020-04-30,3880.4094,3921.7004,3880.4094,3912.5772,2020-04-30
000300.SH,2020-05-06,3867.2587,3937.6909,3865.9875,3936.2539,2020-05-06
000300.SH,2020-05-07,3937.5918,3941.4833,3915.9048,3924.8946,2020-05-07
000300.SH,2020-05-08,3942.9972,3979.6627,3935.9805,3963.6217,2020-05-08
000300.SH,2020-05-11,3974.7605,3998.0972,3944.5037,3960.1803,2020-05-11
000300.SH,2020-05-12,3961.3427,3970.1115,3930.2108,3960.2378,2020-05-12
000300.SH,2020-05-13,3946.6428,3972.5254,3932.5711,3968.2529,2020-05-13
000300.SH,2020-05-14,3952.1986,3952.1986,3924.0452,3925.2177,2020-05-14
000300.SH,2020-05-15,3941.125,3945.1956,3907.4021,3912.8159,2020-05-15
000300.SH,2020-05-18,3914.6602,3946.4312,3898.4041,3922.9117,2020-05-18
000300.SH,2020-05-19,3963.7754,3966.8518,3944.0715,3956.2495,2020-05-19
000300.SH,2020-05-20,3955.7145,3955.7145,3923.9213,3935.222,2020-05-20
000300.SH,2020-05-21,3950.5981,3951.743,3907.5788,3913.7949,2020-05-21
000300.SH,2020-05-22,3907.5761,3907.5761,3818.1488,3824.064,2020-05-22
000300.SH,2020-05-25,3828.3206,3835.6333,3800.1796,3829.3245,2020-05-25
000300.SH,2020-05-26,3850.0009,3874.7484,3844.4776,3872.7701,2020-05-26
000300.SH,2020-05-27,3873.6984,3873.6984,3838.4247,3845.6135,2020-05-27
000300.SH,2020-05-28,3848.4892,3885.4211,3818.4318,3856.6324,2020-05-28
000300.SH,2020-05-29,3838.3769,3872.3031,3830.4185,3867.0232,2020-05-29
000300.SH,2020-06-01,3901.7263,3976.3151,3901.7263,3971.3402,2020-06-01
000300.SH,2020-06-02,3969.9521,3991.7761,3958.9774,3983.5677,2020-06-02
000300.SH,2020-06-03,4001.1708,4018.6759,3982.9299,3983.6477,2020-06-03
000300.SH,2020-06-04,3998.1636,3999.8051,3968.5723,3982.1851,2020-06-04
000300.SH,2020-06-05,3988.2239,4001.2509,3967.926,4001.2509,2020-06-05
000300.SH,2020-06-08,4023.606,4050.2213,4016.1015,4021.9549,2020-06-08
000300.SH,2020-06-09,4027.5613,4052.1557,4016.3387,4047.0293,2020-06-09
000300.SH,2020-06-10,4046.2317,4046.2317,4024.4185,4039.7051,2020-06-10
000300.SH,2020-06-11,4031.7396,4043.0123,3979.7522,3995.8846,2020-06-11
000300.SH,2020-06-12,3931.6236,4011.0591,3927.2491,4003.0829,2020-06-12
000300.SH,2020-06-15,3982.9672,4007.1396,3954.9883,3954.9883,2020-06-15
000300.SH,2020-06-16,3995.5786,4014.5702,3987.8637,4014.5702,2020-06-16
000300.SH,2020-06-17,4018.6094,4018.6094,3992.1339,4017.5941,2020-06-17
000300.SH,2020-06-18,4009.7831,4047.5566,4000.9008,4044.3842,2020-06-18
000300.SH,2020-06-19,4047.0483,4109.3602,4043.4925,4098.7095,2020-06-19
000300.SH,2020-06-22,4097.5071,4126.9421,4088.7822,4102.0459,2020-06-22
000300.SH,2020-06-23,4098.0373,4124.725,4080.7533,4121.7944,2020-06-23
000300.SH,2020-06-24,4128.1003,4144.6782,4123.3582,4138.9895,2020-06-24
000300.SH,2020-06-29,4127.9348,4137.3696,4092.5352,4109.7164,2020-06-29
000300.SH,2020-06-30,4130.0028,4174.4236,4129.7754,4163.9637,2020-06-30
000300.SH,2020-07-01,4172.6425,4247.7835,4163.4954,4247.7835,2020-07-01
000300.SH,2020-07-02,4239.408,4340.1039,4238.1164,4335.8445,2020-07-02
000300.SH,2020-07-03,4353.1937,4419.5955,4348.4535,4419.5955,2020-07-03
000300.SH,2020-07-06,4465.8081,4678.1121,4465.8081,4670.0949,2020-07-06
000300.SH,2020-07-07,4739.6104,4796.3155,4688.0574,4698.1264,2020-07-07
000300.SH,2020-07-08,4692.8621,4803.3643,4670.6501,4774.0042,2020-07-08
000300.SH,2020-07-09,4770.0769,4854.1201,4757.2943,4840.7712,2020-07-09
000300.SH,2020-07-10,4796.0873,4821.3745,4734.4725,4753.1333,2020-07-10
000300.SH,2020-07-13,4742.3738,4878.0773,4741.8743,4852.9612,2020-07-13
000300.SH,2020-07-14,4836.1655,4860.4404,4729.9258,4806.6902,2020-07-14
000300.SH,2020-07-15,4821.5155,4837.4757,4723.3608,4744.4687,2020-07-15
000300.SH,2020-07-16,4741.5295,4772.5638,4513.6537,4516.2532,2020-07-16
000300.SH,2020-07-17,4524.7717,4601.3733,4485.8214,4544.7007,2020-07-17
000300.SH,2020-07-20,4597.2038,4681.9431,4534.2305,4680.3046,2020-07-20
000300.SH,2020-07-21,4697.5026,4714.2925,4661.444,4691.0425,2020-07-21
000300.SH,2020-07-22,4682.6575,4790.4491,4675.3488,4714.4454,2020-07-22
000300.SH,2020-07-23,4668.7401,4731.4004,4607.6585,4712.4357,2020-07-23
000300.SH,2020-07-24,4679.0273,4691.698,4479.3928,4505.5906,2020-07-24
000300.SH,2020-07-27,4535.0053,4558.1189,4482.4408,4528.45,2020-07-27
000300.SH,2020-07-28,4567.6691,4590.2496,4537.6849,4568.2576,2020-07-28
000300.SH,2020-07-29,4559.1634,4680.558,4548.8535,4679.008,2020-07-29
000300.SH,2020-07-30,4689.7632,4704.6305,4649.7677,4656.1506,2020-07-30
000300.SH,2020-07-31,4652.1824,4741.8084,4621.9635,4695.0462,2020-07-31
000300.SH,2020-08-03,4735.8985,4771.3694,4720.025,4771.3108,2020-08-03
000300.SH,2020-08-04,4778.4866,4807.0782,4747.7748,4775.8024,2020-08-04
000300.SH,2020-08-05,4761.7637,4786.7031,4711.2723,4777.1089,2020-08-05
000300.SH,2020-08-06,4779.2377,4791.8565,4691.1569,4762.7642,2020-08-06
000300.SH,2020-08-07,4742.2939,4749.0217,4637.8427,4707.9262,2020-08-07
000300.SH,2020-08-10,4681.7553,4757.6634,4646.2885,4724.8697,2020-08-10
000300.SH,2020-08-11,4730.3748,4791.5337,4674.8642,4681.7837,2020-08-11
000300.SH,2020-08-12,4668.8899,4681.6206,4566.2736,4647.6446,2020-08-12
000300.SH,2020-08-13,4666.4901,4671.7689,4626.1033,4635.7126,2020-08-13
000300.SH,2020-08-14,4627.61,4708.0709,4617.632,4704.6288,2020-08-14
000300.SH,2020-08-17,4727.1204,4838.0864,4721.3589,4815.2261,2020-08-17
000300.SH,2020-08-18,4816.5703,4825.3861,4788.8293,4812.7564,2020-08-18
000300.SH,2020-08-19,4804.6655,4809.0499,4738.0086,4740.6784,2020-08-19
000300.SH,2020-08-20,4708.1253,4721.4357,4662.8032,4679.1544,2020-08-20
000300.SH,2020-08-21,4717.7874,4739.4836,4684.8101,4718.8431,2020-08-21
000300.SH,2020-08-24,4746.4035,4769.4673,4716.6054,4755.8491,2020-08-24
000300.SH,2020-08-25,4769.2107,4802.4122,4746.313,4761.9507,2020-08-25
000300.SH,2020-08-26,4761.7186,4786.4249,4689.881,4706.1302,2020-08-26
000300.SH,2020-08-27,4718.062,4731.9351,4679.3623,4731.3451,2020-08-27
000300.SH,2020-08-28,4727.292,4850.4884,4719.3526,4844.2652,2020-08-28
000300.SH,2020-08-31,4870.9337,4901.2115,4816.2123,4816.2153,2020-08-31
000300.SH,2020-09-01,4803.3922,4842.135,4791.7829,4842.1223,2020-09-01
000300.SH,2020-09-02,4859.0754,4863.5509,4797.5204,4843.887,2020-09-02
000300.SH,2020-09-03,4841.502,4877.0117,4800.0577,4817.0952,2020-09-03
000300.SH,2020-09-04,4737.2368,4778.203,4726.5559,4770.219,2020-09-04
000300.SH,2020-09-07,4759.5213,4789.3031,4655.56,4669.3677,2020-09-07
000300.SH,2020-09-08,4683.8256,4707.8966,4639.0531,4694.3894,2020-09-08
000300.SH,2020-09-09,4634.247,4645.1972,4558.0304,4584.5887,2020-09-09
000300.SH,2020-09-10,4632.0994,4647.7505,4572.2058,4581.9775,2020-09-10
000300.SH,2020-09-11,4572.2572,4630.8842,4563.1061,4627.2826,2020-09-11
000300.SH,2020-09-14,4652.0539,4666.9862,4625.9877,4651.0507,2020-09-14
000300.SH,2020-09-15,4649.4472,4691.4997,4630.5374,4688.4826,2020-09-15
000300.SH,2020-09-16,4683.006,4690.6815,4638.4586,4657.3584,2020-09-16
000300.SH,2020-09-17,4642.0542,4664.9491,4601.639,4632.7142,2020-09-17
000300.SH,2020-09-18,4636.6422,4737.8039,4631.7045,4737.0887,2020-09-18
000300.SH,2020-09-21,4750.7481,4752.9799,4688.7199,4691.4281,2020-09-21
000300.SH,2020-09-22,4654.2179,4706.2096,4622.1111,4635.7608,2020-09-22
000300.SH,2020-09-23,4639.6592,4665.96,4623.5528,4652.3273,2020-09-23
000300.SH,2020-09-24,4623.9535,4631.9482,4562.2086,4563.0657,2020-09-24
000300.SH,2020-09-25,4582.482,4599.5387,4554.7199,4570.0216,2020-09-25
000300.SH,2020-09-28,4582.6471,4613.6324,4571.1507,4581.9085,2020-09-28
000300.SH,2020-09-29,4608.2926,4616.6767,4586.3537,4591.7993,2020-09-29
000300.SH,2020-09-30,4607.5753,4634.7239,4563.4108,4587.3953,2020-09-30
000300.SH,2020-10-09,4663.61,4695.4041,4655.0851,4681.1412,2020-10-09
000300.SH,2020-10-12,4705.1883,4823.2666,4704.1554,4823.1578,2020-10-12
000300.SH,2020-10-13,4812.8989,4845.9191,4795.373,4839.201,2020-10-13
000300.SH,2020-10-14,4830.4575,4830.4575,4795.9069,4807.1021,2020-10-14
000300.SH,2020-10-15,4810.7821,4833.8925,4796.2647,4798.7361,2020-10-15
000300.SH,2020-10-16,4798.9162,4825.5518,4765.967,4791.676,2020-10-16
000300.SH,2020-10-19,4823.4944,4849.605,4747.3356,4755.4879,2020-10-19
000300.SH,2020-10-20,4751.3694,4793.4672,4739.4583,4793.4672,2020-10-20
000300.SH,2020-10-21,4801.6313,4801.6313,4758.8552,4792.8284,2020-10-21
000300.SH,2020-10-22,4780.5954,4791.8078,4725.4993,4777.9845,2020-10-22
000300.SH,2020-10-23,4775.4665,4802.456,4717.0984,4718.4881,2020-10-23
000300.SH,2020-10-26,4684.0465,4713.3945,4639.3019,4691.2359,2020-10-26
000300.SH,2020-10-27,4680.1371,4708.4623,4671.8536,4699.2792,2020-10-27
000300.SH,2020-10-28,4703.0036,4753.3125,4685.6012,4737.2718,2020-10-28
000300.SH,2020-10-29,4683.607,4803.0317,4679.2529,4772.9198,2020-10-29
000300.SH,2020-10-30,4776.4726,4778.5089,4683.4719,4695.3338,2020-10-30
000300.SH,2020-11-02,4702.7457,4738.0239,4695.4436,4720.8313,2020-11-02
000300.SH,2020-11-03,4743.1742,4793.3963,4734.1748,4777.5608,2020-11-03
000300.SH,2020-11-04,4781.448,4825.4638,4770.5582,4813.6564,2020-11-04
000300.SH,2020-11-05,4861.3377,4885.1118,4837.9996,4885.1118,2020-11-05
000300.SH,2020-11-06,4897.6295,4897.6295,4845.4293,4885.7178,2020-11-06
000300.SH,2020-11-09,4918.8609,4997.8017,4918.8609,4981.3497,2020-11-09
000300.SH,2020-11-10,4995.4126,4995.4126,4928.9319,4953.8756,2020-11-10
000300.SH,2020-11-11,4937.7582,4957.5846,4901.7067,4904.8981,2020-11-11
000300.SH,2020-11-12,4916.7736,4926.3422,4891.51,4908.463,2020-11-12
000300.SH,2020-11-13,4886.9778,4886.9778,4825.7578,4856.8513,2020-11-13
000300.SH,2020-11-16,4880.958,4904.1716,4848.6239,4904.1716,2020-11-16
000300.SH,2020-11-17,4903.12,4909.2902,4865.3942,4894.786,2020-11-17
000300.SH,2020-11-18,4889.6749,4911.0876,4870.7162,4891.6716,2020-11-18
000300.SH,2020-11-19,4880.9224,4939.7911,4870.2005,4927.9891,2020-11-19
000300.SH,2020-11-20,4928.2223,4947.4297,4922.5895,4943.2882,2020-11-20
000300.SH,2020-11-23,4954.5987,5029.6515,4940.4494,5005.0273,2020-11-23
000300.SH,2020-11-24,4997.0485,5001.0614,4960.9817,4974.2855,2020-11-24
000300.SH,2020-11-25,4992.7466,5004.7732,4910.7,4910.7,2020-11-25
000300.SH,2020-11-26,4908.3208,4925.2857,4867.8153,4919.5912,2020-11-26
000300.SH,2020-11-27,4930.5928,4980.765,4917.3479,4980.765,2020-11-27
000300.SH,2020-11-30,4994.1063,5055.192,4960.2519,4960.2519,2020-11-30
000300.SH,2020-12-01,4963.1302,5072.5494,4963.1302,5067.0983,2020-12-01
000300.SH,2020-12-02,5072.9755,5090.6084,5043.3091,5067.1447,2020-12-02
000300.SH,2020-12-03,5065.4531,5072.3046,5033.7887,5057.0603,2020-12-03
000300.SH,2020-12-04,5049.5231,5072.3865,5017.8506,5065.9163,2020-12-04
000300.SH,2020-12-07,5065.7285,5067.8698,5014.609,5022.2351,2020-12-07
000300.SH,2020-12-08,5029.1063,5043.0605,4998.9218,5009.8786,2020-12-08
000300.SH,2020-12-09,5022.3846,5033.6417,4942.5195,4942.6986,2020-12-09
000300.SH,2020-12-10,4931.2933,4962.7433,4919.7696,4940.5249,2020-12-10
000300.SH,2020-12-11,4957.8236,4957.8236,4849.3547,4889.6292,2020-12-11
000300.SH,2020-12-14,4903.627,4937.2601,4887.6599,4934.8352,2020-12-14
000300.SH,2020-12-15,4931.6019,4954.1885,4904.7926,4945.1,2020-12-15
000300.SH,2020-12-16,4957.2971,4968.8558,4938.1932,4953.867,2020-12-16
000300.SH,2020-12-17,4960.729,5021.6171,4950.3713,5017.4784,2020-12-17
000300.SH,2020-12-18,5014.3211,5027.4446,4979.0051,4999.9678,2020-12-18
000300.SH,2020-12-21,4995.7622,5048.5074,4969.999,5046.8396,2020-12-21
000300.SH,2020-12-22,5034.9831,5055.1348,4960.9457,4964.7727,2020-12-22
000300.SH,2020-12-23,4977.2994,5028.4506,4968.1509,5007.1235,2020-12-23
000300.SH,2020-12-24,5006.0051,5033.038,4979.2371,5000.0154,2020-12-24
000300.SH,2020-12-25,4985.7695,5042.0978,4973.6812,5042.0137,2020-12-25
000300.SH,2020-12-28,5042.9432,5089.3447,5037.8582,5064.4147,2020-12-28
000300.SH,2020-12-29,5071.449,5077.4167,5034.3078,5042.9361,2020-12-29
000300.SH,2020-12-30,5037.9848,5113.7105,5036.6288,5113.7105,2020-12-30
000300.SH,2020-12-31,5122.4799,5215.6178,5122.4799,5211.2885,2020-12-31
000300.SH,2021-01-04,5212.9313,5284.4343,5190.9372,5267.7181,2021-01-04
000300.SH,2021-01-05,5245.8355,5368.5049,5234.3775,5368.5049,2021-01-05
000300.SH,2021-01-06,5386.5144,5433.4694,5341.4304,5417.6677,2021-01-06
000300.SH,2021-01-07,5428.3944,5513.6568,5413.3526,5513.6568,2021-01-07
000300.SH,2021-01-08,5526.2876,5547.4733,5442.6939,5495.4306,2021-01-08
000300.SH,2021-01-11,5504.2358,5555.6916,5412.5046,5441.1583,2021-01-11
000300.SH,2021-01-12,5419.4996,5596.3525,5417.6272,5596.3525,2021-01-12
000300.SH,2021-01-13,5609.2637,5644.7195,5535.1435,5577.9711,2021-01-13
000300.SH,2021-01-14,5556.2125,5568.0179,5458.6818,5470.4563,2021-01-14
000300.SH,2021-01-15,5471.391,5500.6348,5390.2737,5458.0812,2021-01-15
000300.SH,2021-01-18,5438.1618,5541.4613,5410.775,5518.5205,2021-01-18
000300.SH,2021-01-19,5525.969,5532.4793,5415.7166,5437.5234,2021-01-19
000300.SH,2021-01-20,5439.9111,5496.0493,5426.5357,5476.4336,2021-01-20
000300.SH,2021-01-21,5492.9587,5593.1058,5490.5626,5564.9693,2021-01-21
000300.SH,2021-01-22,5562.379,5573.6594,5513.8769,5569.776,2021-01-22
000300.SH,2021-01-25,5564.1237,5655.4795,5543.2663,5625.9232,2021-01-25
000300.SH,2021-01-26,5600.9017,5600.9017,5505.9962,5512.9678,2021-01-26
000300.SH,2021-01-27,5505.7708,5534.9928,5449.6385,5528.0034,2021-01-27
000300.SH,2021-01-28,5450.3695,5462.2352,5360.3766,5377.1427,2021-01-28
000300.SH,2021-01-29,5413.9684,5430.2015,5288.0955,5351.9646,2021-01-29
000300.SH,2021-02-01,5356.8535,5422.299,5342.0458,5417.6484,2021-02-01
000300.SH,2021-02-02,5429.7032,5503.2145,5411.5173,5501.0915,2021-02-02
000300.SH,2021-02-03,5499.2961,5532.8864,5473.1237,5485.2008,2021-02-03
000300.SH,2021-02-04,5453.9764,5510.0535,5411.5749,5473.9475,2021-02-04
000300.SH,2021-02-05,5494.7011,5550.7714,5477.6517,5483.414,2021-02-05
000300.SH,2021-02-08,5506.1423,5576.4908,5479.8529,5564.5618,2021-02-08
000300.SH,2021-02-09,5584.165,5686.2502,5555.0537,5686.2502,2021-02-09
000300.SH,2021-02-10,5709.684,5823.4219,5707.3295,5807.7191,2021-02-10
000300.SH,2021-02-18,5922.0714,5930.9122,5747.6631,5768.3814,2021-02-18
000300.SH,2021-02-19,5734.0193,5787.8871,5667.3209,5778.842,2021-02-19
000300.SH,2021-02-22,5785.5097,5785.5097,5597.3327,5597.3327,2021-02-22
000300.SH,2021-02-23,5542.6841,5644.7551,5541.1092,5579.6681,2021-02-23
000300.SH,2021-02-24,5591.4795,5598.8284,5379.7278,5437.5683,2021-02-24
000300.SH,2021-02-25,5494.4706,5527.6296,5444.1646,5469.5584,2021-02-25
000300.SH,2021-02-26,5343.9041,5416.3197,5318.8579,5336.7609,2021-02-26
000300.SH,2021-03-01,5389.2499,5421.555,5345.9449,5418.7837,2021-03-01
000300.SH,2021-03-02,5453.2847,5454.9687,5305.0545,5349.6301,2021-03-02
000300.SH,2021-03-03,5327.3467,5452.396,5316.4809,5452.2125,2021-03-03
000300.SH,2021-03-04,5388.4785,5392.3725,5254.7771,5280.7058,2021-03-04
000300.SH,2021-03-05,5191.9699,5307.8203,5174.2458,5262.7958,2021-03-05
000300.SH,2021-03-08,5299.7907,5326.2602,5079.7984,5080.0246,2021-03-08
000300.SH,2021-03-09,5066.1546,5094.311,4917.909,4970.9994,2021-03-09
000300.SH,2021-03-10,5047.0589,5055.2785,4981.6161,5003.6121,2021-03-10
000300.SH,2021-03-11,5024.5586,5138.4146,5020.5784,5128.2156,2021-03-11
000300.SH,2021-03-12,5153.674,5153.674,5086.8234,5146.3786,2021-03-12
000300.SH,2021-03-15,5116.1228,5120.8757,4992.3989,5035.5441,2021-03-15
000300.SH,2021-03-16,5054.4089,5084.3085,5009.951,5079.3624,2021-03-16
000300.SH,2021-03-17,5062.7706,5123.5452,5020.1255,5100.8581,2021-03-17
000300.SH,2021-03-18,5114.5872,5160.4566,5111.1294,5141.7681,2021-03-18
000300.SH,2021-03-19,5068.5319,5089.9175,4980.7609,5007.0907,2021-03-19
000300.SH,2021-03-22,5008.3953,5071.3378,4996.541,5057.152,2021-03-22
000300.SH,2021-03-23,5057.0632,5064.02,4966.534,5009.2459,2021-03-23
000300.SH,2021-03-24,4985.4013,5024.3274,4919.8932,4928.6853,2021-03-24
000300.SH,2021-03-25,4904.0683,4950.7608,4883.6615,4926.3469,2021-03-25
000300.SH,2021-03-26,4953.9453,5050.8292,4953.9453,5037.9899,2021-03-26
000300.SH,2021-03-29,5052.2634,5086.6543,5010.3902,5046.8773,2021-03-29
000300.SH,2021-03-30,5043.0952,5106.0365,5032.795,5094.7291,2021-03-30
000300.SH,2021-03-31,5085.9497,5085.9497,5015.607,5048.3607,2021-03-31
000300.SH,2021-04-01,5059.9359,5115.4286,5056.8718,5110.7768,2021-04-01
000300.SH,2021-04-02,5129.8545,5169.8312,5116.3472,5161.5569,2021-04-02
000300.SH,2021-04-06,5178.6401,5181.149,5125.3301,5140.3418,2021-04-06
000300.SH,2021-04-07,5141.6556,5141.6556,5065.1932,5103.7428,2021-04-07
000300.SH,2021-04-08,5078.2627,5129.1318,5062.0725,5112.2086,2021-04-08
000300.SH,2021-04-09,5100.0422,5100.0422,5022.0926,5035.3374,2021-04-09
000300.SH,2021-04-12,5026.9791,5045.6018,4933.0126,4947.7459,2021-04-12
000300.SH,2021-04-13,4949.8074,4994.5404,4924.1979,4939.6438,2021-04-13
000300.SH,2021-04-14,4945.6857,4987.1191,4940.2686,4980.6279,2021-04-14
000300.SH,2021-04-15,4969.9099,4969.9099,4900.3033,4948.9741,2021-04-15
000300.SH,2021-04-16,4966.8999,4979.1731,4917.9596,4966.1811,2021-04-16
000300.SH,2021-04-19,4966.409,5088.2106,4940.7473,5087.0165,2021-04-19
000300.SH,2021-04-20,5065.7757,5119.8586,5058.9247,5083.3654,2021-04-20
000300.SH,2021-04-21,5055.2398,5110.5623,5047.9916,5098.7449,2021-04-21
000300.SH,2021-04-22,5114.2799,5119.2246,5067.1382,5089.2435,2021-04-22
000300.SH,2021-04-23,5088.8263,5149.9825,5086.4914,5135.4534,2021-04-23
000300.SH,2021-04-26,5156.5941,5181.1066,5072.9585,5077.2372,2021-04-26
000300.SH,2021-04-27,5076.6415,5095.9842,5042.6099,5090.5195,2021-04-27
000300.SH,2021-04-28,5073.9728,5119.4455,5059.2628,5119.2421,2021-04-28
000300.SH,2021-04-29,5128.2795,5170.5852,5113.6484,5164.1692,2021-04-29
000300.SH,2021-04-30,5156.3557,5163.2517,5094.9285,5123.489,2021-04-30
000300.SH,2021-05-06,5098.8006,5132.8986,5037.4083,5061.1244,2021-05-06
000300.SH,2021-05-07,5073.4554,5093.7471,4996.037,4996.0527,2021-05-07
000300.SH,2021-05-10,5001.4371,5019.3927,4953.6965,4992.422,2021-05-10
000300.SH,2021-05-11,4956.0794,5033.4938,4925.9152,5023.0595,2021-05-11
000300.SH,2021-05-12,5003.8171,5051.1682,4995.4048,5044.5481,2021-05-12
000300.SH,2021-05-13,4992.3519,5022.0836,4975.4462,4992.9738,2021-05-13
000300.SH,2021-05-14,5007.6286,5112.9838,4981.2948,5110.5901,2021-05-14
000300.SH,2021-05-17,5115.3063,5206.6947,5115.3063,5184.9853,2021-05-17
000300.SH,2021-05-18,5190.9345,5201.6721,5156.7924,5187.6013,2021-05-18
000300.SH,2021-05-19,5173.1666,5193.5574,5151.6392,5172.272,2021-05-19
000300.SH,2021-05-20,5167.0546,5201.5935,5152.0358,5186.412,2021-05-20
000300.SH,2021-05-21,5199.1285,5216.1615,5123.1171,5134.1483,2021-05-21
000300.SH,2021-05-24,5138.8149,5155.5875,5092.3894,5155.5875,2021-05-24
000300.SH,2021-05-25,5165.0361,5324.3609,5161.5238,5318.478,2021-05-25
000300.SH,2021-05-26,5326.1169,5344.2837,5308.7389,5320.5927,2021-05-26
000300.SH,2021-05-27,5311.3726,5378.4764,5286.05,5338.2329,2021-05-27
000300.SH,2021-05-28,5338.7278,5360.2774,5288.6515,5321.0886,2021-05-28
000300.SH,2021-05-31,5318.0825,5331.6294,5281.6851,5331.5696,2021-05-31
000300.SH,2021-06-01,5320.4745,5343.7529,5269.259,5341.6798,2021-06-01
000300.SH,2021-06-02,5348.344,5352.6404,5266.7852,5289.9736,2021-06-02
000300.SH,2021-06-03,5285.7098,5314.3691,5255.0719,5255.2855,2021-06-03
000300.SH,2021-06-04,5228.2761,5334.4899,5221.2291,5282.2772,2021-06-04
000300.SH,2021-06-07,5284.8907,5286.8424,5242.9481,5277.6271,2021-06-07
000300.SH,2021-06-08,5276.9711,5319.0406,5201.1404,5232.1165,2021-06-08
000300.SH,2021-06-09,5224.9496,5253.3555,5215.3506,5236.4493,2021-06-09
000300.SH,2021-06-10,5236.4691,5299.5299,5229.5182,5271.4661,2021-06-10
000300.SH,2021-06-11,5275.7456,5276.1039,5213.5991,5224.703,2021-06-11
000300.SH,2021-06-15,5218.5648,5225.5021,5137.409,5166.5597,2021-06-15
000300.SH,2021-06-16,5163.2493,5164.5192,5076.0222,5080.4909,2021-06-16
000300.SH,2021-06-17,5074.3839,5123.3651,5073.8211,5101.8924,2021-06-17
000300.SH,2021-06-18,5104.9297,5128.0309,5064.9208,5102.4657,2021-06-18
000300.SH,2021-06-21,5088.0893,5123.7827,5058.5699,5090.3854,2021-06-21
000300.SH,2021-06-22,5106.0743,5125.8186,5086.2776,5122.1583,2021-06-22
000300.SH,2021-06-23,5127.191,5171.033,5109.7571,5147.3938,2021-06-23
000300.SH,2021-06-24,5156.5638,5160.4346,5120.5844,5155.9738,2021-06-24
000300.SH,2021-06-25,5159.8017,5251.6076,5157.4758,5239.9684,2021-06-25
000300.SH,2021-06-28,5253.6081,5260.6372,5226.2201,5251.7604,2021-06-28
000300.SH,2021-06-29,5248.5249,5248.5249,5182.6771,5190.5445,2021-06-29
000300.SH,2021-06-30,5189.3797,5231.4262,5186.625,5224.041,2021-06-30
000300.SH,2021-07-01,5241.2039,5252.2642,5190.8762,5229.6642,2021-07-01
000300.SH,2021-07-02,5186.6613,5186.6613,5074.3621,5081.1172,2021-07-02
000300.SH,2021-07-05,5073.7787,5098.2305,5048.004,5085.7924,2021-07-05
000300.SH,2021-07-06,5089.778,5092.2066,5028.5058,5083.1043,2021-07-06
000300.SH,2021-07-07,5052.4204,5152.7711,5045.4056,5140.4899,2021-07-07
000300.SH,2021-07-08,5149.3095,5151.2171,5078.9295,5088.2566,2021-07-08
000300.SH,2021-07-09,5063.148,5081.4086,5006.4115,5069.4361,2021-07-09
000300.SH,2021-07-12,5108.3783,5159.4115,5070.3188,5132.7088,2021-07-12
000300.SH,2021-07-13,5128.6138,5154.0508,5114.943,5142.0991,2021-07-13
000300.SH,2021-07-14,5130.7522,5130.7522,5075.1252,5083.0849,2021-07-14
000300.SH,2021-07-15,5073.2634,5153.8056,5067.6767,5151.4626,2021-07-15
000300.SH,2021-07-16,5140.904,5140.904,5090.6321,5094.7727,2021-07-16
000300.SH,2021-07-19,5083.7276,5120.8235,5047.6234,5113.4945,2021-07-19
000300.SH,2021-07-20,5080.2158,5114.0033,5067.8619,5108.9941,2021-07-20
000300.SH,2021-07-21,5122.7843,5160.5447,5122.3046,5144.0428,2021-07-21
000300.SH,2021-07-22,5150.3859,5171.2096,5137.8795,5151.7517,2021-07-22
000300.SH,2021-07-23,5145.4308,5145.4308,5079.9973,5089.2282,2021-07-23
000300.SH,2021-07-26,5067.3072,5067.3072,4859.6031,4925.299,2021-07-26
000300.SH,2021-07-27,4924.2816,4940.86,4749.0327,4751.313,2021-07-27
000300.SH,2021-07-28,4714.2948,4785.6567,4663.9009,4760.4826,2021-07-28
000300.SH,2021-07-29,4845.7603,4857.9709,4800.0125,4850.2746,2021-07-29
000300.SH,2021-07-30,4825.7002,4825.7002,4761.0376,4811.1695,2021-07-30
000300.SH,2021-08-02,4794.8192,4938.8154,4761.4593,4933.736,2021-08-02
000300.SH,2021-08-03,4909.2325,4957.0291,4890.8495,4934.4583,2021-08-03
000300.SH,2021-08-04,4927.7358,4979.2911,4919.6569,4978.8479,2021-08-04
000300.SH,2021-08-05,4946.1668,4997.1397,4921.9382,4948.6703,2021-08-05
000300.SH,2021-08-06,4943.0427,4944.3486,4891.7968,4921.5647,2021-08-06
000300.SH,2021-08-09,4890.2573,5002.8944,4884.0392,4985.5627,2021-08-09
000300.SH,2021-08-10,4977.8164,5043.7608,4941.2399,5043.148,2021-08-10
000300.SH,2021-08-11,5037.0819,5059.7887,5009.9782,5015.3406,2021-08-11
000300.SH,2021-08-12,4998.0733,5016.2628,4962.985,4973.3509,2021-08-12
000300.SH,2021-08-13,4958.7577,4993.7432,4921.2812,4945.9829,2021-08-13
000300.SH,2021-08-16,4935.9229,4973.3761,4931.3691,4941.0676,2021-08-16
000300.SH,2021-08-17,4935.0044,4967.5648,4823.3923,4837.4034,2021-08-17
000300.SH,2021-08-18,4838.4706,4909.5409,4818.9013,4894.2384,2021-08-18
000300.SH,2021-08-19,4886.564,4893.467,4839.5681,4862.1394,2021-08-19
000300.SH,2021-08-20,4817.4937,4835.153,4720.8257,4769.2678,2021-08-20
000300.SH,2021-08-23,4777.7347,4843.8193,4764.0089,4835.8782,2021-08-23
000300.SH,2021-08-24,4844.5925,4906.2036,4842.7476,4888.3902,2021-08-24
000300.SH,2021-08-25,4890.5211,4899.7651,4865.7646,4898.1572,2021-08-25
000300.SH,2021-08-26,4892.2044,4892.2044,4798.6954,4801.6094,2021-08-26
000300.SH,2021-08-27,4794.974,4863.4692,4793.5908,4827.0433,2021-08-27
000300.SH,2021-08-30,4847.0348,4849.1598,4787.1999,4813.2703,2021-08-30
000300.SH,2021-08-31,4803.0854,4821.7564,4740.7524,4805.6099,2021-08-31
000300.SH,2021-09-01,4804.6863,4906.4024,4763.2992,4869.4587,2021-09-01
000300.SH,2021-09-02,4865.8218,4892.7049,4845.6246,4869.4113,2021-09-02
000300.SH,2021-09-03,4875.0656,4886.5477,4828.6991,4843.0624,2021-09-03
000300.SH,2021-09-06,4841.0623,4944.4497,4837.7859,4933.7262,2021-09-06
000300.SH,2021-09-07,4932.9759,5005.9606,4915.6119,4992.8294,2021-09-07
000300.SH,2021-09-08,4986.7953,5013.9764,4955.8876,4972.1324,2021-09-08
000300.SH,2021-09-09,4952.4924,4970.147,4929.9501,4970.0133,2021-09-09
000300.SH,2021-09-10,4967.9759,5042.7994,4962.3707,5013.5219,2021-09-10
000300.SH,2021-09-13,5006.7748,5029.7237,4964.9599,4991.6598,2021-09-13
000300.SH,2021-09-14,4989.8348,5000.9772,4907.3159,4917.1617,2021-09-14
000300.SH,2021-09-15,4903.8471,4903.8471,4843.1158,4867.3187,2021-09-15
000300.SH,2021-09-16,4866.7936,4879.5306,4806.1442,4807.6978,2021-09-16
000300.SH,2021-09-17,4797.1129,4857.958,4786.0876,4855.9402,2021-09-17
000300.SH,2021-09-22,4770.7323,4830.8496,4765.2301,4821.7675,2021-09-22
000300.SH,2021-09-23,4848.2223,4877.3359,4837.5571,4853.1957,2021-09-23
000300.SH,2021-09-24,4845.638,4897.0596,4838.5352,4849.4277,2021-09-24
000300.SH,2021-09-27,4870.8482,4922.5626,4852.1997,4877.3698,2021-09-27
000300.SH,2021-09-28,4869.0845,4901.3114,4846.6306,4883.828,2021-09-28
000300.SH,2021-09-29,4846.0212,4868.0678,4799.877,4833.9281,2021-09-29
000300.SH,2021-09-30,4843.9531,4876.0728,4843.9531,4866.3826,2021-09-30
000300.SH,2021-10-08,4915.7305,4937.0918,4891.6249,4929.9409,2021-10-08
000300.SH,2021-10-11,4941.2918,4983.7294,4930.7132,4936.1918,2021-10-11
000300.SH,2021-10-12,4920.6596,4925.4883,4840.77,4883.8369,2021-10-12
000300.SH,2021-10-13,4880.144,4953.3749,4869.8307,4940.1089,2021-10-13
000300.SH,2021-10-14,4934.2575,4953.9231,4903.2498,4913.6123,2021-10-14
000300.SH,2021-10-15,4896.5578,4939.8153,4881.0136,4932.1084,2021-10-15
000300.SH,2021-10-18,4922.5137,4922.5137,4844.9383,4874.7753,2021-10-18
000300.SH,2021-10-19,4869.3907,4928.1433,4868.8106,4922.7232,2021-10-19
000300.SH,2021-10-20,4926.7727,4944.0216,4898.3651,4910.1846,2021-10-20
000300.SH,2021-10-21,4914.7378,4946.1764,4893.8525,4928.0156,2021-10-21
000300.SH,2021-10-22,4934.8698,4989.887,4934.8698,4959.7254,2021-10-22
000300.SH,2021-10-25,4940.8962,4981.6499,4930.112,4979.5235,2021-10-25
000300.SH,2021-10-26,4983.2383,5002.5746,4953.4787,4963.0984,2021-10-26
000300.SH,2021-10-27,4949.2269,4949.2269,4884.9418,4898.1644,2021-10-27
000300.SH,2021-10-28,4882.5858,4898.6576,4846.2779,4864.138,2021-10-28
000300.SH,2021-10-29,4861.2667,4908.7701,4855.7593,4908.7701,2021-10-29
000300.SH,2021-11-01,4878.1276,4908.2056,4858.2485,4890.6851,2021-11-01
000300.SH,2021-11-02,4886.1849,4911.2266,4797.899,4839.8457,2021-11-02
000300.SH,2021-11-03,4835.8093,4858.7133,4804.3657,4821.1119,2021-11-03
000300.SH,2021-11-04,4841.0912,4873.9394,4834.7433,4868.7419,2021-11-04
000300.SH,2021-11-05,4858.8999,4889.6835,4841.7442,4842.3458,2021-11-05
000300.SH,2021-11-08,4841.1527,4866.0822,4827.6892,4848.1795,2021-11-08
000300.SH,2021-11-09,4858.2525,4870.7905,4818.5386,4846.7444,2021-11-09
000300.SH,2021-11-10,4832.8006,4832.8006,4753.9959,4821.1925,2021-11-10
000300.SH,2021-11-11,4814.7655,4898.6529,4809.1109,4898.6529,2021-11-11
000300.SH,2021-11-12,4902.9289,4909.0839,4875.3492,4888.3749,2021-11-12
000300.SH,2021-11-15,4894.4119,4906.3301,4863.396,4882.3777,2021-11-15
000300.SH,2021-11-16,4880.8964,4915.3717,4876.5004,4883.3206,2021-11-16
000300.SH,2021-11-17,4883.2481,4891.5232,4864.5198,4885.7544,2021-11-17
000300.SH,2021-11-18,4871.4216,4871.4216,4830.4123,4837.6185,2021-11-18
000300.SH,2021-11-19,4832.0595,4892.8093,4829.5665,4890.0575,2021-11-19
000300.SH,2021-11-22,4895.3875,4918.9957,4893.2732,4912.399,2021-11-22
000300.SH,2021-11-23,4905.7587,4927.5211,4896.8781,4913.3457,2021-11-23
000300.SH,2021-11-24,4914.0266,4935.4885,4899.6112,4916.6579,2021-11-24
000300.SH,2021-11-25,4917.6055,4921.3333,4891.728,4896.4416,2021-11-25
000300.SH,2021-11-26,4886.9516,4886.9516,4850.8114,4860.1265,2021-11-26
000300.SH,2021-11-29,4820.0053,4858.5322,4818.7058,4851.423,2021-11-29
000300.SH,2021-11-30,4857.183,4871.2528,4810.2192,4832.026,2021-11-30
000300.SH,2021-12-01,4831.8885,4844.5242,4823.9254,4843.851,2021-12-01
000300.SH,2021-12-02,4839.9137,4866.8505,4830.3228,4856.163,2021-12-02
000300.SH,2021-12-03,4856.9802,4901.0175,4853.3505,4901.0175,2021-12-03
000300.SH,2021-12-06,4909.4292,4943.9032,4888.6927,4892.6209,2021-12-06
000300.SH,2021-12-07,4930.8261,4934.0973,4895.2178,4922.1015,2021-12-07
000300.SH,2021-12-08,4934.4056,4995.9298,4915.7898,4995.9298,2021-12-08
000300.SH,2021-12-09,5000.6871,5114.5012,4999.4097,5078.6901,2021-12-09
000300.SH,2021-12-10,5046.2677,5060.0554,5035.8087,5055.1172,2021-12-10
000300.SH,2021-12-13,5090.0207,5143.841,5079.7276,5083.8007,2021-12-13
000300.SH,2021-12-14,5066.3497,5075.2138,5038.8583,5049.6953,2021-12-14
000300.SH,2021-12-15,5036.284,5060.368,5003.7776,5005.8991,2021-12-15
000300.SH,2021-12-16,5006.6105,5034.7321,4987.2247,5034.7321,2021-12-16
000300.SH,2021-12-17,5021.3385,5022.1067,4954.7592,4954.7599,2021-12-17
000300.SH,2021-12-20,4934.9662,4971.6727,4872.6846,4880.4178,2021-12-20
000300.SH,2021-12-21,4876.5141,4917.7994,4872.9491,4913.4853,2021-12-21
000300.SH,2021-12-22,4924.5771,4936.6731,4903.1652,4914.4544,2021-12-22
000300.SH,2021-12-23,4924.2912,4948.7389,4906.7473,4948.7389,2021-12-23
000300.SH,2021-12-24,4953.0616,4964.9064,4905.9785,4921.3449,2021-12-24
000300.SH,2021-12-27,4918.1462,4939.689,4894.1598,4919.3238,2021-12-27
000300.SH,2021-12-28,4923.6917,4959.1448,4913.5983,4955.9644,2021-12-28
000300.SH,2021-12-29,4958.6455,4958.6455,4883.4804,4883.4804,2021-12-29
000300.SH,2021-12-30,4882.1561,4940.178,4878.6478,4921.5109,2021-12-30
000300.SH,2021-12-31,4937.463,4950.3639,4923.1392,4940.3733,2021-12-31
000300.SH,2022-01-04,4957.9835,4961.4527,4874.5337,4917.7653,2022-01-04
000300.SH,2022-01-05,4907.9347,4916.2822,4851.9835,4868.1202,2022-01-05
000300.SH,2022-01-06,4842.156,4857.5596,4786.433,4818.2318,2022-01-06
000300.SH,2022-01-07,4824.3181,4856.6522,4818.1931,4822.3689,2022-01-07
000300.SH,2022-01-10,4812.23,4844.3928,4780.8191,4844.0451,2022-01-10
000300.SH,2022-01-11,4840.0087,4850.879,4791.8854,4797.7735,2022-01-11
000300.SH,2022-01-12,4818.8902,4852.7314,4810.919,4845.5787,2022-01-12
000300.SH,2022-01-13,4853.0314,4853.0632,4765.2416,4765.9191,2022-01-13
000300.SH,2022-01-14,4743.9124,4764.0522,4723.9428,4726.7317,2022-01-14
000300.SH,2022-01-17,4728.7595,4775.2385,4726.7083,4767.2762,2022-01-17
000300.SH,2022-01-18,4766.7811,4826.3003,4747.92,4813.3472,2022-01-18
000300.SH,2022-01-19,4815.8106,4828.7522,4755.9301,4780.3784,2022-01-19
000300.SH,2022-01-20,4778.2616,4845.0048,4777.5683,4823.5091,2022-01-20
000300.SH,2022-01-21,4808.7733,4818.3052,4762.5641,4779.3142,2022-01-21
000300.SH,2022-01-24,4753.9413,4801.0976,4746.4479,4786.7377,2022-01-24
000300.SH,2022-01-25,4761.95,4781.3908,4678.2472,4678.4511,2022-01-25
000300.SH,2022-01-26,4697.0991,4718.9946,4648.1283,4712.3109,2022-01-26
000300.SH,2022-01-27,4708.0989,4708.4364,4616.0273,4619.8765,2022-01-27
000300.SH,2022-01-28,4641.8137,4660.519,4559.8331,4563.772,2022-01-28
000300.SH,2022-02-07,4638.5754,4672.6535,4615.0052,4634.0899,2022-02-07
000300.SH,2022-02-08,4626.4365,4626.4365,4522.4709,4608.7729,2022-02-08
000300.SH,2022-02-09,4608.1491,4659.4611,4595.2826,4652.0609,2022-02-09
000300.SH,2022-02-10,4657.2107,4657.2107,4608.0905,4639.8625,2022-02-10
000300.SH,2022-02-11,4617.8741,4662.5963,4595.8751,4601.3953,2022-02-11
000300.SH,2022-02-14,4579.4202,4593.6324,4530.0566,4551.6878,2022-02-14
000300.SH,2022-02-15,4553.8112,4601.453,4550.543,4600.1025,2022-02-15
000300.SH,2022-02-16,4619.8458,4643.1003,4607.2178,4617.9893,2022-02-16
000300.SH,2022-02-17,4616.8955,4650.1591,4606.9522,4629.1649,2022-02-17
000300.SH,2022-02-18,4604.5669,4651.3415,4598.1003,4651.2358,2022-02-18
000300.SH,2022-02-21,4646.0522,4646.6724,4613.2971,4634.3141,2022-02-21
000300.SH,2022-02-22,4601.9184,4602.066,4550.804,4574.1527,2022-02-22
000300.SH,2022-02-23,4582.0064,4625.2979,4579.2945,4623.0465,2022-02-23
000300.SH,2022-02-24,4592.069,4610.8792,4488.4763,4529.3189,2022-02-24
000300.SH,2022-02-25,4564.6321,4611.8602,4561.8964,4573.4247,2022-02-25
000300.SH,2022-02-28,4563.7427,4581.6459,4530.6764,4581.6459,2022-02-28
000300.SH,2022-03-01,4597.855,4623.4312,4583.917,4619.6862,2022-03-01
000300.SH,2022-03-02,4594.017,4594.017,4558.4416,4578.6007,2022-03-02
000300.SH,2022-03-03,4595.0249,4599.3973,4544.4313,4551.6283,2022-03-03
000300.SH,2022-03-04,4513.3636,4539.3925,4481.4927,4496.4301,2022-03-04
000300.SH,2022-03-07,4462.5174,4462.5174,4338.3042,4352.7775,2022-03-07
000300.SH,2022-03-08,4361.6424,4383.6467,4252.5386,4265.391,2022-03-08
000300.SH,2022-03-09,4280.9789,4304.482,4068.193,4226.3463,2022-03-09
000300.SH,2022-03-10,4326.2035,4335.6731,4288.5078,4292.8374,2022-03-10
000300.SH,2022-03-11,4231.1961,4316.044,4176.4522,4306.5217,2022-03-11
000300.SH,2022-03-14,4248.1526,4280.3609,4174.7577,4174.7577,2022-03-14
000300.SH,2022-03-15,4125.4866,4163.4176,3983.812,3983.812,2022-03-15
000300.SH,2022-03-16,4053.099,4168.5853,3942.861,4156.081,2022-03-16
000300.SH,2022-03-17,4237.6722,4302.7426,4217.8038,4237.6956,2022-03-17
000300.SH,2022-03-18,4218.4736,4283.3679,4194.9402,4265.9017,2022-03-18
000300.SH,2022-03-21,4280.1397,4287.8166,4223.024,4258.7459,2022-03-21
000300.SH,2022-03-22,4252.5658,4283.3344,4236.6888,4255.295,2022-03-22
000300.SH,2022-03-23,4269.6088,4287.5771,4241.957,4276.5174,2022-03-23
000300.SH,2022-03-24,4249.5328,4273.9568,4216.8506,4251.3061,2022-03-24
000300.SH,2022-03-25,4249.0731,4254.8449,4173.93,4174.5742,2022-03-25
000300.SH,2022-03-28,4128.8379,4174.1206,4091.2978,4148.4663,2022-03-28
000300.SH,2022-03-29,4155.4182,4177.2134,4124.7179,4134.1441,2022-03-29
000300.SH,2022-03-30,4162.1666,4254.0989,4160.7351,4254.0989,2022-03-30
000300.SH,2022-03-31,4234.7159,4247.3602,4214.5352,4222.5968,2022-03-31
000300.SH,2022-04-01,4198.8191,4290.671,4190.0835,4276.158,2022-04-01
000300.SH,2022-04-06,4258.8325,4277.5238,4236.7283,4263.8411,2022-04-06
000300.SH,2022-04-07,4240.0237,4278.1127,4205.743,4209.0998,2022-04-07
000300.SH,2022-04-08,4213.2107,4237.8126,4175.5287,4230.7669,2022-04-08
000300.SH,2022-04-11,4203.7902,4203.7902,4089.0934,4100.0703,2022-04-11
000300.SH,2022-04-12,4102.9711,4179.9727,4075.796,4179.9727,2022-04-12
000300.SH,2022-04-13,4154.4121,4194.0374,4139.737,4139.737,2022-04-13
000300.SH,2022-04-14,4172.6443,4217.0612,4155.5509,4191.5684,2022-04-14
000300.SH,2022-04-15,4162.3718,4211.3174,4152.974,4188.7472,2022-04-15
000300.SH,2022-04-18,4152.9306,4171.7427,4119.9941,4166.3844,2022-04-18
000300.SH,2022-04-19,4161.9328,4186.9389,4115.4184,4134.9017,2022-04-19
000300.SH,2022-04-20,4130.5427,4136.1661,4060.5044,4070.7889,2022-04-20
000300.SH,2022-04-21,4048.7338,4086.4393,3978.3669,3995.83,2022-04-21
000300.SH,2022-04-22,3967.2016,4037.084,3953.7217,4013.2498,2022-04-22
000300.SH,2022-04-25,3933.4459,3958.2102,3814.9127,3814.9127,2022-04-25
000300.SH,2022-04-26,3822.4887,3871.8498,3773.8986,3784.1198,2022-04-26
000300.SH,2022-04-27,3758.0835,3895.731,3757.0859,3895.5361,2022-04-27
000300.SH,2022-04-28,3883.4196,3943.4349,3873.5781,3921.1073,2022-04-28
000300.SH,2022-04-29,3939.6238,4017.4281,3898.5701,4016.241,2022-04-29
000300.SH,2022-05-05,3995.3533,4039.7,3988.9312,4010.2102,2022-05-05
000300.SH,2022-05-06,3928.8548,3947.2378,3902.051,3908.815,2022-05-06
000300.SH,2022-05-09,3883.9514,3914.1116,3854.9353,3877.4364,2022-05-09
000300.SH,2022-05-10,3820.6278,3932.6823,3808.5699,3919.8684,2022-05-10
000300.SH,2022-05-11,3917.9322,4033.3026,3916.5249,3976.4231,2022-05-11
000300.SH,2022-05-12,3949.949,3985.9268,3935.5886,3958.74,2022-05-12
000300.SH,2022-05-13,3983.8201,4003.8539,3957.1392,3988.6002,2022-05-13
000300.SH,2022-05-16,4014.9955,4018.0283,3947.7461,3956.5378,2022-05-16
000300.SH,2022-05-17,3961.7605,4005.8934,3955.1018,4005.8934,2022-05-17
000300.SH,2022-05-18,4015.0134,4017.341,3964.7503,3991.9069,2022-05-18
000300.SH,2022-05-19,3938.2964,3999.5984,3933.7452,3999.5984,2022-05-19
000300.SH,2022-05-20,4020.8162,4077.6016,4020.8162,4077.5998,2022-05-20
000300.SH,2022-05-23,4080.9694,4080.9694,4029.0846,4053.9823,2022-05-23
000300.SH,2022-05-24,4052.8675,4055.783,3959.1541,3959.1541,2022-05-24
000300.SH,2022-05-25,3959.7672,3983.6236,3946.8083,3983.1784,2022-05-25
000300.SH,2022-05-26,3987.6815,4015.7468,3938.2389,3993.0446,2022-05-26
000300.SH,2022-05-27,4022.7095,4051.1428,3983.3838,4001.2988,2022-05-27
000300.SH,2022-05-30,4020.8584,4040.819,4003.3768,4029.0179,2022-05-30
000300.SH,2022-05-31,4031.7621,4096.1971,4020.3781,4091.5176,2022-05-31
000300.SH,2022-06-01,4086.6177,4094.9008,4058.8468,4083.1772,2022-06-01
000300.SH,2022-06-02,4063.9996,4091.152,4057.9135,4089.5682,2022-06-02
000300.SH,2022-06-06,4090.5286,4166.6151,4063.9057,4166.085,2022-06-06
000300.SH,2022-06-07,4165.6899,4198.0863,4155.1683,4179.1285,2022-06-07
000300.SH,2022-06-08,4187.1483,4224.8096,4158.0329,4219.8122,2022-06-08
000300.SH,2022-06-09,4211.7225,4227.4484,4160.8814,4175.6747,2022-06-09
000300.SH,2022-06-10,4145.6505,4241.3541,4140.2203,4238.9936,2022-06-10
000300.SH,2022-06-13,4194.4574,4218.2327,4156.7146,4189.3527,2022-06-13
000300.SH,2022-06-14,4143.2232,4224.0857,4102.929,4222.3114,2022-06-14
000300.SH,2022-06-15,4228.2926,4348.4226,4228.2926,4278.2178,2022-06-15
000300.SH,2022-06-16,4282.0827,4302.9212,4241.075,4250.0614,2022-06-16
000300.SH,2022-06-17,4219.2339,4318.7655,4218.6817,4309.0444,2022-06-17
000300.SH,2022-06-20,4322.8324,4368.3555,4297.8912,4330.4328,2022-06-20
000300.SH,2022-06-21,4327.9159,4357.3396,4287.1406,4325.5657,2022-06-21
000300.SH,2022-06-22,4331.902,4333.1827,4269.2456,4270.6227,2022-06-22
000300.SH,2022-06-23,4277.9555,4343.8781,4260.9002,4343.8781,2022-06-23
000300.SH,2022-06-24,4354.553,4400.6852,4346.1221,4394.7723,2022-06-24
000300.SH,2022-06-27,4414.3321,4472.6948,4414.3321,4444.2639,2022-06-27
000300.SH,2022-06-28,4442.5811,4497.8949,4407.3519,4490.5166,2022-06-28
000300.SH,2022-06-29,4472.7346,4503.1307,4413.9961,4421.357,2022-06-29
000300.SH,2022-06-30,4418.0656,4514.9968,4418.0656,4485.0108,2022-06-30
000300.SH,2022-07-01,4489.5204,4500.9853,4449.2914,4466.7179,2022-07-01
000300.SH,2022-07-04,4447.2159,4496.0338,4427.8232,4496.0303,2022-07-04
000300.SH,2022-07-05,4505.4572,4530.3245,4439.4511,4489.5383,2022-07-05
000300.SH,2022-07-06,4475.4815,4484.3615,4393.4165,4423.9698,2022-07-06
000300.SH,2022-07-07,4425.2814,4457.3431,4391.1938,4443.4736,2022-07-07
000300.SH,2022-07-08,4468.0627,4479.4937,4426.8856,4428.781,2022-07-08
000300.SH,2022-07-11,4406.1476,4406.1476,4330.5819,4354.6167,2022-07-11
000300.SH,2022-07-12,4352.6456,4370.3411,4296.6215,4313.6184,2022-07-12
000300.SH,2022-07-13,4313.3589,4341.4663,4284.9419,4321.4617,2022-07-13
000300.SH,2022-07-14,4308.8229,4352.0978,4292.7595,4322.0742,2022-07-14
000300.SH,2022-07-15,4299.4714,4344.8572,4248.5273,4248.5273,2022-07-15
000300.SH,2022-07-18,4262.1539,4300.7777,4217.5064,4292.5858,2022-07-18
000300.SH,2022-07-19,4288.4441,4288.4441,4238.8238,4269.3401,2022-07-19
000300.SH,2022-07-20,4291.2808,4303.3668,4269.9717,4283.8027,2022-07-20
000300.SH,2022-07-21,4270.3624,4283.1471,4236.0499,4236.0578,2022-07-21
000300.SH,2022-07-22,4251.7867,4275.4696,4207.3135,4238.2341,2022-07-22
000300.SH,2022-07-25,4233.9277,4234.8448,4201.919,4212.6441,2022-07-25
000300.SH,2022-07-26,4220.0911,4259.9854,4214.5343,4245.9758,2022-07-26
000300.SH,2022-07-27,4236.154,4242.0951,4217.2809,4225.0357,2022-07-27
000300.SH,2022-07-28,4242.2743,4267.9181,4223.029,4225.6733,2022-07-28
000300.SH,2022-07-29,4226.4245,4243.5143,4160.8735,4170.1019,2022-07-29
000300.SH,2022-08-01,4160.6478,4196.5743,4129.4528,4188.6784,2022-08-01
000300.SH,2022-08-02,4144.3765,4144.3765,4071.431,4107.024,2022-08-02
000300.SH,2022-08-03,4114.8251,4150.9804,4058.1792,4066.9754,2022-08-03
000300.SH,2022-08-04,4089.4419,4108.1591,4064.6594,4101.5367,2022-08-04
000300.SH,2022-08-05,4109.6287,4159.485,4097.8625,4156.9111,2022-08-05
000300.SH,2022-08-08,4142.1111,4155.7301,4135.0809,4148.0746,2022-08-08
000300.SH,2022-08-09,4143.666,4161.8086,4131.4252,4156.2907,2022-08-09
000300.SH,2022-08-10,4149.2071,4160.7871,4092.5455,4109.7373,2022-08-10
000300.SH,2022-08-11,4130.741,4193.8115,4116.0558,4193.5428,2022-08-11
000300.SH,2022-08-12,4185.4203,4202.4663,4175.0501,4191.152,2022-08-12
000300.SH,2022-08-15,4180.0006,4219.9183,4174.3,4185.6794,2022-08-15
000300.SH,2022-08-16,4190.5269,4208.8006,4170.5197,4177.837,2022-08-16
000300.SH,2022-08-17,4182.5668,4222.7866,4155.1734,4216.9586,2022-08-17
000300.SH,2022-08-18,4205.7851,4211.9141,4173.541,4180.0996,2022-08-18
000300.SH,2022-08-19,4174.5458,4185.6579,4151.0738,4151.0738,2022-08-19
000300.SH,2022-08-22,4135.1623,4183.6498,4134.2008,4181.3965,2022-08-22
000300.SH,2022-08-23,4175.5314,4187.3875,4147.4127,4161.0823,2022-08-23
000300.SH,2022-08-24,4168.5764,4174.1565,4079.0934,4082.4195,2022-08-24
000300.SH,2022-08-25,4093.2949,4119.6196,4058.7454,4116.2396,2022-08-25
000300.SH,2022-08-26,4127.8142,4139.7879,4102.6818,4107.5455,2022-08-26
000300.SH,2022-08-29,4063.8825,4092.9474,4059.5963,4089.5205,2022-08-29
000300.SH,2022-08-30,4088.5262,4093.1356,4048.5244,4075.7937,2022-08-30
000300.SH,2022-08-31,4057.1443,4112.8485,4046.6225,4078.8402,2022-08-31
000300.SH,2022-09-01,4066.1869,4090.8852,4041.1281,4043.7395,2022-09-01
000300.SH,2022-09-02,4054.8423,4056.1805,4004.911,4023.6131,2022-09-02
000300.SH,2022-09-05,4010.4052,4016.9986,3982.7395,4015.4264,2022-09-05
000300.SH,2022-09-06,4024.4726,4054.004,4009.5826,4052.2802,2022-09-06
000300.SH,2022-09-07,4032.7231,4067.5437,4028.374,4054.983,2022-09-07
000300.SH,2022-09-08,4059.1689,4067.758,4036.0226,4037.6839,2022-09-08
000300.SH,2022-09-09,4050.5853,4099.0081,4042.2498,4093.7874,2022-09-09
000300.SH,2022-09-13,4112.0123,4128.1113,4097.1408,4111.1145,2022-09-13
000300.SH,2022-09-14,4058.0441,4089.0583,4047.9187,4065.359,2022-09-14
000300.SH,2022-09-15,4078.6495,4088.8078,3998.8564,4027.1186,2022-09-15
000300.SH,2022-09-16,4013.5829,4019.4104,3932.6826,3932.6826,2022-09-16
000300.SH,2022-09-19,3928.4239,3953.6494,3910.3106,3928.0001,2022-09-19
000300.SH,2022-09-20,3945.6467,3957.5538,3921.6884,3932.8361,2022-09-20
000300.SH,2022-09-21,3921.3177,3924.3914,3884.2268,3903.7348,2022-09-21
000300.SH,2022-09-22,3875.1771,3900.2736,3860.2308,3869.344,2022-09-22
000300.SH,2022-09-23,3865.1049,3888.3958,3829.6913,3856.0212,2022-09-23
000300.SH,2022-09-26,3829.5958,3893.3186,3827.9498,3836.6773,2022-09-26
000300.SH,2022-09-27,3844.0692,3893.0283,3827.9265,3892.295,2022-09-27
000300.SH,2022-09-28,3879.4398,3879.4398,3828.0545,3828.7098,2022-09-28
000300.SH,2022-09-29,3864.316,3873.1823,3808.6496,3827.1434,2022-09-29
000300.SH,2022-09-30,3833.3504,3848.6018,3801.2798,3804.8853,2022-09-30
000300.SH,2022-10-10,3806.5596,3807.4574,3715.7142,3720.9365,2022-10-10
000300.SH,2022-10-11,3732.0191,3739.8084,3706.0629,3727.6867,2022-10-11
000300.SH,2022-10-12,3722.8659,3784.3064,3661.5255,3784.3064,2022-10-12
000300.SH,2022-10-13,3756.4176,3783.596,3749.6393,3752.6729,2022-10-13
000300.SH,2022-10-14,3783.316,3863.2265,3780.8415,3842.4698,2022-10-14
000300.SH,2022-10-17,3822.2428,3849.6207,3809.1196,3846.4119,2022-10-17
000300.SH,2022-10-18,3865.8258,3870.2155,3831.1723,3838.2667,2022-10-18
000300.SH,2022-10-19,3827.4658,3840.487,3776.5335,3776.5335,2022-10-19
000300.SH,2022-10-20,3746.5793,3804.2468,3726.7925,3754.9269,2022-10-20
000300.SH,2022-10-21,3753.8903,3768.6895,3724.69,3742.8929,2022-10-21
000300.SH,2022-10-24,3727.915,3762.158,3619.9876,3633.3733,2022-10-24
000300.SH,2022-10-25,3621.9356,3670.7327,3594.7011,3627.4542,2022-10-25
000300.SH,2022-10-26,3633.3107,3700.8797,3633.3107,3656.9027,2022-10-26
000300.SH,2022-10-27,3667.6645,3685.0837,3631.0639,3631.1448,2022-10-27
000300.SH,2022-10-28,3605.1598,3618.864,3533.4993,3541.3295,2022-10-28
000300.SH,2022-10-31,3504.507,3553.3871,3495.9509,3508.7034,2022-10-31
000300.SH,2022-11-01,3519.8174,3634.1732,3517.6209,3634.1732,2022-11-01
000300.SH,2022-11-02,3620.3693,3703.465,3610.8029,3677.8051,2022-11-02
000300.SH,2022-11-03,3645.0604,3670.1574,3628.4987,3647.8966,2022-11-03
000300.SH,2022-11-04,3646.7709,3782.8823,3646.7709,3767.1746,2022-11-04
000300.SH,2022-11-07,3754.5227,3792.7942,3746.3715,3775.2971,2022-11-07
000300.SH,2022-11-08,3773.6612,3779.1156,3723.3415,3749.3251,2022-11-08
000300.SH,2022-11-09,3750.7821,3760.4068,3711.268,3714.2704,2022-11-09
000300.SH,2022-11-10,3685.8274,3701.5306,3665.0585,3685.6885,2022-11-10
000300.SH,2022-11-11,3787.7568,3828.9004,3747.0902,3788.4387,2022-11-11
000300.SH,2022-11-14,3818.1447,3848.4116,3781.7778,3794.0171,2022-11-14
000300.SH,2022-11-15,3788.926,3871.6424,3775.4988,3865.9726,2022-11-15
000300.SH,2022-11-16,3860.811,3877.6781,3829.3126,3834.3899,2022-11-16
000300.SH,2022-11-17,3821.2709,3821.7419,3776.5739,3818.664,2022-11-17
000300.SH,2022-11-18,3823.8207,3840.3018,3801.5686,3801.5686,2022-11-18
000300.SH,2022-11-21,3769.627,3769.8731,3733.9954,3769.1269,2022-11-21
000300.SH,2022-11-22,3766.0817,3809.8582,3751.0448,3769.5727,2022-11-22
000300.SH,2022-11-23,3760.2157,3791.1782,3753.2136,3773.5287,2022-11-23
000300.SH,2022-11-24,3791.5399,3804.8987,3751.3818,3756.8082,2022-11-24
000300.SH,2022-11-25,3751.2822,3790.566,3743.4138,3775.7764,2022-11-25
000300.SH,2022-11-28,3701.902,3736.0813,3672.1306,3733.2424,2022-11-28
000300.SH,2022-11-29,3766.5702,3854.7742,3766.5702,3848.4224,2022-11-29
000300.SH,2022-11-30,3836.5598,3867.6591,3833.8272,3853.0365,2022-11-30
000300.SH,2022-12-01,3921.2954,3944.5645,3893.8718,3894.7687,2022-12-01
000300.SH,2022-12-02,3886.4034,3898.1146,3865.8844,3870.9478,2022-12-02
000300.SH,2022-12-05,3907.6375,3947.476,3900.6742,3946.8759,2022-12-05
000300.SH,2022-12-06,3929.0063,3988.9007,3922.9969,3968.1979,2022-12-06
000300.SH,2022-12-07,3956.6722,3999.5864,3944.1831,3958.4409,2022-12-07
000300.SH,2022-12-08,3953.199,3971.4927,3941.2966,3959.1798,2022-12-08
000300.SH,2022-12-09,3961.9919,4003.3178,3944.4396,3998.2442,2022-12-09
000300.SH,2022-12-12,3976.1722,3983.4332,3950.3203,3953.4433,2022-12-12
000300.SH,2022-12-13,3953.5482,3964.3957,3939.9795,3945.6813,2022-12-13
000300.SH,2022-12-14,3952.7885,3972.7381,3935.7668,3954.8857,2022-12-14
000300.SH,2022-12-15,3954.672,3963.5002,3926.4997,3951.9885,2022-12-15
000300.SH,2022-12-16,3931.2318,3960.4705,3929.4873,3954.227,2022-12-16
000300.SH,2022-12-19,3952.7707,3966.5679,3878.4367,3893.2207,2022-12-19
000300.SH,2022-12-20,3881.2257,3881.2729,3811.4759,3829.0173,2022-12-20
000300.SH,2022-12-21,3839.0009,3853.7272,3821.4037,3830.5384,2022-12-21
000300.SH,2022-12-22,3859.2041,3882.1263,3821.3418,3836.028,2022-12-22
000300.SH,2022-12-23,3811.6164,3848.3436,3805.9487,3828.2188,2022-12-23
000300.SH,2022-12-26,3830.5682,3856.8066,3827.5186,3843.4887,2022-12-26
000300.SH,2022-12-27,3860.9054,3891.8497,3856.58,3887.854,2022-12-27
000300.SH,2022-12-28,3874.9132,3884.7205,3854.9406,3871.2644,2022-12-28
000300.SH,2022-12-29,3854.2363,3868.2933,3838.4803,3856.7007,2022-12-29
000300.SH,2022-12-30,3873.9358,3887.5527,3868.7569,3871.6338,2022-12-30
000300.SH,2023-01-03,3864.8356,3893.9904,3831.245,3887.8992,2023-01-03
000300.SH,2023-01-04,3886.2504,3905.9032,3873.6549,3892.9477,2023-01-04
000300.SH,2023-01-05,3913.4928,3974.875,3912.26,3968.5782,2023-01-05
000300.SH,2023-01-06,3969.5493,4000.4143,3966.4696,3980.8888,2023-01-06
000300.SH,2023-01-09,3998.5278,4023.0898,3990.7073,4013.1196,2023-01-09
000300.SH,2023-01-10,4014.7125,4030.4574,4002.2297,4017.4737,2023-01-10
000300.SH,2023-01-11,4019.8844,4043.3991,4008.0153,4010.0309,2023-01-11
000300.SH,2023-01-12,4021.7547,4030.2876,4003.5079,4017.8692,2023-01-12
000300.SH,2023-01-13,4032.2906,4074.3772,4027.8864,4074.3772,2023-01-13
000300.SH,2023-01-16,4077.8793,4177.1035,4076.6394,4137.9643,2023-01-16
000300.SH,2023-01-17,4138.8433,4148.5838,4118.157,4137.2422,2023-01-17
000300.SH,2023-01-18,4140.1019,4151.4577,4125.7687,4130.3143,2023-01-18
000300.SH,2023-01-19,4125.5772,4156.0077,4105.9797,4156.0077,2023-01-19
000300.SH,2023-01-20,4166.8444,4189.831,4161.6698,4181.5267,2023-01-20
000300.SH,2023-01-30,4267.6248,4268.1522,4197.8596,4201.345,2023-01-30
000300.SH,2023-01-31,4200.5813,4212.7347,4153.0484,4156.8578,2023-01-31
000300.SH,2023-02-01,4170.1322,4195.9332,4137.7659,4195.9332,2023-02-01
000300.SH,2023-02-02,4207.4123,4207.4123,4170.5565,4181.1493,2023-02-02
000300.SH,2023-02-03,4162.0258,4162.0258,4103.1654,4141.6319,2023-02-03
000300.SH,2023-02-06,4103.8307,4105.9445,4065.2224,4086.8779,2023-02-06
000300.SH,2023-02-07,4098.3117,4107.3438,4077.9623,4094.2335,2023-02-07
000300.SH,2023-02-08,4099.8573,4111.4745,4072.6474,4076.1411,2023-02-08
000300.SH,2023-02-09,4067.5631,4130.8565,4064.7489,4130.8565,2023-02-09
000300.SH,2023-02-10,4124.0986,4125.2893,4092.3472,4106.3097,2023-02-10
000300.SH,2023-02-13,4098.8795,4146.45,4092.2729,4143.574,2023-02-13
000300.SH,2023-02-14,4151.247,4152.0487,4125.2583,4145.2902,2023-02-14
000300.SH,2023-02-15,4146.8547,4153.7159,4115.9671,4123.6893,2023-02-15
000300.SH,2023-02-16,4125.4087,4167.9003,4068.8591,4093.4876,2023-02-16
000300.SH,2023-02-17,4086.2237,4104.6398,4032.9285,4034.507,2023-02-17
000300.SH,2023-02-20,4039.9623,4134.8623,4035.4762,4133.4896,2023-02-20
000300.SH,2023-02-21,4130.0632,4151.7994,4116.2716,4144.3536,2023-02-21
000300.SH,2023-02-22,4118.9669,4134.8759,4101.8596,4106.9506,2023-02-22
000300.SH,2023-02-23,4106.2136,4132.3896,4088.2073,4103.6463,2023-02-23
000300.SH,2023-02-24,4100.9897,4102.6094,4048.2374,4061.0457,2023-02-24
000300.SH,2023-02-27,4040.4571,4067.0296,4034.5237,4043.8444,2023-02-27
000300.SH,2023-02-28,4058.1298,4074.2639,4026.4476,4069.4587,2023-02-28
000300.SH,2023-03-01,4068.7331,4135.4812,4061.2167,4126.9415,2023-03-01
000300.SH,2023-03-02,4119.9919,4137.2525,4113.8264,4117.7377,2023-03-02
000300.SH,2023-03-03,4126.0183,4135.2116,4100.3827,4130.5513,2023-03-03
000300.SH,2023-03-06,4131.1525,4132.8367,4088.4484,4109.0102,2023-03-06
000300.SH,2023-03-07,4103.6419,4124.9609,4046.5679,4048.8519,2023-03-07
000300.SH,2023-03-08,4030.7387,4037.287,4011.5231,4034.1077,2023-03-08
000300.SH,2023-03-09,4035.8433,4043.8493,4000.8901,4019.8505,2023-03-09
000300.SH,2023-03-10,3991.7959,4004.3612,3966.428,3967.1352,2023-03-10
000300.SH,2023-03-13,3962.6426,4008.686,3962.6426,4008.686,2023-03-13
000300.SH,2023-03-14,3999.8803,4001.9415,3946.9405,3984.6956,2023-03-14
000300.SH,2023-03-15,4011.8444,4018.7495,3986.902,3986.902,2023-03-15
000300.SH,2023-03-16,3958.1962,3981.321,3936.4758,3939.1505,2023-03-16
000300.SH,2023-03-17,3971.1585,4004.2153,3945.2501,3958.8194,2023-03-17
000300.SH,2023-03-20,3962.6625,3979.5485,3935.0161,3939.077,2023-03-20
000300.SH,2023-03-21,3948.1573,3982.7047,3948.1573,3982.3782,2023-03-21
000300.SH,2023-03-22,3993.7849,4016.4495,3986.7093,3999.4427,2023-03-22
000300.SH,2023-03-23,3985.9928,4039.0895,3983.9986,4039.0895,2023-03-23
000300.SH,2023-03-24,4035.1564,4037.8417,4017.0028,4027.0457,2023-03-24
000300.SH,2023-03-27,4023.3028,4023.3028,3987.0297,4012.4771,2023-03-27
000300.SH,2023-03-28,4015.6973,4023.7834,3994.5999,3999.5147,2023-03-28
000300.SH,2023-03-29,4013.5926,4017.7572,3992.6662,4006.144,2023-03-29
000300.SH,2023-03-30,4009.5573,4040.5023,3983.8958,4038.5257,2023-03-30
000300.SH,2023-03-31,4045.4538,4063.5675,4039.9587,4050.9257,2023-03-31
000300.SH,2023-04-03,4059.6227,4094.9376,4059.0607,4090.5676,2023-04-03
000300.SH,2023-04-04,4089.2932,4103.1583,4080.0682,4103.1052,2023-04-04
000300.SH,2023-04-06,4084.132,4098.8332,4078.4048,4096.64,2023-04-06
000300.SH,2023-04-07,4096.9009,4131.3126,4092.1848,4123.2799,2023-04-07
000300.SH,2023-04-10,4132.0096,4132.2952,4099.0519,4104.8118,2023-04-10
000300.SH,2023-04-11,4108.5062,4116.1247,4083.4946,4100.1479,2023-04-11
000300.SH,2023-04-12,4102.3968,4108.2451,4090.2784,4097.2876,2023-04-12
000300.SH,2023-04-13,4081.3871,4088.8809,4059.5744,4068.9786,2023-04-13
000300.SH,2023-04-14,4078.9703,4098.2151,4075.2049,4091.9988,2023-04-14
000300.SH,2023-04-17,4090.0719,4149.3836,4089.509,4149.3836,2023-04-17
000300.SH,2023-04-18,4139.3088,4169.6678,4138.4618,4162.032,2023-04-18
000300.SH,2023-04-19,4159.3938,4159.3938,4118.6261,4124.5589,2023-04-19
000300.SH,2023-04-20,4122.9461,4125.8231,4094.0022,4113.0192,2023-04-20
000300.SH,2023-04-21,4114.2642,4114.2642,4031.9123,4032.5672,2023-04-21
000300.SH,2023-04-24,4031.303,4033.6367,3967.907,3982.6429,2023-04-24
000300.SH,2023-04-25,3985.1055,3991.6868,3925.436,3962.6658,2023-04-25
000300.SH,2023-04-26,3950.2553,3975.6562,3934.6625,3959.2323,2023-04-26
000300.SH,2023-04-27,3948.0313,3999.1302,3942.8152,3988.4185,2023-04-27
000300.SH,2023-04-28,3993.2561,4030.4469,3993.2561,4029.0858,2023-04-28
000300.SH,2023-05-04,4013.4713,4035.7832,4001.1259,4030.2471,2023-05-04
000300.SH,2023-05-05,4031.0946,4047.6015,3998.392,4016.8774,2023-05-05
000300.SH,2023-05-08,4028.1056,4070.7724,4018.9608,4062.6624,2023-05-08
000300.SH,2023-05-09,4065.439,4092.8501,4026.3886,4027.8754,2023-05-09
000300.SH,2023-05-10,4017.9358,4019.0587,3984.6287,3996.8695,2023-05-10
000300.SH,2023-05-11,4005.7823,4018.0579,3988.4816,3990.6637,2023-05-11
000300.SH,2023-05-12,3987.769,3999.3831,3937.5274,3937.7622,2023-05-12
000300.SH,2023-05-15,3938.83,3998.8872,3923.0317,3998.8872,2023-05-15
000300.SH,2023-05-16,4002.5237,4005.015,3966.9921,3978.2054,2023-05-16
000300.SH,2023-05-17,3971.7017,3982.6044,3945.7137,3960.165,2023-05-17
000300.SH,2023-05-18,3965.5162,3982.7178,3939.5526,3956.0701,2023-05-18
000300.SH,2023-05-19,3946.2215,3967.2816,3928.316,3944.5403,2023-05-19
000300.SH,2023-05-22,3941.0015,3985.4031,3935.8015,3969.3277,2023-05-22
000300.SH,2023-05-23,3968.2346,3971.939,3913.1882,3913.1882,2023-05-23
000300.SH,2023-05-24,3903.7818,3903.7818,3859.0935,3859.0935,2023-05-24
000300.SH,2023-05-25,3851.4053,3861.3815,3817.8365,3850.4996,2023-05-25
000300.SH,2023-05-26,3848.4174,3859.6291,3815.5701,3850.9511,2023-05-26
000300.SH,2023-05-29,3862.0838,3866.7238,3819.1822,3833.9416,2023-05-29
000300.SH,2023-05-30,3827.7924,3844.0052,3789.2736,3837.7531,2023-05-30
000300.SH,2023-05-31,3827.1634,3827.1634,3781.4034,3798.5434,2023-05-31
000300.SH,2023-06-01,3788.5902,3832.2051,3786.7344,3806.8679,2023-06-01
000300.SH,2023-06-02,3821.6198,3865.2843,3821.6198,3861.8337,2023-06-02
000300.SH,2023-06-05,3860.5557,3860.5557,3832.4578,3844.2492,2023-06-05
000300.SH,2023-06-06,3840.4587,3867.8452,3802.8449,3808.1629,2023-06-06
000300.SH,2023-06-07,3815.4823,3823.1124,3780.1021,3789.3418,2023-06-07
000300.SH,2023-06-08,3791.0826,3834.3888,3777.7752,3820.1867,2023-06-08
000300.SH,2023-06-09,3822.4088,3836.7026,3811.2189,3836.7026,2023-06-09
000300.SH,2023-06-12,3827.3253,3859.7156,3813.8577,3844.4324,2023-06-12
000300.SH,2023-06-13,3838.1287,3867.3034,3833.4598,3864.9074,2023-06-13
000300.SH,2023-06-14,3872.7155,3891.6656,3862.0609,3864.0247,2023-06-14
000300.SH,2023-06-15,3871.7746,3925.4994,3871.7746,3925.4994,2023-06-15
000300.SH,2023-06-16,3932.2114,3968.0128,3928.5419,3963.3509,2023-06-16
000300.SH,2023-06-19,3957.0327,3957.0327,3922.4742,3930.9079,2023-06-19
000300.SH,2023-06-20,3926.094,3937.4945,3918.473,3924.2377,2023-06-20
000300.SH,2023-06-21,3909.1044,3920.1276,3864.0323,3864.0323,2023-06-21
000300.SH,2023-06-26,3833.4436,3841.2862,3801.0537,3809.6962,2023-06-26
000300.SH,2023-06-27,3811.6872,3851.8957,3806.3242,3845.4334,2023-06-27
000300.SH,2023-06-28,3836.6086,3846.8516,3808.1607,3840.7986,2023-06-28
000300.SH,2023-06-29,3836.7305,3840.7132,3817.3759,3821.8435,2023-06-29
000300.SH,2023-06-30,3816.3345,3860.0311,3813.552,3842.4516,2023-06-30
000300.SH,2023-07-03,3853.2919,3897.3273,3853.2919,3892.8821,2023-07-03
000300.SH,2023-07-04,3888.0328,3899.9755,3878.3978,3899.0133,2023-07-04
000300.SH,2023-07-05,3895.1945,3899.5188,3864.1301,3868.8054,2023-07-05
000300.SH,2023-07-06,3857.0304,3876.8901,3836.4573,3842.7547,2023-07-06
000300.SH,2023-07-07,3831.5955,3844.8438,3819.0772,3825.6988,2023-07-07
000300.SH,2023-07-10,3841.5591,3865.4566,3831.92,3844.3269,2023-07-10
000300.SH,2023-07-11,3853.7955,3870.6549,3844.5244,3869.4861,2023-07-11
000300.SH,2023-07-12,3864.6013,3874.0403,3838.5632,3843.4369,2023-07-12
000300.SH,2023-07-13,3855.662,3901.1023,3855.662,3898.4229,2023-07-13
000300.SH,2023-07-14,3904.6033,3908.4871,3893.7862,3899.1027,2023-07-14
000300.SH,2023-07-17,3881.6225,3881.6225,3852.2626,3867.1749,2023-07-17
000300.SH,2023-07-18,3871.0444,3871.0444,3844.5129,3854.9393,2023-07-18
000300.SH,2023-07-19,3848.4826,3860.0092,3830.4073,3850.8663,2023-07-19
000300.SH,2023-07-20,3857.7725,3875.6241,3818.7134,3823.6946,2023-07-20
000300.SH,2023-07-21,3816.9835,3849.5109,3808.803,3821.91,2023-07-21
000300.SH,2023-07-24,3803.3492,3828.7853,3798.8048,3805.221,2023-07-24
000300.SH,2023-07-25,3866.6445,3915.8148,3866.6445,3915.1153,2023-07-25
000300.SH,2023-07-26,3908.174,3912.9834,3893.3987,3907.0128,2023-07-26
000300.SH,2023-07-27,3914.2298,3935.3578,3894.6923,3902.3458,2023-07-27
000300.SH,2023-07-28,3889.7929,4000.919,3886.5535,3992.7376,2023-07-28
000300.SH,2023-07-31,4018.8895,4064.3621,4002.0784,4014.6301,2023-07-31
000300.SH,2023-08-01,4009.1831,4031.7008,3983.0273,3998.001,2023-08-01
000300.SH,2023-08-02,3985.6951,4008.3343,3958.5127,3969.895,2023-08-02
000300.SH,2023-08-03,3962.1296,4004.9996,3962.1296,4004.9839,2023-08-03
000300.SH,2023-08-04,4033.7239,4058.2431,4011.6202,4020.5792,2023-08-04
000300.SH,2023-08-07,4002.9677,4002.9677,3977.0173,3990.1531,2023-08-07
000300.SH,2023-08-08,3980.0423,4002.2904,3963.4632,3979.7322,2023-08-08
000300.SH,2023-08-09,3967.3566,3982.1091,3961.8434,3967.5652,2023-08-09
000300.SH,2023-08-10,3962.8569,3976.4637,3945.3869,3975.7166,2023-08-10
000300.SH,2023-08-11,3977.9834,3977.9834,3884.2538,3884.2538,2023-08-11
000300.SH,2023-08-14,3840.8872,3859.4718,3814.0711,3855.9061,2023-08-14
000300.SH,2023-08-15,3858.3662,3865.284,3811.6839,3846.5357,2023-08-15
000300.SH,2023-08-16,3830.8274,3852.4198,3817.6324,3818.3338,2023-08-16
000300.SH,2023-08-17,3801.1969,3836.1507,3782.4967,3831.1008,2023-08-17
000300.SH,2023-08-18,3832.4554,3844.195,3784.0038,3784.0038,2023-08-18
000300.SH,2023-08-21,3773.225,3782.1112,3729.555,3729.555,2023-08-21
000300.SH,2023-08-22,3748.0675,3770.0556,3704.6785,3758.2271,2023-08-22
000300.SH,2023-08-23,3751.7736,3756.1659,3695.0309,3696.6339,2023-08-23
000300.SH,2023-08-24,3711.5403,3748.8567,3701.5717,3723.4293,2023-08-24
000300.SH,2023-08-25,3703.5136,3734.2185,3695.8442,3709.1517,2023-08-25
000300.SH,2023-08-28,3911.5485,3911.5485,3740.5279,3752.6194,2023-08-28
000300.SH,2023-08-29,3743.0534,3810.3772,3742.0758,3790.1067,2023-08-29
000300.SH,2023-08-30,3803.1191,3813.7032,3780.2411,3788.5097,2023-08-30
000300.SH,2023-08-31,3786.9261,3793.9972,3762.0046,3765.2678,2023-08-31
000300.SH,2023-09-01,3778.9129,3808.5306,3778.9129,3791.4912,2023-09-01
000300.SH,2023-09-04,3812.9873,3854.2605,3804.5886,3848.9517,2023-09-04
000300.SH,2023-09-05,3839.5779,3839.5779,3814.3338,3820.3174,2023-09-05
000300.SH,2023-09-06,3808.1,3817.5239,3790.8949,3812.0283,2023-09-06
000300.SH,2023-09-07,3802.2272,3802.2272,3756.853,3758.4748,2023-09-07
000300.SH,2023-09-08,3747.6509,3753.263,3724.987,3739.9927,2023-09-08
000300.SH,2023-09-11,3740.5846,3788.3219,3734.7228,3767.537,2023-09-11
000300.SH,2023-09-12,3764.3331,3775.093,3755.4162,3760.6048,2023-09-12
000300.SH,2023-09-13,3759.6091,3768.8162,3719.1114,3736.6513,2023-09-13
000300.SH,2023-09-14,3736.9355,3748.8177,3717.3107,3733.5077,2023-09-14
000300.SH,2023-09-15,3740.7853,3749.0247,3699.3806,3708.7766,2023-09-15
000300.SH,2023-09-18,3698.9344,3737.5306,3691.1107,3727.711,2023-09-18
000300.SH,2023-09-19,3723.4244,3724.0717,3702.6934,3720.5021,2023-09-19
000300.SH,2023-09-20,3715.9578,3718.5207,3705.1274,3705.6898,2023-09-20
000300.SH,2023-09-21,3698.313,3708.4557,3672.4448,3672.4448,2023-09-21
000300.SH,2023-09-22,3672.6402,3740.4183,3664.7661,3738.9327,2023-09-22
000300.SH,2023-09-25,3738.0622,3738.0622,3711.2049,3714.6037,2023-09-25
000300.SH,2023-09-26,3711.7106,3723.8481,3692.6172,3692.8928,2023-09-26
000300.SH,2023-09-27,3694.9607,3731.1405,3694.3938,3700.495,2023-09-27
000300.SH,2023-09-28,3711.2117,3716.0569,3685.3001,3689.5172,2023-09-28
000300.SH,2023-10-09,3678.929,3694.1713,3641.9966,3684.7272,2023-10-09
000300.SH,2023-10-10,3696.2542,3701.2562,3655.589,3657.1259,2023-10-10
000300.SH,2023-10-11,3674.7514,3689.5347,3658.355,3667.5483,2023-10-11
000300.SH,2023-10-12,3697.9337,3711.4985,3682.8418,3702.3824,2023-10-12
000300.SH,2023-10-13,3677.9585,3678.1913,3652.3094,3663.4104,2023-10-13
000300.SH,2023-10-16,3664.039,3664.039,3615.7686,3626.5972,2023-10-16
000300.SH,2023-10-17,3635.2994,3645.5654,3619.1277,3639.4018,2023-10-17
000300.SH,2023-10-18,3631.0671,3632.0579,3608.9768,3610.5767,2023-10-18
000300.SH,2023-10-19,3588.5154,3588.5154,3532.3059,3533.5445,2023-10-19
000300.SH,2023-10-20,3518.3464,3535.6623,3501.725,3510.5889,2023-10-20
000300.SH,2023-10-23,3500.199,3505.3468,3450.6456,3474.2438,2023-10-23
000300.SH,2023-10-24,3481.7644,3495.0039,3453.1016,3487.1302,2023-10-24
000300.SH,2023-10-25,3524.2965,3531.8314,3500.9154,3504.4576,2023-10-25
000300.SH,2023-10-26,3484.7807,3515.5716,3478.0503,3514.1448,2023-10-26
000300.SH,2023-10-27,3501.171,3576.5861,3494.5488,3562.3851,2023-10-27
000300.SH,2023-10-30,3554.1055,3592.7188,3554.0238,3583.7718,2023-10-30
000300.SH,2023-10-31,3581.6759,3581.6759,3554.5822,3572.5056,2023-10-31
000300.SH,2023-11-01,3605.7576,3606.4126,3564.6421,3571.0268,2023-11-01
000300.SH,2023-11-02,3580.0672,3597.1699,3553.7406,3554.1889,2023-11-02
000300.SH,2023-11-03,3558.5303,3596.101,3558.5303,3584.1364,2023-11-03
000300.SH,2023-11-06,3608.3187,3635.7897,3600.6304,3632.6084,2023-11-06
000300.SH,2023-11-07,3623.7849,3628.4615,3606.2975,3619.7593,2023-11-07
000300.SH,2023-11-08,3610.6434,3627.0479,3591.8248,3611.0723,2023-11-08
000300.SH,2023-11-09,3603.1082,3624.4141,3601.3744,3612.8263,2023-11-09
000300.SH,2023-11-10,3596.0688,3599.4519,3576.1011,3586.4893,2023-11-10
000300.SH,2023-11-13,3593.9109,3599.3897,3562.7682,3579.4141,2023-11-13
000300.SH,2023-11-14,3581.1034,3600.1483,3568.882,3582.0584,2023-11-14
000300.SH,2023-11-15,3616.8765,3620.6007,3596.9158,3607.2454,2023-11-15
000300.SH,2023-11-16,3600.9813,3605.2898,3572.3636,3572.3641,2023-11-16
000300.SH,2023-11-17,3561.3112,3573.6819,3547.0287,3568.0685,2023-11-17
000300.SH,2023-11-20,3569.7314,3586.9731,3545.1038,3576.3233,2023-11-20
000300.SH,2023-11-21,3587.8779,3615.0569,3575.682,3581.0674,2023-11-21
000300.SH,2023-11-22,3569.4389,3574.3782,3544.4162,3544.4162,2023-11-22
000300.SH,2023-11-23,3541.4416,3562.0675,3529.939,3561.5204,2023-11-23
000300.SH,2023-11-24,3560.6462,3560.6462,3533.9955,3538.0087,2023-11-24
000300.SH,2023-11-27,3534.4445,3534.4445,3492.8623,3511.9424,2023-11-27
000300.SH,2023-11-28,3510.6554,3521.0463,3501.1093,3518.5232,2023-11-28
000300.SH,2023-11-29,3518.8836,3519.198,3482.2444,3488.3073,2023-11-29
000300.SH,2023-11-30,3485.5171,3505.1273,3481.4515,3496.2028,2023-11-30
000300.SH,2023-12-01,3494.2234,3494.2234,3452.1728,3482.8813,2023-12-01
000300.SH,2023-12-04,3481.0449,3488.133,3459.611,3460.138,2023-12-04
000300.SH,2023-12-05,3450.0898,3450.0898,3393.8139,3394.2571,2023-12-05
000300.SH,2023-12-06,3387.8798,3420.2773,3382.9457,3399.598,2023-12-06
000300.SH,2023-12-07,3394.3064,3404.4074,3369.7675,3391.2823,2023-12-07
000300.SH,2023-12-08,3391.8585,3409.3845,3383.4479,3399.4618,2023-12-08
000300.SH,2023-12-11,3378.0517,3426.6106,3346.8902,3419.4548,2023-12-11
000300.SH,2023-12-12,3409.9976,3427.5456,3406.1013,3426.803,2023-12-12
000300.SH,2023-12-13,3418.6413,3418.6413,3369.605,3369.605,2023-12-13
000300.SH,2023-12-14,3387.3847,3399.1394,3350.7648,3351.9639,2023-12-14
000300.SH,2023-12-15,3365.9388,3388.5047,3339.519,3341.5517,2023-12-15
000300.SH,2023-12-18,3329.191,3352.3458,3314.9095,3329.3657,2023-12-18
000300.SH,2023-12-19,3325.6596,3345.7795,3313.1874,3334.0412,2023-12-19
000300.SH,2023-12-20,3334.332,3338.5434,3297.3652,3297.5022,2023-12-20
000300.SH,2023-12-21,3285.6049,3339.3552,3283.9883,3330.8698,2023-12-21
000300.SH,2023-12-22,3329.4668,3359.0601,3315.8976,3337.2281,2023-12-22
000300.SH,2023-12-25,3330.3333,3348.882,3330.3333,3347.4508,2023-12-25
000300.SH,2023-12-26,3345.3952,3345.4171,3315.937,3324.7902,2023-12-26
000300.SH,2023-12-27,3326.9267,3341.2659,3309.6731,3336.3572,2023-12-27
000300.SH,2023-12-28,3335.5572,3423.4018,3331.2082,3414.5403,2023-12-28
000300.SH,2023-12-29,3411.1094,3432.5412,3409.5795,3431.1099,2023-12-29
000300.SH,2024-01-02,3426.2684,3426.2684,3386.3522,3386.3522,2024-01-02
000300.SH,2024-01-03,3379.7501,3392.8504,3362.6617,3378.2971,2024-01-03
000300.SH,2024-01-04,3375.0207,3375.0207,3323.8647,3347.0519,2024-01-04
000300.SH,2024-01-05,3341.3061,3372.5444,3313.5542,3329.1114,2024-01-05
000300.SH,2024-01-08,3322.6051,3333.516,3283.3421,3286.0564,2024-01-08
000300.SH,2024-01-09,3286.7083,3304.6008,3273.8431,3292.4994,2024-01-09
000300.SH,2024-01-10,3281.6692,3312.9161,3268.2471,3277.129,2024-01-10
000300.SH,2024-01-11,3275.3086,3311.1137,3266.7911,3295.6717,2024-01-11
000300.SH,2024-01-12,3284.358,3310.4704,3279.6987,3284.1667,2024-01-12
000300.SH,2024-01-15,3270.1029,3306.9217,3261.2687,3280.9195,2024-01-15
000300.SH,2024-01-16,3272.571,3300.8762,3260.4362,3300.8762,2024-01-16
000300.SH,2024-01-17,3291.1392,3291.1392,3229.082,3229.082,2024-01-17
000300.SH,2024-01-18,3214.2844,3279.2538,3171.6329,3274.7286,2024-01-18
000300.SH,2024-01-19,3261.2393,3286.9415,3251.8136,3269.7763,2024-01-19
000300.SH,2024-01-22,3262.4685,3281.4205,3193.1776,3218.9016,2024-01-22
000300.SH,2024-01-23,3208.4316,3249.5306,3188.1259,3231.9329,2024-01-23
000300.SH,2024-01-24,3245.9592,3281.4892,3190.4674,3277.1089,2024-01-24
000300.SH,2024-01-25,3274.3391,3344.2426,3269.7943,3342.9189,2024-01-25
000300.SH,2024-01-26,3326.6465,3351.9692,3315.1265,3333.8213,2024-01-26
000300.SH,2024-01-29,3335.3936,3351.3715,3303.9604,3303.9604,2024-01-29
000300.SH,2024-01-30,3283.8977,3300.204,3244.9719,3245.0387,2024-01-30
000300.SH,2024-01-31,3231.5425,3252.1475,3201.9264,3215.3518,2024-01-31
000300.SH,2024-02-01,3202.2564,3251.7582,3191.8968,3217.7109,2024-02-01
000300.SH,2024-02-02,3219.8734,3235.4079,3108.3515,3179.6276,2024-02-02
000300.SH,2024-02-05,3164.25,3233.8485,3111.5184,3200.4218,2024-02-05
000300.SH,2024-02-06,3185.2498,3314.512,3182.8216,3311.6922,2024-02-06
000300.SH,2024-02-07,3314.0306,3343.6303,3289.6704,3343.6303,2024-02-07
000300.SH,2024-02-08,3351.4052,3367.2101,3336.9779,3364.9297,2024-02-08
000300.SH,2024-02-19,3393.1916,3403.8078,3364.1418,3403.8078,2024-02-19
000300.SH,2024-02-20,3395.1916,3415.8943,3380.103,3410.8542,2024-02-20
000300.SH,2024-02-21,3390.3619,3500.1338,3383.6911,3456.8713,2024-02-21
000300.SH,2024-02-22,3450.3518,3486.6826,3448.4135,3486.6747,2024-02-22
000300.SH,2024-02-23,3491.3367,3507.5592,3472.968,3489.7416,2024-02-23
000300.SH,2024-02-26,3485.5427,3492.6061,3445.3889,3453.3585,2024-02-26
000300.SH,2024-02-27,3440.0516,3494.7874,3437.4422,3494.7874,2024-02-27
000300.SH,2024-02-28,3499.8257,3521.6574,3450.2598,3450.2598,2024-02-28
000300.SH,2024-02-29,3437.8984,3516.0826,3437.8984,3516.0826,2024-02-29
000300.SH,2024-03-01,3515.0587,3544.3595,3503.459,3537.8038,2024-03-01
000300.SH,2024-03-04,3538.366,3548.6901,3519.7599,3540.8686,2024-03-04
000300.SH,2024-03-05,3524.9644,3570.6935,3519.0816,3565.5143,2024-03-05
000300.SH,2024-03-06,3556.5323,3577.3883,3545.1013,3551.0481,2024-03-06
000300.SH,2024-03-07,3548.1007,3569.9185,3522.8964,3529.7195,2024-03-07
000300.SH,2024-03-08,3529.5509,3548.5055,3511.577,3544.9099,2024-03-08
000300.SH,2024-03-11,3545.9427,3589.2635,3542.2789,3589.2635,2024-03-11
000300.SH,2024-03-12,3592.5826,3605.6976,3574.2117,3597.4939,2024-03-12
000300.SH,2024-03-13,3594.4211,3594.4211,3563.3685,3572.361,2024-03-13
000300.SH,2024-03-14,3571.7885,3597.46,3545.612,3562.2229,2024-03-14
000300.SH,2024-03-15,3554.9068,3572.8091,3533.6798,3569.993,2024-03-15
000300.SH,2024-03-18,3577.0564,3604.0519,3573.404,3603.528,2024-03-18
000300.SH,2024-03-19,3593.3396,3610.7389,3577.188,3577.6303,2024-03-19
000300.SH,2024-03-20,3568.7158,3589.5456,3568.4341,3585.3838,2024-03-20
000300.SH,2024-03-21,3593.07,3601.1145,3575.0331,3581.0902,2024-03-21
000300.SH,2024-03-22,3571.2736,3575.7171,3522.8404,3545.0023,2024-03-22
000300.SH,2024-03-25,3536.7136,3564.9604,3525.7634,3525.7634,2024-03-25
000300.SH,2024-03-26,3526.6818,3547.6461,3518.6018,3543.7467,2024-03-26
000300.SH,2024-03-27,3538.7244,3542.9624,3502.7866,3502.7866,2024-03-27
000300.SH,2024-03-28,3498.482,3551.2143,3489.3861,3520.9648,2024-03-28
000300.SH,2024-03-29,3516.883,3538.2378,3516.883,3537.4843,2024-03-29
000300.SH,2024-04-01,3551.5815,3600.9193,3551.5815,3595.6466,2024-04-01
000300.SH,2024-04-02,3593.2206,3596.1903,3568.7539,3580.6759,2024-04-02
000300.SH,2024-04-03,3578.6835,3582.4324,3558.874,3567.8031,2024-04-03
000300.SH,2024-04-08,3553.5554,3567.82,3535.7688,3536.4077,2024-04-08
000300.SH,2024-04-09,3533.3849,3543.7141,3518.8601,3533.4871,2024-04-09
000300.SH,2024-04-10,3528.9679,3531.2295,3490.0525,3504.7086,2024-04-10
000300.SH,2024-04-11,3485.0294,3520.5893,3484.9252,3504.2447,2024-04-11
000300.SH,2024-04-12,3505.7499,3516.6988,3470.0611,3475.8389,2024-04-12
000300.SH,2024-04-15,3473.5047,3552.4125,3473.5047,3549.0759,2024-04-15
000300.SH,2024-04-16,3533.3636,3545.5034,3503.6158,3511.1146,2024-04-16
000300.SH,2024-04-17,3509.1318,3565.9389,3498.0324,3565.403,2024-04-17
000300.SH,2024-04-18,3550.5562,3602.7902,3547.5996,3569.8018,2024-04-18
000300.SH,2024-04-19,3550.6087,3560.9492,3529.3237,3541.6619,2024-04-19
000300.SH,2024-04-22,3536.1844,3558.1642,3528.0186,3530.9045,2024-04-22
000300.SH,2024-04-23,3525.6681,3533.7584,3499.9838,3506.2249,2024-04-23
000300.SH,2024-04-24,3514.0108,3524.537,3495.6494,3521.6219,2024-04-24
000300.SH,2024-04-25,3510.6396,3543.9699,3505.1999,3530.2813,2024-04-25
000300.SH,2024-04-26,3531.9647,3588.4003,3531.9647,3584.2686,2024-04-26
000300.SH,2024-04-29,3584.5427,3645.8229,3578.7597,3623.9124,2024-04-29
000300.SH,2024-04-30,3619.2586,3630.7092,3604.3943,3604.3943,2024-04-30
000300.SH,2024-05-06,3654.0485,3668.2565,3645.738,3657.8767,2024-05-06
000300.SH,2024-05-07,3657.0007,3665.684,3648.376,3659.0076,2024-05-07
000300.SH,2024-05-08,3650.7484,3650.9355,3628.6984,3630.2233,2024-05-08
000300.SH,2024-05-09,3630.4142,3669.7593,3630.4142,3664.561,2024-05-09
000300.SH,2024-05-10,3669.0869,3674.6088,3641.7639,3666.2771,2024-05-10
000300.SH,2024-05-13,3646.3491,3673.6211,3634.6049,3664.6907,2024-05-13
000300.SH,2024-05-14,3668.2254,3675.776,3646.7092,3657.0454,2024-05-14
000300.SH,2024-05-15,3651.0536,3656.5277,3624.002,3626.0559,2024-05-15
000300.SH,2024-05-16,3636.6007,3657.4831,3626.334,3640.3592,2024-05-16
000300.SH,2024-05-17,3638.5613,3677.9696,3627.447,3677.9696,2024-05-17
000300.SH,2024-05-20,3682.0615,3703.0287,3677.4426,3690.9623,2024-05-20
000300.SH,2024-05-21,3682.2868,3684.6106,3665.1524,3676.1611,2024-05-21
000300.SH,2024-05-22,3675.6471,3691.8804,3667.0885,3684.451,2024-05-22
000300.SH,2024-05-23,3672.8403,3674.3654,3633.5051,3641.7917,2024-05-23
000300.SH,2024-05-24,3630.827,3650.8734,3599.6678,3601.4754,2024-05-24
000300.SH,2024-05-27,3606.645,3638.1514,3603.7131,3635.7079,2024-05-27
000300.SH,2024-05-28,3633.2535,3638.9703,3605.9213,3609.1724,2024-05-28
000300.SH,2024-05-29,3609.0708,3633.1971,3602.8198,3613.5223,2024-05-29
000300.SH,2024-05-30,3607.0522,3624.0352,3586.7543,3594.3121,2024-05-30
000300.SH,2024-05-31,3599.8196,3614.6439,3579.9247,3579.9247,2024-05-31
000300.SH,2024-06-03,3577.3798,3600.6044,3567.8713,3588.7483,2024-06-03
000300.SH,2024-06-04,3583.8104,3622.5012,3580.2771,3615.6714,2024-06-04
000300.SH,2024-06-05,3610.3601,3623.3232,3594.1056,3594.7936,2024-06-05
000300.SH,2024-06-06,3602.1554,3625.0109,3584.171,3592.2454,2024-06-06
000300.SH,2024-06-07,3594.6335,3603.0698,3552.0853,3574.1143,2024-06-07
000300.SH,2024-06-11,3555.8186,3565.3113,3525.8945,3542.8771,2024-06-11
000300.SH,2024-06-12,3539.0947,3551.1706,3531.5657,3544.1225,2024-06-12
000300.SH,2024-06-13,3548.2162,3551.0771,3520.1802,3526.1306,2024-06-13
000300.SH,2024-06-14,3514.7998,3547.1473,3503.5233,3541.5331,2024-06-14
000300.SH,2024-06-17,3521.4365,3540.7932,3520.7381,3536.1986,2024-06-17
000300.SH,2024-06-18,3533.4875,3551.7085,3532.7845,3545.5902,2024-06-18
000300.SH,2024-06-19,3543.3599,3543.3599,3524.8449,3528.749,2024-06-19
000300.SH,2024-06-20,3525.1687,3533.9865,3500.131,3503.2817,2024-06-20
000300.SH,2024-06-21,3496.3428,3505.5123,3473.8283,3495.6198,2024-06-21
000300.SH,2024-06-24,3473.6392,3505.7752,3471.2164,3476.8102,2024-06-24
000300.SH,2024-06-25,3475.1648,3483.2189,3440.6464,3457.9023,2024-06-25
000300.SH,2024-06-26,3451.5389,3487.3964,3442.2982,3480.2648,2024-06-26
000300.SH,2024-06-27,3467.2888,3471.1423,3452.5775,3454.1175,2024-06-27
000300.SH,2024-06-28,3443.6744,3484.678,3443.6744,3461.657,2024-06-28
000300.SH,2024-07-01,3458.2636,3479.9548,3443.8086,3478.1827,2024-07-01
000300.SH,2024-07-02,3472.4527,3488.3189,3464.5237,3471.7857,2024-07-02
000300.SH,2024-07-03,3471.5556,3478.7047,3454.9942,3463.4141,2024-07-03
000300.SH,2024-07-04,3468.2958,3483.3098,3444.928,3445.8128,2024-07-04
000300.SH,2024-07-05,3443.3588,3451.0386,3399.6693,3431.0605,2024-07-05
000300.SH,2024-07-08,3420.8033,3428.0418,3395.9123,3401.7604,2024-07-08
000300.SH,2024-07-09,3396.8044,3448.9279,3384.8086,3439.8111,2024-07-09
000300.SH,2024-07-10,3425.8818,3447.505,3423.6483,3428.9657,2024-07-10
000300.SH,2024-07-11,3451.0442,3473.9837,3438.118,3468.169,2024-07-11
000300.SH,2024-07-12,3459.9564,3479.0958,3457.3633,3472.4014,2024-07-12
000300.SH,2024-07-15,3462.6113,3481.4613,3460.7915,3476.2467,2024-07-15
000300.SH,2024-07-16,3466.8523,3500.2943,3464.3655,3498.2827,2024-07-16
000300.SH,2024-07-17,3494.209,3514.4753,3486.2229,3501.5836,2024-07-17
000300.SH,2024-07-18,3483.2975,3522.7995,3475.7236,3520.931,2024-07-18
000300.SH,2024-07-19,3500.8052,3545.3383,3493.0734,3539.0156,2024-07-19
000300.SH,2024-07-22,3538.4012,3540.1874,3494.0143,3514.9249,2024-07-22
000300.SH,2024-07-23,3509.7887,3509.7887,3439.8779,3439.8779,2024-07-23
000300.SH,2024-07-24,3432.3459,3451.4196,3408.4129,3418.1663,2024-07-24
000300.SH,2024-07-25,3404.611,3415.8557,3383.7991,3399.2716,2024-07-25
000300.SH,2024-07-26,3403.7084,3420.8201,3388.6601,3409.2931,2024-07-26
000300.SH,2024-07-29,3404.3663,3408.5024,3388.8444,3390.742,2024-07-29
000300.SH,2024-07-30,3380.6893,3380.6893,3352.8043,3369.3821,2024-07-30
000300.SH,2024-07-31,3364.0268,3445.0042,3364.0268,3442.0844,2024-07-31
000300.SH,2024-08-01,3443.1397,3448.3361,3419.1872,3419.2666,2024-08-01
000300.SH,2024-08-02,3393.9167,3419.1023,3380.9645,3384.3919,2024-08-02
000300.SH,2024-08-05,3362.1117,3409.0314,3343.3205,3343.3205,2024-08-05
000300.SH,2024-08-06,3367.3517,3376.7956,3318.6251,3342.9789,2024-08-06
000300.SH,2024-08-07,3338.5909,3362.3839,3329.9658,3341.489,2024-08-07
000300.SH,2024-08-08,3332.4281,3364.7855,3320.8432,3342.9369,2024-08-08
000300.SH,2024-08-09,3358.128,3366.6688,3331.6274,3331.6274,2024-08-09
000300.SH,2024-08-12,3327.5561,3338.0771,3319.8908,3325.8645,2024-08-12
000300.SH,2024-08-13,3328.0138,3335.014,3310.1909,3334.3903,2024-08-13
000300.SH,2024-08-14,3332.7866,3332.7866,3309.1,3309.2389,2024-08-14
000300.SH,2024-08-15,3301.4455,3356.7644,3297.9711,3341.953,2024-08-15
000300.SH,2024-08-16,3342.0346,3356.9071,3335.6239,3345.634,2024-08-16
000300.SH,2024-08-19,3344.2614,3375.9621,3343.7116,3356.9677,2024-08-19
000300.SH,2024-08-20,3361.6394,3362.3338,3321.6397,3332.7034,2024-08-20
000300.SH,2024-08-21,3322.9134,3339.443,3307.9917,3321.635,2024-08-21
000300.SH,2024-08-22,3322.8723,3327.6962,3305.2453,3313.1357,2024-08-22
000300.SH,2024-08-23,3305.9307,3336.2414,3305.6403,3327.1905,2024-08-23
000300.SH,2024-08-26,3330.7184,3336.5271,3311.5701,3324.2231,2024-08-26
000300.SH,2024-08-27,3315.686,3320.5667,3299.5635,3305.3338,2024-08-27
000300.SH,2024-08-28,3298.9089,3305.3496,3274.5881,3286.4956,2024-08-28
000300.SH,2024-08-29,3273.541,3290.7857,3269.5288,3277.6812,2024-08-29
000300.SH,2024-08-30,3273.7532,3351.6254,3273.6496,3321.4323,2024-08-30
000300.SH,2024-09-02,3307.5432,3307.7627,3264.7565,3265.011,2024-09-02
000300.SH,2024-09-03,3261.741,3281.5935,3261.1877,3273.4282,2024-09-03
000300.SH,2024-09-04,3253.898,3272.9861,3249.9809,3252.1649,2024-09-04
000300.SH,2024-09-05,3252.96,3266.882,3247.1725,3257.7578,2024-09-05
000300.SH,2024-09-06,3261.1542,3274.8144,3231.0685,3231.3457,2024-09-06
000300.SH,2024-09-09,3214.7996,3222.9278,3180.9277,3192.9516,2024-09-09
000300.SH,2024-09-10,3193.4557,3205.0972,3171.7932,3195.7552,2024-09-10
000300.SH,2024-09-11,3187.0508,3197.3363,3174.0343,3186.1299,2024-09-11
000300.SH,2024-09-12,3189.4271,3201.5544,3171.8775,3172.4747,2024-09-12
000300.SH,2024-09-13,3174.0344,3188.9145,3159.247,3159.247,2024-09-13
000300.SH,2024-09-18,3158.8179,3179.9012,3145.7908,3171.0102,2024-09-18
000300.SH,2024-09-19,3178.3959,3213.8378,3149.7925,3196.0357,2024-09-19
000300.SH,2024-09-20,3192.4322,3207.9875,3173.2238,3201.0497,2024-09-20
000300.SH,2024-09-23,3200.8678,3230.1613,3198.0248,3212.7639,2024-09-23
000300.SH,2024-09-24,3244.6468,3351.9684,3222.4885,3351.909,2024-09-24
000300.SH,2024-09-25,3403.7021,3465.4882,3393.438,3401.533,2024-09-25
000300.SH,2024-09-26,3399.3188,3545.3249,3391.6772,3545.3204,2024-09-26
000300.SH,2024-09-27,3617.9203,3708.4951,3596.5833,3703.6849,2024-09-27
000300.SH,2024-09-30,3846.6515,4038.6968,3796.5045,4017.8545,2024-09-30
000300.SH,2024-10-08,4450.3675,4450.3675,4094.3519,4256.0962,2024-10-08
000300.SH,2024-10-09,4168.8436,4197.6,3942.5118,3955.9839,2024-10-09
000300.SH,2024-10-10,3979.6116,4098.4967,3912.7708,3997.7879,2024-10-10
000300.SH,2024-10-11,3969.7576,3978.2389,3847.1228,3887.167,2024-10-11
000300.SH,2024-10-14,3915.2186,3979.5431,3868.779,3961.3424,2024-10-14
000300.SH,2024-10-15,3942.5342,3967.8712,3855.9949,3855.9949,2024-10-15
000300.SH,2024-10-16,3806.1373,3877.7483,3805.0868,3831.589,2024-10-16
000300.SH,2024-10-17,3853.841,3882.0733,3787.7498,3788.2217,2024-10-17
000300.SH,2024-10-18,3780.3143,3998.214,3765.1615,3925.234,2024-10-18
000300.SH,2024-10-21,3946.9016,3979.2638,3896.165,3935.1974,2024-10-21
000300.SH,2024-10-22,3923.7443,3965.9084,3917.5218,3957.7755,2024-10-22
000300.SH,2024-10-23,3955.3191,4012.1795,3939.0986,3973.2089,2024-10-23
000300.SH,2024-10-24,3950.8987,3957.9832,3914.0887,3928.8334,2024-10-24
000300.SH,2024-10-25,3931.3205,3992.8918,3921.9396,3956.421,2024-10-25
000300.SH,2024-10-28,3953.1063,3964.1569,3917.2042,3964.1569,2024-10-28
000300.SH,2024-10-29,3970.008,3991.3091,3921.5795,3924.649,2024-10-29
000300.SH,2024-10-30,3904.1595,3926.0581,3864.3051,3889.4487,2024-10-30
000300.SH,2024-10-31,3888.4229,3923.8997,3859.1079,3891.0396,2024-10-31
000300.SH,2024-11-01,3882.4579,3933.2204,3879.9588,3890.0203,2024-11-01
000300.SH,2024-11-04,3897.7144,3944.7619,3891.2109,3944.7619,2024-11-04
000300.SH,2024-11-05,3937.6228,4046.6977,3925.4138,4044.5725,2024-11-05
000300.SH,2024-11-06,4051.2891,4091.7031,4002.5027,4024.2831,2024-11-06
000300.SH,2024-11-07,3987.2665,4146.151,3984.6652,4145.6952,2024-11-07
000300.SH,2024-11-08,4192.0794,4200.908,4094.1631,4104.047,2024-11-08
000300.SH,2024-11-11,4066.9336,4132.5111,4048.039,4131.1312,2024-11-11
000300.SH,2024-11-12,4133.3528,4181.7096,4060.7936,4085.743,2024-11-12
000300.SH,2024-11-13,4059.5898,4121.0735,4059.5898,4110.8901,2024-11-13
000300.SH,2024-11-14,4101.2228,4118.1686,4034.9441,4039.6191,2024-11-14
000300.SH,2024-11-15,4025.6482,4049.071,3968.8308,3968.8308,2024-11-15
000300.SH,2024-11-18,3982.1036,4034.0596,3931.1872,3950.3806,2024-11-18
000300.SH,2024-11-19,3954.6038,3979.1505,3896.7493,3976.8912,2024-11-19
000300.SH,2024-11-20,3966.1238,4001.0847,3958.3383,3985.7727,2024-11-20
000300.SH,2024-11-21,3979.4554,3999.5693,3966.0658,3989.2979,2024-11-21
000300.SH,2024-11-22,3984.2435,3990.2647,3865.6989,3865.6989,2024-11-22
000300.SH,2024-11-25,3875.6126,3889.7069,3812.3179,3848.0909,2024-11-25
000300.SH,2024-11-26,3836.259,3875.229,3833.2842,3840.1847,2024-11-26
000300.SH,2024-11-27,3829.3442,3907.164,3817.9125,3907.0447,2024-11-27
000300.SH,2024-11-28,3904.2525,3908.3918,3866.0136,3872.5505,2024-11-28
000300.SH,2024-11-29,3869.8903,3962.7002,3869.8903,3916.5832,2024-11-29
000300.SH,2024-12-02,3909.7029,3955.1252,3902.1697,3947.632,2024-12-02
000300.SH,2024-12-03,3946.7034,3963.9474,3922.8425,3951.8912,2024-12-03
000300.SH,2024-12-04,3948.13,3957.365,3917.7467,3930.5568,2024-12-04
000300.SH,2024-12-05,3916.5638,3936.3358,3910.0834,3921.5881,2024-12-05
000300.SH,2024-12-06,3923.8954,3995.1168,3923.8954,3973.1405,2024-12-06
000300.SH,2024-12-09,3970.6628,3995.5116,3948.4206,3966.5708,2024-12-09
000300.SH,2024-12-10,4094.05,4098.3804,3988.9676,3995.6369,2024-12-10
000300.SH,2024-12-11,3988.0179,4005.3253,3977.3522,3988.8308,2024-12-11
000300.SH,2024-12-12,3987.1525,4031.7441,3981.3485,4028.5048,2024-12-12
000300.SH,2024-12-13,4000.9854,4000.9854,3931.7392,3933.1808,2024-12-13
000300.SH,2024-12-16,3930.7807,3938.7595,3901.6465,3911.8416,2024-12-16
000300.SH,2024-12-17,3908.1263,3955.945,3908.1263,3922.0334,2024-12-17
000300.SH,2024-12-18,3934.5425,3956.1441,3933.9693,3941.89,2024-12-18
000300.SH,2024-12-19,3911.8901,3954.3491,3899.7479,3945.4635,2024-12-19
000300.SH,2024-12-20,3937.4722,3958.6336,3923.2562,3927.7441,2024-12-20
000300.SH,2024-12-23,3928.1493,3965.8502,3928.1493,3933.5718,2024-12-23
000300.SH,2024-12-24,3934.9422,3985.8588,3934.7338,3983.6882,2024-12-24
000300.SH,2024-12-25,3987.9557,4007.7626,3969.4766,3985.6291,2024-12-25
000300.SH,2024-12-26,3981.7317,3991.5331,3965.5461,3987.4801,2024-12-26
000300.SH,2024-12-27,3987.0189,4007.1314,3970.9365,3981.0307,2024-12-27
000300.SH,2024-12-30,3976.7004,4005.778,3976.7004,3999.0549,2024-12-30
000300.SH,2024-12-31,3995.8705,4004.3462,3934.9109,3934.9109,2024-12-31
000300.SH,2025-01-02,3931.8155,3934.2034,3796.3389,3820.3952,2025-01-02
000300.SH,2025-01-03,3825.2426,3835.9353,3767.6653,3775.1648,2025-01-03
000300.SH,2025-01-06,3775.9902,3788.8489,3743.0727,3768.9697,2025-01-06
000300.SH,2025-01-07,3760.866,3797.602,3749.0581,3796.1055,2025-01-07
000300.SH,2025-01-08,3781.261,3810.7355,3731.1887,3789.2153,2025-01-08
000300.SH,2025-01-09,3780.7341,3795.2608,3768.681,3779.8773,2025-01-09
000300.SH,2025-01-10,3778.8928,3786.8069,3732.4806,3732.4806,2025-01-10
000300.SH,2025-01-13,3704.4442,3737.8852,3704.1073,3722.513,2025-01-13
000300.SH,2025-01-14,3728.5561,3826.6399,3718.8768,3820.5395,2025-01-14
000300.SH,2025-01-15,3810.0353,3816.8284,3790.1655,3796.026,2025-01-15
000300.SH,2025-01-16,3812.1935,3842.947,3776.2861,3800.3836,2025-01-16
000300.SH,2025-01-17,3788.3729,3831.6404,3780.2133,3812.3429,2025-01-17
000300.SH,2025-01-20,3835.3042,3858.6677,3821.9815,3829.6764,2025-01-20
000300.SH,2025-01-21,3850.3563,3850.9106,3817.1214,3832.6145,2025-01-21
000300.SH,2025-01-22,3823.9447,3823.9447,3783.1438,3797.0166,2025-01-22
000300.SH,2025-01-23,3829.0462,3864.2585,3801.8531,3803.7439,2025-01-23
000300.SH,2025-01-24,3793.8498,3847.6003,3793.4836,3832.8637,2025-01-24
000300.SH,2025-01-27,3836.9578,3851.9969,3817.0802,3817.0802,2025-01-27
000300.SH,2025-02-05,3844.6998,3844.6998,3785.162,3795.0848,2025-02-05
000300.SH,2025-02-06,3789.6086,3843.4942,3788.3196,3842.8314,2025-02-06
000300.SH,2025-02-07,3844.0574,3919.3499,3833.8685,3892.7028,2025-02-07
000300.SH,2025-02-10,3898.1023,3906.3678,3878.8314,3901.0618,2025-02-10
000300.SH,2025-02-11,3905.1594,3905.1594,3872.9087,3883.1352,2025-02-11
000300.SH,2025-02-12,3875.9596,3920.7229,3867.3538,3919.8617,2025-02-12
000300.SH,2025-02-13,3913.9044,3939.1978,3904.9845,3905.1398,2025-02-13
000300.SH,2025-02-14,3900.8274,3942.0356,3900.8274,3939.0085,2025-02-14
000300.SH,2025-02-17,3954.4147,3955.8959,3921.7017,3947.3983,2025-02-17
000300.SH,2025-02-18,3942.5761,3965.4232,3901.8675,3912.7829,2025-02-18
000300.SH,2025-02-19,3906.2201,3943.6742,3904.1455,3940.1602,2025-02-19
000300.SH,2025-02-20,3934.6503,3940.678,3916.1772,3928.8959,2025-02-20
000300.SH,2025-02-21,3938.0518,3981.048,3927.7874,3978.444,2025-02-21
000300.SH,2025-02-24,3972.4831,3995.9456,3949.2309,3969.7169,2025-02-24
000300.SH,2025-02-25,3933.636,3955.4336,3915.6527,3925.6505,2025-02-25
000300.SH,2025-02-26,3931.842,3960.3298,3925.3664,3959.9413,2025-02-26
000300.SH,2025-02-27,3961.0635,3973.9323,3933.4611,3968.1159,2025-02-27
000300.SH,2025-02-28,3950.1866,3972.4813,3886.3994,3890.0487,2025-02-28
000300.SH,2025-03-03,3899.6962,3930.0048,3872.5872,3888.4738,2025-03-03
000300.SH,2025-03-04,3865.9939,3890.4235,3855.7254,3885.2208,2025-03-04
000300.SH,2025-03-05,3887.7992,3906.4214,3877.0188,3902.5706,2025-03-05
000300.SH,2025-03-06,3923.3827,3964.4942,3917.0833,3956.2369,2025-03-06
000300.SH,2025-03-07,3944.9145,3967.0743,3935.0464,3944.0143,2025-03-07
000300.SH,2025-03-10,3945.5795,3949.1448,3905.127,3928.8018,2025-03-10
000300.SH,2025-03-11,3890.4305,3941.4157,3889.4298,3941.4157,2025-03-11
000300.SH,2025-03-12,3946.8623,3953.6125,3921.4736,3927.2315,2025-03-12
000300.SH,2025-03-13,3925.7439,3939.2854,3897.3758,3911.5793,2025-03-13
000300.SH,2025-03-14,3919.6159,4014.1586,3919.6159,4006.5567,2025-03-14
000300.SH,2025-03-17,4020.6402,4021.7278,3992.2563,3996.7876,2025-03-17
000300.SH,2025-03-18,4011.7794,4016.873,3995.9602,4007.7229,2025-03-18
000300.SH,2025-03-19,4004.8251,4025.299,3989.512,4010.168,2025-03-19
000300.SH,2025-03-20,4011.0588,4012.0416,3969.9259,3974.9918,2025-03-20
000300.SH,2025-03-21,3966.5146,3983.1476,3904.7674,3914.6956,2025-03-21
000300.SH,2025-03-24,3916.1136,3938.1826,3907.1999,3934.8486,2025-03-24
000300.SH,2025-03-25,3937.8975,3946.3574,3921.5287,3932.2951,2025-03-25
000300.SH,2025-03-26,3930.2073,3942.026,3916.8607,3919.3566,2025-03-26
000300.SH,2025-03-27,3911.3841,3952.9852,3903.652,3932.4117,2025-03-27
000300.SH,2025-03-28,3930.7763,3934.2336,3907.384,3915.1662,2025-03-28
000300.SH,2025-03-31,3905.9815,3928.4482,3872.403,3887.3056,2025-03-31
000300.SH,2025-04-01,3892.7794,3905.2622,3882.4045,3887.6841,2025-04-01
000300.SH,2025-04-02,3884.4181,3900.4949,3877.1599,3884.3858,2025-04-02
000300.SH,2025-04-03,3843.4177,3883.7025,3843.4177,3861.5034,2025-04-03
000300.SH,2025-04-07,3675.2017,3707.7771,3514.1165,3589.4406,2025-04-07
000300.SH,2025-04-08,3597.9859,3650.759,3583.8746,3650.759,2025-04-08
000300.SH,2025-04-09,3606.1036,3686.7943,3587.3368,3686.7943,2025-04-09
000300.SH,2025-04-10,3749.1262,3756.1386,3708.8194,3735.1151,2025-04-10
000300.SH,2025-04-11,3730.3148,3762.3653,3708.4617,3750.5167,2025-04-11
000300.SH,2025-04-14,3772.0407,3776.6344,3754.033,3759.1422,2025-04-14
000300.SH,2025-04-15,3756.4788,3764.486,3737.8495,3761.2348,2025-04-15
000300.SH,2025-04-16,3757.8757,3775.1661,3721.6025,3772.8204,2025-04-16
000300.SH,2025-04-17,3755.0862,3779.1253,3749.504,3772.2221,2025-04-17
000300.SH,2025-04-18,3760.0425,3782.0443,3754.4072,3772.523,2025-04-18
000300.SH,2025-04-21,3768.1421,3790.1782,3763.1383,3784.8806,2025-04-21
000300.SH,2025-04-22,3780.1122,3799.2295,3778.0791,3783.9522,2025-04-22
000300.SH,2025-04-23,3803.4295,3807.9536,3780.5183,3786.8824,2025-04-23
000300.SH,2025-04-24,3787.459,3807.2599,3775.207,3784.3574,2025-04-24
000300.SH,2025-04-25,3792.0838,3801.5765,3780.7772,3786.9937,2025-04-25
000300.SH,2025-04-28,3786.3867,3792.0082,3772.8029,3781.6188,2025-04-28
000300.SH,2025-04-29,3776.0025,3785.3157,3768.0311,3775.0767,2025-04-29
000300.SH,2025-04-30,3775.8306,3787.5639,3768.7573,3770.5705,2025-04-30
000300.SH,2025-05-06,3794.3757,3809.0939,3782.777,3808.5424,2025-05-06
000300.SH,2025-05-07,3861.5767,3863.6776,3814.9868,3831.627,2025-05-07
000300.SH,2025-05-08,3820.5481,3867.3313,3816.2642,3852.8963,2025-05-08
000300.SH,2025-05-09,3848.6187,3853.6632,3836.5349,3846.1566,2025-05-09
000300.SH,2025-05-12,3866.5305,3890.7342,3859.0346,3890.6096,2025-05-12
000300.SH,2025-05-13,3915.5924,3915.5924,3890.6855,3896.2583,2025-05-13
000300.SH,2025-05-14,3894.8386,3960.5228,3890.6504,3943.2108,2025-05-14
000300.SH,2025-05-15,3934.0273,3936.4653,3904.9068,3907.1992,2025-05-15
000300.SH,2025-05-16,3898.6662,3903.8528,3874.8619,3889.0854,2025-05-16
000300.SH,2025-05-19,3882.5677,3885.5889,3866.5695,3877.1453,2025-05-19
000300.SH,2025-05-20,3883.1024,3911.4737,3881.7436,3898.1705,2025-05-20
000300.SH,2025-05-21,3899.4365,3928.6339,3899.4365,3916.3807,2025-05-21
000300.SH,2025-05-22,3912.6007,3923.0195,3903.0898,3913.8651,2025-05-22
000300.SH,2025-05-23,3910.3739,3931.5514,3882.2741,3882.2741,2025-05-23
000300.SH,2025-05-26,3875.7891,3884.537,3849.0384,3860.1067,2025-05-26
000300.SH,2025-05-27,3857.6271,3865.4291,3834.8455,3839.3969,2025-05-27
000300.SH,2025-05-28,3843.0747,3849.736,3833.9582,3836.2366,2025-05-28
000300.SH,2025-05-29,3838.0092,3869.7909,3831.4577,3858.6998,2025-05-29
000300.SH,2025-05-30,3850.493,3858.6128,3829.2542,3840.2323,2025-05-30
000300.SH,2025-06-03,3833.4584,3863.2952,3832.7202,3852.0127,2025-06-03
000300.SH,2025-06-04,3855.4878,3875.8569,3855.4878,3868.7429,2025-06-04
000300.SH,2025-06-05,3872.6373,3883.1345,3861.272,3877.5557,2025-06-05
000300.SH,2025-06-06,3878.1027,3889.4557,3869.3871,3873.9841,2025-06-06
000300.SH,2025-06-09,3877.7977,3894.6517,3871.9917,3885.2459,2025-06-09
000300.SH,2025-06-10,3887.5512,3897.4573,3850.4663,3865.4652,2025-06-10
000300.SH,2025-06-11,3870.6719,3911.6107,3870.6719,3894.6252,2025-06-11
000300.SH,2025-06-12,3885.5196,3900.0408,3870.3838,3892.1992,2025-06-12
000300.SH,2025-06-13,3881.4923,3889.1602,3853.8186,3864.1822,2025-06-13
000300.SH,2025-06-16,3853.6193,3876.1704,3853.6193,3873.7951,2025-06-16
000300.SH,2025-06-17,3875.1768,3880.4156,3860.409,3870.3786,2025-06-17
000300.SH,2025-06-18,3871.6502,3881.346,3854.6575,3874.9708,2025-06-18
000300.SH,2025-06-19,3870.049,3872.9425,3834.9512,3843.0912,2025-06-19
000300.SH,2025-06-20,3839.7833,3856.4799,3839.7833,3846.6443,2025-06-20
000300.SH,2025-06-23,3831.1703,3867.5896,3827.0829,3857.9016,2025-06-23
000300.SH,2025-06-24,3862.3876,3914.1579,3862.3876,3904.0342,2025-06-24
000300.SH,2025-06-25,3907.0682,3963.0371,3902.1771,3960.0662,2025-06-25
000300.SH,2025-06-26,3953.1603,3964.482,3945.2589,3946.0195,2025-06-26
000300.SH,2025-06-27,3949.7879,3969.2626,3918.2041,3921.7578,2025-06-27
000300.SH,2025-06-30,3920.3149,3940.3611,3911.6044,3936.0791,2025-06-30
000300.SH,2025-07-01,3935.9078,3946.2451,3924.7219,3942.762,2025-07-01
000300.SH,2025-07-02,3943.3232,3952.1378,3929.6956,3943.6849,2025-07-02
000300.SH,2025-07-03,3949.3998,3971.616,3945.138,3968.0676,2025-07-03
000300.SH,2025-07-04,3967.4637,4013.8478,3958.3762,3982.2034,2025-07-04
000300.SH,2025-07-07,3977.2881,3979.7481,3956.5663,3965.1746,2025-07-07
000300.SH,2025-07-08,3965.426,4002.269,3965.426,3998.4527,2025-07-08
000300.SH,2025-07-09,3997.5044,4016.7434,3987.4267,3991.4006,2025-07-09
000300.SH,2025-07-10,3993.4196,4032.9829,3992.5242,4010.0243,2025-07-10
000300.SH,2025-07-11,4011.4652,4065.9419,4010.1052,4014.807,2025-07-11
000300.SH,2025-07-14,4021.2135,4034.9198,4017.6678,4017.6678,2025-07-14
000300.SH,2025-07-15,4023.9896,4042.6574,3994.2628,4019.0644,2025-07-15
000300.SH,2025-07-16,4019.3925,4027.8567,3993.9209,4007.2019,2025-07-16
000300.SH,2025-07-17,4005.067,4034.5935,4005.067,4034.491,2025-07-17
000300.SH,2025-07-18,4039.8712,4064.6378,4039.3181,4058.5486,2025-07-18
000300.SH,2025-07-21,4069.7685,4086.1171,4063.4427,4085.6072,2025-07-21
000300.SH,2025-07-22,4087.3354,4119.2021,4068.3383,4118.9582,2025-07-22
000300.SH,2025-07-23,4129.1476,4155.6783,4113.9085,4119.7685,2025-07-23
000300.SH,2025-07-24,4116.8312,4152.4265,4111.8849,4149.0368,2025-07-24
000300.SH,2025-07-25,4145.3195,4150.4994,4117.8005,4127.1634,2025-07-25
000300.SH,2025-07-28,4128.1993,4146.12,4112.9677,4135.8242,2025-07-28
000300.SH,2025-07-29,4132.6833,4153.3307,4117.5772,4152.0247,2025-07-29
000300.SH,2025-07-30,4148.9405,4185.2064,4127.4301,4151.2379,2025-07-30
000300.SH,2025-07-31,4141.5612,4141.8243,4063.6662,4075.5912,2025-07-31
000300.SH,2025-08-01,4069.9254,4085.3543,4040.462,4054.9286,2025-08-01
000300.SH,2025-08-04,4037.9378,4070.7023,4037.9378,4070.7023,2025-08-04
000300.SH,2025-08-05,4080.3877,4106.2969,4075.5836,4103.45,2025-08-05
000300.SH,2025-08-06,4100.4283,4116.7085,4098.3544,4113.4852,2025-08-06
000300.SH,2025-08-07,4120.2822,4129.7382,4094.8214,4114.666,2025-08-07
000300.SH,2025-08-08,4109.2734,4122.2104,4097.4157,4104.9669,2025-08-08
000300.SH,2025-08-11,4110.2939,4134.2462,4103.605,4122.5106,2025-08-11
000300.SH,2025-08-12,4123.5762,4153.2948,4121.2243,4143.8252,2025-08-12
000300.SH,2025-08-13,4150.5037,4186.748,4147.1991,4176.5776,2025-08-13
000300.SH,2025-08-14,4179.965,4220.3109,4165.9376,4173.3131,2025-08-14
000300.SH,2025-08-15,4162.4205,4214.7291,4157.495,4202.3533,2025-08-15
000300.SH,2025-08-18,4218.2471,4272.9602,4203.4191,4239.4125,2025-08-18
000300.SH,2025-08-19,4241.7651,4264.2303,4215.2075,4223.3741,2025-08-19
000300.SH,2025-08-20,4208.4005,4272.1463,4190.5559,4271.3958,2025-08-20
000300.SH,2025-08-21,4284.3712,4308.4472,4273.6523,4288.0707,2025-08-21
000300.SH,2025-08-22,4287.3633,4378.3881,4287.3633,4377.9977,2025-08-22
000300.SH,2025-08-25,4416.2924,4472.6525,4404.7761,4469.2217,2025-08-25
000300.SH,2025-08-26,4453.3526,4476.803,4435.5275,4452.5905,2025-08-26
000300.SH,2025-08-27,4458.8399,4494.9126,4386.1266,4386.1266,2025-08-27
000300.SH,2025-08-28,4378.0351,4464.8028,4364.171,4463.782,2025-08-28
000300.SH,2025-08-29,4455.8034,4516.8395,4452.3632,4496.7591,2025-08-29
000300.SH,2025-09-01,4516.8787,4528.1342,4487.5304,4523.7111,2025-09-01
000300.SH,2025-09-02,4521.9828,4548.8937,4454.4169,4490.4528,2025-09-02
000300.SH,2025-09-03,4501.3388,4510.7303,4427.5176,4459.8296,2025-09-03
000300.SH,2025-09-04,4461.2503,4465.4967,4327.5068,4365.2085,2025-09-04
000300.SH,2025-09-05,4365.6083,4466.5603,4350.2974,4460.3249,2025-09-05
000300.SH,2025-09-08,4467.1693,4482.763,4438.0698,4467.5733,2025-09-08
000300.SH,2025-09-09,4448.739,4472.093,4412.6914,4436.2584,2025-09-09
000300.SH,2025-09-10,4438.2998,4466.6325,4414.5937,4445.3649,2025-09-10
000300.SH,2025-09-11,4438.839,4548.0345,4427.9242,4548.0345,2025-09-11
000300.SH,2025-09-12,4544.5905,4564.6665,4517.7897,4521.998,2025-09-12
000300.SH,2025-09-15,4534.8866,4566.9053,4522.4958,4533.0557,2025-09-15
000300.SH,2025-09-16,4539.9217,4552.419,4494.7875,4523.3367,2025-09-16
000300.SH,2025-09-17,4517.2855,4556.0296,4503.7959,4551.023,2025-09-17
000300.SH,2025-09-18,4546.0319,4573.8331,4454.9886,4498.109,2025-09-18
000300.SH,2025-09-19,4499.0906,4533.0919,4491.8437,4501.9195,2025-09-19
000300.SH,2025-09-22,4512.0251,4523.8695,4487.1299,4522.608,2025-09-22
000300.SH,2025-09-23,4536.7569,4560.7319,4459.7281,4519.7781,2025-09-23
000300.SH,2025-09-24,4495.2659,4567.4948,4494.1133,4566.0708,2025-09-24
000300.SH,2025-09-25,4563.9827,4613.9486,4558.8424,4593.4875,2025-09-25
000300.SH,2025-09-26,4576.9142,4597.8472,4550.0487,4550.0487,2025-09-26
000300.SH,2025-09-29,4555.0342,4647.5691,4541.4252,4620.0528,2025-09-29
000300.SH,2025-09-30,4629.8987,4647.5031,4616.2243,4640.6935,2025-09-30
000300.SH,2025-10-09,4662.1133,4726.3449,4651.9895,4709.482,2025-10-09
000300.SH,2025-10-10,4679.4983,4692.5858,4600.9646,4616.8341,2025-10-10
000300.SH,2025-10-13,4490.8661,4601.8072,4490.8661,4593.9785,2025-10-13
000300.SH,2025-10-14,4634.0543,4641.4492,4520.9258,4539.0644,2025-10-14
000300.SH,2025-10-15,4544.2431,4608.8239,4526.834,4606.2879,2025-10-15
000300.SH,2025-10-16,4588.9206,4645.0959,4586.2801,4618.4218,2025-10-16
000300.SH,2025-10-17,4610.6967,4618.5621,4509.3289,4514.2345,2025-10-17
000300.SH,2025-10-20,4558.2421,4570.4376,4520.5024,4538.2201,2025-10-20
000300.SH,2025-10-21,4556.1224,4615.463,4547.9283,4607.8715,2025-10-21
000300.SH,2025-10-22,4576.0277,4603.4884,4567.2361,4592.57,2025-10-22
000300.SH,2025-10-23,4578.7018,4611.3409,4541.6944,4606.3447,2025-10-23
000300.SH,2025-10-24,4622.7873,4660.6835,4622.7873,4660.6835,2025-10-24
000300.SH,2025-10-27,4699.3819,4720.4288,4687.6876,4716.0186,2025-10-27
000300.SH,2025-10-28,4697.7277,4734.3218,4679.2288,4691.973,2025-10-28
000300.SH,2025-10-29,4701.0362,4747.8378,4697.268,4747.8378,2025-10-29
000300.SH,2025-10-30,4735.9807,4761.8339,4706.452,4709.911,2025-10-30
000300.SH,2025-10-31,4702.4946,4706.1395,4640.6676,4640.6676,2025-10-31
000300.SH,2025-11-03,4636.7323,4653.4028,4595.7339,4653.4028,2025-11-03
000300.SH,2025-11-04,4649.3481,4665.323,4595.066,4618.699,2025-11-04
000300.SH,2025-11-05,4562.1117,4642.6101,4558.7647,4627.257,2025-11-05
000300.SH,2025-11-06,4642.0112,4698.0935,4642.0112,4693.4032,2025-11-06
000300.SH,2025-11-07,4673.7616,4701.3743,4666.0405,4678.7944,2025-11-07
000300.SH,2025-11-10,4688.124,4695.1794,4654.2103,4695.0507,2025-11-10
000300.SH,2025-11-11,4706.3374,4707.1275,4648.4896,4652.1655,2025-11-11
000300.SH,2025-11-12,4643.5592,4669.6073,4620.9897,4645.9079,2025-11-12
000300.SH,2025-11-13,4643.7862,4703.4897,4643.7862,4702.0738,2025-11-13
000300.SH,2025-11-14,4663.3175,4684.2578,4628.0242,4628.1398,2025-11-14
000300.SH,2025-11-17,4616.8058,4624.8976,4580.2613,4598.0525,2025-11-17
000300.SH,2025-11-18,4584.7896,4606.6167,4552.8038,4568.1928,2025-11-18
000300.SH,2025-11-19,4568.0365,4607.8627,4568.0365,4588.2922,2025-11-19
000300.SH,2025-11-20,4619.5401,4620.6529,4560.1814,4564.9483,2025-11-20
000300.SH,2025-11-21,4513.3858,4527.0436,4453.1819,4453.6076,2025-11-21
000300.SH,2025-11-24,4473.1563,4478.8081,4421.8123,4448.0478,2025-11-24
000300.SH,2025-11-25,4475.8359,4510.7729,4467.3529,4490.4047,2025-11-25
000300.SH,2025-11-26,4490.2021,4538.1361,4485.6984,4517.6255,2025-11-26
000300.SH,2025-11-27,4520.014,4559.2183,4509.8635,4515.4027,2025-11-27
000300.SH,2025-11-28,4511.4972,4531.7219,4492.4256,4526.6616,2025-11-28
000300.SH,2025-12-01,4539.1877,4576.9654,4531.2917,4576.4856,2025-12-01
000300.SH,2025-12-02,4571.9098,4575.4945,4539.4312,4554.3347,2025-12-02
000300.SH,2025-12-03,4554.5894,4569.821,4523.5017,4531.0486,2025-12-03
000300.SH,2025-12-04,4533.6004,4557.4228,4514.1878,4546.5664,2025-12-04
000300.SH,2025-12-05,4547.9056,4593.8279,4535.0195,4584.5368,2025-12-05
000300.SH,2025-12-08,4593.1399,4640.6256,4592.7414,4621.7545,2025-12-08
000300.SH,2025-12-09,4611.379,4628.7049,4584.254,4598.2232,2025-12-09
000300.SH,2025-12-10,4586.254,4598.5366,4549.0798,4591.8273,2025-12-10
000300.SH,2025-12-11,4597.1901,4610.2787,4547.1372,4552.1848,2025-12-11
000300.SH,2025-12-12,4558.7375,4583.6753,4530.7841,4580.95,2025-12-12
000300.SH,2025-12-15,4550.0028,4595.0463,4548.4382,4552.0596,2025-12-15
000300.SH,2025-12-16,4542.4226,4553.0806,4484.27,4497.5545,2025-12-16
000300.SH,2025-12-17,4499.7729,4594.6556,4498.9304,4579.875,2025-12-17
000300.SH,2025-12-18,4553.9788,4571.9683,4544.1416,4552.7926,2025-12-18
000300.SH,2025-12-19,4561.3729,4591.0931,4546.8465,4568.1781,2025-12-19
000300.SH,2025-12-22,4587.6683,4615.8721,4587.6683,4611.6235,2025-12-22
000300.SH,2025-12-23,4616.026,4644.5347,4607.7992,4620.7341,2025-12-23
000300.SH,2025-12-24,4623.6831,4639.4278,4602.1444,4634.0586,2025-12-24
000300.SH,2025-12-25,4629.3195,4651.1535,4621.9208,4642.5357,2025-12-25
000300.SH,2025-12-26,4639.7895,4676.131,4635.1052,4657.24,2025-12-26
000300.SH,2025-12-29,4658.2654,4672.0352,4629.0567,4639.3721,2025-12-29
000300.SH,2025-12-30,4617.3163,4664.3305,4616.6323,4651.2818,2025-12-30
000300.SH,2025-12-31,4656.48,4667.0467,4622.0988,4629.9395,2025-12-31
000300.SH,2026-01-05,4661.616,4721.6378,4661.616,4717.7457,2026-01-05
000300.SH,2026-01-06,4719.2088,4790.6938,4718.0099,4790.6938,2026-01-06
000300.SH,2026-01-07,4796.9335,4802.6028,4751.0713,4776.6658,2026-01-07
000300.SH,2026-01-08,4761.0105,4765.4863,4717.0091,4737.6536,2026-01-08
000300.SH,2026-01-09,4725.9571,4771.4276,4719.134,4758.9221,2026-01-09
000300.SH,2026-01-12,4769.6501,4795.9327,4737.5702,4789.9155,2026-01-12
000300.SH,2026-01-13,4798.0488,4836.9549,4745.5154,4761.0324,2026-01-13
000300.SH,2026-01-14,4767.6956,4818.1008,4720.246,4741.9306,2026-01-14
000300.SH,2026-01-15,4721.7966,4769.5478,4720.9368,4751.4293,2026-01-15
000300.SH,2026-01-16,4778.4302,4792.5514,4715.3646,4731.8728,2026-01-16
000300.SH,2026-01-19,4720.1945,4761.6317,4715.0867,4734.4556,2026-01-19
000300.SH,2026-01-20,4736.9096,4748.2297,4684.9684,4718.8782,2026-01-20
000300.SH,2026-01-21,4714.5541,4758.2793,4714.2366,4723.0692,2026-01-21
000300.SH,2026-01-22,4741.7548,4757.7637,4700.4482,4723.7091,2026-01-22
000300.SH,2026-01-23,4729.585,4734.7942,4684.6172,4702.4966,2026-01-23
000300.SH,2026-01-26,4715.3753,4754.1777,4693.1577,4706.964,2026-01-26
000300.SH,2026-01-27,4705.1744,4736.9857,4675.6409,4705.6918,2026-01-27
000300.SH,2026-01-28,4725.6014,4739.6257,4697.9063,4717.9914,2026-01-28
000300.SH,2026-01-29,4733.0879,4770.9599,4696.0536,4753.8697,2026-01-29
000300.SH,2026-01-30,4723.081,4738.8711,4645.4706,4706.3401,2026-01-30
000300.SH,2026-02-02,4674.2759,4716.6069,4601.7603,4605.9799,2026-02-02
000300.SH,2026-02-03,4648.3574,4662.1264,4578.2087,4660.1074,2026-02-03
000300.SH,2026-02-04,4647.9671,4701.4768,4641.8424,4698.6832,2026-02-04
000300.SH,2026-02-05,4664.7478,4687.0213,4639.43,4670.4188,2026-02-05
000300.SH,2026-02-06,4622.9747,4678.2618,4606.6379,4643.5959,2026-02-06
000300.SH,2026-02-09,4693.6715,4719.9642,4679.9037,4719.0559,2026-02-09
000300.SH,2026-02-10,4718.2552,4732.0871,4713.8684,4724.2956,2026-02-10
000300.SH,2026-02-11,4715.6697,4723.7043,4703.6873,4713.8185,2026-02-11
000300.SH,2026-02-12,4720.0085,4726.0426,4707.7359,4719.578,2026-02-12
000300.SH,2026-02-13,4693.4106,4703.6332,4658.4038,4660.4056,2026-02-13
000300.SH,2026-02-24,4727.2961,4727.373,4698.3488,4707.544,2026-02-24
000300.SH,2026-02-25,4713.5754,4766.5587,4713.3438,4735.8858,2026-02-25
000300.SH,2026-02-26,4741.3896,4742.1476,4706.6943,4726.8739,2026-02-26
000300.SH,2026-02-27,4698.3,4721.0141,4692.891,4710.6469,2026-02-27
000300.SH,2026-03-02,4681.0141,4735.4055,4667.2752,4728.6688,2026-03-02
000300.SH,2026-03-03,4737.3164,4744.5987,4651.4047,4655.8962,2026-03-03
000300.SH,2026-03-04,4609.1918,4639.4204,4575.8249,4602.6247,2026-03-04
000300.SH,2026-03-05,4651.9415,4671.5268,4630.3024,4647.6921,2026-03-05
000300.SH,2026-03-06,4621.4939,4671.7126,4612.7943,4660.439,2026-03-06
000300.SH,2026-03-09,4600.2535,4625.9814,4548.969,4615.4551,2026-03-09
000300.SH,2026-03-10,4648.7851,4677.5958,4648.7851,4674.7562,2026-03-10
000300.SH,2026-03-11,4681.0316,4711.8671,4674.7088,4704.4959,2026-03-11
000300.SH,2026-03-12,4700.7205,4704.3791,4654.3147,4687.5601,2026-03-12
000300.SH,2026-03-13,4669.0619,4707.4194,4659.4979,4669.14,2026-03-13
000300.SH,2026-03-16,4669.2241,4673.6929,4621.8118,4671.5591,2026-03-16
000300.SH,2026-03-17,4685.5697,4720.8608,4637.368,4637.4392,2026-03-17
000300.SH,2026-03-18,4648.7517,4662.2936,4604.5163,4658.3324,2026-03-18
000300.SH,2026-03-19,4611.4399,4634.5468,4570.392,4583.2511,2026-03-19
000300.SH,2026-03-20,4602.8205,4628.7118,4563.0687,4567.0179,2026-03-20
000300.SH,2026-03-23,4499.1004,4514.7182,4397.5661,4417.9971,2026-03-23
000300.SH,2026-03-24,4458.9074,4474.825,4394.2943,4474.7224,2026-03-24
000300.SH,2026-03-25,4506.6247,4542.1806,4502.0265,4537.4656,2026-03-25
000300.SH,2026-03-26,4525.3291,4541.0502,4468.9571,4477.5343,2026-03-26
000300.SH,2026-03-27,4431.5034,4519.8903,4431.4205,4502.5698,2026-03-27
000300.SH,2026-03-30,4461.7367,4496.4109,4447.1373,4491.95,2026-03-30
000300.SH,2026-03-31,4491.9209,4523.1745,4450.0493,4450.0493,2026-03-31
000300.SH,2026-04-01,4517.2717,4532.1093,4492.0544,4526.0668,2026-04-01
000300.SH,2026-04-02,4514.4416,4519.6931,4459.6095,4478.9141,2026-04-02
000300.SH,2026-04-03,4492.8461,4494.4571,4437.5952,4440.7889,2026-04-03
000300.SH,2026-04-07,4445.8613,4458.9264,4420.6939,4440.6162,2026-04-07
000300.SH,2026-04-08,4517.3403,4595.556,4513.7705,4595.556,2026-04-08
000300.SH,2026-04-09,4562.6696,4579.197,4552.4244,4566.2237,2026-04-09
000300.SH,2026-04-10,4594.9467,4655.0988,4590.1089,4636.5655,2026-04-10
000300.SH,2026-04-13,4615.133,4653.3983,4615.133,4646.1546,2026-04-13
000300.SH,2026-04-14,4676.1235,4701.2837,4654.8526,4701.2837,2026-04-14
000300.SH,2026-04-15,4726.6381,4731.2729,4672.556,4685.2464,2026-04-15
000300.SH,2026-04-16,4694.4309,4739.2208,4689.414,4736.6077,2026-04-16
000300.SH,2026-04-17,4728.9951,4738.3236,4714.4669,4728.6716,2026-04-17
000300.SH,2026-04-20,4727.1661,4763.0427,4720.6853,4757.4419,2026-04-20
000300.SH,2026-04-21,4750.5149,4776.8258,4722.0074,4767.997,2026-04-21
000300.SH,2026-04-22,4751.2794,4801.4465,4750.3502,4799.627,2026-04-22
000300.SH,2026-04-23,4816.0267,4823.4704,4759.86,4786.3273,2026-04-23
000300.SH,2026-04-24,4771.7348,4786.444,4735.606,4769.3688,2026-04-24
000300.SH,2026-04-27,4776.3351,4795.1682,4762.6441,4770.9469,2026-04-27
000300.SH,2026-04-28,4757.0766,4778.1891,4743.4355,4758.2083,2026-04-28
000300.SH,2026-04-29,4737.5755,4813.6104,4737.1139,4810.3468,2026-04-29
000300.SH,2026-04-30,4820.9716,4829.2715,4797.5445,4807.3069,2026-04-30
000300.SH,2026-05-06,4857.6537,4892.7957,4834.2807,4877.0932,2026-05-06
000300.SH,2026-05-07,4895.8001,4901.8575,4866.8749,4900.5098,2026-05-07
000300.SH,2026-05-08,4871.1185,4887.2129,4849.9871,4871.9122,2026-05-08
000300.SH,2026-05-11,4902.2775,4960.3975,4889.5659,4951.8366,2026-05-11
000300.SH,2026-05-12,4965.0175,4971.3026,4926.7897,4948.0465,2026-05-12
000300.SH,2026-05-13,4919.4248,5001.1201,4919.4248,4998.3417,2026-05-13
000300.SH,2026-05-14,5027.6405,5030.5187,4913.6037,4914.5971,2026-05-14
000300.SH,2026-05-15,4911.6223,4935.6173,4832.6899,4859.5927,2026-05-15
000300.SH,2026-05-18,4836.3286,4868.6008,4806.1455,4833.5237,2026-05-18
000300.SH,2026-05-19,4818.7051,4854.5247,4773.534,4852.8832,2026-05-19
000300.SH,2026-05-20,4829.6129,4866.2121,4825.643,4850.7,2026-05-20
000300.SH,2026-05-21,4886.2389,4937.9327,4780.7107,4783.0976,2026-05-21
000300.SH,2026-05-22,4818.8435,4851.3489,4785.3486,4845.0956,2026-05-22
000300.SH,2026-05-25,4873.1962,4922.4375,4857.1345,4921.5974,2026-05-25
000300.SH,2026-05-26,4900.1152,4952.7412,4892.683,4947.8493,2026-05-26
000300.SH,2026-05-27,4940.9454,4974.2108,4891.3428,4908.1714,2026-05-27
000300.SH,2026-05-28,4889.2659,4922.3297,4843.2265,4914.2133,2026-05-28
000300.SH,2026-05-29,4937.5119,4954.0703,4878.7869,4892.1213,2026-05-29
000300.SH,2026-06-01,4897.8968,4918.7935,4836.6851,4844.2556,2026-06-01
000300.SH,2026-06-02,4860.6119,4930.2776,4831.9972,4914.5591,2026-06-02
000300.SH,2026-06-03,4921.3445,4991.8525,4904.8969,4938.8091,2026-06-03
000300.SH,2026-06-04,4897.3164,4938.7814,4889.7456,4904.7454,2026-06-04
000300.SH,2026-06-05,4886.9645,4924.3438,4798.9103,4816.9199,2026-06-05
000300.SH,2026-06-08,4703.773,4779.8623,4677.5682,4713.6358,2026-06-08
000300.SH,2026-06-09,4743.4505,4802.5047,4715.3907,4801.8106,2026-06-09
000300.SH,2026-06-10,4753.1154,4786.5162,4718.9946,4748.5932,2026-06-10
000300.SH,2026-06-11,4730.072,4766.1728,4685.5014,4722.4122,2026-06-11
000300.SH,2026-06-12,4784.6396,4809.8606,4757.5574,4777.3206,2026-06-12
000300.SH,2026-06-15,4829.2886,4892.5502,4803.1836,4891.7126,2026-06-15
000300.SH,2026-06-16,4894.8785,4908.2817,4866.0613,4884.2322,2026-06-16
000300.SH,2026-06-17,4859.7012,4933.9288,4859.7012,4931.3861,2026-06-17
000300.SH,2026-06-18,4916.0442,4976.8909,4916.0442,4941.5986,2026-06-18
000300.SH,2026-06-22,4949.3457,5061.5105,4928.4582,5059.6582,2026-06-22
000300.SH,2026-06-23,5048.0255,5064.2654,4892.0944,4919.386,2026-06-23
000300.SH,2026-06-24,4900.3838,4953.2321,4892.2676,4943.0197,2026-06-24
000300.SH,2026-06-25,4950.9753,5031.9994,4944.876,5020.1038,2026-06-25
000300.SH,2026-06-26,4981.8251,4981.983,4845.1921,4868.2205,2026-06-26
000300.SH,2026-06-29,4866.0432,4928.5987,4827.149,4926.921,2026-06-29
000300.SH,2026-06-30,4914.4934,4987.5599,4914.4934,4979.4328,2026-06-30
000300.SH,2026-07-01,4972.6923,5017.3754,4925.6309,4958.9773,2026-07-01
000300.SH,2026-07-02,4865.1713,4896.9934,4800.4842,4812.2957,2026-07-02
000300.SH,2026-07-03,4809.4988,4890.9652,4809.4988,4842.1737,2026-07-03
000300.SH,2026-07-06,4868.5422,4878.3231,4789.7956,4841.998,2026-07-06
000300.SH,2026-07-07,4813.8707,4839.5098,4756.725,4792.2624,2026-07-07
000300.SH,2026-07-08,4804.4837,4830.0464,4751.4045,4755.5338,2026-07-08
000300.SH,2026-07-09,4774.4021,4882.8477,4734.8666,4876.3125,2026-07-09
000300.SH,2026-07-10,4887.5355,4906.4898,4780.7468,4780.7867,2026-07-10
000300.SH,2026-07-13,4745.4383,4775.2355,4670.2496,4695.383,2026-07-13
000300.SH,2026-07-14,4691.1224,4796.502,4649.0444,4796.502,2026-07-14
000300.SH,2026-07-15,4797.943,4826.8637,4772.0415,4786.7828,2026-07-15
000300.SH,2026-07-16,4711.532,4771.0573,4673.3503,4698.4344,2026-07-16
000300.SH,2026-07-17,4661.6218,4663.5311,4492.085,4529.0953,2026-07-17
000300.SH,2026-07-20,4575.6712,4628.7985,4521.1808,4598.3208,2026-07-20
000300.SH,2026-07-21,4630.8532,4739.2326,4566.281,4739.2287,2026-07-21
000300.SH,2026-07-22,4710.6602,4772.0815,4692.833,4717.2442,2026-07-22
000300.SH,2026-07-23,4735.1706,4737.5092,4698.8717,4728.0018,2026-07-23
000300.SH,2026-07-24,4685.4082,4704.0843,4642.9387,4649.1917,2026-07-24
000300.SH,2026-07-27,4656.0272,4702.5249,4615.531,4702.4272,2026-07-27
000300.SH,2026-07-28,4623.7986,4646.487,4552.2287,4569.5235,2026-07-28
000300.SH,2026-07-29,4582.0949,4626.7058,4516.3162,4600.2624,2026-07-29
000300.SH,2026-07-30,4566.0467,4596.2056,4478.2093,4549.7201,2026-07-30
000300.SH,2026-07-31,4623.8536,4635.5888,4588.1968,4588.1968,2026-07-31
000300.SH,2026-08-03,4561.817,4572.588,4529.1862,4543.1781,2026-08-03
000300.SH,2026-08-04,4566.9425,4613.6937,4555.2465,4600.9304,2026-08-04
000300.SH,2026-08-05,4550.1888,4679.8585,4550.1888,4658.1549,2026-08-05
000300.SH,2026-08-06,4621.803,4675.6455,4611.0655,4651.3098,2026-08-06
000300.SH,2026-08-07,4656.0976,4706.7288,4649.5763,4694.4365,2026-08-07
000300.SH,2026-08-10,4698.8162,4714.4648,4659.47,4702.0247,2026-08-10
000300.SH,2026-08-11,4689.4493,4715.8812,4660.4742,4663.7887,2026-08-11
000300.SH,2026-08-12,4660.4658,4700.4347,4657.6933,4690.9165,2026-08-12
000300.SH,2026-08-13,4716.9748,4727.2344,4661.8816,4663.9513,2026-08-13
000300.SH,2026-08-14,4672.9752,4676.7124,4637.1282,4665.8812,2026-08-14
000300.SH,2026-08-17,4672.2756,4742.4043,4662.715,4741.0981,2026-08-17
000300.SH,2026-08-18,4734.0733,4744.0054,4687.5259,4725.8134,2026-08-18
000300.SH,2026-08-19,4660.055,4674.3751,4568.0659,4588.6955,2026-08-19
000300.SH,2026-08-20,4613.2975,4631.126,4569.2282,4592.7504,2026-08-20
000300.SH,2026-08-21,4585.4354,4628.9996,4579.2608,4618.8952,2026-08-21
000300.SH,2026-08-24,4620.9489,4621.3893,4527.4871,4563.1266,2026-08-24
000300.SH,2026-08-25,4542.2438,4573.3777,4523.0229,4552.0326,2026-08-25
000300.SH,2026-08-26,4549.4321,4612.0375,4542.8425,4590.7935,2026-08-26
000300.SH,2026-08-27,4594.4794,4631.3486,4584.9931,4630.277,2026-08-27
000300.SH,2026-08-28,4615.8393,4643.3351,4608.4617,4609.1764,2026-08-28
000300.SH,2026-08-31,4561.9861,4625.0862,4557.3457,4625.0862,2026-08-31
000300.SH,2026-09-01,4618.7337,4640.081,4604.7695,4611.4394,2026-09-01
000300.SH,2026-09-02,4581.514,4583.2709,4534.3894,4547.9559,2026-09-02
000300.SH,2026-09-03,4570.9115,4585.9873,4536.9247,4552.5784,2026-09-03
000300.SH,2026-09-04,4575.3163,4602.1963,4530.7624,4548.0499,2026-09-04
000300.SH,2026-09-07,4567.8945,4580.7022,4545.4107,4575.0245,2026-09-07
000905.SH,2010-01-04,4508.93,4542.71,4487.365,4510.527,2010-01-04
000905.SH,2010-01-05,4513.403,4558.21,4480.188,4557.475,2010-01-05
000905.SH,2010-01-06,4553.369,4595.102,4538.719,4550.279,2010-01-06
000905.SH,2010-01-07,4540.009,4554.932,4436.767,4459.155,2010-01-07
000905.SH,2010-01-08,4439.206,4514.719,4426.235,4514.452,2010-01-08
000905.SH,2010-01-11,4549.318,4558.461,4502.994,4542.949,2010-01-11
000905.SH,2010-01-12,4535.304,4640.353,4524.675,4639.632,2010-01-12
000905.SH,2010-01-13,4544.429,4650.059,4526.838,4591.024,2010-01-13
000905.SH,2010-01-14,4598.405,4714.873,4598.405,4714.1,2010-01-14
000905.SH,2010-01-15,4720.217,4753.189,4712.624,4747.648,2010-01-15
000905.SH,2010-01-18,4744.325,4829.361,4738.911,4829.062,2010-01-18
000905.SH,2010-01-19,4835.827,4852.325,4791.99,4830.016,2010-01-19
000905.SH,2010-01-20,4830.421,4831.701,4635.669,4651.074,2010-01-20
000905.SH,2010-01-21,4646.622,4696.161,4611.76,4667.209,2010-01-21
000905.SH,2010-01-22,4613.193,4633.394,4453.69,4537.88,2010-01-22
000905.SH,2010-01-25,4515.131,4542.786,4477.187,4481.16,2010-01-25
000905.SH,2010-01-26,4467.521,4492.645,4254.323,4294.383,2010-01-26
000905.SH,2010-01-27,4290.736,4344.132,4229.517,4267.113,2010-01-27
000905.SH,2010-01-28,4266.056,4340.409,4249.771,4336.381,2010-01-28
000905.SH,2010-01-29,4316.237,4418.402,4298.654,4374.649,2010-01-29
000905.SH,2010-02-01,4366.489,4372.572,4269.33,4331.366,2010-02-01
000905.SH,2010-02-02,4344.037,4388.351,4296.883,4301.768,2010-02-02
000905.SH,2010-02-03,4299.966,4363.668,4160.352,4363.079,2010-02-03
000905.SH,2010-02-04,4342.68,4445.754,4316.813,4408.441,2010-02-04
000905.SH,2010-02-05,4312.549,4382.344,4270.71,4311.293,2010-02-05
000905.SH,2010-02-08,4299.251,4330.204,4279.662,4310.894,2010-02-08
000905.SH,2010-02-09,4300.32,4334.343,4284.517,4311.891,2010-02-09
000905.SH,2010-02-10,4333.854,4366.495,4326.019,4366.25,2010-02-10
000905.SH,2010-02-11,4367.721,4385.197,4352.114,4356.517,2010-02-11
000905.SH,2010-02-12,4365.619,4418.539,4365.477,4416.219,2010-02-12
000905.SH,2010-02-22,4412.553,4457.223,4401.057,4419.547,2010-02-22
000905.SH,2010-02-23,4414.055,4459.726,4352.442,4459.155,2010-02-23
000905.SH,2010-02-24,4438.395,4556.723,4419.452,4556.281,2010-02-24
000905.SH,2010-02-25,4565.744,4632.97,4564.024,4629.965,2010-02-25
000905.SH,2010-02-26,4618.639,4656.927,4602.016,4634.671,2010-02-26
000905.SH,2010-03-01,4635.953,4692.833,4635.953,4686.266,2010-03-01
000905.SH,2010-03-02,4692.606,4705.16,4660.166,4690.293,2010-03-02
000905.SH,2010-03-03,4690.436,4761.577,4680.311,4758.434,2010-03-03
000905.SH,2010-03-04,4763.637,4780.016,4572.07,4586.523,2010-03-04
000905.SH,2010-03-05,4590.886,4632.04,4550.096,4604.586,2010-03-05
000905.SH,2010-03-08,4618.857,4665.061,4612.218,4654.583,2010-03-08
000905.SH,2010-03-09,4653.062,4674.509,4607.864,4660.126,2010-03-09
000905.SH,2010-03-10,4659.5,4674.064,4564.431,4598.994,2010-03-10
000905.SH,2010-03-11,4594.501,4608.643,4519.026,4562.872,2010-03-11
000905.SH,2010-03-12,4561.609,4575.996,4489.534,4492.861,2010-03-12
000905.SH,2010-03-15,4485.875,4498.103,4426.189,4454.76,2010-03-15
000905.SH,2010-03-16,4453.812,4492.04,4426.607,4491.465,2010-03-16
000905.SH,2010-03-17,4500.427,4616.109,4500.255,4616.053,2010-03-17
000905.SH,2010-03-18,4627.998,4653.681,4605.912,4630.953,2010-03-18
000905.SH,2010-03-19,4632.05,4665.909,4609.013,4663.903,2010-03-19
000905.SH,2010-03-22,4669.413,4695.082,4649.531,4690.198,2010-03-22
000905.SH,2010-03-23,4690.273,4697.727,4642.975,4658.626,2010-03-23
000905.SH,2010-03-24,4662.987,4692.318,4662.536,4683.065,2010-03-24
000905.SH,2010-03-25,4675.222,4675.222,4609.165,4620.749,2010-03-25
000905.SH,2010-03-26,4609.752,4693.762,4601.691,4686.931,2010-03-26
000905.SH,2010-03-29,4701.789,4723.745,4682.409,4723.611,2010-03-29
000905.SH,2010-03-30,4720.577,4748.908,4708.428,4744.423,2010-03-30
000905.SH,2010-03-31,4744.344,4757.316,4726.518,4756.157,2010-03-31
000905.SH,2010-04-01,4756.298,4828.103,4755.933,4827.214,2010-04-01
000905.SH,2010-04-02,4833.81,4851.938,4820.065,4843.175,2010-04-02
000905.SH,2010-04-06,4853.328,4862.168,4814.252,4852.904,2010-04-06
000905.SH,2010-04-07,4851.831,4865.753,4829.017,4863.639,2010-04-07
000905.SH,2010-04-08,4856.411,4881.907,4845.605,4864.922,2010-04-08
000905.SH,2010-04-09,4866.519,4939.408,4866.243,4939.176,2010-04-09
000905.SH,2010-04-12,4948.103,4976.832,4932.626,4976.38,2010-04-12
000905.SH,2010-04-13,4977.757,4993.367,4793.284,4919.873,2010-04-13
000905.SH,2010-04-14,4910.701,4978.269,4896.573,4977.508,2010-04-14
000905.SH,2010-04-15,4975.078,4984.356,4879.912,4914.747,2010-04-15
000905.SH,2010-04-16,4900.6,4936.876,4852.407,4898.67,2010-04-16
000905.SH,2010-04-19,4850.863,4880.535,4688.12,4688.836,2010-04-19
000905.SH,2010-04-20,4680.197,4750.489,4607.2,4749.934,2010-04-20
000905.SH,2010-04-21,4753.118,4896.661,4747.387,4893.978,2010-04-21
000905.SH,2010-04-22,4881.255,4950.494,4849.557,4902.405,2010-04-22
000905.SH,2010-04-23,4892.037,4936.731,4840.168,4864.164,2010-04-23
000905.SH,2010-04-26,4868.725,4904.97,4847.913,4866.553,2010-04-26
000905.SH,2010-04-27,4852.193,4852.193,4645.159,4739.269,2010-04-27
000905.SH,2010-04-28,4682.326,4767.801,4652.872,4714.432,2010-04-28
000905.SH,2010-04-29,4730.49,4758.76,4560.131,4561.4,2010-04-29
000905.SH,2010-04-30,4540.652,4547.479,4350.147,4438.681,2010-04-30
000905.SH,2010-05-04,4353.452,4484.46,4324.504,4434.131,2010-05-04
000905.SH,2010-05-05,4388.503,4565.239,4377.384,4564.807,2010-05-05
000905.SH,2010-05-06,4557.446,4583.184,4418.739,4419.781,2010-05-06
000905.SH,2010-05-07,4313.653,4443.534,4285.466,4350.758,2010-05-07
000905.SH,2010-05-10,4346.702,4391.034,4175.665,4269.108,2010-05-10
000905.SH,2010-05-11,4350.771,4366.687,4134.601,4144.352,2010-05-11
000905.SH,2010-05-12,4100.604,4154.475,3979.128,4042.516,2010-05-12
000905.SH,2010-05-13,4042.315,4158.347,3974.102,4157.842,2010-05-13
000905.SH,2010-05-14,4129.892,4217.607,4107.176,4184.841,2010-05-14
000905.SH,2010-05-17,4125.661,4132.379,3915.752,3915.752,2010-05-17
000905.SH,2010-05-18,3894.094,3983.876,3818.29,3972.154,2010-05-18
000905.SH,2010-05-19,3946.148,4037.847,3908.64,3977.377,2010-05-19
000905.SH,2010-05-20,3941.61,4025.803,3890.352,3901.257,2010-05-20
000905.SH,2010-05-21,3787.15,3982.412,3768.097,3982.385,2010-05-21
000905.SH,2010-05-24,4016.351,4170.729,4016.351,4163.477,2010-05-24
000905.SH,2010-05-25,4134.931,4177.786,4087.096,4133.346,2010-05-25
000905.SH,2010-05-26,4117.49,4165.29,4097.242,4144.662,2010-05-26
000905.SH,2010-05-27,4133.325,4228.444,4083.622,4218.637,2010-05-27
000905.SH,2010-05-28,4254.849,4270.167,4203.488,4235.322,2010-05-28
000905.SH,2010-05-31,4214.623,4259.164,4104.364,4104.364,2010-05-31
000905.SH,2010-06-01,4059.415,4091.441,3933.393,4025.789,2010-06-01
000905.SH,2010-06-02,4004.128,4084.048,3960.335,4083.616,2010-06-02
000905.SH,2010-06-03,4099.855,4146.656,4053.546,4053.985,2010-06-03
000905.SH,2010-06-04,4025.277,4095.486,4013.969,4089.035,2010-06-04
000905.SH,2010-06-07,4000.65,4082.379,3985.146,4072.568,2010-06-07
000905.SH,2010-06-08,4064.784,4122.39,4047.819,4109.317,2010-06-08
000905.SH,2010-06-09,4124.807,4212.175,4110.434,4211.881,2010-06-09
000905.SH,2010-06-10,4191.293,4261.161,4176.428,4223.566,2010-06-10
000905.SH,2010-06-11,4239.059,4252.102,4193.082,4197.995,2010-06-11
000905.SH,2010-06-17,4221.599,4237.101,4144.069,4145.243,2010-06-17
000905.SH,2010-06-18,4131.677,4131.677,3945.727,3972.286,2010-06-18
000905.SH,2010-06-21,3960.25,4087.447,3924.415,4087.017,2010-06-21
000905.SH,2010-06-22,4081.642,4136.592,4069.225,4119.722,2010-06-22
000905.SH,2010-06-23,4098.259,4138.777,4039.925,4094.568,2010-06-23
000905.SH,2010-06-24,4090.974,4120.84,4070.488,4095.295,2010-06-24
000905.SH,2010-06-25,4079.192,4080.023,3992.374,4028.433,2010-06-25
000905.SH,2010-06-28,4023.107,4036.429,3944.47,3961.382,2010-06-28
000905.SH,2010-06-29,3960.676,3973.927,3735.119,3736.982,2010-06-29
000905.SH,2010-06-30,3699.181,3701.331,3620.274,3664.464,2010-06-30
000905.SH,2010-07-01,3657.956,3692.903,3604.357,3606.593,2010-07-01
000905.SH,2010-07-02,3600.76,3609.002,3430.361,3585.576,2010-07-02
000905.SH,2010-07-05,3535.741,3586.578,3498.903,3563.882,2010-07-05
000905.SH,2010-07-06,3556.19,3665.379,3554.071,3665.334,2010-07-06
000905.SH,2010-07-07,3672.15,3718.931,3656.298,3718.662,2010-07-07
000905.SH,2010-07-08,3729.238,3736.51,3663.731,3698.342,2010-07-08
000905.SH,2010-07-09,3699.313,3817.669,3677.338,3807.604,2010-07-09
000905.SH,2010-07-12,3809.747,3866.782,3799.429,3849.52,2010-07-12
000905.SH,2010-07-13,3816.463,3816.463,3747.396,3788.751,2010-07-13
000905.SH,2010-07-14,3795.211,3862.386,3795.176,3824.046,2010-07-14
000905.SH,2010-07-15,3817.178,3850.196,3735.285,3735.395,2010-07-15
000905.SH,2010-07-16,3713.659,3764.835,3672.02,3757.432,2010-07-16
000905.SH,2010-07-19,3718.13,3848.631,3701.931,3842.313,2010-07-19
000905.SH,2010-07-20,3849.042,3951.542,3848.741,3951.358,2010-07-20
000905.SH,2010-07-21,3953.773,4001.427,3937.484,3959.427,2010-07-21
000905.SH,2010-07-22,3947.994,4018.056,3940.463,4017.864,2010-07-22
000905.SH,2010-07-23,4020.914,4028.513,3965.704,4015.467,2010-07-23
000905.SH,2010-07-26,4023.064,4071.47,4011.746,4071.094,2010-07-26
000905.SH,2010-07-27,4062.251,4091.312,4041.898,4068.864,2010-07-27
000905.SH,2010-07-28,4061.019,4162.66,4050.187,4162.321,2010-07-28
000905.SH,2010-07-29,4170.762,4196.026,4139.942,4194.04,2010-07-29
000905.SH,2010-07-30,4181.218,4203.643,4137.235,4191.13,2010-07-30
000905.SH,2010-08-02,4192.66,4268.395,4192.523,4267.895,2010-08-02
000905.SH,2010-08-03,4277.27,4289.459,4193.298,4193.641,2010-08-03
000905.SH,2010-08-04,4178.191,4248.234,4137.646,4248.014,2010-08-04
000905.SH,2010-08-05,4247.05,4306.648,4231.469,4267.955,2010-08-05
000905.SH,2010-08-06,4260.63,4356.213,4228.669,4356.012,2010-08-06
000905.SH,2010-08-09,4357.182,4414.526,4352.923,4413.568,2010-08-09
000905.SH,2010-08-10,4412.268,4417.203,4246.46,4246.46,2010-08-10
000905.SH,2010-08-11,4230.353,4309.788,4230.353,4297.904,2010-08-11
000905.SH,2010-08-12,4248.984,4317.946,4228.531,4241.592,2010-08-12
000905.SH,2010-08-13,4240.495,4323.248,4212.205,4323.052,2010-08-13
000905.SH,2010-08-16,4322.02,4429.902,4315.022,4423.315,2010-08-16
000905.SH,2010-08-17,4436.376,4470.457,4414.214,4457.759,2010-08-17
000905.SH,2010-08-18,4462.578,4475.923,4409.594,4457.127,2010-08-18
000905.SH,2010-08-19,4456.274,4491.738,4423.987,4461.488,2010-08-19
000905.SH,2010-08-20,4442.693,4444.851,4350.155,4366.604,2010-08-20
000905.SH,2010-08-23,4363.169,4416.826,4362.72,4404.718,2010-08-23
000905.SH,2010-08-24,4401.523,4476.262,4370.569,4456.497,2010-08-24
000905.SH,2010-08-25,4428.36,4457.837,4364.061,4368.304,2010-08-25
000905.SH,2010-08-26,4376.923,4415.836,4355.032,4399.284,2010-08-26
000905.SH,2010-08-27,4393.99,4437.794,4375.391,4431.444,2010-08-27
000905.SH,2010-08-30,4453.05,4553.398,4453.05,4553.023,2010-08-30
000905.SH,2010-08-31,4541.767,4605.176,4529.735,4589.289,2010-08-31
000905.SH,2010-09-01,4595.208,4613.088,4473.568,4530.229,2010-09-01
000905.SH,2010-09-02,4562.431,4631.0,4545.787,4625.395,2010-09-02
000905.SH,2010-09-03,4632.26,4671.343,4596.122,4662.96,2010-09-03
000905.SH,2010-09-06,4682.262,4692.106,4616.069,4651.963,2010-09-06
000905.SH,2010-09-07,4650.949,4680.332,4613.393,4679.942,2010-09-07
000905.SH,2010-09-08,4660.898,4723.833,4644.349,4720.375,2010-09-08
000905.SH,2010-09-09,4730.861,4746.029,4649.038,4658.009,2010-09-09
000905.SH,2010-09-10,4655.704,4712.56,4593.45,4705.31,2010-09-10
000905.SH,2010-09-13,4713.062,4791.48,4707.358,4789.693,2010-09-13
000905.SH,2010-09-14,4796.464,4821.55,4770.364,4805.416,2010-09-14
000905.SH,2010-09-15,4802.611,4802.611,4712.529,4730.143,2010-09-15
000905.SH,2010-09-16,4721.555,4739.427,4558.399,4610.916,2010-09-16
000905.SH,2010-09-17,4616.572,4646.197,4575.79,4603.489,2010-09-17
000905.SH,2010-09-20,4608.853,4622.512,4531.484,4553.12,2010-09-20
000905.SH,2010-09-21,4561.669,4576.037,4516.613,4546.724,2010-09-21
000905.SH,2010-09-27,4570.608,4673.762,4570.608,4673.602,2010-09-27
000905.SH,2010-09-28,4672.15,4695.04,4643.173,4654.345,2010-09-28
000905.SH,2010-09-29,4648.162,4659.562,4577.403,4590.317,2010-09-29
000905.SH,2010-09-30,4564.812,4660.605,4553.959,4660.605,2010-09-30
000905.SH,2010-10-08,4696.379,4787.448,4691.637,4767.967,2010-10-08
000905.SH,2010-10-11,4784.653,4825.355,4746.544,4789.155,2010-10-11
000905.SH,2010-10-12,4772.91,4808.126,4748.743,4806.029,2010-10-12
000905.SH,2010-10-13,4808.389,4838.859,4765.944,4836.737,2010-10-13
000905.SH,2010-10-14,4842.689,4848.857,4675.383,4679.548,2010-10-14
000905.SH,2010-10-15,4654.273,4719.928,4638.239,4691.45,2010-10-15
000905.SH,2010-10-18,4699.028,4701.156,4545.066,4636.639,2010-10-18
000905.SH,2010-10-19,4637.959,4779.113,4637.05,4778.607,2010-10-19
000905.SH,2010-10-20,4682.654,4828.9,4661.194,4794.194,2010-10-20
000905.SH,2010-10-21,4805.704,4844.54,4771.607,4833.8,2010-10-21
000905.SH,2010-10-22,4837.328,4892.619,4826.825,4877.927,2010-10-22
000905.SH,2010-10-25,4894.852,4998.892,4894.806,4998.5,2010-10-25
000905.SH,2010-10-26,5010.024,5046.65,4983.839,5046.148,2010-10-26
000905.SH,2010-10-27,5046.211,5088.85,4976.714,4994.774,2010-10-27
000905.SH,2010-10-28,4978.536,5020.066,4952.708,4999.59,2010-10-28
000905.SH,2010-10-29,5005.657,5068.704,4992.81,5055.492,2010-10-29
000905.SH,2010-11-01,5072.758,5199.812,5072.758,5199.525,2010-11-01
000905.SH,2010-11-02,5211.466,5272.446,5171.501,5173.066,2010-11-02
000905.SH,2010-11-03,5165.912,5197.959,5096.457,5098.539,2010-11-03
000905.SH,2010-11-04,5104.775,5228.924,5104.775,5228.296,2010-11-04
000905.SH,2010-11-05,5274.568,5313.483,5244.377,5311.77,2010-11-05
000905.SH,2010-11-08,5338.512,5431.394,5330.514,5431.091,2010-11-08
000905.SH,2010-11-09,5435.364,5468.36,5398.702,5467.839,2010-11-09
000905.SH,2010-11-10,5459.4,5504.881,5432.626,5484.742,2010-11-10
000905.SH,2010-11-11,5462.758,5581.354,5440.099,5440.099,2010-11-11
000905.SH,2010-11-12,5411.866,5445.708,5094.799,5111.189,2010-11-12
000905.SH,2010-11-15,5117.16,5255.852,5083.851,5255.267,2010-11-15
000905.SH,2010-11-16,5259.513,5288.967,5017.246,5068.465,2010-11-16
000905.SH,2010-11-17,4989.798,5039.089,4830.509,4855.85,2010-11-17
000905.SH,2010-11-18,4885.909,4941.199,4814.422,4932.401,2010-11-18
000905.SH,2010-11-19,4959.062,5081.03,4919.28,5081.03,2010-11-19
000905.SH,2010-11-22,5049.463,5190.605,5036.316,5150.665,2010-11-22
000905.SH,2010-11-23,5129.372,5129.372,4970.488,5063.237,2010-11-23
000905.SH,2010-11-24,5022.128,5206.422,5017.934,5206.149,2010-11-24
000905.SH,2010-11-25,5228.268,5278.319,5226.983,5259.81,2010-11-25
000905.SH,2010-11-26,5255.255,5256.399,5169.034,5227.648,2010-11-26
000905.SH,2010-11-29,5214.449,5273.791,5180.657,5248.747,2010-11-29
000905.SH,2010-11-30,5238.5,5257.098,4960.708,5110.875,2010-11-30
000905.SH,2010-12-01,5090.402,5139.96,5071.354,5116.837,2010-12-01
000905.SH,2010-12-02,5175.258,5192.633,5135.673,5138.487,2010-12-02
000905.SH,2010-12-03,5135.826,5145.805,5052.433,5100.366,2010-12-03
000905.SH,2010-12-06,5103.86,5114.069,4989.281,5016.528,2010-12-06
000905.SH,2010-12-07,4999.589,5088.755,4931.88,5084.583,2010-12-07
000905.SH,2010-12-08,5077.549,5133.247,5059.584,5069.97,2010-12-08
000905.SH,2010-12-09,5047.044,5047.044,4964.253,4964.901,2010-12-09
000905.SH,2010-12-10,4944.929,5045.95,4935.281,5039.165,2010-12-10
000905.SH,2010-12-13,5063.009,5179.518,5063.009,5179.021,2010-12-13
000905.SH,2010-12-14,5194.939,5244.531,5181.198,5244.038,2010-12-14
000905.SH,2010-12-15,5244.803,5276.137,5211.7,5230.68,2010-12-15
000905.SH,2010-12-16,5219.084,5250.386,5200.879,5216.851,2010-12-16
000905.SH,2010-12-17,5212.136,5230.33,5187.398,5228.337,2010-12-17
000905.SH,2010-12-20,5246.417,5264.206,5043.659,5163.529,2010-12-20
000905.SH,2010-12-21,5166.336,5223.395,5123.268,5222.792,2010-12-21
000905.SH,2010-12-22,5225.766,5226.18,5157.318,5174.539,2010-12-22
000905.SH,2010-12-23,5161.257,5170.18,5060.526,5069.523,2010-12-23
000905.SH,2010-12-24,5046.942,5046.942,4947.222,4991.544,2010-12-24
000905.SH,2010-12-27,4993.383,5048.595,4832.529,4849.63,2010-12-27
000905.SH,2010-12-28,4820.824,4827.345,4700.561,4730.497,2010-12-28
000905.SH,2010-12-29,4730.63,4813.242,4723.291,4812.532,2010-12-29
000905.SH,2010-12-30,4810.442,4846.653,4777.84,4828.489,2010-12-30
000905.SH,2010-12-31,4833.887,4936.716,4833.887,4936.716,2010-12-31
000905.SH,2011-01-04,4964.214,5012.057,4938.942,5011.498,2011-01-04
000905.SH,2011-01-05,4989.105,5038.872,4964.866,5028.766,2011-01-05
000905.SH,2011-01-06,5026.331,5047.259,4992.165,5001.283,2011-01-06
000905.SH,2011-01-07,4990.698,5028.274,4945.784,4975.144,2011-01-07
000905.SH,2011-01-10,4966.563,4970.422,4816.581,4830.562,2011-01-10
000905.SH,2011-01-11,4811.16,4815.497,4747.492,4804.822,2011-01-11
000905.SH,2011-01-12,4813.485,4846.947,4764.469,4833.58,2011-01-12
000905.SH,2011-01-13,4851.682,4859.531,4810.905,4826.757,2011-01-13
000905.SH,2011-01-14,4816.662,4816.662,4719.152,4723.426,2011-01-14
000905.SH,2011-01-17,4690.877,4691.571,4507.571,4519.913,2011-01-17
000905.SH,2011-01-18,4502.064,4550.287,4483.502,4536.964,2011-01-18
000905.SH,2011-01-19,4538.986,4646.088,4530.607,4646.087,2011-01-19
000905.SH,2011-01-20,4637.773,4637.773,4476.561,4477.359,2011-01-20
000905.SH,2011-01-21,4459.988,4549.586,4445.23,4506.322,2011-01-21
000905.SH,2011-01-24,4506.61,4521.13,4397.017,4398.495,2011-01-24
000905.SH,2011-01-25,4390.157,4392.215,4307.907,4341.909,2011-01-25
000905.SH,2011-01-26,4339.862,4426.247,4339.862,4424.892,2011-01-26
000905.SH,2011-01-27,4397.929,4514.428,4369.867,4502.808,2011-01-27
000905.SH,2011-01-28,4497.829,4559.362,4493.837,4548.206,2011-01-28
000905.SH,2011-01-31,4544.334,4611.0,4536.187,4610.86,2011-01-31
000905.SH,2011-02-01,4612.399,4638.606,4604.912,4630.58,2011-02-01
000905.SH,2011-02-09,4597.537,4654.589,4584.899,4609.717,2011-02-09
000905.SH,2011-02-10,4604.844,4734.056,4602.333,4733.973,2011-02-10
000905.SH,2011-02-11,4736.272,4803.099,4729.387,4786.806,2011-02-11
000905.SH,2011-02-14,4792.853,4884.993,4792.853,4872.495,2011-02-14
000905.SH,2011-02-15,4878.681,4932.331,4862.772,4869.687,2011-02-15
000905.SH,2011-02-16,4860.888,4952.946,4855.949,4952.667,2011-02-16
000905.SH,2011-02-17,4962.125,4990.754,4917.952,4987.48,2011-02-17
000905.SH,2011-02-18,4977.22,4984.182,4915.666,4941.432,2011-02-18
000905.SH,2011-02-21,4911.806,5043.248,4905.363,5042.967,2011-02-21
000905.SH,2011-02-22,5052.357,5058.747,4908.246,4909.745,2011-02-22
000905.SH,2011-02-23,4891.245,4983.233,4891.245,4979.057,2011-02-23
000905.SH,2011-02-24,4976.341,5033.104,4963.761,5027.731,2011-02-24
000905.SH,2011-02-25,5019.504,5039.792,4964.35,5032.797,2011-02-25
000905.SH,2011-02-28,5040.223,5095.569,5007.648,5095.208,2011-02-28
000905.SH,2011-03-01,5099.698,5143.77,5082.044,5122.441,2011-03-01
000905.SH,2011-03-02,5099.475,5120.412,5024.864,5108.74,2011-03-02
000905.SH,2011-03-03,5106.39,5124.61,5000.542,5009.047,2011-03-03
000905.SH,2011-03-04,5005.555,5067.917,4989.647,5067.621,2011-03-04
000905.SH,2011-03-07,5085.455,5138.652,5085.455,5138.248,2011-03-07
000905.SH,2011-03-08,5135.355,5166.36,5113.086,5165.735,2011-03-08
000905.SH,2011-03-09,5168.132,5186.033,5147.866,5181.368,2011-03-09
000905.SH,2011-03-10,5174.026,5174.026,5139.782,5143.413,2011-03-10
000905.SH,2011-03-11,5118.071,5200.699,5113.482,5139.746,2011-03-11
000905.SH,2011-03-14,5127.142,5190.727,5111.01,5190.037,2011-03-14
000905.SH,2011-03-15,5178.085,5178.085,5016.883,5131.332,2011-03-15
000905.SH,2011-03-16,5122.271,5200.065,5119.192,5199.358,2011-03-16
000905.SH,2011-03-17,5151.638,5185.415,5080.527,5104.134,2011-03-17
000905.SH,2011-03-18,5133.772,5160.803,5105.058,5126.934,2011-03-18
000905.SH,2011-03-21,5120.672,5130.928,5062.79,5086.108,2011-03-21
000905.SH,2011-03-22,5093.408,5102.431,5020.755,5085.812,2011-03-22
000905.SH,2011-03-23,5084.77,5155.585,5076.72,5155.337,2011-03-23
000905.SH,2011-03-24,5159.198,5185.502,5149.663,5169.264,2011-03-24
000905.SH,2011-03-25,5164.824,5218.064,5164.779,5212.345,2011-03-25
000905.SH,2011-03-28,5223.068,5231.728,5187.454,5199.552,2011-03-28
000905.SH,2011-03-29,5185.679,5191.536,5105.034,5111.153,2011-03-29
000905.SH,2011-03-30,5101.114,5117.221,5036.286,5064.545,2011-03-30
000905.SH,2011-03-31,5065.12,5079.233,4985.024,5000.402,2011-03-31
000905.SH,2011-04-01,4999.764,5065.076,4991.794,5065.076,2011-04-01
000905.SH,2011-04-06,5046.9,5070.336,5019.492,5057.84,2011-04-06
000905.SH,2011-04-07,5056.088,5090.022,5045.186,5089.751,2011-04-07
000905.SH,2011-04-08,5087.313,5149.053,5079.649,5148.799,2011-04-08
000905.SH,2011-04-11,5157.067,5162.489,5102.709,5107.137,2011-04-11
000905.SH,2011-04-12,5096.566,5139.03,5083.386,5114.459,2011-04-12
000905.SH,2011-04-13,5098.644,5165.492,5069.387,5165.207,2011-04-13
000905.SH,2011-04-14,5162.306,5175.238,5139.996,5150.869,2011-04-14
000905.SH,2011-04-15,5143.297,5162.415,5103.086,5162.415,2011-04-15
000905.SH,2011-04-18,5149.342,5179.447,5140.41,5178.894,2011-04-18
000905.SH,2011-04-19,5149.656,5153.556,5095.604,5116.144,2011-04-19
000905.SH,2011-04-20,5116.111,5154.741,5116.111,5152.395,2011-04-20
000905.SH,2011-04-21,5169.623,5191.014,5159.96,5188.111,2011-04-21
000905.SH,2011-04-22,5187.764,5193.214,5150.424,5165.123,2011-04-22
000905.SH,2011-04-25,5152.071,5152.071,5054.768,5054.768,2011-04-25
000905.SH,2011-04-26,5033.79,5047.339,4943.063,4970.572,2011-04-26
000905.SH,2011-04-27,4977.952,5003.858,4872.507,4913.497,2011-04-27
000905.SH,2011-04-28,4920.935,4937.108,4752.406,4755.416,2011-04-28
000905.SH,2011-04-29,4749.531,4837.004,4738.454,4836.866,2011-04-29
000905.SH,2011-05-03,4836.86,4920.709,4816.023,4920.57,2011-05-03
000905.SH,2011-05-04,4900.436,4900.436,4798.406,4814.781,2011-05-04
000905.SH,2011-05-05,4792.13,4842.37,4784.697,4827.212,2011-05-05
000905.SH,2011-05-06,4787.522,4874.976,4764.837,4849.969,2011-05-06
000905.SH,2011-05-09,4855.837,4897.756,4855.837,4889.92,2011-05-09
000905.SH,2011-05-10,4893.953,4918.868,4871.446,4918.674,2011-05-10
000905.SH,2011-05-11,4919.243,4949.018,4880.31,4929.488,2011-05-11
000905.SH,2011-05-12,4896.335,4940.818,4863.122,4863.795,2011-05-12
000905.SH,2011-05-13,4860.034,4903.107,4817.829,4902.564,2011-05-13
000905.SH,2011-05-16,4900.004,4931.125,4892.239,4900.706,2011-05-16
000905.SH,2011-05-17,4892.293,4912.709,4823.065,4873.954,2011-05-17
000905.SH,2011-05-18,4859.321,4907.746,4850.45,4906.189,2011-05-18
000905.SH,2011-05-19,4912.813,4929.212,4875.803,4879.892,2011-05-19
000905.SH,2011-05-20,4875.08,4886.591,4837.978,4863.185,2011-05-20
000905.SH,2011-05-23,4853.899,4853.92,4677.455,4679.527,2011-05-23
000905.SH,2011-05-24,4656.012,4676.835,4590.126,4672.076,2011-05-24
000905.SH,2011-05-25,4667.636,4689.694,4613.676,4618.748,2011-05-25
000905.SH,2011-05-26,4635.946,4662.29,4572.323,4572.942,2011-05-26
000905.SH,2011-05-27,4561.772,4567.228,4425.763,4428.894,2011-05-27
000905.SH,2011-05-30,4402.999,4427.001,4339.079,4345.048,2011-05-30
000905.SH,2011-05-31,4347.99,4444.591,4339.625,4444.276,2011-05-31
000905.SH,2011-06-01,4439.386,4494.0,4424.2,4490.892,2011-06-01
000905.SH,2011-06-02,4434.863,4452.534,4363.895,4429.999,2011-06-02
000905.SH,2011-06-03,4425.488,4514.305,4424.198,4506.196,2011-06-03
000905.SH,2011-06-07,4496.959,4548.218,4490.624,4547.303,2011-06-07
000905.SH,2011-06-08,4542.698,4568.288,4486.645,4562.972,2011-06-08
000905.SH,2011-06-09,4552.066,4553.712,4456.59,4456.73,2011-06-09
000905.SH,2011-06-10,4442.511,4469.578,4383.199,4469.049,2011-06-10
000905.SH,2011-06-13,4439.868,4475.693,4408.064,4468.787,2011-06-13
000905.SH,2011-06-14,4466.99,4546.73,4461.534,4540.939,2011-06-14
000905.SH,2011-06-15,4531.363,4562.039,4498.778,4499.694,2011-06-15
000905.SH,2011-06-16,4461.257,4466.776,4396.206,4402.143,2011-06-16
000905.SH,2011-06-17,4392.983,4415.159,4332.487,4337.367,2011-06-17
000905.SH,2011-06-20,4325.604,4333.572,4251.108,4278.753,2011-06-20
000905.SH,2011-06-21,4286.358,4338.852,4269.924,4338.422,2011-06-21
000905.SH,2011-06-22,4341.356,4350.921,4300.643,4321.219,2011-06-22
000905.SH,2011-06-23,4307.814,4411.86,4276.729,4402.938,2011-06-23
000905.SH,2011-06-24,4390.09,4533.705,4381.799,4509.18,2011-06-24
000905.SH,2011-06-27,4511.764,4578.316,4510.722,4568.189,2011-06-27
000905.SH,2011-06-28,4569.757,4582.624,4529.179,4574.477,2011-06-28
000905.SH,2011-06-29,4570.843,4583.488,4511.281,4511.545,2011-06-29
000905.SH,2011-06-30,4506.748,4585.256,4506.738,4579.332,2011-06-30
000905.SH,2011-07-01,4589.175,4635.248,4582.329,4604.746,2011-07-01
000905.SH,2011-07-04,4617.952,4719.57,4617.952,4719.391,2011-07-04
000905.SH,2011-07-05,4722.327,4758.075,4711.168,4749.424,2011-07-05
000905.SH,2011-07-06,4742.166,4763.24,4705.385,4760.917,2011-07-06
000905.SH,2011-07-07,4757.074,4813.338,4742.37,4761.452,2011-07-07
000905.SH,2011-07-08,4755.751,4769.55,4720.234,4756.614,2011-07-08
000905.SH,2011-07-11,4741.98,4802.445,4728.494,4799.42,2011-07-11
000905.SH,2011-07-12,4762.094,4771.59,4727.67,4731.118,2011-07-12
000905.SH,2011-07-13,4729.198,4825.504,4729.198,4825.419,2011-07-13
000905.SH,2011-07-14,4833.752,4866.241,4813.49,4866.165,2011-07-14
000905.SH,2011-07-15,4853.755,4896.095,4842.785,4896.043,2011-07-15
000905.SH,2011-07-18,4902.222,4919.141,4876.484,4895.26,2011-07-18
000905.SH,2011-07-19,4871.677,4871.932,4822.447,4843.705,2011-07-19
000905.SH,2011-07-20,4864.276,4881.459,4801.611,4849.057,2011-07-20
000905.SH,2011-07-21,4846.336,4850.55,4782.397,4784.388,2011-07-21
000905.SH,2011-07-22,4791.455,4822.813,4781.41,4800.938,2011-07-22
000905.SH,2011-07-25,4784.969,4784.969,4597.736,4613.73,2011-07-25
000905.SH,2011-07-26,4604.987,4634.315,4576.932,4633.372,2011-07-26
000905.SH,2011-07-27,4621.503,4716.304,4596.428,4710.379,2011-07-27
000905.SH,2011-07-28,4670.916,4685.455,4633.672,4680.898,2011-07-28
000905.SH,2011-07-29,4678.778,4694.059,4611.901,4628.32,2011-07-29
000905.SH,2011-08-01,4622.697,4665.177,4607.555,4644.462,2011-08-01
000905.SH,2011-08-02,4627.383,4627.383,4539.429,4610.783,2011-08-02
000905.SH,2011-08-03,4565.755,4638.64,4551.48,4625.173,2011-08-03
000905.SH,2011-08-04,4631.416,4670.995,4631.283,4649.425,2011-08-04
000905.SH,2011-08-05,4504.078,4589.082,4472.615,4559.018,2011-08-05
000905.SH,2011-08-08,4494.38,4514.617,4242.869,4330.771,2011-08-08
000905.SH,2011-08-09,4199.126,4347.313,4113.01,4317.107,2011-08-09
000905.SH,2011-08-10,4389.153,4433.094,4372.641,4378.698,2011-08-10
000905.SH,2011-08-11,4283.237,4454.481,4270.616,4454.394,2011-08-11
000905.SH,2011-08-12,4483.849,4526.498,4480.118,4505.886,2011-08-12
000905.SH,2011-08-15,4514.646,4571.719,4509.628,4571.719,2011-08-15
000905.SH,2011-08-16,4578.349,4587.138,4520.935,4533.321,2011-08-16
000905.SH,2011-08-17,4520.685,4543.879,4499.164,4513.485,2011-08-17
000905.SH,2011-08-18,4510.135,4516.036,4434.994,4436.101,2011-08-18
000905.SH,2011-08-19,4341.185,4395.602,4325.037,4395.019,2011-08-19
000905.SH,2011-08-22,4395.034,4435.302,4348.668,4363.959,2011-08-22
000905.SH,2011-08-23,4376.262,4435.208,4365.842,4434.922,2011-08-23
000905.SH,2011-08-24,4453.427,4474.095,4420.293,4427.978,2011-08-24
000905.SH,2011-08-25,4432.405,4520.171,4421.598,4520.171,2011-08-25
000905.SH,2011-08-26,4506.09,4541.465,4496.183,4530.423,2011-08-26
000905.SH,2011-08-29,4509.894,4512.649,4481.293,4490.158,2011-08-29
000905.SH,2011-08-30,4511.253,4541.561,4450.728,4451.726,2011-08-30
000905.SH,2011-08-31,4449.678,4468.137,4386.63,4430.538,2011-08-31
000905.SH,2011-09-01,4435.333,4457.048,4379.095,4395.069,2011-09-01
000905.SH,2011-09-02,4387.301,4399.85,4317.64,4344.977,2011-09-02
000905.SH,2011-09-05,4305.438,4305.438,4237.444,4238.069,2011-09-05
000905.SH,2011-09-06,4205.087,4238.294,4185.796,4204.908,2011-09-06
000905.SH,2011-09-07,4221.987,4306.464,4219.85,4306.361,2011-09-07
000905.SH,2011-09-08,4320.53,4328.205,4260.138,4260.155,2011-09-08
000905.SH,2011-09-09,4256.48,4295.103,4216.421,4233.748,2011-09-09
000905.SH,2011-09-13,4176.302,4176.882,4136.969,4164.288,2011-09-13
000905.SH,2011-09-14,4176.037,4212.294,4111.119,4212.129,2011-09-14
000905.SH,2011-09-15,4215.371,4249.536,4206.876,4215.5,2011-09-15
000905.SH,2011-09-16,4229.003,4249.175,4212.293,4214.816,2011-09-16
000905.SH,2011-09-19,4200.475,4200.475,4131.315,4131.885,2011-09-19
000905.SH,2011-09-20,4121.035,4168.236,4101.698,4151.851,2011-09-20
000905.SH,2011-09-21,4150.817,4279.121,4140.343,4275.094,2011-09-21
000905.SH,2011-09-22,4241.42,4258.609,4151.124,4151.8,2011-09-22
000905.SH,2011-09-23,4079.06,4134.224,4061.826,4117.735,2011-09-23
000905.SH,2011-09-26,4102.608,4138.349,4039.548,4051.425,2011-09-26
000905.SH,2011-09-27,4077.227,4098.021,4027.714,4068.231,2011-09-27
000905.SH,2011-09-28,4088.779,4099.344,3987.269,3999.782,2011-09-28
000905.SH,2011-09-29,3977.135,3977.135,3868.939,3871.06,2011-09-29
000905.SH,2011-09-30,3875.023,3892.381,3818.246,3856.828,2011-09-30
000905.SH,2011-10-10,3866.855,3882.782,3822.277,3832.577,2011-10-10
000905.SH,2011-10-11,3919.441,3942.046,3778.518,3817.927,2011-10-11
000905.SH,2011-10-12,3803.959,3953.142,3768.106,3950.655,2011-10-12
000905.SH,2011-10-13,3943.164,4009.781,3929.828,4001.853,2011-10-13
000905.SH,2011-10-14,3994.733,4004.931,3948.439,3985.193,2011-10-14
000905.SH,2011-10-17,3993.749,4024.237,3974.382,3997.121,2011-10-17
000905.SH,2011-10-18,3974.464,3974.892,3873.373,3877.024,2011-10-18
000905.SH,2011-10-19,3882.017,3898.81,3837.237,3854.169,2011-10-19
000905.SH,2011-10-20,3841.263,3841.263,3710.95,3740.469,2011-10-20
000905.SH,2011-10-21,3733.701,3743.341,3669.692,3671.695,2011-10-21
000905.SH,2011-10-24,3675.716,3736.765,3605.944,3736.765,2011-10-24
000905.SH,2011-10-25,3735.625,3850.077,3726.246,3842.978,2011-10-25
000905.SH,2011-10-26,3818.24,3921.25,3808.3,3884.39,2011-10-26
000905.SH,2011-10-27,3890.258,3927.437,3872.904,3888.992,2011-10-27
000905.SH,2011-10-28,3932.852,3978.8,3918.357,3978.8,2011-10-28
000905.SH,2011-10-31,3975.072,4004.385,3963.274,3999.362,2011-10-31
000905.SH,2011-11-01,3963.37,4020.457,3950.743,3999.831,2011-11-01
000905.SH,2011-11-02,3937.898,4073.122,3919.688,4072.781,2011-11-02
000905.SH,2011-11-03,4085.502,4150.039,4085.313,4097.618,2011-11-03
000905.SH,2011-11-04,4115.097,4140.634,4093.924,4131.13,2011-11-04
000905.SH,2011-11-07,4125.02,4159.97,4107.558,4114.767,2011-11-07
000905.SH,2011-11-08,4115.769,4125.092,4049.811,4057.555,2011-11-08
000905.SH,2011-11-09,4065.198,4126.003,4025.716,4126.003,2011-11-09
000905.SH,2011-11-10,4080.357,4112.367,4063.747,4064.371,2011-11-10
000905.SH,2011-11-11,4069.401,4096.569,4043.757,4062.144,2011-11-11
000905.SH,2011-11-14,4092.055,4159.699,4092.055,4159.567,2011-11-14
000905.SH,2011-11-15,4159.16,4192.767,4153.33,4192.665,2011-11-15
000905.SH,2011-11-16,4194.375,4195.294,4070.9,4088.323,2011-11-16
000905.SH,2011-11-17,4086.506,4125.854,4066.119,4079.536,2011-11-17
000905.SH,2011-11-18,4054.459,4054.459,3955.063,3963.258,2011-11-18
000905.SH,2011-11-21,3956.393,3966.811,3917.031,3966.636,2011-11-21
000905.SH,2011-11-22,3932.5,3960.55,3902.131,3957.93,2011-11-22
000905.SH,2011-11-23,3964.142,3978.471,3932.436,3942.695,2011-11-23
000905.SH,2011-11-24,3909.388,3957.878,3880.583,3935.273,2011-11-24
000905.SH,2011-11-25,3931.095,3960.848,3899.059,3911.356,2011-11-25
000905.SH,2011-11-28,3915.999,3932.404,3885.694,3915.298,2011-11-28
000905.SH,2011-11-29,3945.356,3980.618,3929.02,3980.618,2011-11-29
000905.SH,2011-11-30,3974.726,3974.726,3776.586,3819.942,2011-11-30
000905.SH,2011-12-01,3923.165,3960.341,3885.866,3897.019,2011-12-01
000905.SH,2011-12-02,3878.014,3878.014,3797.284,3817.041,2011-12-02
000905.SH,2011-12-05,3806.467,3807.05,3682.057,3692.227,2011-12-05
000905.SH,2011-12-06,3679.736,3704.344,3646.073,3691.804,2011-12-06
000905.SH,2011-12-07,3689.05,3718.707,3674.532,3702.103,2011-12-07
000905.SH,2011-12-08,3695.873,3732.22,3635.547,3700.089,2011-12-08
000905.SH,2011-12-09,3672.591,3706.247,3651.698,3663.843,2011-12-09
000905.SH,2011-12-12,3663.562,3675.946,3612.64,3616.087,2011-12-12
000905.SH,2011-12-13,3597.092,3597.092,3482.232,3490.4,2011-12-13
000905.SH,2011-12-14,3477.046,3505.881,3416.709,3423.474,2011-12-14
000905.SH,2011-12-15,3401.499,3401.499,3324.881,3329.575,2011-12-15
000905.SH,2011-12-16,3328.212,3427.339,3324.588,3427.214,2011-12-16
000905.SH,2011-12-19,3408.564,3436.632,3348.259,3434.845,2011-12-19
000905.SH,2011-12-20,3422.761,3474.089,3415.351,3424.448,2011-12-20
000905.SH,2011-12-21,3449.369,3463.319,3340.329,3342.401,2011-12-21
000905.SH,2011-12-22,3315.839,3331.42,3196.837,3298.724,2011-12-22
000905.SH,2011-12-23,3286.448,3357.428,3271.441,3327.394,2011-12-23
000905.SH,2011-12-26,3321.981,3357.362,3307.287,3308.072,2011-12-26
000905.SH,2011-12-27,3297.413,3297.413,3218.543,3224.148,2011-12-27
000905.SH,2011-12-28,3201.309,3208.908,3128.147,3207.399,2011-12-28
000905.SH,2011-12-29,3190.193,3225.004,3180.059,3207.181,2011-12-29
000905.SH,2011-12-30,3214.195,3267.65,3214.195,3266.775,2011-12-30
000905.SH,2012-01-04,3290.819,3300.009,3191.991,3192.234,2012-01-04
000905.SH,2012-01-05,3173.007,3173.007,3070.447,3074.368,2012-01-05
000905.SH,2012-01-06,3060.446,3087.546,3002.983,3087.546,2012-01-06
000905.SH,2012-01-09,3089.448,3213.055,3056.186,3212.904,2012-01-09
000905.SH,2012-01-10,3211.573,3345.42,3202.968,3345.391,2012-01-10
000905.SH,2012-01-11,3342.551,3367.402,3315.668,3346.742,2012-01-11
000905.SH,2012-01-12,3330.897,3388.389,3323.137,3345.812,2012-01-12
000905.SH,2012-01-13,3343.527,3349.681,3210.321,3233.701,2012-01-13
000905.SH,2012-01-16,3201.011,3217.373,3130.321,3130.558,2012-01-16
000905.SH,2012-01-17,3128.514,3305.004,3110.36,3304.88,2012-01-17
000905.SH,2012-01-18,3310.036,3342.365,3223.986,3237.852,2012-01-18
000905.SH,2012-01-19,3230.875,3288.202,3208.054,3270.765,2012-01-19
000905.SH,2012-01-20,3276.481,3323.124,3267.026,3315.603,2012-01-20
000905.SH,2012-01-30,3326.61,3337.064,3290.536,3292.409,2012-01-30
000905.SH,2012-01-31,3284.899,3297.191,3251.42,3294.494,2012-01-31
000905.SH,2012-02-01,3287.222,3318.367,3255.628,3266.234,2012-02-01
000905.SH,2012-02-02,3271.593,3328.249,3266.962,3328.153,2012-02-02
000905.SH,2012-02-03,3324.399,3390.33,3315.689,3383.05,2012-02-03
000905.SH,2012-02-06,3387.219,3420.002,3381.763,3412.405,2012-02-06
000905.SH,2012-02-07,3397.769,3397.769,3333.639,3356.838,2012-02-07
000905.SH,2012-02-08,3351.043,3445.52,3341.705,3445.52,2012-02-08
000905.SH,2012-02-09,3441.786,3501.398,3434.813,3469.846,2012-02-09
000905.SH,2012-02-10,3463.967,3506.339,3459.131,3488.229,2012-02-10
000905.SH,2012-02-13,3458.81,3535.519,3441.33,3519.875,2012-02-13
000905.SH,2012-02-14,3516.609,3529.488,3493.911,3524.625,2012-02-14
000905.SH,2012-02-15,3518.794,3580.284,3505.364,3578.149,2012-02-15
000905.SH,2012-02-16,3572.321,3607.752,3540.853,3577.202,2012-02-16
000905.SH,2012-02-17,3582.513,3596.865,3530.962,3565.306,2012-02-17
000905.SH,2012-02-20,3610.74,3618.682,3573.225,3574.458,2012-02-20
000905.SH,2012-02-21,3569.231,3618.331,3533.111,3618.302,2012-02-21
000905.SH,2012-02-22,3617.178,3689.128,3616.108,3689.004,2012-02-22
000905.SH,2012-02-23,3686.731,3711.117,3662.42,3700.888,2012-02-23
000905.SH,2012-02-24,3698.678,3757.519,3689.359,3756.825,2012-02-24
000905.SH,2012-02-27,3767.602,3822.26,3764.17,3764.326,2012-02-27
000905.SH,2012-02-28,3748.335,3761.728,3696.211,3745.58,2012-02-28
000905.SH,2012-02-29,3733.629,3750.457,3691.981,3696.144,2012-02-29
000905.SH,2012-03-01,3679.04,3737.718,3675.275,3715.673,2012-03-01
000905.SH,2012-03-02,3719.957,3794.579,3719.957,3794.416,2012-03-02
000905.SH,2012-03-05,3805.676,3825.716,3793.69,3798.377,2012-03-05
000905.SH,2012-03-06,3786.158,3786.158,3729.604,3760.585,2012-03-06
000905.SH,2012-03-07,3718.765,3780.482,3707.786,3732.707,2012-03-07
000905.SH,2012-03-08,3741.479,3803.366,3741.479,3791.827,2012-03-08
000905.SH,2012-03-09,3802.092,3848.108,3787.906,3848.108,2012-03-09
000905.SH,2012-03-12,3852.605,3876.171,3839.433,3871.12,2012-03-12
000905.SH,2012-03-13,3867.971,3910.064,3856.411,3910.064,2012-03-13
000905.SH,2012-03-14,3924.49,3945.306,3709.093,3734.317,2012-03-14
000905.SH,2012-03-15,3726.365,3754.729,3635.678,3689.014,2012-03-15
000905.SH,2012-03-16,3693.317,3786.617,3687.81,3786.617,2012-03-16
000905.SH,2012-03-19,3788.388,3830.024,3762.304,3829.696,2012-03-19
000905.SH,2012-03-20,3819.722,3819.722,3744.809,3746.284,2012-03-20
000905.SH,2012-03-21,3757.0,3782.405,3700.494,3760.047,2012-03-21
000905.SH,2012-03-22,3754.873,3769.371,3720.685,3742.388,2012-03-22
000905.SH,2012-03-23,3727.146,3728.618,3652.233,3670.129,2012-03-23
000905.SH,2012-03-26,3661.391,3680.288,3635.668,3666.279,2012-03-26
000905.SH,2012-03-27,3681.741,3699.161,3648.746,3652.876,2012-03-27
000905.SH,2012-03-28,3638.767,3638.767,3483.584,3490.007,2012-03-28
000905.SH,2012-03-29,3471.357,3482.326,3391.795,3425.702,2012-03-29
000905.SH,2012-03-30,3422.812,3445.469,3383.531,3416.856,2012-03-30
000905.SH,2012-04-05,3420.026,3532.076,3412.441,3531.549,2012-04-05
000905.SH,2012-04-06,3530.63,3570.589,3520.889,3554.027,2012-04-06
000905.SH,2012-04-09,3544.01,3563.336,3512.365,3512.914,2012-04-09
000905.SH,2012-04-10,3496.125,3554.218,3432.359,3554.038,2012-04-10
000905.SH,2012-04-11,3513.498,3582.95,3497.943,3566.476,2012-04-11
000905.SH,2012-04-12,3568.815,3640.407,3561.05,3640.407,2012-04-12
000905.SH,2012-04-13,3653.604,3695.133,3643.472,3675.028,2012-04-13
000905.SH,2012-04-16,3644.666,3702.415,3632.846,3685.481,2012-04-16
000905.SH,2012-04-17,3679.92,3702.842,3629.818,3631.556,2012-04-17
000905.SH,2012-04-18,3637.549,3717.54,3632.674,3714.02,2012-04-18
000905.SH,2012-04-19,3712.529,3728.865,3684.855,3704.705,2012-04-19
000905.SH,2012-04-20,3696.658,3743.485,3684.227,3736.365,2012-04-20
000905.SH,2012-04-23,3731.549,3739.15,3673.311,3691.574,2012-04-23
000905.SH,2012-04-24,3658.615,3709.368,3557.784,3666.395,2012-04-24
000905.SH,2012-04-25,3654.749,3728.551,3645.066,3718.911,2012-04-25
000905.SH,2012-04-26,3720.742,3729.907,3683.434,3700.028,2012-04-26
000905.SH,2012-04-27,3690.159,3699.098,3659.111,3664.638,2012-04-27
000905.SH,2012-05-02,3707.816,3735.896,3674.957,3718.259,2012-05-02
000905.SH,2012-05-03,3707.505,3735.325,3701.195,3733.816,2012-05-03
000905.SH,2012-05-04,3730.723,3761.974,3713.988,3758.004,2012-05-04
000905.SH,2012-05-07,3741.663,3784.57,3733.838,3784.556,2012-05-07
000905.SH,2012-05-08,3783.083,3798.054,3752.388,3783.472,2012-05-08
000905.SH,2012-05-09,3759.39,3759.39,3716.134,3717.47,2012-05-09
000905.SH,2012-05-10,3713.402,3744.518,3713.308,3731.131,2012-05-10
000905.SH,2012-05-11,3727.587,3753.815,3715.061,3715.385,2012-05-11
000905.SH,2012-05-14,3745.829,3760.884,3706.158,3710.097,2012-05-14
000905.SH,2012-05-15,3679.341,3705.897,3652.874,3705.883,2012-05-15
000905.SH,2012-05-16,3696.613,3707.81,3660.031,3660.312,2012-05-16
000905.SH,2012-05-17,3656.825,3716.707,3643.788,3714.186,2012-05-17
000905.SH,2012-05-18,3691.643,3710.412,3645.909,3655.858,2012-05-18
000905.SH,2012-05-21,3650.923,3676.97,3616.909,3653.546,2012-05-21
000905.SH,2012-05-22,3666.136,3711.055,3666.136,3711.055,2012-05-22
000905.SH,2012-05-23,3702.814,3723.189,3670.029,3708.919,2012-05-23
000905.SH,2012-05-24,3697.916,3720.438,3668.275,3678.093,2012-05-24
000905.SH,2012-05-25,3675.51,3683.63,3622.097,3635.516,2012-05-25
000905.SH,2012-05-28,3622.129,3687.516,3568.031,3687.455,2012-05-28
000905.SH,2012-05-29,3686.575,3748.442,3683.519,3745.678,2012-05-29
000905.SH,2012-05-30,3739.039,3764.638,3734.246,3752.219,2012-05-30
000905.SH,2012-05-31,3732.467,3775.373,3722.039,3753.593,2012-05-31
000905.SH,2012-06-01,3752.019,3769.516,3725.282,3744.437,2012-06-01
000905.SH,2012-06-04,3684.037,3707.314,3621.808,3621.808,2012-06-04
000905.SH,2012-06-05,3625.142,3646.507,3603.374,3617.614,2012-06-05
000905.SH,2012-06-06,3621.636,3638.564,3585.527,3600.163,2012-06-06
000905.SH,2012-06-07,3635.572,3647.282,3572.494,3581.137,2012-06-07
000905.SH,2012-06-08,3615.112,3618.775,3557.04,3564.158,2012-06-08
000905.SH,2012-06-11,3565.335,3630.958,3554.188,3630.314,2012-06-11
000905.SH,2012-06-12,3611.92,3628.239,3594.614,3608.391,2012-06-12
000905.SH,2012-06-13,3615.712,3674.875,3610.636,3674.875,2012-06-13
000905.SH,2012-06-14,3669.036,3693.904,3650.031,3652.705,2012-06-14
000905.SH,2012-06-15,3657.788,3674.449,3604.09,3648.994,2012-06-15
000905.SH,2012-06-18,3663.138,3691.926,3662.224,3684.727,2012-06-18
000905.SH,2012-06-19,3681.684,3685.93,3652.972,3657.958,2012-06-19
000905.SH,2012-06-20,3663.986,3671.408,3630.176,3636.09,2012-06-20
000905.SH,2012-06-21,3628.216,3628.216,3569.486,3590.837,2012-06-21
000905.SH,2012-06-25,3576.366,3576.366,3491.857,3493.116,2012-06-25
000905.SH,2012-06-26,3474.164,3500.76,3433.565,3489.972,2012-06-26
000905.SH,2012-06-27,3486.515,3518.752,3474.769,3476.403,2012-06-27
000905.SH,2012-06-28,3484.227,3495.846,3427.657,3427.819,2012-06-28
000905.SH,2012-06-29,3413.329,3471.704,3392.751,3470.965,2012-06-29
000905.SH,2012-07-02,3491.753,3528.122,3484.144,3509.503,2012-07-02
000905.SH,2012-07-03,3507.63,3542.511,3498.073,3515.778,2012-07-03
000905.SH,2012-07-04,3519.508,3525.16,3484.841,3497.748,2012-07-04
000905.SH,2012-07-05,3486.809,3486.809,3407.598,3418.202,2012-07-05
000905.SH,2012-07-06,3436.306,3487.672,3397.871,3486.546,2012-07-06
000905.SH,2012-07-09,3464.018,3478.118,3398.517,3398.805,2012-07-09
000905.SH,2012-07-10,3386.629,3400.637,3351.556,3365.665,2012-07-10
000905.SH,2012-07-11,3358.562,3404.594,3352.528,3404.104,2012-07-11
000905.SH,2012-07-12,3398.62,3462.215,3381.83,3450.302,2012-07-12
000905.SH,2012-07-13,3435.173,3463.217,3422.335,3435.084,2012-07-13
000905.SH,2012-07-16,3434.508,3434.596,3308.644,3311.089,2012-07-16
000905.SH,2012-07-17,3297.152,3335.532,3282.225,3334.286,2012-07-17
000905.SH,2012-07-18,3328.123,3352.966,3276.317,3352.848,2012-07-18
000905.SH,2012-07-19,3343.238,3414.227,3335.332,3392.656,2012-07-19
000905.SH,2012-07-20,3382.823,3407.406,3362.377,3369.913,2012-07-20
000905.SH,2012-07-23,3347.87,3357.243,3310.8,3337.856,2012-07-23
000905.SH,2012-07-24,3317.219,3381.349,3310.948,3361.09,2012-07-24
000905.SH,2012-07-25,3350.903,3365.205,3324.537,3332.085,2012-07-25
000905.SH,2012-07-26,3329.011,3357.787,3301.665,3302.336,2012-07-26
000905.SH,2012-07-27,3312.38,3323.0,3269.225,3283.592,2012-07-27
000905.SH,2012-07-30,3280.104,3294.648,3205.762,3217.452,2012-07-30
000905.SH,2012-07-31,3211.103,3214.171,3152.417,3159.192,2012-07-31
000905.SH,2012-08-01,3152.73,3232.972,3152.314,3216.184,2012-08-01
000905.SH,2012-08-02,3212.048,3231.83,3178.997,3195.863,2012-08-02
000905.SH,2012-08-03,3203.114,3259.856,3193.683,3259.856,2012-08-03
000905.SH,2012-08-06,3250.785,3338.623,3244.981,3337.267,2012-08-06
000905.SH,2012-08-07,3336.22,3368.526,3331.503,3368.252,2012-08-07
000905.SH,2012-08-08,3363.757,3374.079,3335.966,3356.485,2012-08-08
000905.SH,2012-08-09,3351.448,3405.252,3335.133,3405.058,2012-08-09
000905.SH,2012-08-10,3400.933,3405.049,3378.536,3395.849,2012-08-10
000905.SH,2012-08-13,3386.033,3386.033,3317.044,3318.1,2012-08-13
000905.SH,2012-08-14,3312.81,3349.822,3263.495,3349.585,2012-08-14
000905.SH,2012-08-15,3340.876,3344.104,3308.489,3310.839,2012-08-15
000905.SH,2012-08-16,3301.74,3316.96,3278.542,3286.828,2012-08-16
000905.SH,2012-08-17,3283.258,3293.25,3252.795,3286.778,2012-08-17
000905.SH,2012-08-20,3270.986,3296.363,3247.576,3289.439,2012-08-20
000905.SH,2012-08-21,3287.734,3347.281,3284.058,3335.753,2012-08-21
000905.SH,2012-08-22,3338.08,3338.736,3292.429,3306.111,2012-08-22
000905.SH,2012-08-23,3303.697,3329.978,3289.553,3327.99,2012-08-23
000905.SH,2012-08-24,3318.853,3321.916,3265.598,3265.749,2012-08-24
000905.SH,2012-08-27,3250.693,3250.693,3184.105,3184.331,2012-08-27
000905.SH,2012-08-28,3179.775,3221.883,3173.754,3200.993,2012-08-28
000905.SH,2012-08-29,3197.343,3221.231,3179.54,3179.54,2012-08-29
000905.SH,2012-08-30,3174.305,3188.763,3083.369,3129.495,2012-08-30
000905.SH,2012-08-31,3122.528,3148.506,3115.622,3139.5,2012-08-31
000905.SH,2012-09-03,3135.23,3203.846,3131.16,3200.306,2012-09-03
000905.SH,2012-09-04,3202.488,3209.879,3160.698,3164.826,2012-09-04
000905.SH,2012-09-05,3158.013,3193.765,3150.789,3181.8,2012-09-05
000905.SH,2012-09-06,3187.11,3218.282,3187.11,3217.936,2012-09-06
000905.SH,2012-09-07,3240.652,3365.658,3240.652,3334.66,2012-09-07
000905.SH,2012-09-10,3343.806,3376.774,3330.935,3363.605,2012-09-10
000905.SH,2012-09-11,3352.624,3352.624,3324.494,3350.088,2012-09-11
000905.SH,2012-09-12,3360.26,3376.326,3339.712,3376.122,2012-09-12
000905.SH,2012-09-13,3374.785,3385.721,3329.299,3329.299,2012-09-13
000905.SH,2012-09-14,3356.238,3369.767,3308.007,3338.038,2012-09-14
000905.SH,2012-09-17,3334.707,3334.991,3237.704,3237.704,2012-09-17
000905.SH,2012-09-18,3222.978,3247.669,3210.094,3224.259,2012-09-18
000905.SH,2012-09-19,3227.359,3257.016,3224.075,3255.866,2012-09-19
000905.SH,2012-09-20,3253.531,3253.531,3160.676,3161.763,2012-09-20
000905.SH,2012-09-21,3153.605,3181.268,3137.393,3143.71,2012-09-21
000905.SH,2012-09-24,3129.536,3177.33,3107.367,3167.161,2012-09-24
000905.SH,2012-09-25,3159.127,3179.374,3137.838,3144.408,2012-09-25
000905.SH,2012-09-26,3138.799,3149.026,3067.381,3071.989,2012-09-26
000905.SH,2012-09-27,3065.584,3159.071,3062.696,3141.082,2012-09-27
000905.SH,2012-09-28,3129.767,3200.079,3121.578,3199.752,2012-09-28
000905.SH,2012-10-08,3198.879,3214.147,3167.677,3183.365,2012-10-08
000905.SH,2012-10-09,3185.21,3265.636,3185.21,3265.617,2012-10-09
000905.SH,2012-10-10,3257.448,3296.923,3248.827,3296.923,2012-10-10
000905.SH,2012-10-11,3288.052,3296.723,3247.596,3248.045,2012-10-11
000905.SH,2012-10-12,3256.97,3282.91,3210.602,3240.399,2012-10-12
000905.SH,2012-10-15,3237.289,3238.422,3193.991,3223.189,2012-10-15
000905.SH,2012-10-16,3219.419,3256.482,3211.304,3233.229,2012-10-16
000905.SH,2012-10-17,3237.636,3249.392,3205.533,3240.778,2012-10-17
000905.SH,2012-10-18,3241.268,3301.135,3241.143,3294.835,2012-10-18
000905.SH,2012-10-19,3292.953,3305.532,3279.248,3285.445,2012-10-19
000905.SH,2012-10-22,3269.038,3301.365,3260.165,3298.488,2012-10-22
000905.SH,2012-10-23,3298.446,3303.236,3255.493,3259.067,2012-10-23
000905.SH,2012-10-24,3242.875,3273.378,3237.741,3257.921,2012-10-24
000905.SH,2012-10-25,3257.725,3282.087,3222.483,3226.172,2012-10-25
000905.SH,2012-10-26,3221.068,3225.397,3142.278,3163.295,2012-10-26
000905.SH,2012-10-29,3158.111,3172.542,3141.355,3158.943,2012-10-29
000905.SH,2012-10-30,3156.74,3189.529,3154.165,3160.687,2012-10-30
000905.SH,2012-10-31,3159.217,3168.281,3141.139,3168.097,2012-10-31
000905.SH,2012-11-01,3169.795,3235.011,3169.795,3228.19,2012-11-01
000905.SH,2012-11-02,3229.955,3251.774,3217.078,3249.552,2012-11-02
000905.SH,2012-11-05,3244.303,3258.988,3226.503,3235.352,2012-11-05
000905.SH,2012-11-06,3233.423,3234.982,3170.624,3213.26,2012-11-06
000905.SH,2012-11-07,3210.845,3223.59,3192.658,3209.141,2012-11-07
000905.SH,2012-11-08,3183.079,3189.465,3129.388,3129.568,2012-11-08
000905.SH,2012-11-09,3123.086,3139.676,3103.845,3116.978,2012-11-09
000905.SH,2012-11-12,3118.108,3139.378,3108.547,3136.308,2012-11-12
000905.SH,2012-11-13,3136.954,3136.954,3066.634,3072.121,2012-11-13
000905.SH,2012-11-14,3069.382,3084.382,3048.24,3081.254,2012-11-14
000905.SH,2012-11-15,3066.894,3080.688,3025.297,3026.844,2012-11-15
000905.SH,2012-11-16,3021.295,3021.788,2987.695,3009.153,2012-11-16
000905.SH,2012-11-19,3007.681,3016.478,2974.139,3016.159,2012-11-19
000905.SH,2012-11-20,3023.076,3031.286,3003.128,3004.183,2012-11-20
000905.SH,2012-11-21,3000.937,3035.282,2963.865,3035.282,2012-11-21
000905.SH,2012-11-22,3021.305,3021.305,2989.378,2995.093,2012-11-22
000905.SH,2012-11-23,2993.168,3019.794,2990.064,3005.459,2012-11-23
000905.SH,2012-11-26,3004.171,3006.787,2966.875,2970.323,2012-11-26
000905.SH,2012-11-27,2960.614,2960.614,2862.471,2864.169,2012-11-27
000905.SH,2012-11-28,2854.077,2854.077,2791.294,2800.537,2012-11-28
000905.SH,2012-11-29,2799.959,2822.332,2768.353,2774.176,2012-11-29
000905.SH,2012-11-30,2773.233,2818.042,2765.793,2816.624,2012-11-30
000905.SH,2012-12-03,2816.303,2829.835,2746.491,2749.134,2012-12-03
000905.SH,2012-12-04,2739.499,2786.13,2704.373,2783.412,2012-12-04
000905.SH,2012-12-05,2775.411,2904.653,2767.051,2886.186,2012-12-05
000905.SH,2012-12-06,2884.807,2902.072,2866.885,2884.348,2012-12-06
000905.SH,2012-12-07,2883.164,2954.689,2875.84,2950.193,2012-12-07
000905.SH,2012-12-10,2950.998,3004.542,2942.492,3002.231,2012-12-10
000905.SH,2012-12-11,2993.379,3014.066,2978.739,2982.027,2012-12-11
000905.SH,2012-12-12,2978.718,2997.923,2952.386,2982.885,2012-12-12
000905.SH,2012-12-13,2976.576,2989.151,2941.552,2943.276,2012-12-13
000905.SH,2012-12-14,2939.31,3069.061,2939.148,3066.231,2012-12-14
000905.SH,2012-12-17,3073.923,3098.605,3063.486,3091.875,2012-12-17
000905.SH,2012-12-18,3087.318,3124.564,3067.862,3086.584,2012-12-18
000905.SH,2012-12-19,3082.379,3109.937,3074.949,3099.092,2012-12-19
000905.SH,2012-12-20,3092.925,3111.195,3063.324,3108.86,2012-12-20
000905.SH,2012-12-21,3110.817,3144.261,3089.086,3101.074,2012-12-21
000905.SH,2012-12-24,3093.973,3120.73,3090.415,3117.698,2012-12-24
000905.SH,2012-12-25,3110.969,3197.717,3102.609,3189.088,2012-12-25
000905.SH,2012-12-26,3187.199,3228.802,3183.953,3228.675,2012-12-26
000905.SH,2012-12-27,3232.789,3244.944,3198.91,3199.481,2012-12-27
000905.SH,2012-12-28,3195.204,3235.587,3187.094,3235.195,2012-12-28
000905.SH,2012-12-31,3242.961,3275.86,3236.633,3275.86,2012-12-31
000905.SH,2013-01-04,3297.043,3304.759,3226.949,3258.251,2013-01-04
000905.SH,2013-01-07,3253.674,3288.653,3245.463,3288.369,2013-01-07
000905.SH,2013-01-08,3288.125,3331.667,3270.765,3327.04,2013-01-08
000905.SH,2013-01-09,3321.765,3359.075,3303.799,3334.987,2013-01-09
000905.SH,2013-01-10,3335.088,3368.005,3329.927,3356.35,2013-01-10
000905.SH,2013-01-11,3357.47,3360.413,3262.831,3271.179,2013-01-11
000905.SH,2013-01-14,3264.152,3387.5,3262.575,3384.745,2013-01-14
000905.SH,2013-01-15,3390.329,3463.263,3389.783,3450.682,2013-01-15
000905.SH,2013-01-16,3448.278,3462.587,3393.714,3450.56,2013-01-16
000905.SH,2013-01-17,3444.468,3452.374,3399.663,3408.022,2013-01-17
000905.SH,2013-01-18,3416.449,3466.534,3406.604,3464.645,2013-01-18
000905.SH,2013-01-21,3475.198,3492.217,3458.873,3491.122,2013-01-21
000905.SH,2013-01-22,3487.571,3487.571,3409.843,3435.434,2013-01-22
000905.SH,2013-01-23,3422.768,3451.259,3393.047,3441.745,2013-01-23
000905.SH,2013-01-24,3442.618,3473.978,3344.981,3369.732,2013-01-24
000905.SH,2013-01-25,3363.429,3382.767,3346.236,3364.061,2013-01-25
000905.SH,2013-01-28,3362.474,3449.95,3362.216,3449.794,2013-01-28
000905.SH,2013-01-29,3451.663,3489.858,3447.821,3482.519,2013-01-29
000905.SH,2013-01-30,3482.567,3502.719,3462.368,3500.578,2013-01-30
000905.SH,2013-01-31,3497.28,3499.148,3463.202,3479.638,2013-01-31
000905.SH,2013-02-01,3471.269,3507.833,3462.676,3507.709,2013-02-01
000905.SH,2013-02-04,3517.461,3524.041,3467.018,3484.362,2013-02-04
000905.SH,2013-02-05,3466.591,3520.985,3457.429,3520.646,2013-02-05
000905.SH,2013-02-06,3521.66,3555.94,3521.642,3544.385,2013-02-06
000905.SH,2013-02-07,3539.475,3565.381,3526.032,3557.667,2013-02-07
000905.SH,2013-02-08,3554.149,3618.84,3553.796,3608.589,2013-02-08
000905.SH,2013-02-18,3625.034,3639.364,3604.013,3627.776,2013-02-18
000905.SH,2013-02-19,3624.94,3630.653,3546.723,3561.357,2013-02-19
000905.SH,2013-02-20,3555.594,3635.375,3553.489,3635.375,2013-02-20
000905.SH,2013-02-21,3612.72,3612.72,3531.13,3560.317,2013-02-21
000905.SH,2013-02-22,3552.669,3587.713,3543.022,3548.358,2013-02-22
000905.SH,2013-02-25,3551.597,3595.6,3551.37,3587.587,2013-02-25
000905.SH,2013-02-26,3573.954,3600.46,3532.271,3533.204,2013-02-26
000905.SH,2013-02-27,3538.937,3568.685,3506.762,3535.896,2013-02-27
000905.SH,2013-02-28,3544.064,3608.199,3531.895,3608.199,2013-02-28
000905.SH,2013-03-01,3608.618,3648.688,3603.978,3648.422,2013-03-01
000905.SH,2013-03-04,3614.558,3614.558,3496.049,3518.717,2013-03-04
000905.SH,2013-03-05,3516.526,3598.013,3507.03,3597.922,2013-03-05
000905.SH,2013-03-06,3605.363,3654.108,3605.363,3653.934,2013-03-06
000905.SH,2013-03-07,3648.28,3651.741,3575.976,3609.64,2013-03-07
000905.SH,2013-03-08,3608.896,3626.92,3564.225,3570.38,2013-03-08
000905.SH,2013-03-11,3568.622,3588.705,3543.765,3571.105,2013-03-11
000905.SH,2013-03-12,3570.469,3589.72,3438.191,3481.175,2013-03-12
000905.SH,2013-03-13,3473.265,3477.098,3413.179,3449.35,2013-03-13
000905.SH,2013-03-14,3443.776,3482.369,3440.023,3464.854,2013-03-14
000905.SH,2013-03-15,3466.892,3525.532,3431.573,3471.214,2013-03-15
000905.SH,2013-03-18,3461.873,3477.929,3423.52,3427.12,2013-03-18
000905.SH,2013-03-19,3421.737,3442.056,3378.912,3438.072,2013-03-19
000905.SH,2013-03-20,3436.845,3527.83,3432.582,3527.772,2013-03-20
000905.SH,2013-03-21,3527.762,3575.837,3522.143,3565.02,2013-03-21
000905.SH,2013-03-22,3561.122,3586.092,3549.074,3579.92,2013-03-22
000905.SH,2013-03-25,3581.311,3590.815,3550.185,3568.523,2013-03-25
000905.SH,2013-03-26,3556.3,3557.791,3504.566,3543.812,2013-03-26
000905.SH,2013-03-27,3541.376,3579.391,3528.309,3552.257,2013-03-27
000905.SH,2013-03-28,3526.539,3526.539,3448.665,3448.977,2013-03-28
000905.SH,2013-03-29,3449.277,3470.481,3434.569,3447.285,2013-03-29
000905.SH,2013-04-01,3449.54,3489.143,3448.289,3470.96,2013-04-01
000905.SH,2013-04-02,3471.691,3504.278,3419.738,3428.5,2013-04-02
000905.SH,2013-04-03,3429.887,3438.586,3382.225,3397.232,2013-04-03
000905.SH,2013-04-08,3354.444,3411.375,3315.332,3411.13,2013-04-08
000905.SH,2013-04-09,3411.404,3449.924,3411.404,3444.371,2013-04-09
000905.SH,2013-04-10,3444.459,3455.693,3410.029,3437.267,2013-04-10
000905.SH,2013-04-11,3442.932,3453.531,3420.758,3423.217,2013-04-11
000905.SH,2013-04-12,3418.296,3434.666,3391.013,3394.517,2013-04-12
000905.SH,2013-04-15,3382.0,3382.0,3336.415,3346.851,2013-04-15
000905.SH,2013-04-16,3313.508,3383.314,3302.244,3383.081,2013-04-16
000905.SH,2013-04-17,3381.606,3412.521,3373.025,3412.416,2013-04-17
000905.SH,2013-04-18,3396.014,3434.045,3383.965,3423.012,2013-04-18
000905.SH,2013-04-19,3423.443,3498.572,3422.971,3495.242,2013-04-19
000905.SH,2013-04-22,3478.044,3511.715,3475.863,3511.624,2013-04-22
000905.SH,2013-04-23,3509.196,3509.743,3412.212,3416.449,2013-04-23
000905.SH,2013-04-24,3417.401,3489.524,3411.815,3484.568,2013-04-24
000905.SH,2013-04-25,3473.015,3494.535,3431.149,3431.401,2013-04-25
000905.SH,2013-04-26,3427.146,3438.318,3360.745,3367.766,2013-04-26
000905.SH,2013-05-02,3354.472,3386.279,3345.441,3383.398,2013-05-02
000905.SH,2013-05-03,3391.218,3459.981,3391.218,3448.64,2013-05-03
000905.SH,2013-05-06,3456.283,3516.872,3456.283,3514.457,2013-05-06
000905.SH,2013-05-07,3511.214,3531.548,3495.801,3521.477,2013-05-07
000905.SH,2013-05-08,3524.787,3554.149,3517.942,3553.848,2013-05-08
000905.SH,2013-05-09,3551.899,3557.019,3517.594,3555.769,2013-05-09
000905.SH,2013-05-10,3550.026,3577.327,3536.172,3577.327,2013-05-10
000905.SH,2013-05-13,3577.295,3591.091,3565.487,3590.758,2013-05-13
000905.SH,2013-05-14,3586.324,3586.324,3524.577,3549.303,2013-05-14
000905.SH,2013-05-15,3549.745,3597.236,3548.548,3597.106,2013-05-15
000905.SH,2013-05-16,3594.3,3647.485,3578.094,3635.755,2013-05-16
000905.SH,2013-05-17,3632.612,3695.244,3631.259,3691.399,2013-05-17
000905.SH,2013-05-20,3700.09,3740.583,3686.757,3737.748,2013-05-20
000905.SH,2013-05-21,3733.673,3787.103,3727.667,3787.059,2013-05-21
000905.SH,2013-05-22,3782.969,3795.168,3740.224,3755.874,2013-05-22
000905.SH,2013-05-23,3740.439,3783.972,3716.291,3724.229,2013-05-23
000905.SH,2013-05-24,3723.621,3782.17,3723.621,3782.071,2013-05-24
000905.SH,2013-05-27,3784.468,3820.587,3782.266,3820.427,2013-05-27
000905.SH,2013-05-28,3820.243,3829.972,3770.65,3827.782,2013-05-28
000905.SH,2013-05-29,3830.224,3858.924,3828.286,3856.319,2013-05-29
000905.SH,2013-05-30,3843.162,3872.26,3835.222,3865.134,2013-05-30
000905.SH,2013-05-31,3867.59,3884.675,3840.699,3841.218,2013-05-31
000905.SH,2013-06-03,3836.767,3855.788,3803.363,3814.51,2013-06-03
000905.SH,2013-06-04,3809.555,3811.653,3707.561,3739.724,2013-06-04
000905.SH,2013-06-05,3733.948,3759.519,3718.123,3755.148,2013-06-05
000905.SH,2013-06-06,3742.504,3742.504,3686.253,3688.736,2013-06-06
000905.SH,2013-06-07,3690.957,3701.221,3593.968,3616.21,2013-06-07
000905.SH,2013-06-13,3573.896,3573.896,3446.25,3515.05,2013-06-13
000905.SH,2013-06-14,3519.368,3591.248,3519.326,3584.978,2013-06-14
000905.SH,2013-06-17,3593.51,3620.954,3565.277,3593.371,2013-06-17
000905.SH,2013-06-18,3594.904,3613.026,3557.456,3605.758,2013-06-18
000905.SH,2013-06-19,3588.766,3588.766,3525.448,3583.298,2013-06-19
000905.SH,2013-06-20,3562.128,3566.361,3463.133,3465.004,2013-06-20
000905.SH,2013-06-21,3401.471,3464.592,3347.757,3446.483,2013-06-21
000905.SH,2013-06-24,3439.866,3439.866,3200.67,3232.962,2013-06-24
000905.SH,2013-06-25,3202.659,3243.401,2981.691,3219.134,2013-06-25
000905.SH,2013-06-26,3222.68,3285.818,3200.158,3285.818,2013-06-26
000905.SH,2013-06-27,3293.078,3339.86,3231.146,3233.222,2013-06-27
000905.SH,2013-06-28,3212.254,3292.91,3176.242,3235.978,2013-06-28
000905.SH,2013-07-01,3226.624,3304.591,3210.662,3304.591,2013-07-01
000905.SH,2013-07-02,3304.987,3359.123,3295.327,3359.053,2013-07-02
000905.SH,2013-07-03,3346.107,3372.631,3288.019,3364.184,2013-07-03
000905.SH,2013-07-04,3342.011,3427.378,3325.268,3390.488,2013-07-04
000905.SH,2013-07-05,3392.584,3427.984,3371.315,3371.529,2013-07-05
000905.SH,2013-07-08,3322.135,3322.135,3240.105,3240.477,2013-07-08
000905.SH,2013-07-09,3231.699,3263.391,3210.731,3259.911,2013-07-09
000905.SH,2013-07-10,3259.845,3361.395,3257.904,3361.395,2013-07-10
000905.SH,2013-07-11,3364.841,3484.787,3364.229,3455.884,2013-07-11
000905.SH,2013-07-12,3453.441,3490.497,3424.277,3425.135,2013-07-12
000905.SH,2013-07-15,3432.257,3493.721,3431.497,3493.441,2013-07-15
000905.SH,2013-07-16,3496.728,3536.313,3474.361,3536.313,2013-07-16
000905.SH,2013-07-17,3529.714,3552.368,3474.363,3485.074,2013-07-17
000905.SH,2013-07-18,3476.181,3505.185,3445.326,3481.201,2013-07-18
000905.SH,2013-07-19,3479.531,3510.11,3394.306,3394.306,2013-07-19
000905.SH,2013-07-22,3374.572,3461.699,3359.386,3461.281,2013-07-22
000905.SH,2013-07-23,3470.598,3545.054,3470.598,3544.966,2013-07-23
000905.SH,2013-07-24,3536.155,3575.004,3500.079,3566.282,2013-07-24
000905.SH,2013-07-25,3561.507,3572.547,3496.311,3498.242,2013-07-25
000905.SH,2013-07-26,3486.957,3520.493,3449.607,3494.159,2013-07-26
000905.SH,2013-07-29,3477.264,3484.639,3423.772,3426.593,2013-07-29
000905.SH,2013-07-30,3426.956,3449.539,3349.551,3411.219,2013-07-30
000905.SH,2013-07-31,3428.134,3462.095,3418.715,3430.743,2013-07-31
000905.SH,2013-08-01,3435.084,3521.156,3429.716,3521.152,2013-08-01
000905.SH,2013-08-02,3535.887,3563.186,3528.641,3533.609,2013-08-02
000905.SH,2013-08-05,3531.652,3592.872,3528.85,3592.538,2013-08-05
000905.SH,2013-08-06,3589.52,3638.705,3581.526,3631.124,2013-08-06
000905.SH,2013-08-07,3628.004,3644.212,3589.339,3596.318,2013-08-07
000905.SH,2013-08-08,3589.162,3627.247,3577.58,3605.85,2013-08-08
000905.SH,2013-08-09,3611.776,3637.908,3570.78,3618.744,2013-08-09
000905.SH,2013-08-12,3629.509,3676.197,3628.945,3676.195,2013-08-12
000905.SH,2013-08-13,3677.115,3695.56,3669.491,3695.552,2013-08-13
000905.SH,2013-08-14,3694.68,3706.771,3662.041,3681.082,2013-08-14
000905.SH,2013-08-15,3674.653,3686.261,3629.337,3631.321,2013-08-15
000905.SH,2013-08-16,3611.284,3688.689,3550.818,3554.348,2013-08-16
000905.SH,2013-08-19,3528.908,3609.167,3522.152,3609.028,2013-08-19
000905.SH,2013-08-20,3606.614,3634.048,3580.194,3599.637,2013-08-20
000905.SH,2013-08-21,3596.933,3627.914,3577.818,3627.501,2013-08-21
000905.SH,2013-08-22,3621.886,3650.114,3615.706,3636.469,2013-08-22
000905.SH,2013-08-23,3644.676,3654.729,3560.133,3627.97,2013-08-23
000905.SH,2013-08-26,3629.357,3703.794,3627.311,3703.593,2013-08-26
000905.SH,2013-08-27,3702.582,3732.219,3691.161,3732.098,2013-08-27
000905.SH,2013-08-28,3707.533,3740.129,3680.496,3703.92,2013-08-28
000905.SH,2013-08-29,3703.046,3715.846,3679.08,3701.083,2013-08-29
000905.SH,2013-08-30,3702.847,3727.3,3645.362,3664.148,2013-08-30
000905.SH,2013-09-02,3674.684,3695.087,3633.461,3689.959,2013-09-02
000905.SH,2013-09-03,3685.337,3745.235,3680.147,3744.871,2013-09-03
000905.SH,2013-09-04,3747.227,3766.414,3734.778,3755.239,2013-09-04
000905.SH,2013-09-05,3749.938,3776.004,3741.457,3762.569,2013-09-05
000905.SH,2013-09-06,3758.905,3799.071,3754.64,3792.832,2013-09-06
000905.SH,2013-09-09,3799.451,3835.48,3793.114,3831.927,2013-09-09
000905.SH,2013-09-10,3836.471,3871.187,3832.32,3870.923,2013-09-10
000905.SH,2013-09-11,3876.586,3876.773,3814.277,3834.258,2013-09-11
000905.SH,2013-09-12,3824.754,3857.518,3815.741,3845.068,2013-09-12
000905.SH,2013-09-13,3846.452,3858.426,3825.178,3849.82,2013-09-13
000905.SH,2013-09-16,3852.362,3870.727,3836.406,3854.207,2013-09-16
000905.SH,2013-09-17,3851.657,3851.657,3785.23,3786.292,2013-09-17
000905.SH,2013-09-18,3780.702,3823.012,3776.703,3822.123,2013-09-18
000905.SH,2013-09-23,3830.947,3899.86,3830.947,3899.625,2013-09-23
000905.SH,2013-09-24,3897.409,3915.983,3864.44,3903.518,2013-09-24
000905.SH,2013-09-25,3899.612,3930.602,3881.599,3889.221,2013-09-25
000905.SH,2013-09-26,3879.476,3883.392,3806.641,3808.216,2013-09-26
000905.SH,2013-09-27,3805.497,3841.544,3802.901,3822.758,2013-09-27
000905.SH,2013-09-30,3834.17,3873.493,3834.012,3872.893,2013-09-30
000905.SH,2013-10-08,3875.522,3938.068,3866.677,3938.068,2013-10-08
000905.SH,2013-10-09,3928.399,3981.446,3915.73,3981.058,2013-10-09
000905.SH,2013-10-10,3990.779,4000.486,3947.841,3959.63,2013-10-10
000905.SH,2013-10-11,3975.109,4027.32,3975.109,4026.916,2013-10-11
000905.SH,2013-10-14,4034.189,4069.783,4024.591,4068.32,2013-10-14
000905.SH,2013-10-15,4074.827,4080.107,4043.793,4074.083,2013-10-15
000905.SH,2013-10-16,4063.823,4063.823,3941.589,3963.212,2013-10-16
000905.SH,2013-10-17,3980.466,4010.622,3944.974,3956.965,2013-10-17
000905.SH,2013-10-18,3954.585,3978.342,3937.24,3970.641,2013-10-18
000905.SH,2013-10-21,3977.261,4069.224,3968.393,4069.033,2013-10-21
000905.SH,2013-10-22,4070.665,4089.096,4014.265,4026.516,2013-10-22
000905.SH,2013-10-23,4026.563,4039.425,3906.509,3924.219,2013-10-23
000905.SH,2013-10-24,3914.239,3933.73,3889.338,3898.156,2013-10-24
000905.SH,2013-10-25,3902.226,3916.924,3796.069,3821.779,2013-10-25
000905.SH,2013-10-28,3820.674,3828.723,3785.912,3808.703,2013-10-28
000905.SH,2013-10-29,3801.934,3827.119,3600.434,3703.86,2013-10-29
000905.SH,2013-10-30,3694.312,3764.599,3688.386,3764.453,2013-10-30
000905.SH,2013-10-31,3757.806,3757.806,3710.69,3713.829,2013-10-31
000905.SH,2013-11-01,3698.469,3720.436,3661.736,3702.445,2013-11-01
000905.SH,2013-11-04,3705.449,3744.588,3705.432,3728.188,2013-11-04
000905.SH,2013-11-05,3719.944,3777.626,3688.213,3777.404,2013-11-05
000905.SH,2013-11-06,3768.732,3799.825,3737.106,3737.106,2013-11-06
000905.SH,2013-11-07,3722.241,3734.863,3677.534,3685.04,2013-11-07
000905.SH,2013-11-08,3670.352,3678.228,3618.926,3629.94,2013-11-08
000905.SH,2013-11-11,3626.187,3659.655,3600.085,3645.84,2013-11-11
000905.SH,2013-11-12,3645.373,3681.071,3634.868,3680.536,2013-11-12
000905.SH,2013-11-13,3677.353,3677.353,3611.76,3611.76,2013-11-13
000905.SH,2013-11-14,3602.852,3660.041,3575.837,3659.83,2013-11-14
000905.SH,2013-11-15,3661.282,3766.359,3661.282,3736.452,2013-11-15
000905.SH,2013-11-18,3759.124,3828.016,3755.499,3827.882,2013-11-18
000905.SH,2013-11-19,3830.45,3851.567,3814.523,3840.365,2013-11-19
000905.SH,2013-11-20,3842.25,3878.704,3827.384,3878.584,2013-11-20
000905.SH,2013-11-21,3865.569,3878.236,3838.541,3865.41,2013-11-21
000905.SH,2013-11-22,3868.497,3880.717,3835.918,3842.756,2013-11-22
000905.SH,2013-11-25,3834.808,3874.098,3824.647,3839.602,2013-11-25
000905.SH,2013-11-26,3837.873,3855.966,3822.133,3845.676,2013-11-26
000905.SH,2013-11-27,3843.651,3890.051,3837.139,3889.755,2013-11-27
000905.SH,2013-11-28,3897.255,3945.534,3895.11,3922.666,2013-11-28
000905.SH,2013-11-29,3924.416,3947.914,3919.725,3946.383,2013-11-29
000905.SH,2013-12-02,3870.029,3905.679,3737.318,3770.865,2013-12-02
000905.SH,2013-12-03,3755.186,3861.158,3750.962,3859.955,2013-12-03
000905.SH,2013-12-04,3856.349,3959.107,3852.475,3932.998,2013-12-04
000905.SH,2013-12-05,3931.142,3944.702,3911.266,3928.724,2013-12-05
000905.SH,2013-12-06,3924.642,3941.538,3906.799,3918.783,2013-12-06
000905.SH,2013-12-09,3928.164,3948.059,3924.813,3947.704,2013-12-09
000905.SH,2013-12-10,3948.571,3965.163,3930.002,3950.486,2013-12-10
000905.SH,2013-12-11,3941.904,3941.904,3878.327,3906.78,2013-12-11
000905.SH,2013-12-12,3903.448,3943.028,3900.953,3916.962,2013-12-12
000905.SH,2013-12-13,3901.988,3932.887,3886.969,3925.434,2013-12-13
000905.SH,2013-12-16,3929.377,3932.598,3854.468,3857.715,2013-12-16
000905.SH,2013-12-17,3854.785,3867.778,3824.972,3834.027,2013-12-17
000905.SH,2013-12-18,3836.023,3855.359,3819.069,3834.045,2013-12-18
000905.SH,2013-12-19,3840.28,3859.217,3793.398,3795.023,2013-12-19
000905.SH,2013-12-20,3792.676,3807.552,3736.399,3747.002,2013-12-20
000905.SH,2013-12-23,3745.941,3757.388,3687.397,3742.738,2013-12-23
000905.SH,2013-12-24,3746.646,3799.769,3738.765,3768.703,2013-12-24
000905.SH,2013-12-25,3766.201,3808.46,3756.713,3808.453,2013-12-25
000905.SH,2013-12-26,3809.503,3809.503,3741.609,3743.132,2013-12-26
000905.SH,2013-12-27,3737.645,3809.467,3734.654,3800.774,2013-12-27
000905.SH,2013-12-30,3815.682,3828.968,3803.793,3813.003,2013-12-30
000905.SH,2013-12-31,3805.696,3829.802,3789.817,3829.096,2013-12-31
000905.SH,2014-01-02,3823.316,3848.253,3813.806,3847.879,2014-01-02
000905.SH,2014-01-03,3841.219,3843.36,3802.992,3816.316,2014-01-03
000905.SH,2014-01-06,3806.585,3806.585,3709.909,3710.898,2014-01-06
000905.SH,2014-01-07,3699.901,3740.717,3688.421,3733.662,2014-01-07
000905.SH,2014-01-08,3735.503,3768.503,3726.114,3738.205,2014-01-08
000905.SH,2014-01-09,3732.861,3768.618,3693.64,3696.023,2014-01-09
000905.SH,2014-01-10,3685.019,3689.187,3619.679,3628.634,2014-01-10
000905.SH,2014-01-13,3628.533,3657.686,3588.742,3612.02,2014-01-13
000905.SH,2014-01-14,3610.638,3683.534,3601.993,3683.534,2014-01-14
000905.SH,2014-01-15,3681.042,3708.542,3675.635,3708.142,2014-01-15
000905.SH,2014-01-16,3709.383,3738.083,3703.191,3714.314,2014-01-16
000905.SH,2014-01-17,3704.356,3704.96,3669.587,3671.915,2014-01-17
000905.SH,2014-01-20,3666.303,3680.01,3627.65,3644.125,2014-01-20
000905.SH,2014-01-21,3645.344,3700.594,3645.344,3700.108,2014-01-21
000905.SH,2014-01-22,3707.082,3799.057,3707.033,3799.042,2014-01-22
000905.SH,2014-01-23,3801.749,3841.028,3795.475,3825.486,2014-01-23
000905.SH,2014-01-24,3817.078,3890.528,3811.137,3882.668,2014-01-24
000905.SH,2014-01-27,3867.566,3916.666,3854.866,3881.947,2014-01-27
000905.SH,2014-01-28,3882.006,3906.573,3847.029,3873.81,2014-01-28
000905.SH,2014-01-29,3878.314,3913.124,3878.314,3908.45,2014-01-29
000905.SH,2014-01-30,3900.013,3908.605,3877.57,3885.416,2014-01-30
000905.SH,2014-02-07,3864.891,3957.933,3854.982,3957.671,2014-02-07
000905.SH,2014-02-10,3972.857,4074.63,3972.857,4074.63,2014-02-10
000905.SH,2014-02-11,4081.544,4099.775,4031.951,4080.378,2014-02-11
000905.SH,2014-02-12,4083.819,4125.709,4064.346,4125.412,2014-02-12
000905.SH,2014-02-13,4123.215,4137.588,4064.423,4064.423,2014-02-13
000905.SH,2014-02-14,4063.791,4134.226,4060.092,4134.16,2014-02-14
000905.SH,2014-02-17,4152.041,4213.142,4152.041,4212.745,2014-02-17
000905.SH,2014-02-18,4216.606,4219.034,4188.069,4207.699,2014-02-18
000905.SH,2014-02-19,4206.02,4232.877,4180.914,4207.994,2014-02-19
000905.SH,2014-02-20,4211.696,4221.63,4139.199,4149.071,2014-02-20
000905.SH,2014-02-21,4142.3,4156.794,4085.817,4121.917,2014-02-21
000905.SH,2014-02-24,4102.559,4105.792,4043.506,4105.792,2014-02-24
000905.SH,2014-02-25,4109.494,4141.259,3937.174,3961.439,2014-02-25
000905.SH,2014-02-26,3941.118,3988.059,3883.963,3987.48,2014-02-26
000905.SH,2014-02-27,3992.716,4053.854,3932.311,3934.727,2014-02-27
000905.SH,2014-02-28,3926.772,3976.128,3874.722,3975.929,2014-02-28
000905.SH,2014-03-03,3975.536,4059.187,3969.299,4058.799,2014-03-03
000905.SH,2014-03-04,4045.201,4067.425,4016.027,4059.567,2014-03-04
000905.SH,2014-03-05,4064.963,4075.753,4031.916,4037.784,2014-03-05
000905.SH,2014-03-06,4030.651,4042.214,3980.279,4032.756,2014-03-06
000905.SH,2014-03-07,4032.138,4051.032,3992.94,4012.447,2014-03-07
000905.SH,2014-03-10,3981.513,3981.513,3856.103,3860.244,2014-03-10
000905.SH,2014-03-11,3848.17,3889.238,3826.928,3864.26,2014-03-11
000905.SH,2014-03-12,3857.577,3894.063,3803.732,3865.662,2014-03-12
000905.SH,2014-03-13,3865.916,3907.851,3861.706,3907.146,2014-03-13
000905.SH,2014-03-14,3891.196,3913.503,3860.317,3888.975,2014-03-14
000905.SH,2014-03-17,3889.904,3967.854,3889.904,3967.15,2014-03-17
000905.SH,2014-03-18,3970.664,4009.346,3968.889,3989.201,2014-03-18
000905.SH,2014-03-19,3979.246,3980.743,3944.091,3980.673,2014-03-19
000905.SH,2014-03-20,3973.15,4000.369,3876.428,3876.578,2014-03-20
000905.SH,2014-03-21,3857.823,3954.258,3828.92,3952.392,2014-03-21
000905.SH,2014-03-24,3954.054,3995.865,3944.692,3985.861,2014-03-24
000905.SH,2014-03-25,3977.878,4007.935,3967.621,3991.144,2014-03-25
000905.SH,2014-03-26,3997.174,4009.884,3987.192,4001.502,2014-03-26
000905.SH,2014-03-27,3994.817,3996.252,3943.792,3944.044,2014-03-27
000905.SH,2014-03-28,3935.198,3951.726,3855.478,3865.295,2014-03-28
000905.SH,2014-03-31,3865.004,3878.0,3815.739,3840.536,2014-03-31
000905.SH,2014-04-01,3836.502,3899.658,3835.227,3899.488,2014-04-01
000905.SH,2014-04-02,3901.19,3922.079,3891.554,3902.043,2014-04-02
000905.SH,2014-04-03,3902.067,3919.169,3880.404,3896.28,2014-04-03
000905.SH,2014-04-04,3888.729,3939.613,3881.964,3939.229,2014-04-04
000905.SH,2014-04-08,3927.506,3981.625,3918.976,3981.625,2014-04-08
000905.SH,2014-04-09,3987.425,4019.085,3987.425,4018.547,2014-04-09
000905.SH,2014-04-10,4022.048,4052.844,4012.659,4038.84,2014-04-10
000905.SH,2014-04-11,4021.964,4031.208,4001.797,4021.194,2014-04-11
000905.SH,2014-04-14,4019.505,4051.49,4018.736,4051.33,2014-04-14
000905.SH,2014-04-15,4050.333,4050.333,4015.089,4021.906,2014-04-15
000905.SH,2014-04-16,4010.358,4026.764,3992.496,4019.883,2014-04-16
000905.SH,2014-04-17,4025.377,4035.366,4012.71,4014.94,2014-04-17
000905.SH,2014-04-18,4006.875,4029.762,3995.549,4029.262,2014-04-18
000905.SH,2014-04-21,4004.614,4032.846,3962.286,3965.337,2014-04-21
000905.SH,2014-04-22,3957.22,3974.628,3889.777,3947.169,2014-04-22
000905.SH,2014-04-23,3942.498,3956.408,3913.175,3929.168,2014-04-23
000905.SH,2014-04-24,3924.454,3931.512,3884.591,3884.811,2014-04-24
000905.SH,2014-04-25,3879.448,3886.763,3797.471,3800.681,2014-04-25
000905.SH,2014-04-28,3785.957,3785.957,3679.958,3684.593,2014-04-28
000905.SH,2014-04-29,3678.621,3739.249,3678.007,3738.926,2014-04-29
000905.SH,2014-04-30,3734.799,3770.727,3728.411,3766.17,2014-04-30
000905.SH,2014-05-05,3761.23,3798.359,3746.193,3798.288,2014-05-05
000905.SH,2014-05-06,3795.36,3831.413,3790.505,3817.98,2014-05-06
000905.SH,2014-05-07,3806.838,3806.838,3747.785,3749.965,2014-05-07
000905.SH,2014-05-08,3740.254,3798.215,3733.75,3754.011,2014-05-08
000905.SH,2014-05-09,3748.486,3752.455,3688.045,3716.022,2014-05-09
000905.SH,2014-05-12,3738.667,3812.827,3730.954,3812.758,2014-05-12
000905.SH,2014-05-13,3810.491,3819.753,3788.456,3806.89,2014-05-13
000905.SH,2014-05-14,3805.147,3816.405,3796.107,3803.803,2014-05-14
000905.SH,2014-05-15,3797.12,3799.079,3728.318,3732.337,2014-05-15
000905.SH,2014-05-16,3722.556,3733.28,3685.074,3726.656,2014-05-16
000905.SH,2014-05-19,3722.391,3722.391,3679.637,3705.364,2014-05-19
000905.SH,2014-05-20,3720.226,3748.753,3708.141,3715.71,2014-05-20
000905.SH,2014-05-21,3708.121,3747.551,3680.886,3747.334,2014-05-21
000905.SH,2014-05-22,3748.93,3788.056,3744.604,3746.14,2014-05-22
000905.SH,2014-05-23,3742.991,3786.563,3742.98,3786.563,2014-05-23
000905.SH,2014-05-26,3798.73,3827.59,3798.73,3827.487,2014-05-26
000905.SH,2014-05-27,3825.373,3834.421,3812.886,3818.322,2014-05-27
000905.SH,2014-05-28,3818.354,3862.104,3812.997,3861.588,2014-05-28
000905.SH,2014-05-29,3862.298,3874.102,3821.424,3821.867,2014-05-29
000905.SH,2014-05-30,3818.47,3840.864,3798.805,3829.238,2014-05-30
000905.SH,2014-06-03,3833.12,3845.481,3821.428,3822.716,2014-06-03
000905.SH,2014-06-04,3820.5,3820.762,3760.291,3789.294,2014-06-04
000905.SH,2014-06-05,3783.883,3832.384,3779.992,3832.055,2014-06-05
000905.SH,2014-06-06,3833.378,3837.401,3800.086,3818.333,2014-06-06
000905.SH,2014-06-09,3809.585,3830.604,3795.173,3797.429,2014-06-09
000905.SH,2014-06-10,3801.509,3840.243,3784.053,3840.019,2014-06-10
000905.SH,2014-06-11,3838.668,3859.034,3832.534,3858.051,2014-06-11
000905.SH,2014-06-12,3851.233,3857.908,3832.944,3850.113,2014-06-12
000905.SH,2014-06-13,3846.622,3894.543,3843.623,3891.557,2014-06-13
000905.SH,2014-06-16,3893.918,3915.215,3893.166,3914.981,2014-06-16
000905.SH,2014-06-17,3909.618,3909.618,3876.23,3879.344,2014-06-17
000905.SH,2014-06-18,3878.694,3881.392,3855.231,3858.099,2014-06-18
000905.SH,2014-06-19,3853.59,3860.303,3739.412,3755.694,2014-06-19
000905.SH,2014-06-20,3751.179,3789.41,3751.081,3789.342,2014-06-20
000905.SH,2014-06-23,3790.844,3827.828,3790.839,3815.879,2014-06-23
000905.SH,2014-06-24,3814.527,3839.594,3812.753,3839.203,2014-06-24
000905.SH,2014-06-25,3835.59,3835.59,3803.292,3814.03,2014-06-25
000905.SH,2014-06-26,3812.907,3863.095,3812.907,3861.95,2014-06-26
000905.SH,2014-06-27,3861.097,3905.543,3853.75,3889.323,2014-06-27
000905.SH,2014-06-30,3895.149,3925.442,3889.645,3924.903,2014-06-30
000905.SH,2014-07-01,3927.483,3951.919,3917.53,3951.726,2014-07-01
000905.SH,2014-07-02,3950.473,3979.371,3937.239,3979.31,2014-07-02
000905.SH,2014-07-03,3978.816,4026.065,3972.117,4019.647,2014-07-03
000905.SH,2014-07-04,4018.39,4022.217,3997.76,4004.561,2014-07-04
000905.SH,2014-07-07,4004.097,4024.368,3992.281,4014.488,2014-07-07
000905.SH,2014-07-08,4012.551,4039.922,3982.332,4039.707,2014-07-08
000905.SH,2014-07-09,4033.819,4047.382,3981.252,3982.404,2014-07-09
000905.SH,2014-07-10,3980.501,4008.126,3975.704,3982.198,2014-07-10
000905.SH,2014-07-11,3979.73,4033.885,3978.1,4029.751,2014-07-11
000905.SH,2014-07-14,4033.708,4090.802,4033.695,4090.802,2014-07-14
000905.SH,2014-07-15,4089.346,4098.28,4063.602,4093.113,2014-07-15
000905.SH,2014-07-16,4089.649,4105.015,4046.549,4062.119,2014-07-16
000905.SH,2014-07-17,4055.906,4055.906,4006.283,4031.44,2014-07-17
000905.SH,2014-07-18,4018.358,4066.176,4012.508,4042.521,2014-07-18
000905.SH,2014-07-21,4038.741,4048.938,4017.453,4030.242,2014-07-21
000905.SH,2014-07-22,4024.421,4086.111,4023.016,4083.288,2014-07-22
000905.SH,2014-07-23,4083.08,4094.649,4042.041,4057.113,2014-07-23
000905.SH,2014-07-24,4055.145,4073.863,4013.555,4054.223,2014-07-24
000905.SH,2014-07-25,4052.032,4089.801,4047.873,4089.801,2014-07-25
000905.SH,2014-07-28,4106.992,4168.393,4106.992,4168.373,2014-07-28
000905.SH,2014-07-29,4173.17,4221.575,4167.273,4207.862,2014-07-29
000905.SH,2014-07-30,4198.41,4220.214,4184.354,4214.836,2014-07-30
000905.SH,2014-07-31,4211.067,4257.414,4208.57,4257.045,2014-07-31
000905.SH,2014-08-01,4242.299,4268.434,4201.924,4210.219,2014-08-01
000905.SH,2014-08-04,4213.114,4278.847,4213.114,4278.847,2014-08-04
000905.SH,2014-08-05,4284.145,4300.505,4262.764,4300.12,2014-08-05
000905.SH,2014-08-06,4291.63,4336.757,4276.676,4328.601,2014-08-06
000905.SH,2014-08-07,4329.301,4348.194,4284.221,4286.09,2014-08-07
000905.SH,2014-08-08,4287.941,4317.931,4283.606,4311.697,2014-08-08
000905.SH,2014-08-11,4317.347,4377.244,4317.347,4377.018,2014-08-11
000905.SH,2014-08-12,4378.247,4400.002,4370.226,4399.806,2014-08-12
000905.SH,2014-08-13,4399.403,4410.462,4347.368,4401.809,2014-08-13
000905.SH,2014-08-14,4397.207,4426.47,4368.707,4373.504,2014-08-14
000905.SH,2014-08-15,4372.771,4428.973,4368.337,4423.636,2014-08-15
000905.SH,2014-08-18,4434.175,4483.568,4434.175,4483.544,2014-08-18
000905.SH,2014-08-19,4491.169,4500.802,4461.981,4496.938,2014-08-19
000905.SH,2014-08-20,4495.823,4521.25,4481.92,4497.399,2014-08-20
000905.SH,2014-08-21,4498.493,4501.661,4442.644,4495.44,2014-08-21
000905.SH,2014-08-22,4491.628,4526.239,4478.794,4521.752,2014-08-22
000905.SH,2014-08-25,4521.809,4522.704,4476.198,4487.142,2014-08-25
000905.SH,2014-08-26,4474.454,4490.902,4390.111,4407.588,2014-08-26
000905.SH,2014-08-27,4401.876,4432.151,4401.668,4421.212,2014-08-27
000905.SH,2014-08-28,4423.764,4431.577,4368.669,4381.494,2014-08-28
000905.SH,2014-08-29,4378.624,4427.879,4370.853,4427.879,2014-08-29
000905.SH,2014-09-01,4436.546,4507.486,4436.108,4507.442,2014-09-01
000905.SH,2014-09-02,4519.242,4576.12,4514.733,4576.12,2014-09-02
000905.SH,2014-09-03,4582.479,4612.334,4571.946,4608.557,2014-09-03
000905.SH,2014-09-04,4611.562,4648.222,4598.864,4647.886,2014-09-04
000905.SH,2014-09-05,4654.515,4666.918,4629.176,4666.474,2014-09-05
000905.SH,2014-09-09,4672.109,4701.944,4643.381,4701.699,2014-09-09
000905.SH,2014-09-10,4686.117,4713.959,4662.181,4709.909,2014-09-10
000905.SH,2014-09-11,4707.045,4762.132,4670.643,4704.942,2014-09-11
000905.SH,2014-09-12,4698.109,4757.04,4689.627,4756.949,2014-09-12
000905.SH,2014-09-15,4759.773,4810.07,4752.853,4807.555,2014-09-15
000905.SH,2014-09-16,4809.437,4816.324,4643.862,4645.546,2014-09-16
000905.SH,2014-09-17,4649.609,4686.392,4604.671,4686.047,2014-09-17
000905.SH,2014-09-18,4679.111,4719.584,4663.147,4719.009,2014-09-18
000905.SH,2014-09-19,4718.78,4762.171,4705.088,4758.727,2014-09-19
000905.SH,2014-09-22,4753.795,4753.795,4682.616,4694.229,2014-09-22
000905.SH,2014-09-23,4693.367,4754.472,4692.899,4754.472,2014-09-23
000905.SH,2014-09-24,4746.621,4816.184,4733.556,4815.71,2014-09-24
000905.SH,2014-09-25,4826.985,4861.797,4797.271,4814.735,2014-09-25
000905.SH,2014-09-26,4803.443,4833.802,4787.309,4829.935,2014-09-26
000905.SH,2014-09-29,4847.816,4880.155,4847.816,4877.435,2014-09-29
000905.SH,2014-09-30,4886.556,4921.076,4877.883,4916.119,2014-09-30
000905.SH,2014-10-08,4935.048,4993.614,4913.679,4993.531,2014-10-08
000905.SH,2014-10-09,4996.662,5010.825,4936.729,5004.001,2014-10-09
000905.SH,2014-10-10,4987.042,5007.125,4952.191,4981.853,2014-10-10
000905.SH,2014-10-13,4964.233,4982.681,4906.158,4982.681,2014-10-13
000905.SH,2014-10-14,4978.896,5013.95,4933.595,4966.083,2014-10-14
000905.SH,2014-10-15,4967.229,4988.178,4922.482,4987.707,2014-10-15
000905.SH,2014-10-16,4962.581,5007.275,4906.244,4906.244,2014-10-16
000905.SH,2014-10-17,4894.593,4914.66,4771.767,4860.732,2014-10-17
000905.SH,2014-10-20,4873.455,4929.473,4869.877,4929.16,2014-10-20
000905.SH,2014-10-21,4929.23,4942.459,4878.18,4884.024,2014-10-21
000905.SH,2014-10-22,4881.512,4902.777,4821.194,4825.609,2014-10-22
000905.SH,2014-10-23,4815.123,4832.427,4732.762,4755.231,2014-10-23
000905.SH,2014-10-24,4757.088,4800.361,4754.886,4774.666,2014-10-24
000905.SH,2014-10-27,4762.517,4809.942,4739.33,4809.518,2014-10-27
000905.SH,2014-10-28,4819.55,4925.085,4819.55,4924.955,2014-10-28
000905.SH,2014-10-29,4938.715,4999.958,4923.515,4991.755,2014-10-29
000905.SH,2014-10-30,4988.972,5021.19,4975.786,4992.63,2014-10-30
000905.SH,2014-10-31,4999.003,5012.26,4945.289,4986.416,2014-10-31
000905.SH,2014-11-03,4993.171,5028.757,4992.529,5028.698,2014-11-03
000905.SH,2014-11-04,5028.54,5036.096,4983.052,5003.47,2014-11-04
000905.SH,2014-11-05,5004.891,5013.614,4976.131,4995.443,2014-11-05
000905.SH,2014-11-06,4992.723,5025.226,4959.732,5024.848,2014-11-06
000905.SH,2014-11-07,5029.797,5049.284,4956.868,4977.255,2014-11-07
000905.SH,2014-11-10,4989.439,5031.197,4973.317,5031.001,2014-11-10
000905.SH,2014-11-11,5038.684,5041.332,4842.497,4881.48,2014-11-11
000905.SH,2014-11-12,4866.425,4965.384,4855.634,4965.384,2014-11-12
000905.SH,2014-11-13,4963.732,4967.211,4889.373,4921.671,2014-11-13
000905.SH,2014-11-14,4901.139,4920.094,4862.392,4909.609,2014-11-14
000905.SH,2014-11-17,4925.472,4982.52,4894.649,4958.466,2014-11-17
000905.SH,2014-11-18,4951.585,4973.855,4947.022,4967.651,2014-11-18
000905.SH,2014-11-19,4967.636,5002.437,4959.495,4985.101,2014-11-19
000905.SH,2014-11-20,4972.741,4990.935,4961.604,4974.626,2014-11-20
000905.SH,2014-11-21,4975.535,5029.777,4975.444,5029.773,2014-11-21
000905.SH,2014-11-24,5088.226,5130.028,5065.192,5112.119,2014-11-24
000905.SH,2014-11-25,5118.689,5189.429,5106.516,5189.001,2014-11-25
000905.SH,2014-11-26,5198.127,5215.643,5168.175,5214.21,2014-11-26
000905.SH,2014-11-27,5229.4,5251.699,5202.764,5251.389,2014-11-27
000905.SH,2014-11-28,5249.665,5261.164,5193.353,5245.267,2014-11-28
000905.SH,2014-12-01,5246.428,5247.007,5181.1,5208.139,2014-12-01
000905.SH,2014-12-02,5201.37,5278.648,5196.093,5277.657,2014-12-02
000905.SH,2014-12-03,5284.573,5339.248,5245.358,5339.005,2014-12-03
000905.SH,2014-12-04,5345.007,5452.335,5343.125,5451.962,2014-12-04
000905.SH,2014-12-05,5462.757,5464.226,5185.355,5333.892,2014-12-05
000905.SH,2014-12-08,5310.567,5435.789,5266.021,5412.674,2014-12-08
000905.SH,2014-12-09,5392.947,5465.086,5181.517,5195.406,2014-12-09
000905.SH,2014-12-10,5184.017,5374.227,5150.995,5374.097,2014-12-10
000905.SH,2014-12-11,5366.208,5454.918,5341.863,5454.443,2014-12-11
000905.SH,2014-12-12,5457.228,5498.95,5437.655,5493.2,2014-12-12
000905.SH,2014-12-15,5485.13,5588.853,5466.79,5583.597,2014-12-15
000905.SH,2014-12-16,5590.266,5609.681,5548.963,5606.693,2014-12-16
000905.SH,2014-12-17,5597.88,5597.88,5488.796,5557.286,2014-12-17
000905.SH,2014-12-18,5551.038,5598.985,5543.401,5558.045,2014-12-18
000905.SH,2014-12-19,5554.665,5558.176,5423.753,5524.122,2014-12-19
000905.SH,2014-12-22,5523.661,5523.963,5279.96,5305.209,2014-12-22
000905.SH,2014-12-23,5273.99,5316.717,5187.632,5193.722,2014-12-23
000905.SH,2014-12-24,5212.069,5263.201,5197.721,5262.365,2014-12-24
000905.SH,2014-12-25,5279.297,5365.074,5272.319,5364.563,2014-12-25
000905.SH,2014-12-26,5370.332,5423.346,5359.533,5422.751,2014-12-26
000905.SH,2014-12-29,5436.488,5436.488,5330.327,5367.637,2014-12-29
000905.SH,2014-12-30,5357.388,5366.16,5261.615,5275.085,2014-12-30
000905.SH,2014-12-31,5274.651,5322.714,5241.362,5322.714,2014-12-31
000905.SH,2015-01-05,5338.752,5427.231,5314.339,5417.017,2015-01-05
000905.SH,2015-01-06,5389.903,5482.124,5354.338,5479.864,2015-01-06
000905.SH,2015-01-07,5471.402,5492.825,5436.918,5488.242,2015-01-07
000905.SH,2015-01-08,5482.394,5497.744,5418.011,5444.037,2015-01-08
000905.SH,2015-01-09,5424.501,5497.689,5409.058,5409.058,2015-01-09
000905.SH,2015-01-12,5386.584,5386.584,5303.732,5332.221,2015-01-12
000905.SH,2015-01-13,5333.968,5407.629,5333.968,5405.091,2015-01-13
000905.SH,2015-01-14,5404.374,5417.802,5350.165,5379.738,2015-01-14
000905.SH,2015-01-15,5380.447,5449.255,5380.336,5449.038,2015-01-15
000905.SH,2015-01-16,5459.185,5520.785,5454.239,5520.123,2015-01-16
000905.SH,2015-01-19,5359.47,5475.66,5222.04,5281.895,2015-01-19
000905.SH,2015-01-20,5303.181,5472.736,5303.181,5472.514,2015-01-20
000905.SH,2015-01-21,5490.84,5611.982,5490.526,5611.694,2015-01-21
000905.SH,2015-01-22,5617.609,5690.43,5610.09,5690.156,2015-01-22
000905.SH,2015-01-23,5697.837,5699.726,5611.066,5633.289,2015-01-23
000905.SH,2015-01-26,5644.031,5759.367,5636.204,5758.979,2015-01-26
000905.SH,2015-01-27,5767.737,5783.99,5670.431,5773.816,2015-01-27
000905.SH,2015-01-28,5756.682,5798.571,5722.494,5739.919,2015-01-28
000905.SH,2015-01-29,5692.387,5739.486,5670.505,5701.205,2015-01-29
000905.SH,2015-01-30,5708.284,5735.932,5631.565,5632.728,2015-01-30
000905.SH,2015-02-02,5568.435,5652.667,5539.523,5609.389,2015-02-02
000905.SH,2015-02-03,5627.399,5708.281,5627.399,5707.476,2015-02-03
000905.SH,2015-02-04,5720.975,5734.328,5680.833,5683.519,2015-02-04
000905.SH,2015-02-05,5741.193,5745.136,5654.217,5654.217,2015-02-05
000905.SH,2015-02-06,5640.025,5657.662,5510.763,5534.785,2015-02-06
000905.SH,2015-02-09,5526.144,5551.898,5492.546,5504.974,2015-02-09
000905.SH,2015-02-10,5502.725,5581.341,5500.535,5580.704,2015-02-10
000905.SH,2015-02-11,5587.639,5642.297,5587.44,5641.786,2015-02-11
000905.SH,2015-02-12,5647.546,5689.743,5640.858,5681.341,2015-02-12
000905.SH,2015-02-13,5709.156,5789.382,5709.156,5769.272,2015-02-13
000905.SH,2015-02-16,5786.153,5870.082,5786.038,5869.713,2015-02-16
000905.SH,2015-02-17,5888.871,5914.285,5877.948,5911.098,2015-02-17
000905.SH,2015-02-25,5926.234,5952.709,5887.366,5906.538,2015-02-25
000905.SH,2015-02-26,5903.262,5970.06,5897.715,5969.557,2015-02-26
000905.SH,2015-02-27,5974.359,6025.115,5970.681,6018.463,2015-02-27
000905.SH,2015-03-02,6064.821,6139.792,6039.254,6139.792,2015-03-02
000905.SH,2015-03-03,6124.276,6199.497,6099.131,6118.656,2015-03-03
000905.SH,2015-03-04,6114.694,6211.089,6114.214,6210.421,2015-03-04
000905.SH,2015-03-05,6212.66,6217.788,6161.377,6208.988,2015-03-05
000905.SH,2015-03-06,6214.332,6234.114,6129.622,6133.026,2015-03-06
000905.SH,2015-03-09,6113.581,6212.57,6080.543,6212.236,2015-03-09
000905.SH,2015-03-10,6214.519,6299.281,6205.924,6276.485,2015-03-10
000905.SH,2015-03-11,6275.173,6281.191,6236.793,6262.892,2015-03-11
000905.SH,2015-03-12,6273.692,6288.517,6220.631,6260.137,2015-03-12
000905.SH,2015-03-13,6271.818,6329.701,6271.818,6329.576,2015-03-13
000905.SH,2015-03-16,6369.197,6517.031,6369.197,6516.765,2015-03-16
000905.SH,2015-03-17,6547.39,6635.096,6525.829,6618.054,2015-03-17
000905.SH,2015-03-18,6624.388,6728.506,6612.457,6728.068,2015-03-18
000905.SH,2015-03-19,6733.12,6783.14,6687.442,6782.463,2015-03-19
000905.SH,2015-03-20,6789.058,6862.375,6786.335,6850.897,2015-03-20
000905.SH,2015-03-23,6891.922,7017.481,6891.922,7017.154,2015-03-23
000905.SH,2015-03-24,7042.926,7055.1,6801.545,7046.123,2015-03-24
000905.SH,2015-03-25,7051.821,7170.826,7001.514,7124.872,2015-03-25
000905.SH,2015-03-26,7104.036,7171.621,6995.645,7074.437,2015-03-26
000905.SH,2015-03-27,7076.488,7167.37,7060.432,7155.945,2015-03-27
000905.SH,2015-03-30,7180.063,7259.541,7180.063,7245.497,2015-03-30
000905.SH,2015-03-31,7280.15,7328.851,7214.481,7253.104,2015-03-31
000905.SH,2015-04-01,7258.831,7430.945,7258.738,7425.733,2015-04-01
000905.SH,2015-04-02,7463.907,7561.201,7447.119,7560.648,2015-04-02
000905.SH,2015-04-03,7532.148,7682.723,7494.362,7679.01,2015-04-03
000905.SH,2015-04-07,7728.91,7863.595,7728.8,7863.284,2015-04-07
000905.SH,2015-04-08,7908.77,7920.983,7674.066,7807.997,2015-04-08
000905.SH,2015-04-09,7818.2,7818.2,7483.278,7746.151,2015-04-09
000905.SH,2015-04-10,7727.007,7971.622,7683.8,7952.189,2015-04-10
000905.SH,2015-04-13,7994.253,8143.382,7977.0,8122.893,2015-04-13
000905.SH,2015-04-14,8129.728,8192.238,8039.951,8119.959,2015-04-14
000905.SH,2015-04-15,8093.134,8093.134,7786.93,7802.747,2015-04-15
000905.SH,2015-04-16,7705.464,7976.121,7607.4,7912.088,2015-04-16
000905.SH,2015-04-17,7979.354,8032.075,7925.743,7980.76,2015-04-17
000905.SH,2015-04-20,7967.033,8051.47,7801.029,7839.901,2015-04-20
000905.SH,2015-04-21,7852.515,8113.021,7846.614,8112.687,2015-04-21
000905.SH,2015-04-22,8180.116,8333.821,8179.302,8323.427,2015-04-22
000905.SH,2015-04-23,8371.85,8447.925,8275.126,8410.703,2015-04-23
000905.SH,2015-04-24,8321.328,8453.341,8256.2,8419.095,2015-04-24
000905.SH,2015-04-27,8503.57,8576.483,8413.234,8513.016,2015-04-27
000905.SH,2015-04-28,8533.673,8543.33,8187.155,8266.483,2015-04-28
000905.SH,2015-04-29,8248.315,8449.701,8204.73,8428.254,2015-04-29
000905.SH,2015-04-30,8460.394,8551.465,8458.601,8469.673,2015-04-30
000905.SH,2015-05-04,8493.963,8532.654,8381.373,8510.481,2015-05-04
000905.SH,2015-05-05,8501.119,8501.119,8160.656,8199.344,2015-05-05
000905.SH,2015-05-06,8220.597,8359.296,8012.483,8082.999,2015-05-06
000905.SH,2015-05-07,8043.008,8076.23,7886.362,7903.478,2015-05-07
000905.SH,2015-05-08,7989.339,8201.804,7983.826,8201.293,2015-05-08
000905.SH,2015-05-11,8292.625,8558.801,8242.098,8558.218,2015-05-11
000905.SH,2015-05-12,8595.08,8746.21,8564.663,8745.678,2015-05-12
000905.SH,2015-05-13,8719.584,8909.575,8643.43,8824.929,2015-05-13
000905.SH,2015-05-14,8829.827,8878.47,8725.297,8813.393,2015-05-14
000905.SH,2015-05-15,8790.006,8828.115,8626.229,8742.885,2015-05-15
000905.SH,2015-05-18,8725.41,8929.944,8698.898,8903.595,2015-05-18
000905.SH,2015-05-19,8927.387,9125.515,8904.189,9124.833,2015-05-19
000905.SH,2015-05-20,9176.026,9429.22,9173.403,9277.331,2015-05-20
000905.SH,2015-05-21,9320.842,9620.095,9320.23,9619.223,2015-05-21
000905.SH,2015-05-22,9756.529,9821.811,9547.422,9778.171,2015-05-22
000905.SH,2015-05-25,9717.511,10040.71,9659.316,10040.09,2015-05-25
000905.SH,2015-05-26,10117.73,10373.84,10046.24,10373.58,2015-05-26
000905.SH,2015-05-27,10421.3,10539.75,10192.18,10497.34,2015-05-27
000905.SH,2015-05-28,10501.36,10637.91,9860.554,9868.424,2015-05-28
000905.SH,2015-05-29,9846.389,10140.1,9433.088,9966.845,2015-05-29
000905.SH,2015-06-01,10067.53,10488.89,10067.53,10488.31,2015-06-01
000905.SH,2015-06-02,10592.75,10887.88,10541.28,10886.4,2015-06-02
000905.SH,2015-06-03,10973.96,11055.21,10674.07,10979.99,2015-06-03
000905.SH,2015-06-04,10986.42,11023.34,10269.04,10965.41,2015-06-04
000905.SH,2015-06-05,11117.36,11236.15,10887.17,11144.52,2015-06-05
000905.SH,2015-06-08,11157.18,11157.18,10860.39,11030.92,2015-06-08
000905.SH,2015-06-09,11009.88,11089.2,10861.58,11013.74,2015-06-09
000905.SH,2015-06-10,10947.4931,11319.9048,10830.3274,11208.0577,2015-06-10
000905.SH,2015-06-11,11220.0678,11367.6331,11155.9521,11366.2931,2015-06-11
000905.SH,2015-06-12,11424.3345,11616.3848,11400.6514,11545.8906,2015-06-12
000905.SH,2015-06-15,11589.9517,11616.3497,11304.0384,11332.892,2015-06-15
000905.SH,2015-06-16,11205.7538,11205.7538,10768.615,10879.8358,2015-06-16
000905.SH,2015-06-17,10865.3946,11133.1124,10497.6866,11100.5456,2015-06-17
000905.SH,2015-06-18,11093.2992,11178.3183,10714.3287,10731.3787,2015-06-18
000905.SH,2015-06-19,10475.9215,10601.0427,9968.9918,9987.4074,2015-06-19
000905.SH,2015-06-23,9951.7822,10074.8264,9333.9096,10046.8849,2015-06-23
000905.SH,2015-06-24,10136.2543,10271.231,9950.6181,10267.6266,2015-06-24
000905.SH,2015-06-25,10298.5576,10343.0542,9771.89,9906.1037,2015-06-25
000905.SH,2015-06-26,9571.555,9603.1273,9059.3579,9078.0648,2015-06-26
000905.SH,2015-06-29,9267.0283,9281.1722,8339.3301,8484.6434,2015-06-29
000905.SH,2015-06-30,8302.1812,8912.3967,7882.3288,8906.0202,2015-06-30
000905.SH,2015-07-01,8808.5142,9103.0927,8385.4325,8411.9097,2015-07-01
000905.SH,2015-07-02,8369.492,8433.5238,7787.0991,7835.1035,2015-07-02
000905.SH,2015-07-03,7530.2654,7930.1456,7249.3088,7355.491,2015-07-03
000905.SH,2015-07-06,7842.4287,7842.4287,6883.6138,7235.999,2015-07-06
000905.SH,2015-07-07,6977.5478,7030.9781,6763.1184,6763.5263,2015-07-07
000905.SH,2015-07-08,6444.6672,6702.2787,6444.2478,6602.3735,2015-07-08
000905.SH,2015-07-09,6525.1212,6896.4927,6525.1212,6896.3516,2015-07-09
000905.SH,2015-07-10,7101.8176,7245.3276,7081.3543,7244.7842,2015-07-10
000905.SH,2015-07-13,7563.3803,7695.6691,7502.551,7695.6351,2015-07-13
000905.SH,2015-07-14,7853.9972,8076.1908,7772.3932,7859.0574,2015-07-14
000905.SH,2015-07-15,7836.0835,7837.8439,7391.9596,7405.2945,2015-07-15
000905.SH,2015-07-16,7342.8309,7729.6972,7078.7104,7578.7585,2015-07-16
000905.SH,2015-07-17,7629.782,8050.7281,7620.1615,7994.6971,2015-07-17
000905.SH,2015-07-20,8025.1042,8250.398,7931.6512,8116.4956,2015-07-20
000905.SH,2015-07-21,8011.9037,8291.9267,7937.629,8220.4627,2015-07-21
000905.SH,2015-07-22,8207.1733,8354.3846,8075.5953,8320.2364,2015-07-22
000905.SH,2015-07-23,8330.4701,8585.8005,8288.8417,8551.9909,2015-07-23
000905.SH,2015-07-24,8580.6465,8706.2517,8348.4175,8425.0739,2015-07-24
000905.SH,2015-07-27,8240.6784,8493.3478,7791.6,7794.1809,2015-07-27
000905.SH,2015-07-28,7514.1481,7893.9378,7261.6068,7649.8199,2015-07-28
000905.SH,2015-07-29,7765.9486,8024.5768,7472.6332,8022.7956,2015-07-29
000905.SH,2015-07-30,7979.569,8174.7014,7766.4615,7800.5799,2015-07-30
000905.SH,2015-07-31,7692.4784,7876.6449,7634.5383,7727.0608,2015-07-31
000905.SH,2015-08-03,7605.8946,7658.1731,7370.0427,7540.2053,2015-08-03
000905.SH,2015-08-04,7548.0292,7942.268,7532.8293,7942.0952,2015-08-04
000905.SH,2015-08-05,7933.3173,8047.6955,7773.9241,7839.3375,2015-08-05
000905.SH,2015-08-06,7660.5828,7891.5641,7633.2891,7792.0278,2015-08-06
000905.SH,2015-08-07,7874.4155,8015.3656,7855.6836,8013.3187,2015-08-07
000905.SH,2015-08-10,8106.1198,8437.915,8079.8769,8394.0862,2015-08-10
000905.SH,2015-08-11,8402.3187,8551.5288,8356.5234,8435.3271,2015-08-11
000905.SH,2015-08-12,8342.6055,8490.2695,8320.054,8336.3365,2015-08-12
000905.SH,2015-08-13,8287.7712,8535.3675,8237.8924,8534.4288,2015-08-13
000905.SH,2015-08-14,8599.7743,8717.0694,8548.3365,8625.2423,2015-08-14
000905.SH,2015-08-17,8613.2857,8820.9831,8582.829,8820.4567,2015-08-17
000905.SH,2015-08-18,8842.1622,8858.3304,8140.9096,8161.2687,2015-08-18
000905.SH,2015-08-19,7865.6345,8404.9413,7667.3189,8340.9828,2015-08-19
000905.SH,2015-08-20,8255.9309,8376.6647,8049.5116,8049.5116,2015-08-20
000905.SH,2015-08-21,7884.3047,8006.2933,7583.7036,7612.9024,2015-08-21
000905.SH,2015-08-24,7255.2947,7292.7714,7003.6553,7006.1885,2015-08-24
000905.SH,2015-08-25,6496.1065,6666.81,6467.8136,6481.4117,2015-08-25
000905.SH,2015-08-26,6470.0016,6687.5272,6165.1072,6238.5256,2015-08-26
000905.SH,2015-08-27,6344.9548,6457.864,6099.1669,6456.0548,2015-08-27
000905.SH,2015-08-28,6554.7552,6844.4514,6512.6968,6842.8938,2015-08-28
000905.SH,2015-08-31,6791.4192,6791.4192,6578.3538,6581.3127,2015-08-31
000905.SH,2015-09-01,6507.875,6507.875,6161.0318,6169.2072,2015-09-01
000905.SH,2015-09-02,5878.2072,6314.2903,5866.6644,6122.5533,2015-09-02
000905.SH,2015-09-07,6187.6901,6379.1975,6094.4895,6143.5566,2015-09-07
000905.SH,2015-09-08,6096.0144,6387.3613,6014.5682,6374.8551,2015-09-08
000905.SH,2015-09-09,6408.6714,6609.9432,6380.2503,6551.0072,2015-09-09
000905.SH,2015-09-10,6434.5309,6565.1624,6407.1191,6440.3093,2015-09-10
000905.SH,2015-09-11,6423.5209,6523.1898,6385.3094,6493.3191,2015-09-11
000905.SH,2015-09-14,6535.2625,6554.3839,6018.4438,6049.7904,2015-09-14
000905.SH,2015-09-15,5886.2683,5996.2168,5689.9713,5708.0299,2015-09-15
000905.SH,2015-09-16,5722.5312,6107.3706,5704.1216,6084.8367,2015-09-16
000905.SH,2015-09-17,6057.8682,6242.2478,5965.409,5965.409,2015-09-17
000905.SH,2015-09-18,6007.4586,6073.5497,5934.0962,6036.8814,2015-09-18
000905.SH,2015-09-21,5966.2943,6251.6182,5943.5899,6250.4393,2015-09-21
000905.SH,2015-09-22,6264.0572,6362.0484,6215.5717,6295.9258,2015-09-22
000905.SH,2015-09-23,6192.326,6302.6435,6162.9716,6224.6006,2015-09-23
000905.SH,2015-09-24,6250.0879,6324.3139,6227.3904,6315.1101,2015-09-24
000905.SH,2015-09-25,6294.2021,6336.4285,6064.7227,6108.3764,2015-09-25
000905.SH,2015-09-28,6118.2262,6221.0096,6020.4569,6219.6917,2015-09-28
000905.SH,2015-09-29,6114.4796,6183.8267,6065.854,6103.6058,2015-09-29
000905.SH,2015-09-30,6139.1395,6165.7463,6066.8339,6123.7274,2015-09-30
000905.SH,2015-10-08,6322.5352,6409.7407,6281.5308,6372.4924,2015-10-08
000905.SH,2015-10-09,6369.7521,6495.2932,6353.042,6470.0514,2015-10-09
000905.SH,2015-10-12,6505.9119,6788.3986,6501.7592,6718.7221,2015-10-12
000905.SH,2015-10-13,6672.6608,6816.7761,6650.6146,6802.0769,2015-10-13
000905.SH,2015-10-14,6772.458,6842.8738,6709.345,6724.4957,2015-10-14
000905.SH,2015-10-15,6694.0666,6929.4757,6694.0666,6929.2374,2015-10-15
000905.SH,2015-10-16,6979.6769,7052.141,6883.1986,7047.5599,2015-10-16
000905.SH,2015-10-19,7072.3592,7113.6628,6951.7989,7047.3718,2015-10-19
000905.SH,2015-10-20,7033.2048,7163.2605,6996.5636,7162.0754,2015-10-20
000905.SH,2015-10-21,7159.1322,7186.5415,6689.268,6712.7386,2015-10-21
000905.SH,2015-10-22,6708.2144,6970.6762,6700.6192,6964.2976,2015-10-22
000905.SH,2015-10-23,7015.6225,7169.3692,6988.5514,7138.2344,2015-10-23
000905.SH,2015-10-26,7223.1545,7233.3568,7088.5675,7186.7548,2015-10-26
000905.SH,2015-10-27,7123.0832,7266.7772,6900.438,7231.4362,2015-10-27
000905.SH,2015-10-28,7179.988,7270.7891,7019.6089,7048.8952,2015-10-28
000905.SH,2015-10-29,7097.1881,7185.2073,7011.8633,7108.9748,2015-10-29
000905.SH,2015-10-30,7088.8059,7185.5247,6984.5009,7084.9706,2015-10-30
000905.SH,2015-11-02,6936.3688,7137.0519,6914.1472,6936.4315,2015-11-02
000905.SH,2015-11-03,6956.8927,6998.0505,6860.4393,6920.1029,2015-11-03
000905.SH,2015-11-04,6953.8672,7268.3987,6953.8672,7267.9884,2015-11-04
000905.SH,2015-11-05,7277.0956,7364.5113,7225.6447,7276.4505,2015-11-05
000905.SH,2015-11-06,7284.8672,7456.2357,7284.7055,7446.8471,2015-11-06
000905.SH,2015-11-09,7415.7567,7593.1676,7350.8613,7543.8014,2015-11-09
000905.SH,2015-11-10,7517.4079,7633.0067,7486.8466,7575.0084,2015-11-10
000905.SH,2015-11-11,7589.6642,7686.3021,7556.3723,7684.666,2015-11-11
000905.SH,2015-11-12,7712.6357,7739.6538,7579.6716,7682.4517,2015-11-12
000905.SH,2015-11-13,7601.1459,7665.1381,7478.4134,7567.108,2015-11-13
000905.SH,2015-11-16,7438.4046,7719.7025,7431.7399,7718.8548,2015-11-16
000905.SH,2015-11-17,7787.0753,7820.0237,7635.9235,7650.3808,2015-11-17
000905.SH,2015-11-18,7655.3265,7699.6093,7504.9889,7526.9417,2015-11-18
000905.SH,2015-11-19,7552.996,7719.521,7538.281,7718.622,2015-11-19
000905.SH,2015-11-20,7741.6774,7844.0611,7720.1642,7806.2655,2015-11-20
000905.SH,2015-11-23,7816.8494,7876.4815,7710.0538,7744.1822,2015-11-23
000905.SH,2015-11-24,7739.0896,7799.0107,7635.7806,7798.4975,2015-11-24
000905.SH,2015-11-25,7803.2899,7925.5356,7795.1638,7922.3841,2015-11-25
000905.SH,2015-11-26,7962.1692,7974.7352,7859.6331,7874.0797,2015-11-26
000905.SH,2015-11-27,7839.3123,7852.0,7317.6454,7376.1243,2015-11-27
000905.SH,2015-11-30,7388.2799,7467.4672,7035.5474,7408.3988,2015-11-30
000905.SH,2015-12-01,7403.9422,7519.9368,7358.3652,7443.9452,2015-12-01
000905.SH,2015-12-02,7423.4976,7444.2217,7201.6591,7405.8596,2015-12-02
000905.SH,2015-12-03,7413.2182,7571.4456,7412.655,7570.5077,2015-12-03
000905.SH,2015-12-04,7533.6124,7600.3428,7464.2772,7511.6749,2015-12-04
000905.SH,2015-12-07,7526.2232,7602.7699,7476.1912,7602.2276,2015-12-07
000905.SH,2015-12-08,7555.4633,7555.4633,7398.5577,7404.142,2015-12-08
000905.SH,2015-12-09,7369.1077,7431.04,7322.8674,7374.2742,2015-12-09
000905.SH,2015-12-10,7374.3548,7437.7063,7332.9804,7350.2098,2015-12-10
000905.SH,2015-12-11,7320.1584,7347.3599,7253.8424,7290.7017,2015-12-11
000905.SH,2015-12-14,7224.8086,7441.763,7210.4103,7441.0301,2015-12-14
000905.SH,2015-12-15,7448.7137,7534.2239,7447.1075,7498.1813,2015-12-15
000905.SH,2015-12-16,7522.729,7574.6487,7503.0859,7529.4028,2015-12-16
000905.SH,2015-12-17,7570.6695,7716.4756,7570.6695,7716.246,2015-12-17
000905.SH,2015-12-18,7708.3354,7746.512,7650.5564,7699.37,2015-12-18
000905.SH,2015-12-21,7698.443,7798.085,7692.096,7788.564,2015-12-21
000905.SH,2015-12-22,7810.9957,7856.9481,7752.697,7856.6081,2015-12-22
000905.SH,2015-12-23,7859.1316,7881.2945,7756.3284,7773.2825,2015-12-23
000905.SH,2015-12-24,7760.3777,7778.9364,7635.7842,7753.0367,2015-12-24
000905.SH,2015-12-25,7759.8365,7805.053,7738.8672,7792.1244,2015-12-25
000905.SH,2015-12-28,7815.3823,7837.6298,7603.3609,7603.3609,2015-12-28
000905.SH,2015-12-29,7591.7137,7675.3079,7545.352,7674.3881,2015-12-29
000905.SH,2015-12-30,7693.0217,7747.3509,7664.2806,7741.0472,2015-12-30
000905.SH,2015-12-31,7745.6377,7763.2964,7617.3853,7617.689,2015-12-31
000905.SH,2016-01-04,7615.5139,7624.1008,6983.2854,6983.4044,2016-01-04
000905.SH,2016-01-05,6663.7264,7020.5409,6627.6416,6889.7414,2016-01-05
000905.SH,2016-01-06,6916.5318,7066.0848,6878.6539,7065.6068,2016-01-06
000905.SH,2016-01-07,6937.4161,6937.4161,6454.9732,6462.2428,2016-01-07
000905.SH,2016-01-08,6618.0809,6689.1413,6222.5929,6570.4316,2016-01-08
000905.SH,2016-01-11,6435.8944,6529.8788,6128.2225,6128.6558,2016-01-11
000905.SH,2016-01-12,6126.6696,6205.5914,5994.6361,6136.6632,2016-01-12
000905.SH,2016-01-13,6168.9869,6226.5409,5924.044,5924.044,2016-01-13
000905.SH,2016-01-14,5734.6075,6137.507,5726.8834,6124.8202,2016-01-14
000905.SH,2016-01-15,6078.6153,6135.2708,5852.2411,5893.6815,2016-01-15
000905.SH,2016-01-18,5768.7577,6051.1817,5765.1458,5978.9076,2016-01-18
000905.SH,2016-01-19,5965.3551,6203.3998,5956.2253,6197.0947,2016-01-19
000905.SH,2016-01-20,6161.2319,6244.9612,6095.7216,6138.5031,2016-01-20
000905.SH,2016-01-21,6031.1695,6191.3173,5886.8835,5886.8835,2016-01-21
000905.SH,2016-01-22,5954.3643,6013.9706,5799.7117,5980.6111,2016-01-22
000905.SH,2016-01-25,6034.0844,6093.2693,5976.3363,6041.3261,2016-01-25
000905.SH,2016-01-26,5966.7049,5982.4993,5573.8266,5589.3069,2016-01-26
000905.SH,2016-01-27,5604.1667,5628.1856,5240.6457,5514.1886,2016-01-27
000905.SH,2016-01-28,5441.7378,5511.3206,5257.0812,5271.2325,2016-01-28
000905.SH,2016-01-29,5262.4596,5515.4864,5248.215,5469.1254,2016-01-29
000905.SH,2016-02-01,5458.6048,5493.9818,5319.7007,5399.4771,2016-02-01
000905.SH,2016-02-02,5407.7068,5594.3607,5407.6681,5586.6266,2016-02-02
000905.SH,2016-02-03,5520.6415,5634.9198,5482.2247,5610.1734,2016-02-03
000905.SH,2016-02-04,5631.3198,5744.0236,5631.3198,5721.4853,2016-02-04
000905.SH,2016-02-05,5734.4807,5747.9794,5662.4365,5664.1971,2016-02-05
000905.SH,2016-02-15,5485.723,5700.5221,5482.7957,5668.0398,2016-02-15
000905.SH,2016-02-16,5694.7487,5918.5932,5694.7487,5902.5341,2016-02-16
000905.SH,2016-02-17,5889.5021,5979.4073,5854.2197,5971.4123,2016-02-17
000905.SH,2016-02-18,6009.7485,6034.8519,5945.204,5957.1305,2016-02-18
000905.SH,2016-02-19,5939.6973,6009.724,5919.6832,5979.5164,2016-02-19
000905.SH,2016-02-22,6055.6751,6111.6899,6029.4589,6103.7225,2016-02-22
000905.SH,2016-02-23,6102.5122,6118.6447,5982.211,6070.4998,2016-02-23
000905.SH,2016-02-24,6041.7529,6116.2549,5975.1403,6111.0427,2016-02-24
000905.SH,2016-02-25,6097.4199,6097.5442,5604.1035,5626.0522,2016-02-25
000905.SH,2016-02-26,5668.329,5701.0506,5517.6299,5648.9376,2016-02-26
000905.SH,2016-02-29,5618.5094,5618.5094,5286.3446,5350.4337,2016-02-29
000905.SH,2016-03-01,5361.7919,5504.7514,5294.5438,5473.6349,2016-03-01
000905.SH,2016-03-02,5464.7331,5763.7994,5462.7415,5753.1482,2016-03-02
000905.SH,2016-03-03,5757.3608,5872.9242,5745.6227,5776.977,2016-03-03
000905.SH,2016-03-04,5755.1192,5805.4085,5542.9828,5621.5614,2016-03-04
000905.SH,2016-03-07,5686.6863,5788.4718,5681.8474,5752.5482,2016-03-07
000905.SH,2016-03-08,5751.3875,5764.3253,5538.1512,5764.3253,2016-03-08
000905.SH,2016-03-09,5627.1384,5709.5166,5583.0666,5617.0376,2016-03-09
000905.SH,2016-03-10,5617.4152,5657.2629,5517.0161,5521.948,2016-03-10
000905.SH,2016-03-11,5460.5423,5545.3432,5433.3223,5508.9818,2016-03-11
000905.SH,2016-03-14,5568.464,5748.3333,5568.464,5690.5904,2016-03-14
000905.SH,2016-03-15,5672.7536,5701.5681,5608.9982,5639.8012,2016-03-15
000905.SH,2016-03-16,5662.4386,5689.281,5531.3341,5562.8037,2016-03-16
000905.SH,2016-03-17,5589.2203,5759.5403,5579.725,5745.975,2016-03-17
000905.SH,2016-03-18,5774.303,5967.459,5768.908,5949.263,2016-03-18
000905.SH,2016-03-21,6016.6943,6100.032,6001.3219,6099.4805,2016-03-21
000905.SH,2016-03-22,6045.8393,6130.2647,6013.0489,6075.4922,2016-03-22
000905.SH,2016-03-23,6054.2224,6119.3058,6031.2721,6118.9664,2016-03-23
000905.SH,2016-03-24,6062.7577,6127.5122,6008.5416,6018.4242,2016-03-24
000905.SH,2016-03-25,6006.6685,6081.0923,5996.5377,6077.4312,2016-03-25
000905.SH,2016-03-28,6114.7665,6167.2381,6017.4883,6037.7782,2016-03-28
000905.SH,2016-03-29,6029.9433,6041.3823,5875.0699,5921.8672,2016-03-29
000905.SH,2016-03-30,5981.4209,6137.7915,5981.4209,6137.5034,2016-03-30
000905.SH,2016-03-31,6164.281,6211.1386,6133.5955,6155.8138,2016-03-31
000905.SH,2016-04-01,6129.7241,6157.7401,6022.9698,6124.5278,2016-04-01
000905.SH,2016-04-05,6136.6854,6293.4695,6117.1766,6286.5826,2016-04-05
000905.SH,2016-04-06,6262.6013,6324.2045,6243.1129,6323.4342,2016-04-06
000905.SH,2016-04-07,6344.3677,6355.3277,6228.9737,6228.9737,2016-04-07
000905.SH,2016-04-08,6176.8641,6199.1468,6087.104,6168.7419,2016-04-08
000905.SH,2016-04-11,6226.381,6334.536,6226.381,6304.3004,2016-04-11
000905.SH,2016-04-12,6299.472,6316.248,6182.8182,6252.7729,2016-04-12
000905.SH,2016-04-13,6292.5692,6421.7271,6292.5692,6344.2255,2016-04-13
000905.SH,2016-04-14,6375.4939,6402.509,6324.4635,6401.8545,2016-04-14
000905.SH,2016-04-15,6403.2525,6414.7939,6345.5538,6384.3496,2016-04-15
000905.SH,2016-04-18,6343.7013,6343.7013,6241.9826,6281.2024,2016-04-18
000905.SH,2016-04-19,6314.5816,6334.904,6262.6116,6308.229,2016-04-19
000905.SH,2016-04-20,6331.8699,6344.7813,5923.4332,6022.2126,2016-04-20
000905.SH,2016-04-21,6000.3047,6085.9349,5960.504,5970.682,2016-04-21
000905.SH,2016-04-22,5930.531,6011.4595,5915.3057,6011.3201,2016-04-22
000905.SH,2016-04-25,5997.2134,5997.2189,5897.7351,5978.0772,2016-04-25
000905.SH,2016-04-26,5971.8051,6047.0641,5958.4005,6046.7734,2016-04-26
000905.SH,2016-04-27,6051.4431,6086.3639,6005.1631,6016.699,2016-04-27
000905.SH,2016-04-28,6014.1258,6027.1966,5888.0639,5990.3285,2016-04-28
000905.SH,2016-04-29,5963.9077,6018.2657,5953.131,5985.594,2016-04-29
000905.SH,2016-05-03,5991.8294,6167.7976,5960.9405,6167.4537,2016-05-03
000905.SH,2016-05-04,6144.5691,6213.1931,6136.3005,6169.7826,2016-05-04
000905.SH,2016-05-05,6159.7265,6206.5295,6133.3802,6203.8166,2016-05-05
000905.SH,2016-05-06,6208.4401,6226.8759,5961.4591,5961.489,2016-05-06
000905.SH,2016-05-09,5910.124,5910.124,5714.1191,5743.6473,2016-05-09
000905.SH,2016-05-10,5728.1084,5766.1568,5697.0927,5738.8961,2016-05-10
000905.SH,2016-05-11,5770.3526,5806.4691,5700.0955,5723.4104,2016-05-11
000905.SH,2016-05-12,5647.0653,5727.5784,5559.693,5726.4555,2016-05-12
000905.SH,2016-05-13,5708.6277,5779.8921,5677.9415,5714.3107,2016-05-13
000905.SH,2016-05-16,5692.6051,5813.0362,5665.2063,5812.5423,2016-05-16
000905.SH,2016-05-17,5814.1028,5853.6109,5763.5055,5790.3416,2016-05-17
000905.SH,2016-05-18,5743.0332,5743.0332,5563.0572,5631.1927,2016-05-18
000905.SH,2016-05-19,5628.7267,5729.4001,5628.6462,5666.7331,2016-05-19
000905.SH,2016-05-20,5619.9362,5733.2495,5600.492,5732.9018,2016-05-20
000905.SH,2016-05-23,5752.1453,5811.6842,5752.0785,5809.4761,2016-05-23
000905.SH,2016-05-24,5800.0034,5800.1706,5701.6635,5743.1782,2016-05-24
000905.SH,2016-05-25,5780.266,5803.9847,5691.6085,5715.1834,2016-05-25
000905.SH,2016-05-26,5705.0725,5744.8548,5598.6616,5744.3876,2016-05-26
000905.SH,2016-05-27,5728.9033,5780.0682,5712.4793,5739.5897,2016-05-27
000905.SH,2016-05-30,5705.9957,5764.7614,5655.6352,5711.3152,2016-05-30
000905.SH,2016-05-31,5721.8261,5947.4279,5721.8261,5947.3224,2016-05-31
000905.SH,2016-06-01,5957.1761,6013.9035,5949.6366,5973.7799,2016-06-01
000905.SH,2016-06-02,5961.7154,6014.6099,5955.3472,6013.8942,2016-06-02
000905.SH,2016-06-03,6016.9487,6062.1379,5992.3207,6032.603,2016-06-03
000905.SH,2016-06-06,6051.9476,6067.4652,6008.9257,6051.8595,2016-06-06
000905.SH,2016-06-07,6048.3198,6052.0491,6010.3535,6045.3571,2016-06-07
000905.SH,2016-06-08,6037.4133,6058.1769,5972.7439,6023.8776,2016-06-08
000905.SH,2016-06-13,5943.7334,5992.3346,5745.9998,5746.4438,2016-06-13
000905.SH,2016-06-14,5723.9941,5778.8537,5700.5226,5762.7612,2016-06-14
000905.SH,2016-06-15,5701.3881,5972.8525,5692.8145,5952.846,2016-06-15
000905.SH,2016-06-16,5945.4943,5979.1155,5909.6871,5930.5454,2016-06-16
000905.SH,2016-06-17,5937.3204,6002.6166,5918.1931,5964.2724,2016-06-17
000905.SH,2016-06-20,5965.8246,5994.9995,5908.4815,5985.5691,2016-06-20
000905.SH,2016-06-21,6023.9225,6053.4091,5888.3583,5916.8032,2016-06-21
000905.SH,2016-06-22,5901.1504,6009.0569,5895.9138,6008.8857,2016-06-22
000905.SH,2016-06-23,5998.6728,6015.182,5933.6833,5978.1737,2016-06-23
000905.SH,2016-06-24,5967.5154,6011.3713,5748.8387,5903.6202,2016-06-24
000905.SH,2016-06-27,5864.726,6044.3229,5864.6141,6044.2191,2016-06-27
000905.SH,2016-06-28,6018.912,6111.0708,6012.0512,6107.5105,2016-06-28
000905.SH,2016-06-29,6130.576,6145.0001,6100.084,6120.2021,2016-06-29
000905.SH,2016-06-30,6127.9892,6143.2323,6090.9036,6123.4939,2016-06-30
000905.SH,2016-07-01,6133.7178,6163.4256,6095.85,6111.5385,2016-07-01
000905.SH,2016-07-04,6079.5844,6240.603,6078.6278,6231.8811,2016-07-04
000905.SH,2016-07-05,6244.387,6276.8212,6226.2952,6269.5046,2016-07-05
000905.SH,2016-07-06,6250.4887,6299.7335,6231.5408,6297.3969,2016-07-06
000905.SH,2016-07-07,6291.0571,6342.4345,6256.272,6319.7926,2016-07-07
000905.SH,2016-07-08,6308.0623,6337.0713,6276.8299,6299.8533,2016-07-08
000905.SH,2016-07-11,6320.0629,6387.0702,6306.1335,6312.4988,2016-07-11
000905.SH,2016-07-12,6309.819,6395.4352,6248.934,6395.1448,2016-07-12
000905.SH,2016-07-13,6413.8122,6456.7724,6392.3995,6446.5634,2016-07-13
000905.SH,2016-07-14,6437.277,6458.288,6410.3989,6455.5827,2016-07-14
000905.SH,2016-07-15,6459.6255,6469.0454,6409.7969,6441.0159,2016-07-15
000905.SH,2016-07-18,6426.8558,6455.459,6379.0647,6412.0731,2016-07-18
000905.SH,2016-07-19,6407.0339,6431.9383,6355.4787,6431.9383,2016-07-19
000905.SH,2016-07-20,6429.689,6454.179,6404.1539,6417.9223,2016-07-20
000905.SH,2016-07-21,6414.8007,6487.0216,6405.6019,6442.7093,2016-07-21
000905.SH,2016-07-22,6437.8833,6448.3659,6385.2522,6390.9254,2016-07-22
000905.SH,2016-07-25,6383.5616,6441.3161,6374.2552,6408.7831,2016-07-25
000905.SH,2016-07-26,6410.8227,6494.7395,6410.8227,6494.4743,2016-07-26
000905.SH,2016-07-27,6499.3377,6515.8778,6154.4592,6229.2885,2016-07-27
000905.SH,2016-07-28,6220.9168,6273.3798,6148.8585,6243.2883,2016-07-28
000905.SH,2016-07-29,6239.8538,6259.1994,6183.1647,6202.8923,2016-07-29
000905.SH,2016-08-01,6179.2019,6179.2019,6046.4023,6109.2782,2016-08-01
000905.SH,2016-08-02,6100.7491,6168.6819,6099.2499,6168.5088,2016-08-02
000905.SH,2016-08-03,6154.4741,6203.6148,6140.8294,6198.3885,2016-08-03
000905.SH,2016-08-04,6194.2028,6245.3048,6174.2398,6238.2309,2016-08-04
000905.SH,2016-08-05,6231.5257,6251.3982,6202.8622,6203.2872,2016-08-05
000905.SH,2016-08-08,6191.6474,6290.8999,6152.5791,6290.7562,2016-08-08
000905.SH,2016-08-09,6283.2888,6341.7233,6281.0723,6341.5497,2016-08-09
000905.SH,2016-08-10,6336.5359,6366.089,6314.5125,6318.2681,2016-08-10
000905.SH,2016-08-11,6304.7771,6318.9779,6226.3129,6226.3129,2016-08-11
000905.SH,2016-08-12,6218.3533,6299.0915,6204.9613,6299.0915,2016-08-12
000905.SH,2016-08-15,6309.4141,6451.929,6289.7246,6442.5272,2016-08-15
000905.SH,2016-08-16,6449.9066,6488.7007,6446.2363,6468.8946,2016-08-16
000905.SH,2016-08-17,6462.0466,6502.1391,6437.2631,6488.3648,2016-08-17
000905.SH,2016-08-18,6485.9268,6527.1975,6466.3975,6490.408,2016-08-18
000905.SH,2016-08-19,6485.7195,6516.9793,6451.612,6499.5548,2016-08-19
000905.SH,2016-08-22,6499.7527,6508.7968,6419.5628,6420.3544,2016-08-22
000905.SH,2016-08-23,6414.9819,6448.5425,6380.915,6428.6978,2016-08-23
000905.SH,2016-08-24,6432.8787,6466.6253,6415.6998,6435.0586,2016-08-24
000905.SH,2016-08-25,6398.5641,6398.5641,6312.6532,6382.5704,2016-08-25
000905.SH,2016-08-26,6395.772,6460.8679,6395.7304,6410.7335,2016-08-26
000905.SH,2016-08-29,6409.1178,6442.3982,6398.7765,6427.5291,2016-08-29
000905.SH,2016-08-30,6428.9659,6459.7148,6413.7103,6425.7543,2016-08-30
000905.SH,2016-08-31,6422.8012,6441.106,6390.699,6434.2103,2016-08-31
000905.SH,2016-09-01,6434.2608,6445.4324,6380.9005,6381.4755,2016-09-01
000905.SH,2016-09-02,6371.4921,6403.5722,6320.4791,6356.9538,2016-09-02
000905.SH,2016-09-05,6372.624,6419.7461,6372.624,6391.7923,2016-09-05
000905.SH,2016-09-06,6392.6082,6493.3473,6345.6948,6492.9722,2016-09-06
000905.SH,2016-09-07,6490.3301,6529.8114,6483.0878,6494.3159,2016-09-07
000905.SH,2016-09-08,6489.6169,6518.3321,6478.6477,6517.9835,2016-09-08
000905.SH,2016-09-09,6518.6757,6539.3476,6470.9046,6471.053,2016-09-09
000905.SH,2016-09-12,6362.77,6383.8434,6283.8161,6291.6364,2016-09-12
000905.SH,2016-09-13,6324.7438,6340.8722,6284.0368,6320.0315,2016-09-13
000905.SH,2016-09-14,6286.6174,6318.2705,6260.6525,6278.158,2016-09-14
000905.SH,2016-09-19,6292.807,6344.4504,6292.807,6344.181,2016-09-19
000905.SH,2016-09-20,6344.7056,6346.9304,6319.7623,6342.0328,2016-09-20
000905.SH,2016-09-21,6342.004,6362.9993,6335.3916,6343.7541,2016-09-21
000905.SH,2016-09-22,6381.1565,6410.57,6377.1734,6385.6353,2016-09-22
000905.SH,2016-09-23,6397.3334,6402.6392,6369.2226,6370.5834,2016-09-23
000905.SH,2016-09-26,6363.9308,6364.2086,6239.8672,6241.5157,2016-09-26
000905.SH,2016-09-27,6229.8183,6287.3356,6200.5654,6286.9093,2016-09-27
000905.SH,2016-09-28,6300.8497,6300.8497,6266.7529,6281.2838,2016-09-28
000905.SH,2016-09-29,6288.9181,6323.4158,6288.9181,6298.7911,2016-09-29
000905.SH,2016-09-30,6292.0797,6338.299,6289.4658,6328.0856,2016-09-30
000905.SH,2016-10-10,6364.5166,6447.9361,6345.331,6447.6934,2016-10-10
000905.SH,2016-10-11,6451.0445,6486.6499,6443.7479,6486.4254,2016-10-11
000905.SH,2016-10-12,6463.8094,6484.0002,6452.4135,6482.7379,2016-10-12
000905.SH,2016-10-13,6480.9293,6501.5569,6468.1323,6484.831,2016-10-13
000905.SH,2016-10-14,6476.2612,6477.8533,6423.5788,6469.4915,2016-10-14
000905.SH,2016-10-17,6478.5108,6487.6708,6394.4868,6413.1487,2016-10-17
000905.SH,2016-10-18,6409.7381,6509.2821,6409.7381,6509.2821,2016-10-18
000905.SH,2016-10-19,6518.7373,6531.162,6476.562,6495.2574,2016-10-19
000905.SH,2016-10-20,6495.8268,6506.581,6474.7793,6498.2375,2016-10-20
000905.SH,2016-10-21,6498.9857,6506.6107,6424.4429,6475.2807,2016-10-21
000905.SH,2016-10-24,6479.5541,6546.7881,6472.9393,6539.4661,2016-10-24
000905.SH,2016-10-25,6543.4668,6563.5233,6536.9443,6563.3539,2016-10-25
000905.SH,2016-10-26,6561.1581,6561.2466,6511.657,6530.3898,2016-10-26
000905.SH,2016-10-27,6522.8868,6529.4679,6488.3634,6517.3594,2016-10-27
000905.SH,2016-10-28,6512.038,6536.8349,6455.1476,6455.8349,2016-10-28
000905.SH,2016-10-31,6441.4348,6460.7728,6408.2731,6452.2058,2016-10-31
000905.SH,2016-11-01,6456.9993,6508.3642,6450.0204,6507.95,2016-11-01
000905.SH,2016-11-02,6494.9803,6506.7756,6450.0506,6455.1295,2016-11-02
000905.SH,2016-11-03,6442.3549,6521.0003,6436.9074,6483.7322,2016-11-03
000905.SH,2016-11-04,6482.6008,6502.7409,6449.5605,6462.5928,2016-11-04
000905.SH,2016-11-07,6461.0006,6487.0601,6437.74,6468.8171,2016-11-07
000905.SH,2016-11-08,6487.6487,6518.1891,6476.4443,6503.1781,2016-11-08
000905.SH,2016-11-09,6504.4117,6507.8648,6380.5711,6453.5718,2016-11-09
000905.SH,2016-11-10,6501.6388,6538.7419,6501.6388,6536.9651,2016-11-10
000905.SH,2016-11-11,6539.3598,6584.4097,6527.4524,6583.8864,2016-11-11
000905.SH,2016-11-14,6568.6594,6624.2056,6566.0537,6615.0071,2016-11-14
000905.SH,2016-11-15,6622.878,6641.0354,6602.2812,6640.4616,2016-11-15
000905.SH,2016-11-16,6647.5287,6658.4279,6630.1238,6644.1878,2016-11-16
000905.SH,2016-11-17,6633.3099,6646.309,6596.896,6636.469,2016-11-17
000905.SH,2016-11-18,6632.627,6643.9408,6592.8358,6602.3265,2016-11-18
000905.SH,2016-11-21,6597.1749,6635.8918,6591.9754,6611.5399,2016-11-21
000905.SH,2016-11-22,6619.8503,6661.5407,6617.0696,6661.246,2016-11-22
000905.SH,2016-11-23,6668.2484,6676.6675,6617.7752,6631.1733,2016-11-23
000905.SH,2016-11-24,6635.2237,6656.9659,6607.0277,6623.0489,2016-11-24
000905.SH,2016-11-25,6620.2193,6652.916,6531.3667,6652.8177,2016-11-25
000905.SH,2016-11-28,6667.2656,6692.1415,6650.9193,6670.8035,2016-11-28
000905.SH,2016-11-29,6658.3551,6681.8812,6619.0387,6620.7949,2016-11-29
000905.SH,2016-11-30,6605.3611,6615.921,6568.7956,6585.5776,2016-11-30
000905.SH,2016-12-01,6593.5939,6624.8511,6593.0738,6624.4657,2016-12-01
000905.SH,2016-12-02,6617.8743,6623.7939,6520.9745,6520.9745,2016-12-02
000905.SH,2016-12-05,6462.2556,6522.5969,6451.0843,6486.0173,2016-12-05
000905.SH,2016-12-06,6496.1638,6514.0316,6484.979,6490.8897,2016-12-06
000905.SH,2016-12-07,6493.0029,6558.2433,6481.9199,6558.0247,2016-12-07
000905.SH,2016-12-08,6561.7215,6562.6574,6522.9608,6527.4338,2016-12-08
000905.SH,2016-12-09,6519.3949,6534.8963,6500.2146,6513.9155,2016-12-09
000905.SH,2016-12-12,6512.959,6519.628,6241.6118,6249.0784,2016-12-12
000905.SH,2016-12-13,6235.5581,6292.8031,6190.389,6278.1793,2016-12-13
000905.SH,2016-12-14,6269.0808,6299.0401,6216.9508,6239.4989,2016-12-14
000905.SH,2016-12-15,6216.1446,6310.7437,6211.2733,6280.3981,2016-12-15
000905.SH,2016-12-16,6279.2765,6329.1906,6273.0011,6318.5239,2016-12-16
000905.SH,2016-12-19,6319.8574,6330.3823,6297.3666,6320.7324,2016-12-19
000905.SH,2016-12-20,6314.6113,6315.5363,6275.3113,6300.6383,2016-12-20
000905.SH,2016-12-21,6311.0581,6348.376,6311.0581,6347.6058,2016-12-21
000905.SH,2016-12-22,6341.2009,6350.2726,6313.8578,6341.7879,2016-12-22
000905.SH,2016-12-23,6339.3466,6343.8546,6277.66,6281.9966,2016-12-23
000905.SH,2016-12-26,6260.3396,6295.236,6194.2656,6294.7546,2016-12-26
000905.SH,2016-12-27,6291.6466,6311.0357,6284.0401,6288.8594,2016-12-27
000905.SH,2016-12-28,6288.7324,6295.8909,6257.1041,6270.2395,2016-12-28
000905.SH,2016-12-29,6261.8676,6286.7413,6242.9837,6252.6076,2016-12-29
000905.SH,2016-12-30,6255.6201,6275.5494,6241.7188,6263.6256,2016-12-30
000905.SH,2017-01-03,6273.8182,6320.9526,6273.7528,6320.7626,2017-01-03
000905.SH,2017-01-04,6321.7473,6395.0039,6314.1267,6394.6694,2017-01-04
000905.SH,2017-01-05,6391.5838,6412.8739,6385.1212,6399.2841,2017-01-05
000905.SH,2017-01-06,6398.8633,6401.7389,6364.8875,6371.6168,2017-01-06
000905.SH,2017-01-09,6365.3886,6415.4682,6357.3566,6415.4176,2017-01-09
000905.SH,2017-01-10,6412.7619,6428.834,6388.9201,6393.9283,2017-01-10
000905.SH,2017-01-11,6381.7048,6402.8989,6331.5065,6331.9638,2017-01-11
000905.SH,2017-01-12,6325.6232,6339.3218,6269.199,6272.851,2017-01-12
000905.SH,2017-01-13,6272.7899,6282.7162,6182.1048,6194.6575,2017-01-13
000905.SH,2017-01-16,6184.1292,6184.3369,5872.3953,6031.2414,2017-01-16
000905.SH,2017-01-17,6006.0795,6082.2006,5957.0439,6082.0657,2017-01-17
000905.SH,2017-01-18,6067.1677,6098.7843,6049.9691,6068.593,2017-01-18
000905.SH,2017-01-19,6054.7251,6074.4639,6029.6401,6043.675,2017-01-19
000905.SH,2017-01-20,6037.5604,6129.5799,6034.9691,6121.9983,2017-01-20
000905.SH,2017-01-23,6130.4404,6189.1736,6130.1951,6172.1671,2017-01-23
000905.SH,2017-01-24,6167.8403,6177.2076,6154.0678,6165.2642,2017-01-24
000905.SH,2017-01-25,6156.7761,6187.4333,6152.1441,6179.5681,2017-01-25
000905.SH,2017-01-26,6183.1588,6224.1897,6183.1588,6223.7061,2017-01-26
000905.SH,2017-02-03,6227.4615,6231.6039,6190.8278,6207.0921,2017-02-03
000905.SH,2017-02-06,6206.5352,6259.4103,6195.4953,6259.2471,2017-02-06
000905.SH,2017-02-07,6254.2002,6269.4606,6223.5399,6255.927,2017-02-07
000905.SH,2017-02-08,6248.4708,6291.7658,6219.0209,6291.5977,2017-02-08
000905.SH,2017-02-09,6288.8842,6331.3294,6285.7284,6331.1771,2017-02-09
000905.SH,2017-02-10,6329.6825,6350.3394,6320.2482,6337.1081,2017-02-10
000905.SH,2017-02-13,6341.7267,6370.2071,6331.9619,6369.6526,2017-02-13
000905.SH,2017-02-14,6366.937,6378.0622,6346.5932,6374.8852,2017-02-14
000905.SH,2017-02-15,6367.6437,6379.7876,6301.0125,6311.6959,2017-02-15
000905.SH,2017-02-16,6308.3181,6363.8696,6306.5107,6359.3361,2017-02-16
000905.SH,2017-02-17,6356.0922,6365.6958,6300.51,6307.1627,2017-02-17
000905.SH,2017-02-20,6307.2342,6385.0625,6307.2342,6385.0625,2017-02-20
000905.SH,2017-02-21,6390.508,6434.5346,6386.904,6434.4383,2017-02-21
000905.SH,2017-02-22,6432.7507,6474.4899,6431.4088,6474.225,2017-02-22
000905.SH,2017-02-23,6470.617,6482.2481,6435.7455,6473.993,2017-02-23
000905.SH,2017-02-24,6466.1821,6477.4217,6445.0669,6476.1655,2017-02-24
000905.SH,2017-02-27,6476.376,6480.1867,6417.7848,6424.2549,2017-02-27
000905.SH,2017-02-28,6424.9954,6451.2916,6414.7839,6450.9701,2017-02-28
000905.SH,2017-03-01,6446.4356,6488.8245,6440.8074,6467.6385,2017-03-01
000905.SH,2017-03-02,6476.1055,6484.1156,6431.4355,6434.6262,2017-03-02
000905.SH,2017-03-03,6417.3888,6457.228,6398.8848,6452.839,2017-03-03
000905.SH,2017-03-06,6457.5928,6518.0421,6457.5928,6517.3235,2017-03-06
000905.SH,2017-03-07,6517.8451,6523.3598,6491.2635,6523.1868,2017-03-07
000905.SH,2017-03-08,6519.9741,6525.1932,6478.5482,6497.0878,2017-03-08
000905.SH,2017-03-09,6484.5815,6484.8275,6425.0028,6439.3822,2017-03-09
000905.SH,2017-03-10,6436.7583,6464.6026,6436.6388,6447.9165,2017-03-10
000905.SH,2017-03-13,6444.5584,6508.0665,6412.708,6507.8964,2017-03-13
000905.SH,2017-03-14,6508.369,6518.7786,6480.0806,6493.4846,2017-03-14
000905.SH,2017-03-15,6486.3,6499.5423,6471.7207,6486.0616,2017-03-15
000905.SH,2017-03-16,6499.8323,6543.3407,6499.8323,6543.3407,2017-03-16
000905.SH,2017-03-17,6543.5573,6555.5786,6480.2914,6483.2463,2017-03-17
000905.SH,2017-03-20,6484.5404,6498.5658,6451.354,6498.3416,2017-03-20
000905.SH,2017-03-21,6494.7728,6516.0101,6484.687,6515.9458,2017-03-21
000905.SH,2017-03-22,6486.3011,6514.6285,6459.975,6499.7928,2017-03-22
000905.SH,2017-03-23,6502.1273,6533.6523,6445.8112,6512.1874,2017-03-23
000905.SH,2017-03-24,6509.2327,6552.7481,6500.0657,6546.615,2017-03-24
000905.SH,2017-03-27,6545.4462,6555.7939,6510.4398,6516.0326,2017-03-27
000905.SH,2017-03-28,6509.0377,6519.0858,6483.6403,6498.6902,2017-03-28
000905.SH,2017-03-29,6504.2455,6522.5117,6461.5358,6480.543,2017-03-29
000905.SH,2017-03-30,6467.063,6471.935,6369.1202,6375.7437,2017-03-30
000905.SH,2017-03-31,6374.565,6402.2179,6365.4474,6401.6479,2017-03-31
000905.SH,2017-04-05,6450.8955,6539.9665,6450.8955,6539.9665,2017-04-05
000905.SH,2017-04-06,6554.7454,6569.7021,6535.0376,6559.6526,2017-04-06
000905.SH,2017-04-07,6554.2567,6593.949,6544.2362,6578.726,2017-04-07
000905.SH,2017-04-10,6575.4597,6595.1986,6556.0781,6566.5441,2017-04-10
000905.SH,2017-04-11,6566.84,6631.9963,6531.5307,6629.1661,2017-04-11
000905.SH,2017-04-12,6625.8795,6626.761,6571.4755,6576.4761,2017-04-12
000905.SH,2017-04-13,6569.2398,6627.702,6562.7621,6615.7042,2017-04-13
000905.SH,2017-04-14,6623.4544,6623.8014,6522.7905,6528.1624,2017-04-14
000905.SH,2017-04-17,6500.9489,6502.036,6426.2797,6456.598,2017-04-17
000905.SH,2017-04-18,6452.918,6491.8082,6416.1723,6418.2114,2017-04-18
000905.SH,2017-04-19,6390.3311,6401.4112,6285.9903,6350.6465,2017-04-19
000905.SH,2017-04-20,6349.4075,6377.8003,6299.8941,6347.7732,2017-04-20
000905.SH,2017-04-21,6345.7705,6364.6737,6296.8103,6300.7128,2017-04-21
000905.SH,2017-04-24,6282.331,6282.7398,6137.9201,6138.5049,2017-04-24
000905.SH,2017-04-25,6139.4842,6203.6818,6131.9512,6160.4612,2017-04-25
000905.SH,2017-04-26,6159.8926,6195.3247,6157.3991,6176.3981,2017-04-26
000905.SH,2017-04-27,6157.5184,6205.2293,6052.8806,6192.3044,2017-04-27
000905.SH,2017-04-28,6174.142,6214.1617,6166.7979,6211.8624,2017-04-28
000905.SH,2017-05-02,6205.1005,6216.4949,6186.1678,6216.115,2017-05-02
000905.SH,2017-05-03,6205.6817,6225.6265,6174.6918,6197.4779,2017-05-03
000905.SH,2017-05-04,6180.0292,6236.8865,6151.8088,6176.3053,2017-05-04
000905.SH,2017-05-05,6155.1974,6164.2461,6089.0909,6089.6828,2017-05-05
000905.SH,2017-05-08,6076.458,6083.362,5975.2213,5975.5395,2017-05-08
000905.SH,2017-05-09,5953.8391,6012.4429,5919.5993,6012.0016,2017-05-09
000905.SH,2017-05-10,6010.7303,6038.9734,5885.5213,5885.841,2017-05-10
000905.SH,2017-05-11,5856.4147,5873.9064,5731.4825,5872.6391,2017-05-11
000905.SH,2017-05-12,5859.3374,5889.93,5820.2939,5863.7832,2017-05-12
000905.SH,2017-05-15,5880.6961,5912.2661,5880.6961,5893.5075,2017-05-15
000905.SH,2017-05-16,5882.3298,6014.8806,5839.2197,6014.7344,2017-05-16
000905.SH,2017-05-17,6006.4691,6055.9183,6001.0394,6027.6504,2017-05-17
000905.SH,2017-05-18,5983.3497,6030.109,5965.3503,5976.2998,2017-05-18
000905.SH,2017-05-19,5973.768,5990.4353,5942.6096,5974.9772,2017-05-19
000905.SH,2017-05-22,5962.2861,5987.3066,5873.0412,5888.8127,2017-05-22
000905.SH,2017-05-23,5879.5592,5893.816,5760.3248,5764.8759,2017-05-23
000905.SH,2017-05-24,5740.4428,5799.6834,5668.7221,5799.2499,2017-05-24
000905.SH,2017-05-25,5788.5567,5859.5019,5740.7985,5850.8006,2017-05-25
000905.SH,2017-05-26,5843.5212,5871.2139,5833.0876,5836.9338,2017-05-26
000905.SH,2017-05-31,5887.9405,5913.1835,5820.2063,5824.1042,2017-05-31
000905.SH,2017-06-01,5810.4191,5810.5989,5709.6885,5709.9994,2017-06-01
000905.SH,2017-06-02,5696.8285,5780.5015,5655.762,5772.5174,2017-06-02
000905.SH,2017-06-05,5778.1891,5830.0525,5777.9509,5815.8022,2017-06-05
000905.SH,2017-06-06,5808.9716,5841.8803,5793.4367,5841.5232,2017-06-06
000905.SH,2017-06-07,5838.8814,5955.0236,5836.4411,5955.0153,2017-06-07
000905.SH,2017-06-08,5947.975,5972.7277,5940.7235,5958.977,2017-06-08
000905.SH,2017-06-09,5952.4061,5971.5251,5922.7285,5969.2741,2017-06-09
000905.SH,2017-06-12,5943.6443,5950.0431,5896.4049,5902.8551,2017-06-12
000905.SH,2017-06-13,5895.4692,5986.8692,5894.2253,5980.0566,2017-06-13
000905.SH,2017-06-14,5976.0141,5992.7818,5958.2003,5966.4314,2017-06-14
000905.SH,2017-06-15,5959.4746,6024.3764,5959.1892,6021.1651,2017-06-15
000905.SH,2017-06-16,6016.9727,6027.395,6003.2623,6012.9996,2017-06-16
000905.SH,2017-06-19,6010.9392,6057.4115,6009.2243,6057.4115,2017-06-19
000905.SH,2017-06-20,6061.1098,6089.8121,6058.6882,6066.9046,2017-06-20
000905.SH,2017-06-21,6074.6095,6080.5326,6035.2737,6078.1925,2017-06-21
000905.SH,2017-06-22,6074.3663,6094.5533,5992.3352,5992.3352,2017-06-22
000905.SH,2017-06-23,5978.2385,6010.3137,5923.5507,6010.3137,2017-06-23
000905.SH,2017-06-26,6013.4788,6111.707,6011.8591,6111.6406,2017-06-26
000905.SH,2017-06-27,6109.3701,6128.3768,6089.6802,6113.1658,2017-06-27
000905.SH,2017-06-28,6102.2283,6110.3484,6075.1424,6086.2112,2017-06-28
000905.SH,2017-06-29,6089.9202,6132.2451,6089.9202,6116.9932,2017-06-29
000905.SH,2017-06-30,6101.3648,6139.0677,6090.2523,6138.1556,2017-06-30
000905.SH,2017-07-03,6142.1711,6177.3953,6129.8406,6177.3953,2017-07-03
000905.SH,2017-07-04,6169.0335,6170.852,6134.8792,6146.8527,2017-07-04
000905.SH,2017-07-05,6135.713,6193.9641,6127.5143,6193.9641,2017-07-05
000905.SH,2017-07-06,6187.4304,6211.9654,6149.9308,6201.6535,2017-07-06
000905.SH,2017-07-07,6182.4538,6229.8309,6176.7431,6226.0108,2017-07-07
000905.SH,2017-07-10,6221.5252,6236.2921,6189.0004,6206.5568,2017-07-10
000905.SH,2017-07-11,6194.6164,6202.2032,6128.9942,6128.9942,2017-07-11
000905.SH,2017-07-12,6124.9574,6143.7984,6050.6501,6132.9922,2017-07-12
000905.SH,2017-07-13,6134.7513,6172.6827,6124.3599,6149.9337,2017-07-13
000905.SH,2017-07-14,6143.3257,6143.4587,6107.9089,6128.7397,2017-07-14
000905.SH,2017-07-17,6108.452,6108.452,5860.78,5876.4592,2017-07-17
000905.SH,2017-07-18,5854.072,5938.4342,5842.9557,5938.4342,2017-07-18
000905.SH,2017-07-19,5928.0076,6059.5323,5917.6696,6059.3582,2017-07-19
000905.SH,2017-07-20,6052.5111,6120.1918,6046.4096,6099.2835,2017-07-20
000905.SH,2017-07-21,6089.6581,6136.9731,6080.5615,6126.1083,2017-07-21
000905.SH,2017-07-24,6121.3267,6171.8185,6117.2961,6167.1282,2017-07-24
000905.SH,2017-07-25,6159.4123,6170.6462,6113.5608,6153.5984,2017-07-25
000905.SH,2017-07-26,6151.8543,6162.8805,6111.038,6146.7028,2017-07-26
000905.SH,2017-07-27,6136.9603,6192.9383,6105.962,6184.0207,2017-07-27
000905.SH,2017-07-28,6170.6584,6229.0561,6165.9919,6215.4633,2017-07-28
000905.SH,2017-07-31,6214.6567,6299.8004,6208.461,6298.0004,2017-07-31
000905.SH,2017-08-01,6293.0559,6299.1562,6261.2848,6286.5362,2017-08-01
000905.SH,2017-08-02,6289.2453,6313.5062,6248.3556,6251.8627,2017-08-02
000905.SH,2017-08-03,6240.1518,6288.4352,6236.66,6261.9676,2017-08-03
000905.SH,2017-08-04,6258.8472,6297.1163,6224.2026,6225.1151,2017-08-04
000905.SH,2017-08-07,6227.5184,6304.2674,6217.2893,6303.4209,2017-08-07
000905.SH,2017-08-08,6302.0261,6322.4694,6281.6178,6303.716,2017-08-08
000905.SH,2017-08-09,6296.115,6340.3754,6285.0247,6340.022,2017-08-09
000905.SH,2017-08-10,6322.8308,6341.4803,6246.658,6289.2174,2017-08-10
000905.SH,2017-08-11,6242.4877,6275.8931,6153.6005,6161.1903,2017-08-11
000905.SH,2017-08-14,6165.1298,6293.3517,6165.1298,6292.6418,2017-08-14
000905.SH,2017-08-15,6291.1835,6316.1989,6283.5442,6314.7608,2017-08-15
000905.SH,2017-08-16,6307.1705,6323.5599,6268.1876,6318.7986,2017-08-16
000905.SH,2017-08-17,6327.0275,6366.2517,6312.8892,6366.034,2017-08-17
000905.SH,2017-08-18,6324.8974,6361.9716,6313.1511,6347.7557,2017-08-18
000905.SH,2017-08-21,6354.0964,6404.0497,6354.0107,6403.7803,2017-08-21
000905.SH,2017-08-22,6396.9258,6398.5649,6362.4094,6375.9814,2017-08-22
000905.SH,2017-08-23,6359.7757,6371.3,6310.0102,6322.7819,2017-08-23
000905.SH,2017-08-24,6322.6281,6329.0305,6267.2324,6278.59,2017-08-24
000905.SH,2017-08-25,6274.3511,6358.8868,6274.3511,6346.5305,2017-08-25
000905.SH,2017-08-28,6348.87,6442.3999,6348.87,6424.5841,2017-08-28
000905.SH,2017-08-29,6420.5677,6439.0793,6393.4761,6408.1567,2017-08-29
000905.SH,2017-08-30,6405.8963,6462.7571,6405.8963,6453.4636,2017-08-30
000905.SH,2017-08-31,6451.517,6470.9433,6429.7427,6470.4259,2017-08-31
000905.SH,2017-09-01,6472.9476,6530.8989,6466.1264,6526.5046,2017-09-01
000905.SH,2017-09-04,6530.5086,6566.1014,6519.7882,6564.6804,2017-09-04
000905.SH,2017-09-05,6561.6726,6576.5616,6528.1132,6571.8591,2017-09-05
000905.SH,2017-09-06,6550.0614,6610.7452,6540.8253,6607.1176,2017-09-06
000905.SH,2017-09-07,6601.3433,6614.1021,6553.6993,6558.5963,2017-09-07
000905.SH,2017-09-08,6554.6011,6599.132,6537.0408,6574.1826,2017-09-08
000905.SH,2017-09-11,6579.8857,6650.1193,6566.2776,6649.6276,2017-09-11
000905.SH,2017-09-12,6659.8017,6715.3935,6628.8825,6644.0118,2017-09-12
000905.SH,2017-09-13,6635.1693,6684.8593,6630.5032,6684.3798,2017-09-13
000905.SH,2017-09-14,6683.4734,6701.691,6643.5877,6672.1849,2017-09-14
000905.SH,2017-09-15,6661.5211,6663.5099,6603.7281,6622.0438,2017-09-15
000905.SH,2017-09-18,6616.1288,6669.4548,6616.1288,6669.4548,2017-09-18
000905.SH,2017-09-19,6670.9661,6681.2538,6611.7512,6636.0201,2017-09-19
000905.SH,2017-09-20,6627.6924,6692.712,6613.6567,6692.4724,2017-09-20
000905.SH,2017-09-21,6684.6496,6687.1159,6612.0456,6612.0456,2017-09-21
000905.SH,2017-09-22,6591.1499,6592.8847,6547.2774,6572.0096,2017-09-22
000905.SH,2017-09-25,6560.1354,6567.9978,6484.2077,6489.8441,2017-09-25
000905.SH,2017-09-26,6484.3412,6520.7175,6482.2856,6520.7175,2017-09-26
000905.SH,2017-09-27,6523.4951,6589.7354,6522.2036,6583.1401,2017-09-27
000905.SH,2017-09-28,6577.4321,6599.127,6565.8825,6567.7915,2017-09-28
000905.SH,2017-09-29,6572.4498,6611.6531,6572.4498,6603.2587,2017-09-29
000905.SH,2017-10-09,6682.5774,6696.6664,6657.5305,6678.371,2017-10-09
000905.SH,2017-10-10,6677.3723,6705.7177,6658.8617,6705.4812,2017-10-10
000905.SH,2017-10-11,6702.6899,6703.5828,6661.0883,6666.4696,2017-10-11
000905.SH,2017-10-12,6658.1296,6674.3844,6611.9745,6659.0957,2017-10-12
000905.SH,2017-10-13,6660.0264,6711.9305,6659.8792,6709.8164,2017-10-13
000905.SH,2017-10-16,6709.8738,6709.8738,6609.6192,6619.2056,2017-10-16
000905.SH,2017-10-17,6604.33,6644.7522,6589.5417,6612.9428,2017-10-17
000905.SH,2017-10-18,6612.4885,6630.6685,6557.6601,6563.4369,2017-10-18
000905.SH,2017-10-19,6553.8676,6562.3529,6494.731,6501.3999,2017-10-19
000905.SH,2017-10-20,6489.7895,6571.442,6485.8051,6571.424,2017-10-20
000905.SH,2017-10-23,6569.7861,6613.031,6562.9058,6612.7637,2017-10-23
000905.SH,2017-10-24,6605.5206,6605.8991,6556.3449,6603.0042,2017-10-24
000905.SH,2017-10-25,6596.7906,6648.3874,6593.0745,6647.892,2017-10-25
000905.SH,2017-10-26,6639.8865,6686.1192,6630.9745,6671.9288,2017-10-26
000905.SH,2017-10-27,6664.4291,6673.4661,6622.1242,6630.8067,2017-10-27
000905.SH,2017-10-30,6621.7788,6629.3003,6460.0478,6511.7616,2017-10-30
000905.SH,2017-10-31,6496.6865,6560.2533,6496.6865,6560.2054,2017-10-31
000905.SH,2017-11-01,6559.5217,6586.1324,6547.8498,6552.9545,2017-11-01
000905.SH,2017-11-02,6541.6099,6541.6099,6476.3728,6484.9258,2017-11-02
000905.SH,2017-11-03,6477.8238,6491.0479,6395.4575,6426.9799,2017-11-03
000905.SH,2017-11-06,6432.0743,6512.1347,6408.3599,6511.0958,2017-11-06
000905.SH,2017-11-07,6508.2062,6552.2591,6498.3931,6551.9363,2017-11-07
000905.SH,2017-11-08,6544.59,6601.4665,6534.1588,6561.6897,2017-11-08
000905.SH,2017-11-09,6562.3584,6611.3856,6558.4895,6611.3517,2017-11-09
000905.SH,2017-11-10,6599.6498,6647.228,6593.033,6641.2164,2017-11-10
000905.SH,2017-11-13,6644.6915,6671.2557,6624.671,6671.2054,2017-11-13
000905.SH,2017-11-14,6664.6121,6673.7496,6588.2531,6614.5136,2017-11-14
000905.SH,2017-11-15,6592.7575,6603.5083,6505.9924,6537.6563,2017-11-15
000905.SH,2017-11-16,6529.3137,6570.2755,6511.9028,6558.3085,2017-11-16
000905.SH,2017-11-17,6549.2242,6555.7461,6359.5177,6361.9415,2017-11-17
000905.SH,2017-11-20,6330.9046,6433.7791,6239.3207,6433.1702,2017-11-20
000905.SH,2017-11-21,6420.3884,6473.7012,6397.3583,6456.352,2017-11-21
000905.SH,2017-11-22,6456.324,6483.6282,6391.4563,6439.4419,2017-11-22
000905.SH,2017-11-23,6427.5761,6427.5761,6274.5116,6274.5116,2017-11-23
000905.SH,2017-11-24,6250.0573,6307.8896,6243.9629,6278.0287,2017-11-24
000905.SH,2017-11-27,6269.2264,6279.5884,6186.0337,6194.5522,2017-11-27
000905.SH,2017-11-28,6188.089,6299.3122,6188.089,6299.3122,2017-11-28
000905.SH,2017-11-29,6293.246,6329.1768,6245.0599,6318.3684,2017-11-29
000905.SH,2017-11-30,6303.9177,6322.0435,6248.1826,6263.421,2017-11-30
000905.SH,2017-12-01,6259.9562,6323.8353,6256.2283,6316.4072,2017-12-01
000905.SH,2017-12-04,6311.2164,6334.8705,6272.6686,6279.6206,2017-12-04
000905.SH,2017-12-05,6265.7867,6279.3926,6099.4066,6132.912,2017-12-05
000905.SH,2017-12-06,6116.1611,6173.3507,6053.2411,6172.8031,2017-12-06
000905.SH,2017-12-07,6156.3505,6182.7533,6130.8335,6135.4702,2017-12-07
000905.SH,2017-12-08,6128.1209,6217.5728,6126.3771,6203.1433,2017-12-08
000905.SH,2017-12-11,6214.6446,6286.5003,6214.6446,6286.1656,2017-12-11
000905.SH,2017-12-12,6281.1391,6290.8469,6233.2115,6233.2115,2017-12-12
000905.SH,2017-12-13,6224.7821,6277.7254,6217.7869,6277.441,2017-12-13
000905.SH,2017-12-14,6273.607,6288.5024,6247.6765,6284.0807,2017-12-14
000905.SH,2017-12-15,6274.0975,6278.9264,6214.6465,6235.7608,2017-12-15
000905.SH,2017-12-18,6229.7416,6247.5919,6179.028,6199.9889,2017-12-18
000905.SH,2017-12-19,6200.9337,6251.492,6200.7071,6251.2416,2017-12-19
000905.SH,2017-12-20,6244.0618,6246.9097,6188.3236,6199.3628,2017-12-20
000905.SH,2017-12-21,6191.7811,6255.8425,6148.8168,6238.4987,2017-12-21
000905.SH,2017-12-22,6236.226,6269.3135,6235.226,6242.8847,2017-12-22
000905.SH,2017-12-25,6244.8639,6257.0206,6170.682,6185.5907,2017-12-25
000905.SH,2017-12-26,6179.5601,6220.4992,6148.1044,6220.1473,2017-12-26
000905.SH,2017-12-27,6213.2428,6228.8826,6168.131,6173.1528,2017-12-27
000905.SH,2017-12-28,6163.9637,6219.5391,6157.1051,6204.2702,2017-12-28
000905.SH,2017-12-29,6201.4554,6250.8207,6201.4554,6250.8207,2017-12-29
000905.SH,2018-01-02,6263.1506,6332.6089,6258.1563,6332.2269,2018-01-02
000905.SH,2018-01-03,6331.7199,6391.9799,6324.2604,6388.2533,2018-01-03
000905.SH,2018-01-04,6380.2665,6418.256,6375.5134,6417.535,2018-01-04
000905.SH,2018-01-05,6414.7658,6435.854,6397.2929,6417.2537,2018-01-05
000905.SH,2018-01-08,6413.8733,6446.7879,6393.8819,6446.1818,2018-01-08
000905.SH,2018-01-09,6441.6841,6449.0346,6425.0274,6445.7462,2018-01-09
000905.SH,2018-01-10,6443.4609,6444.3088,6361.0948,6405.9395,2018-01-10
000905.SH,2018-01-11,6391.9041,6432.4398,6371.5436,6425.9401,2018-01-11
000905.SH,2018-01-12,6418.8273,6435.1946,6387.7824,6399.3737,2018-01-12
000905.SH,2018-01-15,6391.3662,6392.5174,6236.5629,6253.3759,2018-01-15
000905.SH,2018-01-16,6245.153,6301.4047,6245.1129,6301.1327,2018-01-16
000905.SH,2018-01-17,6288.0169,6288.1439,6202.3151,6267.4599,2018-01-17
000905.SH,2018-01-18,6253.0611,6295.7766,6253.0611,6286.8007,2018-01-18
000905.SH,2018-01-19,6284.5962,6316.9977,6261.2353,6272.38,2018-01-19
000905.SH,2018-01-22,6264.755,6347.8147,6248.3142,6347.6383,2018-01-22
000905.SH,2018-01-23,6342.6884,6362.58,6330.4561,6354.9978,2018-01-23
000905.SH,2018-01-24,6353.2979,6395.5723,6322.9197,6394.2999,2018-01-24
000905.SH,2018-01-25,6386.7993,6424.3507,6380.8375,6382.7165,2018-01-25
000905.SH,2018-01-26,6374.0998,6401.4838,6368.9006,6383.6312,2018-01-26
000905.SH,2018-01-29,6385.0365,6398.9699,6295.8952,6309.8836,2018-01-29
000905.SH,2018-01-30,6301.3482,6330.5373,6300.4556,6313.442,2018-01-30
000905.SH,2018-01-31,6277.7418,6277.7418,6170.1606,6189.3413,2018-01-31
000905.SH,2018-02-01,6180.9992,6196.7148,5984.2843,5984.7428,2018-02-01
000905.SH,2018-02-02,5937.6198,6006.4745,5844.4638,6004.8494,2018-02-02
000905.SH,2018-02-05,5927.7367,6016.157,5907.4691,5998.2236,2018-02-05
000905.SH,2018-02-06,5886.3455,5920.7398,5702.8503,5704.2641,2018-02-06
000905.SH,2018-02-07,5805.965,5831.8113,5630.0868,5711.3322,2018-02-07
000905.SH,2018-02-08,5695.6656,5786.7852,5691.2916,5766.4797,2018-02-08
000905.SH,2018-02-09,5631.9603,5663.1036,5490.6248,5554.8974,2018-02-09
000905.SH,2018-02-12,5581.7113,5714.8183,5581.7113,5699.0979,2018-02-12
000905.SH,2018-02-13,5731.147,5789.6975,5727.754,5736.9505,2018-02-13
000905.SH,2018-02-14,5741.8838,5761.7685,5712.879,5754.8344,2018-02-14
000905.SH,2018-02-22,5800.9493,5875.7592,5797.9076,5875.7272,2018-02-22
000905.SH,2018-02-23,5877.7159,5902.9357,5848.5227,5897.6765,2018-02-23
000905.SH,2018-02-26,5926.4208,6032.1358,5917.6165,6029.6795,2018-02-26
000905.SH,2018-02-27,6025.8832,6042.3888,6000.881,6010.5573,2018-02-27
000905.SH,2018-02-28,5967.8977,6044.0694,5939.6425,6023.677,2018-02-28
000905.SH,2018-03-01,5987.3591,6090.9953,5974.1183,6090.2247,2018-03-01
000905.SH,2018-03-02,6053.4765,6094.7976,6044.2591,6056.3354,2018-03-02
000905.SH,2018-03-05,6066.683,6080.9695,6031.9803,6064.0983,2018-03-05
000905.SH,2018-03-06,6077.3686,6145.8509,6070.7211,6145.5768,2018-03-06
000905.SH,2018-03-07,6133.9467,6149.097,6082.5838,6086.4874,2018-03-07
000905.SH,2018-03-08,6073.6712,6131.7046,6073.6712,6131.5142,2018-03-08
000905.SH,2018-03-09,6131.1248,6211.2784,6131.0147,6206.9754,2018-03-09
000905.SH,2018-03-12,6230.8127,6295.7805,6230.3909,6295.7776,2018-03-12
000905.SH,2018-03-13,6285.802,6297.4323,6251.3986,6254.1457,2018-03-13
000905.SH,2018-03-14,6234.2418,6253.172,6185.1784,6189.317,2018-03-14
000905.SH,2018-03-15,6172.853,6203.2422,6117.5974,6180.1108,2018-03-15
000905.SH,2018-03-16,6181.381,6205.8679,6146.3058,6146.3058,2018-03-16
000905.SH,2018-03-19,6142.52,6186.6139,6118.2953,6153.8339,2018-03-19
000905.SH,2018-03-20,6109.605,6176.4962,6091.5038,6173.6984,2018-03-20
000905.SH,2018-03-21,6182.109,6224.5559,6125.1353,6129.2042,2018-03-21
000905.SH,2018-03-22,6130.0482,6161.3749,6074.6568,6101.2276,2018-03-22
000905.SH,2018-03-23,5913.3683,5978.4232,5722.773,5787.1523,2018-03-23
000905.SH,2018-03-26,5715.3523,5902.9588,5675.3664,5902.9588,2018-03-26
000905.SH,2018-03-27,5956.2359,6043.0533,5956.2359,6034.775,2018-03-27
000905.SH,2018-03-28,5962.5642,6036.1584,5949.1042,5973.3414,2018-03-28
000905.SH,2018-03-29,5993.9722,6040.8623,5967.6342,6034.8572,2018-03-29
000905.SH,2018-03-30,6052.1757,6115.2732,6051.0212,6114.7382,2018-03-30
000905.SH,2018-04-02,6127.2334,6169.2991,6113.3388,6121.9642,2018-04-02
000905.SH,2018-04-03,6039.0675,6066.4443,6008.5085,6059.7089,2018-04-03
000905.SH,2018-04-04,6077.6466,6098.8378,6011.1516,6017.6863,2018-04-04
000905.SH,2018-04-09,5994.3471,6053.9687,5954.5372,6025.6493,2018-04-09
000905.SH,2018-04-10,6032.4888,6064.3858,5992.997,6063.7423,2018-04-10
000905.SH,2018-04-11,6082.0316,6110.1768,6073.22,6086.6126,2018-04-11
000905.SH,2018-04-12,6073.7659,6091.9834,6039.564,6051.3346,2018-04-12
000905.SH,2018-04-13,6073.8353,6093.3469,6018.0068,6027.1867,2018-04-13
000905.SH,2018-04-16,6018.1688,6053.9874,5966.1961,6012.4053,2018-04-16
000905.SH,2018-04-17,6024.5543,6038.2486,5886.023,5890.8571,2018-04-17
000905.SH,2018-04-18,5925.84,5981.3374,5826.6505,5970.6577,2018-04-18
000905.SH,2018-04-19,5965.2369,6041.9856,5962.7142,6004.7334,2018-04-19
000905.SH,2018-04-20,5984.0635,5999.0105,5872.5044,5880.8359,2018-04-20
000905.SH,2018-04-23,5885.6124,5913.5679,5761.9719,5823.9205,2018-04-23
000905.SH,2018-04-24,5825.4524,5957.8295,5825.4524,5957.1927,2018-04-24
000905.SH,2018-04-25,5929.405,5968.8794,5919.5228,5959.422,2018-04-25
000905.SH,2018-04-26,5951.1919,5955.2617,5846.0802,5847.9766,2018-04-26
000905.SH,2018-04-27,5865.4419,5886.0043,5808.7832,5860.9836,2018-04-27
000905.SH,2018-05-02,5861.8413,5894.4595,5817.3868,5855.3233,2018-05-02
000905.SH,2018-05-03,5843.0903,5911.0865,5779.7298,5910.6058,2018-05-03
000905.SH,2018-05-04,5891.1201,5939.952,5883.7048,5909.2944,2018-05-04
000905.SH,2018-05-07,5921.3128,6023.1928,5918.3792,6019.1409,2018-05-07
000905.SH,2018-05-08,6023.5829,6042.0682,6012.1266,6041.8143,2018-05-08
000905.SH,2018-05-09,6034.4563,6042.906,6002.3882,6029.2329,2018-05-09
000905.SH,2018-05-10,6036.0064,6052.7094,5999.951,6040.5716,2018-05-10
000905.SH,2018-05-11,6044.9828,6052.5421,5989.4278,5991.3424,2018-05-11
000905.SH,2018-05-14,5982.4709,6008.8875,5951.6746,5967.5541,2018-05-14
000905.SH,2018-05-15,5972.1618,6021.016,5947.457,6020.5697,2018-05-15
000905.SH,2018-05-16,6002.7535,6045.0343,5991.3751,6004.0696,2018-05-16
000905.SH,2018-05-17,6000.7411,6010.2957,5959.7307,5973.7785,2018-05-17
000905.SH,2018-05-18,5968.5598,6000.9482,5932.1295,5995.1497,2018-05-18
000905.SH,2018-05-21,6034.4261,6080.8222,6034.0581,6072.1991,2018-05-21
000905.SH,2018-05-22,6066.2505,6092.9069,6052.0902,6092.9069,2018-05-22
000905.SH,2018-05-23,6080.7259,6081.533,6012.4165,6013.8472,2018-05-23
000905.SH,2018-05-24,6014.021,6028.5017,5986.7233,5992.6209,2018-05-24
000905.SH,2018-05-25,5983.9402,5992.4798,5909.0449,5917.7978,2018-05-25
000905.SH,2018-05-28,5910.4817,5938.0723,5858.2716,5891.2627,2018-05-28
000905.SH,2018-05-29,5884.5898,5921.7203,5832.5523,5835.4456,2018-05-29
000905.SH,2018-05-30,5759.449,5778.0424,5675.9116,5682.5881,2018-05-30
000905.SH,2018-05-31,5722.9475,5760.2038,5672.183,5754.4746,2018-05-31
000905.SH,2018-06-01,5729.9177,5759.4979,5654.8402,5685.1155,2018-06-01
000905.SH,2018-06-04,5692.9699,5707.4932,5652.1361,5683.1486,2018-06-04
000905.SH,2018-06-05,5681.2157,5779.862,5680.4942,5779.0778,2018-06-05
000905.SH,2018-06-06,5770.7144,5784.6061,5748.701,5774.2575,2018-06-06
000905.SH,2018-06-07,5786.4601,5798.3297,5734.6345,5738.0176,2018-06-07
000905.SH,2018-06-08,5731.8389,5731.8389,5630.6578,5669.3031,2018-06-08
000905.SH,2018-06-11,5657.6488,5672.6279,5612.8656,5632.3566,2018-06-11
000905.SH,2018-06-12,5638.3479,5693.6129,5594.9231,5693.3461,2018-06-12
000905.SH,2018-06-13,5678.8092,5679.6739,5605.5454,5607.0173,2018-06-13
000905.SH,2018-06-14,5590.5682,5645.194,5570.8344,5586.9314,2018-06-14
000905.SH,2018-06-15,5582.8396,5593.6872,5448.0748,5483.9446,2018-06-15
000905.SH,2018-06-19,5396.6847,5409.4108,5070.2182,5141.7095,2018-06-19
000905.SH,2018-06-20,5114.0613,5222.8827,5090.2209,5198.3935,2018-06-20
000905.SH,2018-06-21,5196.1295,5244.6532,5086.931,5089.2522,2018-06-21
000905.SH,2018-06-22,5052.436,5165.0353,5017.509,5160.1228,2018-06-22
000905.SH,2018-06-25,5196.6483,5211.7609,5121.2091,5125.0333,2018-06-25
000905.SH,2018-06-26,5059.3834,5170.1673,5044.2434,5160.2829,2018-06-26
000905.SH,2018-06-27,5159.6219,5188.2017,5089.711,5109.4975,2018-06-27
000905.SH,2018-06-28,5097.5086,5150.655,5050.324,5055.1093,2018-06-28
000905.SH,2018-06-29,5061.0885,5218.9061,5054.0532,5217.7643,2018-06-29
000905.SH,2018-07-02,5216.8532,5238.6382,5100.8747,5138.7826,2018-07-02
000905.SH,2018-07-03,5138.5477,5203.3646,5054.6573,5197.1313,2018-07-03
000905.SH,2018-07-04,5171.1897,5180.2744,5102.782,5121.3436,2018-07-04
000905.SH,2018-07-05,5109.1425,5126.4735,4981.7793,4982.7627,2018-07-05
000905.SH,2018-07-06,4981.983,5061.0439,4897.2582,4996.6299,2018-07-06
000905.SH,2018-07-09,5007.213,5107.8749,5007.213,5107.5507,2018-07-09
000905.SH,2018-07-10,5114.1215,5141.713,5094.2862,5136.5326,2018-07-10
000905.SH,2018-07-11,5060.0722,5070.4863,4973.9884,5036.1565,2018-07-11
000905.SH,2018-07-12,5029.2944,5184.0235,5029.2944,5172.5032,2018-07-12
000905.SH,2018-07-13,5174.5091,5207.3602,5167.1585,5204.1855,2018-07-13
000905.SH,2018-07-16,5201.528,5216.5644,5170.2219,5195.2002,2018-07-16
000905.SH,2018-07-17,5189.1488,5196.1969,5132.2064,5196.1969,2018-07-17
000905.SH,2018-07-18,5198.8899,5220.1757,5156.6363,5156.6363,2018-07-18
000905.SH,2018-07-19,5153.3769,5179.727,5088.1243,5111.3271,2018-07-19
000905.SH,2018-07-20,5105.6524,5184.8744,5072.1645,5175.2516,2018-07-20
000905.SH,2018-07-23,5146.6187,5214.3806,5132.3831,5214.0038,2018-07-23
000905.SH,2018-07-24,5213.3942,5315.6706,5211.9422,5304.641,2018-07-24
000905.SH,2018-07-25,5308.0154,5332.616,5294.4201,5308.6569,2018-07-25
000905.SH,2018-07-26,5307.3043,5318.8808,5262.3114,5273.4789,2018-07-26
000905.SH,2018-07-27,5270.2317,5281.351,5230.1017,5249.2904,2018-07-27
000905.SH,2018-07-30,5244.7718,5255.1878,5167.4021,5185.151,2018-07-30
000905.SH,2018-07-31,5182.8265,5208.3796,5163.6611,5188.7166,2018-07-31
000905.SH,2018-08-01,5198.4559,5233.5012,5105.3741,5105.3741,2018-08-01
000905.SH,2018-08-02,5094.3419,5094.3419,4887.5023,4996.012,2018-08-02
000905.SH,2018-08-03,4982.894,5008.2403,4929.75,4929.75,2018-08-03
000905.SH,2018-08-06,4919.5015,4941.1774,4798.85,4825.2508,2018-08-06
000905.SH,2018-08-07,4836.3133,4956.8718,4797.4529,4956.8718,2018-08-07
000905.SH,2018-08-08,4940.7793,4952.4185,4877.6644,4880.5694,2018-08-08
000905.SH,2018-08-09,4862.1543,5030.1616,4856.4815,5004.7733,2018-08-09
000905.SH,2018-08-10,5000.0489,5037.493,4990.8297,5030.5148,2018-08-10
000905.SH,2018-08-13,4981.3434,5064.0215,4958.8879,5055.2753,2018-08-13
000905.SH,2018-08-14,5043.89,5061.4064,5016.3217,5037.8831,2018-08-14
000905.SH,2018-08-15,5035.5656,5038.7747,4929.1978,4932.8063,2018-08-15
000905.SH,2018-08-16,4876.6946,4943.2003,4836.0505,4888.3712,2018-08-16
000905.SH,2018-08-17,4923.4353,4941.1012,4793.7669,4803.0285,2018-08-17
000905.SH,2018-08-20,4794.2367,4832.9089,4736.5592,4832.6512,2018-08-20
000905.SH,2018-08-21,4831.2092,4901.1166,4816.8528,4891.9801,2018-08-21
000905.SH,2018-08-22,4877.0124,4878.8189,4829.6051,4837.0183,2018-08-22
000905.SH,2018-08-23,4832.0069,4885.8114,4821.1107,4863.6651,2018-08-23
000905.SH,2018-08-24,4853.8649,4880.891,4831.8874,4852.2887,2018-08-24
000905.SH,2018-08-27,4859.1248,4964.4514,4859.1248,4960.0655,2018-08-27
000905.SH,2018-08-28,4964.7342,4983.9404,4954.1656,4974.2072,2018-08-28
000905.SH,2018-08-29,4972.0849,4974.1638,4929.4589,4941.9607,2018-08-29
000905.SH,2018-08-30,4937.6506,4952.6076,4861.0555,4867.1214,2018-08-30
000905.SH,2018-08-31,4854.9649,4862.4442,4805.207,4814.8237,2018-08-31
000905.SH,2018-09-03,4808.3791,4840.1523,4754.8097,4838.873,2018-09-03
000905.SH,2018-09-04,4833.8785,4905.016,4828.5239,4890.2806,2018-09-04
000905.SH,2018-09-05,4877.1141,4886.2734,4814.9568,4815.0343,2018-09-05
000905.SH,2018-09-06,4800.935,4849.1761,4773.8777,4793.3454,2018-09-06
000905.SH,2018-09-07,4796.8356,4867.5336,4759.4919,4791.7779,2018-09-07
000905.SH,2018-09-10,4792.5991,4794.0136,4701.289,4704.8782,2018-09-10
000905.SH,2018-09-11,4702.8347,4738.2588,4669.4177,4702.9032,2018-09-11
000905.SH,2018-09-12,4700.8996,4733.5829,4681.1267,4693.9743,2018-09-12
000905.SH,2018-09-13,4727.4302,4752.8965,4655.2143,4721.2121,2018-09-13
000905.SH,2018-09-14,4720.7775,4724.003,4669.9429,4670.0799,2018-09-14
000905.SH,2018-09-17,4649.9497,4649.9497,4586.3157,4602.3901,2018-09-17
000905.SH,2018-09-18,4588.2344,4684.2885,4584.4336,4683.5056,2018-09-18
000905.SH,2018-09-19,4673.9479,4772.9524,4664.1301,4736.8934,2018-09-19
000905.SH,2018-09-20,4734.4822,4761.4084,4723.3049,4733.4806,2018-09-20
000905.SH,2018-09-21,4743.8051,4813.2902,4721.6883,4805.2151,2018-09-21
000905.SH,2018-09-25,4774.7923,4810.3431,4763.2055,4792.5507,2018-09-25
000905.SH,2018-09-26,4794.0697,4841.7044,4782.3906,4815.6306,2018-09-26
000905.SH,2018-09-27,4812.6445,4817.6168,4754.2773,4755.3803,2018-09-27
000905.SH,2018-09-28,4762.3345,4802.1578,4746.1771,4800.7287,2018-09-28
000905.SH,2018-10-08,4722.4176,4737.2892,4639.4004,4646.4929,2018-10-08
000905.SH,2018-10-09,4652.4876,4685.2177,4612.6352,4634.8939,2018-10-09
000905.SH,2018-10-10,4634.6392,4655.5462,4586.8864,4629.8877,2018-10-10
000905.SH,2018-10-11,4483.2662,4503.1983,4274.6995,4307.4208,2018-10-11
000905.SH,2018-10-12,4267.3555,4300.0061,4136.6293,4278.0353,2018-10-12
000905.SH,2018-10-15,4283.3557,4317.7101,4195.8308,4199.1532,2018-10-15
000905.SH,2018-10-16,4193.3791,4221.3422,4076.8707,4099.6831,2018-10-16
000905.SH,2018-10-17,4147.3455,4167.7603,4038.4243,4133.3832,2018-10-17
000905.SH,2018-10-18,4104.3335,4104.3335,4013.6486,4018.4614,2018-10-18
000905.SH,2018-10-19,3958.4458,4130.9325,3948.5593,4127.9854,2018-10-19
000905.SH,2018-10-22,4165.7571,4375.5985,4165.7571,4333.1445,2018-10-22
000905.SH,2018-10-23,4336.4461,4350.7285,4228.3294,4253.5561,2018-10-23
000905.SH,2018-10-24,4233.8377,4297.3708,4207.1648,4245.4884,2018-10-24
000905.SH,2018-10-25,4124.1854,4240.5841,4103.5602,4234.4208,2018-10-25
000905.SH,2018-10-26,4260.9102,4294.5553,4217.7896,4233.9585,2018-10-26
000905.SH,2018-10-29,4220.635,4227.6435,4144.8064,4162.5255,2018-10-29
000905.SH,2018-10-30,4145.3966,4233.7942,4096.136,4204.5424,2018-10-30
000905.SH,2018-10-31,4207.7588,4298.2426,4204.3595,4272.5518,2018-10-31
000905.SH,2018-11-01,4299.4595,4367.7304,4294.8669,4298.9837,2018-11-01
000905.SH,2018-11-02,4366.734,4437.9818,4360.8748,4437.9456,2018-11-02
000905.SH,2018-11-05,4427.6324,4466.1357,4375.0414,4440.8274,2018-11-05
000905.SH,2018-11-06,4427.3572,4440.1054,4385.3273,4438.0965,2018-11-06
000905.SH,2018-11-07,4437.7218,4479.6944,4414.0703,4415.136,2018-11-07
000905.SH,2018-11-08,4442.6555,4450.9818,4379.8833,4382.3286,2018-11-08
000905.SH,2018-11-09,4363.2135,4396.3932,4348.8119,4368.6143,2018-11-09
000905.SH,2018-11-12,4360.6321,4481.7736,4354.4675,4481.6881,2018-11-12
000905.SH,2018-11-13,4430.9498,4588.4964,4422.9479,4563.5351,2018-11-13
000905.SH,2018-11-14,4551.7973,4600.1289,4534.5243,4545.5089,2018-11-14
000905.SH,2018-11-15,4540.8808,4619.8141,4539.9556,4619.8141,2018-11-15
000905.SH,2018-11-16,4625.0038,4691.5609,4609.8319,4659.0965,2018-11-16
000905.SH,2018-11-19,4660.475,4677.9674,4612.4837,4670.737,2018-11-19
000905.SH,2018-11-20,4629.1263,4645.9,4535.8739,4537.4493,2018-11-20
000905.SH,2018-11-21,4483.378,4564.5342,4476.4164,4554.6747,2018-11-21
000905.SH,2018-11-22,4562.6424,4583.3734,4528.2409,4551.3264,2018-11-22
000905.SH,2018-11-23,4542.1102,4547.5147,4365.3486,4374.7644,2018-11-23
000905.SH,2018-11-26,4371.4238,4408.1135,4347.7472,4367.4619,2018-11-26
000905.SH,2018-11-27,4393.2898,4416.357,4361.0232,4387.6515,2018-11-27
000905.SH,2018-11-28,4389.8322,4441.8569,4333.0553,4441.8569,2018-11-28
000905.SH,2018-11-29,4462.7925,4473.3074,4344.9003,4345.703,2018-11-29
000905.SH,2018-11-30,4334.0405,4385.0031,4291.8111,4376.6511,2018-11-30
000905.SH,2018-12-03,4483.6634,4536.8317,4460.3878,4515.1735,2018-12-03
000905.SH,2018-12-04,4506.2466,4538.423,4492.0568,4536.2104,2018-12-04
000905.SH,2018-12-05,4456.1979,4532.2794,4445.9731,4502.7021,2018-12-05
000905.SH,2018-12-06,4476.8102,4483.3157,4405.8361,4411.0884,2018-12-06
000905.SH,2018-12-07,4419.6086,4432.3298,4397.4243,4410.9593,2018-12-07
000905.SH,2018-12-10,4381.3803,4396.4047,4350.2267,4359.3122,2018-12-10
000905.SH,2018-12-11,4373.0273,4398.063,4365.1182,4395.5702,2018-12-11
000905.SH,2018-12-12,4408.9142,4417.6041,4381.3236,4393.324,2018-12-12
000905.SH,2018-12-13,4405.0861,4471.2565,4378.4604,4443.1572,2018-12-13
000905.SH,2018-12-14,4436.0023,4439.0458,4331.3785,4337.1025,2018-12-14
000905.SH,2018-12-17,4322.5935,4341.2033,4285.2144,4330.6465,2018-12-17
000905.SH,2018-12-18,4308.0478,4339.4043,4266.4517,4307.2675,2018-12-18
000905.SH,2018-12-19,4311.2792,4315.1081,4245.1504,4247.8991,2018-12-19
000905.SH,2018-12-20,4240.3729,4274.0116,4225.1345,4259.7614,2018-12-20
000905.SH,2018-12-21,4246.4287,4260.289,4204.486,4231.144,2018-12-21
000905.SH,2018-12-24,4227.354,4276.9745,4215.0226,4274.7218,2018-12-24
000905.SH,2018-12-25,4233.5432,4244.9521,4132.7639,4225.5124,2018-12-25
000905.SH,2018-12-26,4218.6618,4241.3508,4194.305,4208.4053,2018-12-26
000905.SH,2018-12-27,4263.3345,4272.8081,4159.7661,4161.2702,2018-12-27
000905.SH,2018-12-28,4168.9399,4192.6955,4138.9346,4168.0363,2018-12-28
000905.SH,2019-01-02,4176.1098,4179.7233,4125.9356,4131.9567,2019-01-02
000905.SH,2019-01-03,4131.6949,4182.1983,4110.527,4112.807,2019-01-03
000905.SH,2019-01-04,4075.6217,4210.8786,4071.6898,4210.8786,2019-01-04
000905.SH,2019-01-07,4235.0346,4297.0238,4223.4585,4288.3234,2019-01-07
000905.SH,2019-01-08,4278.2802,4289.6278,4264.6001,4277.2967,2019-01-08
000905.SH,2019-01-09,4286.231,4354.1986,4280.6556,4288.7717,2019-01-09
000905.SH,2019-01-10,4289.5591,4319.4941,4274.1955,4281.8606,2019-01-10
000905.SH,2019-01-11,4282.3935,4316.5413,4267.2889,4314.8757,2019-01-11
000905.SH,2019-01-14,4317.5239,4325.9474,4278.761,4286.5474,2019-01-14
000905.SH,2019-01-15,4282.9863,4350.9338,4271.6362,4347.3555,2019-01-15
000905.SH,2019-01-16,4347.0758,4364.0963,4330.7437,4336.8779,2019-01-16
000905.SH,2019-01-17,4334.6309,4347.1786,4297.6681,4303.7308,2019-01-17
000905.SH,2019-01-18,4307.1386,4351.4382,4297.4773,4347.8112,2019-01-18
000905.SH,2019-01-21,4354.6997,4395.0631,4352.8102,4373.6333,2019-01-21
000905.SH,2019-01-22,4370.8568,4370.8568,4291.9624,4308.2518,2019-01-22
000905.SH,2019-01-23,4298.938,4322.8895,4292.0872,4315.6846,2019-01-23
000905.SH,2019-01-24,4318.7091,4363.2181,4292.8296,4338.17,2019-01-24
000905.SH,2019-01-25,4341.4133,4359.4637,4315.9525,4318.4417,2019-01-25
000905.SH,2019-01-28,4341.4922,4370.898,4297.9632,4307.2196,2019-01-28
000905.SH,2019-01-29,4301.4692,4301.4692,4188.594,4254.2875,2019-01-29
000905.SH,2019-01-30,4235.2746,4266.8811,4211.1908,4211.6235,2019-01-30
000905.SH,2019-01-31,4203.9772,4240.7162,4151.414,4176.4739,2019-01-31
000905.SH,2019-02-01,4189.1098,4295.0379,4189.1098,4294.2696,2019-02-01
000905.SH,2019-02-11,4306.2006,4403.7282,4306.2006,4402.8668,2019-02-11
000905.SH,2019-02-12,4398.4427,4452.5007,4394.8339,4439.485,2019-02-12
000905.SH,2019-02-13,4442.7279,4526.2699,4433.0271,4512.4088,2019-02-13
000905.SH,2019-02-14,4507.8406,4555.2331,4494.5521,4532.1699,2019-02-14
000905.SH,2019-02-15,4523.9449,4544.3864,4497.3858,4502.7348,2019-02-15
000905.SH,2019-02-18,4527.9685,4660.999,4527.9685,4660.999,2019-02-18
000905.SH,2019-02-19,4683.3252,4706.5253,4614.2779,4667.2836,2019-02-19
000905.SH,2019-02-20,4667.3534,4677.9779,4619.46,4667.6243,2019-02-20
000905.SH,2019-02-21,4666.2814,4750.418,4643.1096,4659.1431,2019-02-21
000905.SH,2019-02-22,4651.538,4777.2977,4649.2158,4777.2977,2019-02-22
000905.SH,2019-02-25,4840.5434,5045.0755,4835.4825,5044.3466,2019-02-25
000905.SH,2019-02-26,5059.284,5149.6229,5004.552,5038.5435,2019-02-26
000905.SH,2019-02-27,5027.3875,5093.7952,4964.623,5017.8842,2019-02-27
000905.SH,2019-02-28,5017.4403,5072.6687,4994.0501,5025.2913,2019-02-28
000905.SH,2019-03-01,5047.2277,5067.3068,4984.993,5067.225,2019-03-01
000905.SH,2019-03-04,5112.9515,5253.388,5108.2823,5158.2467,2019-03-04
000905.SH,2019-03-05,5146.6204,5295.2878,5125.154,5295.2878,2019-03-05
000905.SH,2019-03-06,5328.1279,5395.554,5256.7934,5390.0294,2019-03-06
000905.SH,2019-03-07,5381.2266,5512.6438,5353.5735,5458.6153,2019-03-07
000905.SH,2019-03-08,5340.1057,5480.1728,5245.5313,5245.6999,2019-03-08
000905.SH,2019-03-11,5279.7507,5456.4199,5272.1903,5456.381,2019-03-11
000905.SH,2019-03-12,5500.9359,5591.6863,5458.7596,5551.0029,2019-03-12
000905.SH,2019-03-13,5557.1556,5557.1556,5388.2464,5424.8642,2019-03-13
000905.SH,2019-03-14,5381.11,5432.5207,5236.7529,5298.5024,2019-03-14
000905.SH,2019-03-15,5328.8085,5418.3293,5308.0621,5359.0087,2019-03-15
000905.SH,2019-03-18,5387.3756,5501.183,5333.2557,5501.183,2019-03-18
000905.SH,2019-03-19,5505.6985,5555.1227,5486.7986,5522.1801,2019-03-19
000905.SH,2019-03-20,5518.3087,5533.0525,5415.7549,5515.7856,2019-03-20
000905.SH,2019-03-21,5525.9922,5634.6618,5513.392,5589.478,2019-03-21
000905.SH,2019-03-22,5591.0427,5625.095,5505.8058,5622.1402,2019-03-22
000905.SH,2019-03-25,5521.251,5629.2277,5507.3576,5549.6711,2019-03-25
000905.SH,2019-03-26,5571.5251,5589.4127,5380.8535,5394.8787,2019-03-26
000905.SH,2019-03-27,5431.9779,5447.8795,5333.7848,5447.8795,2019-03-27
000905.SH,2019-03-28,5432.9438,5487.7654,5370.1234,5370.1234,2019-03-28
000905.SH,2019-03-29,5370.4209,5550.7601,5346.2139,5547.6561,2019-03-29
000905.SH,2019-04-01,5591.6651,5763.5806,5591.6651,5757.8379,2019-04-01
000905.SH,2019-04-02,5794.7878,5833.0223,5750.3296,5775.5497,2019-04-02
000905.SH,2019-04-03,5744.2215,5843.468,5724.1257,5836.0369,2019-04-03
000905.SH,2019-04-04,5868.3919,5894.9882,5813.4624,5871.5575,2019-04-04
000905.SH,2019-04-08,5921.2105,5939.4979,5765.9069,5847.6296,2019-04-08
000905.SH,2019-04-09,5834.29,5877.84,5798.3736,5858.0464,2019-04-09
000905.SH,2019-04-10,5826.0258,5906.4273,5782.3689,5850.7609,2019-04-10
000905.SH,2019-04-11,5852.636,5866.9221,5720.5516,5727.1749,2019-04-11
000905.SH,2019-04-12,5720.0481,5749.3368,5673.7447,5714.3676,2019-04-12
000905.SH,2019-04-15,5795.5011,5815.3916,5654.3441,5655.9825,2019-04-15
000905.SH,2019-04-16,5625.1221,5777.0111,5583.6142,5777.0111,2019-04-16
000905.SH,2019-04-17,5776.6352,5840.6249,5757.9952,5807.7288,2019-04-17
000905.SH,2019-04-18,5804.3014,5826.6736,5762.5678,5775.171,2019-04-18
000905.SH,2019-04-19,5762.5009,5810.1798,5710.7953,5810.1798,2019-04-19
000905.SH,2019-04-22,5821.0229,5824.5207,5704.9769,5723.0417,2019-04-22
000905.SH,2019-04-23,5710.7334,5710.7334,5610.7353,5628.0624,2019-04-23
000905.SH,2019-04-24,5636.4016,5682.4788,5568.408,5679.7256,2019-04-24
000905.SH,2019-04-25,5652.0056,5662.7898,5457.8254,5458.4194,2019-04-25
000905.SH,2019-04-26,5427.6228,5496.0353,5407.1942,5408.0306,2019-04-26
000905.SH,2019-04-29,5405.1641,5421.6568,5252.0486,5265.6011,2019-04-29
000905.SH,2019-04-30,5244.0447,5349.9438,5244.0447,5307.56,2019-04-30
000905.SH,2019-05-06,5122.4696,5125.1616,4874.6433,4908.7984,2019-05-06
000905.SH,2019-05-07,4933.0425,4990.1939,4886.0568,4973.4043,2019-05-07
000905.SH,2019-05-08,4865.7878,5028.526,4842.5603,4947.7419,2019-05-08
000905.SH,2019-05-09,4897.9781,4955.7835,4879.6945,4888.4128,2019-05-09
000905.SH,2019-05-10,4940.4814,5064.323,4842.6072,5064.323,2019-05-10
000905.SH,2019-05-13,5009.4748,5040.5037,4985.1882,5005.9044,2019-05-13
000905.SH,2019-05-14,4942.3937,5018.4131,4941.9271,4965.6124,2019-05-14
000905.SH,2019-05-15,5002.6051,5086.7298,4999.3368,5076.555,2019-05-15
000905.SH,2019-05-16,5071.1085,5118.4448,5059.2068,5108.3588,2019-05-16
000905.SH,2019-05-17,5112.2411,5116.9934,4923.6727,4942.5792,2019-05-17
000905.SH,2019-05-20,4937.1767,4947.7455,4835.8087,4923.5589,2019-05-20
000905.SH,2019-05-21,4917.3424,5026.2842,4904.8232,5009.8725,2019-05-21
000905.SH,2019-05-22,5002.1602,5018.1092,4941.0098,4976.3929,2019-05-22
000905.SH,2019-05-23,4955.2522,4957.9863,4860.1881,4872.9202,2019-05-23
000905.SH,2019-05-24,4848.5757,4892.4587,4831.3352,4841.7573,2019-05-24
000905.SH,2019-05-27,4848.6417,4974.2676,4824.142,4962.947,2019-05-27
000905.SH,2019-05-28,4965.5908,5002.2491,4933.8967,4955.4855,2019-05-28
000905.SH,2019-05-29,4943.5678,4992.9887,4930.4307,4956.8638,2019-05-29
000905.SH,2019-05-30,4933.5006,4933.8544,4865.7753,4926.403,2019-05-30
000905.SH,2019-05-31,4923.9199,4969.0513,4902.7379,4912.0005,2019-05-31
000905.SH,2019-06-03,4921.7084,4942.0652,4838.3523,4853.8153,2019-06-03
000905.SH,2019-06-04,4847.6634,4853.8105,4768.0393,4795.4129,2019-06-04
000905.SH,2019-06-05,4837.895,4850.8038,4777.9781,4783.8245,2019-06-05
000905.SH,2019-06-06,4776.4896,4776.6879,4668.5413,4678.7844,2019-06-06
000905.SH,2019-06-10,4693.7633,4750.5423,4662.7808,4725.2643,2019-06-10
000905.SH,2019-06-11,4730.8093,4903.8673,4728.4832,4901.4723,2019-06-11
000905.SH,2019-06-12,4889.3606,4917.0919,4852.9834,4863.4922,2019-06-12
000905.SH,2019-06-13,4855.5398,4892.5811,4831.5194,4877.6505,2019-06-13
000905.SH,2019-06-14,4880.2264,4893.9284,4786.195,4795.5267,2019-06-14
000905.SH,2019-06-17,4796.1203,4826.5959,4779.6429,4802.8185,2019-06-17
000905.SH,2019-06-18,4804.3018,4825.6252,4773.5495,4797.1468,2019-06-18
000905.SH,2019-06-19,4902.9598,4931.1098,4856.9033,4858.9164,2019-06-19
000905.SH,2019-06-20,4853.2088,4987.5951,4837.1763,4954.7338,2019-06-20
000905.SH,2019-06-21,4973.5853,5045.7149,4973.5853,5021.3051,2019-06-21
000905.SH,2019-06-24,5032.3746,5038.4798,4996.1699,5024.2046,2019-06-24
000905.SH,2019-06-25,5020.2009,5020.2009,4910.1971,4974.9882,2019-06-25
000905.SH,2019-06-26,4943.7751,4991.1275,4928.733,4962.5936,2019-06-26
000905.SH,2019-06-27,4974.9859,5030.3718,4972.6702,5007.4833,2019-06-27
000905.SH,2019-06-28,5005.1921,5005.1921,4920.4349,4950.4798,2019-06-28
000905.SH,2019-07-01,5044.6638,5100.2619,5016.2363,5100.2619,2019-07-01
000905.SH,2019-07-02,5092.8418,5102.4091,5066.2507,5084.41,2019-07-02
000905.SH,2019-07-03,5074.7097,5074.7097,5021.8958,5040.7227,2019-07-03
000905.SH,2019-07-04,5046.883,5067.997,5002.3322,5025.0207,2019-07-04
000905.SH,2019-07-05,5026.3316,5055.0145,5001.5234,5042.6599,2019-07-05
000905.SH,2019-07-08,5028.6349,5028.6349,4855.2148,4870.7807,2019-07-08
000905.SH,2019-07-09,4868.475,4892.5583,4838.9366,4881.6235,2019-07-09
000905.SH,2019-07-10,4891.9111,4896.0413,4829.2848,4843.8649,2019-07-10
000905.SH,2019-07-11,4867.6825,4905.1604,4821.5516,4844.5474,2019-07-11
000905.SH,2019-07-12,4848.222,4874.3204,4820.6635,4861.5679,2019-07-12
000905.SH,2019-07-15,4850.8904,4951.6237,4787.9062,4925.3243,2019-07-15
000905.SH,2019-07-16,4917.7931,4940.2313,4909.6633,4932.0458,2019-07-16
000905.SH,2019-07-17,4930.6466,4953.4093,4914.4924,4929.085,2019-07-17
000905.SH,2019-07-18,4909.7172,4909.7172,4843.5134,4844.1087,2019-07-18
000905.SH,2019-07-19,4861.2125,4920.4135,4861.2031,4878.6903,2019-07-19
000905.SH,2019-07-22,4885.4293,4886.402,4766.0716,4776.5749,2019-07-22
000905.SH,2019-07-23,4778.0529,4823.9182,4778.0529,4823.9182,2019-07-23
000905.SH,2019-07-24,4837.7669,4898.8054,4837.7669,4873.0271,2019-07-24
000905.SH,2019-07-25,4873.1742,4899.715,4861.7715,4891.6432,2019-07-25
000905.SH,2019-07-26,4880.7194,4902.0916,4868.197,4898.1099,2019-07-26
000905.SH,2019-07-29,4897.6519,4914.48,4872.545,4897.0183,2019-07-29
000905.SH,2019-07-30,4902.8411,4961.0247,4902.7813,4922.9175,2019-07-30
000905.SH,2019-07-31,4914.044,4921.7224,4892.5557,4903.203,2019-07-31
000905.SH,2019-08-01,4877.5573,4900.0866,4850.5281,4870.469,2019-08-01
000905.SH,2019-08-02,4773.4302,4816.8104,4756.4044,4809.9198,2019-08-02
000905.SH,2019-08-05,4795.9105,4838.7588,4749.9444,4751.9846,2019-08-05
000905.SH,2019-08-06,4665.8404,4684.5159,4558.0604,4650.5627,2019-08-06
000905.SH,2019-08-07,4678.4283,4686.7321,4624.7423,4626.3641,2019-08-07
000905.SH,2019-08-08,4641.8665,4663.032,4636.2385,4656.1009,2019-08-08
000905.SH,2019-08-09,4677.2477,4690.654,4593.2238,4600.3526,2019-08-09
000905.SH,2019-08-12,4608.1166,4685.045,4591.6615,4685.045,2019-08-12
000905.SH,2019-08-13,4649.349,4667.715,4638.0294,4658.3884,2019-08-13
000905.SH,2019-08-14,4713.5026,4731.8627,4677.1302,4683.8403,2019-08-14
000905.SH,2019-08-15,4585.0944,4709.363,4576.4614,4706.5504,2019-08-15
000905.SH,2019-08-16,4702.1415,4755.9526,4696.9213,4722.6625,2019-08-16
000905.SH,2019-08-19,4765.0581,4875.0363,4765.0581,4875.0363,2019-08-19
000905.SH,2019-08-20,4878.6745,4912.9917,4864.8159,4872.6061,2019-08-20
000905.SH,2019-08-21,4865.7174,4896.2914,4859.328,4882.7213,2019-08-21
000905.SH,2019-08-22,4894.3625,4896.5752,4851.9692,4887.9142,2019-08-22
000905.SH,2019-08-23,4888.5329,4902.7831,4861.2002,4887.9024,2019-08-23
000905.SH,2019-08-26,4799.4831,4867.3032,4793.8441,4855.4584,2019-08-26
000905.SH,2019-08-27,4878.2891,4976.5805,4878.2891,4936.1238,2019-08-27
000905.SH,2019-08-28,4929.8939,4948.0177,4910.6033,4928.1935,2019-08-28
000905.SH,2019-08-29,4937.5909,4954.9574,4912.22,4934.1838,2019-08-29
000905.SH,2019-08-30,4963.2785,4975.9723,4862.5821,4886.494,2019-08-30
000905.SH,2019-09-02,4894.0496,5020.2648,4890.2253,5008.2958,2019-09-02
000905.SH,2019-09-03,5019.4049,5044.1805,4999.8872,5044.1805,2019-09-03
000905.SH,2019-09-04,5036.5238,5093.2662,5027.6672,5093.2662,2019-09-04
000905.SH,2019-09-05,5119.5739,5208.9999,5119.4281,5138.4051,2019-09-05
000905.SH,2019-09-06,5152.185,5167.4828,5111.7349,5154.6378,2019-09-06
000905.SH,2019-09-09,5202.7058,5263.4594,5171.8514,5263.4594,2019-09-09
000905.SH,2019-09-10,5264.3276,5264.3276,5212.5251,5245.305,2019-09-10
000905.SH,2019-09-11,5262.4946,5273.9678,5206.9728,5217.2913,2019-09-11
000905.SH,2019-09-12,5230.2944,5255.7851,5197.5696,5242.6115,2019-09-12
000905.SH,2019-09-16,5263.3007,5279.5896,5228.29,5250.3398,2019-09-16
000905.SH,2019-09-17,5237.5592,5237.5592,5118.2077,5140.4502,2019-09-17
000905.SH,2019-09-18,5148.0631,5163.8104,5119.6137,5141.0381,2019-09-18
000905.SH,2019-09-19,5150.4983,5191.6687,5126.1532,5191.6687,2019-09-19
000905.SH,2019-09-20,5198.7279,5220.2351,5180.0778,5204.4848,2019-09-20
000905.SH,2019-09-23,5192.8838,5192.8838,5124.7981,5171.484,2019-09-23
000905.SH,2019-09-24,5168.1222,5237.4102,5159.3315,5180.7418,2019-09-24
000905.SH,2019-09-25,5162.1513,5162.1513,5087.0091,5087.0091,2019-09-25
000905.SH,2019-09-26,5099.5177,5108.8037,4970.2403,4970.2403,2019-09-26
000905.SH,2019-09-27,4974.0324,5033.185,4974.0324,5005.6299,2019-09-27
000905.SH,2019-09-30,5009.1385,5022.4285,4940.903,4940.903,2019-09-30
000905.SH,2019-10-08,4955.078,4994.4433,4937.0284,4941.7607,2019-10-08
000905.SH,2019-10-09,4926.2085,4985.4405,4904.3222,4982.9535,2019-10-09
000905.SH,2019-10-10,4988.1408,5049.2193,4979.1948,5046.3594,2019-10-10
000905.SH,2019-10-11,5057.8108,5074.9035,5012.3843,5055.5165,2019-10-11
000905.SH,2019-10-14,5095.2164,5151.6944,5089.3126,5131.1312,2019-10-14
000905.SH,2019-10-15,5115.2478,5115.2478,5057.2839,5061.0029,2019-10-15
000905.SH,2019-10-16,5064.3325,5086.9729,5036.5028,5038.356,2019-10-16
000905.SH,2019-10-17,5039.2712,5049.3606,5017.4677,5029.854,2019-10-17
000905.SH,2019-10-18,5033.8167,5056.5575,4953.1478,4961.8072,2019-10-18
000905.SH,2019-10-21,4956.7929,4957.2357,4906.3624,4951.0354,2019-10-21
000905.SH,2019-10-22,4954.1075,5011.0127,4954.1075,5005.5525,2019-10-22
000905.SH,2019-10-23,5009.3572,5009.9404,4955.0555,4967.1949,2019-10-23
000905.SH,2019-10-24,4961.6853,4972.7625,4921.1123,4958.2465,2019-10-24
000905.SH,2019-10-25,4953.3271,5001.5089,4922.0836,4994.5684,2019-10-25
000905.SH,2019-10-28,5026.064,5084.6884,5026.064,5084.4677,2019-10-28
000905.SH,2019-10-29,5080.9295,5080.9295,5007.7126,5007.7126,2019-10-29
000905.SH,2019-10-30,4975.6732,4984.4037,4938.1025,4947.8954,2019-10-30
000905.SH,2019-10-31,4950.0259,4967.7453,4911.3756,4917.4174,2019-10-31
000905.SH,2019-11-01,4908.6477,4967.0484,4896.0073,4962.3495,2019-11-01
000905.SH,2019-11-04,4974.3632,5016.9371,4974.3632,4987.8364,2019-11-04
000905.SH,2019-11-05,4995.4616,5041.2355,4972.7168,5025.3029,2019-11-05
000905.SH,2019-11-06,5022.1048,5027.7894,4955.8258,4974.7343,2019-11-06
000905.SH,2019-11-07,4970.529,5020.2236,4960.8385,5007.0666,2019-11-07
000905.SH,2019-11-08,5036.6566,5051.5643,4985.9488,4988.2938,2019-11-08
000905.SH,2019-11-11,4961.1943,4961.1943,4868.4348,4876.1594,2019-11-11
000905.SH,2019-11-12,4878.9722,4887.2957,4823.4288,4881.6144,2019-11-12
000905.SH,2019-11-13,4878.9678,4888.1914,4853.5946,4875.543,2019-11-13
000905.SH,2019-11-14,4875.2493,4925.4416,4871.5569,4912.1075,2019-11-14
000905.SH,2019-11-15,4910.2052,4936.9848,4868.4367,4868.4367,2019-11-15
000905.SH,2019-11-18,4862.2803,4901.001,4851.39,4892.4609,2019-11-18
000905.SH,2019-11-19,4892.3397,4975.1128,4890.7563,4975.1128,2019-11-19
000905.SH,2019-11-20,4975.7561,4991.6959,4941.9109,4946.2757,2019-11-20
000905.SH,2019-11-21,4929.8513,4963.0886,4919.5937,4945.7188,2019-11-21
000905.SH,2019-11-22,4954.3102,5018.0642,4876.8117,4904.0828,2019-11-22
000905.SH,2019-11-25,4904.9949,4915.3452,4853.8425,4901.5021,2019-11-25
000905.SH,2019-11-26,4906.4289,4920.6768,4882.1624,4882.1624,2019-11-26
000905.SH,2019-11-27,4881.402,4935.6277,4872.3024,4904.2568,2019-11-27
000905.SH,2019-11-28,4897.6525,4916.8046,4878.0072,4889.2595,2019-11-28
000905.SH,2019-11-29,4888.3484,4909.411,4850.5879,4894.9416,2019-11-29
000905.SH,2019-12-02,4897.6306,4930.5853,4889.319,4905.4209,2019-12-02
000905.SH,2019-12-03,4889.4069,4926.4548,4863.662,4926.4548,2019-12-03
000905.SH,2019-12-04,4902.4853,4935.5695,4901.0364,4920.6682,2019-12-04
000905.SH,2019-12-05,4927.7757,4978.9896,4923.1116,4967.6021,2019-12-05
000905.SH,2019-12-06,4968.041,5010.513,4954.7856,5010.5104,2019-12-06
000905.SH,2019-12-09,5020.2216,5040.2408,5005.8413,5024.604,2019-12-09
000905.SH,2019-12-10,5012.4716,5054.3122,4998.1479,5049.0514,2019-12-10
000905.SH,2019-12-11,5044.9367,5052.3501,5007.5596,5027.2784,2019-12-11
000905.SH,2019-12-12,5025.4907,5044.1972,5008.3676,5012.0011,2019-12-12
000905.SH,2019-12-13,5047.8973,5082.7599,5029.8833,5073.6858,2019-12-13
000905.SH,2019-12-16,5095.3481,5166.0391,5081.9093,5166.0391,2019-12-16
000905.SH,2019-12-17,5167.2291,5257.8279,5161.1524,5236.0624,2019-12-17
000905.SH,2019-12-18,5235.4761,5267.4061,5221.698,5235.1248,2019-12-18
000905.SH,2019-12-19,5236.9151,5255.1689,5215.884,5241.7376,2019-12-19
000905.SH,2019-12-20,5244.2134,5258.0056,5182.0632,5184.6752,2019-12-20
000905.SH,2019-12-23,5161.2823,5188.85,5079.4417,5084.3505,2019-12-23
000905.SH,2019-12-24,5098.805,5165.1561,5092.9061,5162.0702,2019-12-24
000905.SH,2019-12-25,5157.3667,5195.8663,5153.5138,5183.0986,2019-12-25
000905.SH,2019-12-26,5181.3814,5219.1404,5171.4403,5219.1404,2019-12-26
000905.SH,2019-12-27,5223.4701,5252.7878,5175.852,5179.1929,2019-12-27
000905.SH,2019-12-30,5160.3102,5242.1238,5119.8558,5241.9383,2019-12-30
000905.SH,2019-12-31,5239.9132,5269.8736,5228.1726,5267.6622,2019-12-31
000905.SH,2020-01-02,5306.6677,5374.9082,5288.1675,5366.1375,2020-01-02
000905.SH,2020-01-03,5376.0328,5395.2585,5351.8049,5380.6372,2020-01-03
000905.SH,2020-01-06,5365.2171,5481.55,5355.0237,5434.8503,2020-01-06
000905.SH,2020-01-07,5441.9032,5499.8395,5440.6916,5499.8395,2020-01-07
000905.SH,2020-01-08,5481.9844,5500.1601,5409.569,5423.7966,2020-01-08
000905.SH,2020-01-09,5465.8574,5497.5429,5457.3498,5497.5429,2020-01-09
000905.SH,2020-01-10,5511.6739,5516.0948,5455.2516,5480.2279,2020-01-10
000905.SH,2020-01-13,5478.3159,5559.6272,5447.7315,5559.6272,2020-01-13
000905.SH,2020-01-14,5576.6291,5583.7202,5539.8997,5542.3316,2020-01-14
000905.SH,2020-01-15,5532.9613,5545.1012,5492.6508,5530.0266,2020-01-15
000905.SH,2020-01-16,5539.4211,5559.0175,5514.6912,5527.6676,2020-01-16
000905.SH,2020-01-17,5539.723,5555.4119,5499.4674,5510.0453,2020-01-17
000905.SH,2020-01-20,5523.0098,5587.5359,5500.5937,5587.5359,2020-01-20
000905.SH,2020-01-21,5581.0102,5581.98,5515.1928,5523.9419,2020-01-21
000905.SH,2020-01-22,5502.587,5597.9935,5440.1998,5575.5126,2020-01-22
000905.SH,2020-01-23,5521.7921,5558.4257,5326.9315,5377.7411,2020-01-23
000905.SH,2020-02-03,4896.8945,4960.7456,4896.8945,4910.9011,2020-02-03
000905.SH,2020-02-04,4736.1227,5013.7695,4736.1227,4996.4743,2020-02-04
000905.SH,2020-02-05,5035.4089,5178.4378,5026.4083,5123.9619,2020-02-05
000905.SH,2020-02-06,5128.1863,5299.178,5100.4818,5282.8922,2020-02-06
000905.SH,2020-02-07,5287.269,5329.3558,5226.6999,5327.0369,2020-02-07
000905.SH,2020-02-10,5322.0089,5389.0387,5301.4121,5388.4349,2020-02-10
000905.SH,2020-02-11,5390.5255,5396.9558,5323.7602,5361.2768,2020-02-11
000905.SH,2020-02-12,5345.522,5461.6736,5340.487,5459.9461,2020-02-12
000905.SH,2020-02-13,5456.6591,5482.7951,5397.2324,5412.8418,2020-02-13
000905.SH,2020-02-14,5407.4738,5474.4682,5375.9258,5420.8025,2020-02-14
000905.SH,2020-02-17,5454.4626,5594.4366,5454.4626,5594.4366,2020-02-17
000905.SH,2020-02-18,5607.8401,5660.8142,5577.8981,5660.8142,2020-02-18
000905.SH,2020-02-19,5654.1778,5678.8191,5601.3916,5603.2626,2020-02-19
000905.SH,2020-02-20,5619.5203,5712.1825,5580.0672,5706.7127,2020-02-20
000905.SH,2020-02-21,5704.836,5822.3973,5700.9519,5784.0321,2020-02-21
000905.SH,2020-02-24,5784.5751,5884.1397,5754.6794,5865.4665,2020-02-24
000905.SH,2020-02-25,5745.617,5912.2741,5643.8843,5897.7219,2020-02-25
000905.SH,2020-02-26,5824.0484,5885.2702,5724.499,5743.3929,2020-02-26
000905.SH,2020-02-27,5770.2183,5829.0372,5689.539,5753.7277,2020-02-27
000905.SH,2020-02-28,5558.4158,5641.7724,5438.8521,5451.2897,2020-02-28
000905.SH,2020-03-02,5516.4386,5683.2425,5505.2683,5656.4193,2020-03-02
000905.SH,2020-03-03,5756.7914,5832.3531,5658.1205,5710.0235,2020-03-03
000905.SH,2020-03-04,5670.4997,5719.1783,5603.9288,5716.5112,2020-03-04
000905.SH,2020-03-05,5795.25,5811.2074,5732.168,5801.1199,2020-03-05
000905.SH,2020-03-06,5737.0958,5802.6293,5723.7326,5763.8602,2020-03-06
000905.SH,2020-03-09,5668.6366,5699.9198,5525.8167,5525.8167,2020-03-09
000905.SH,2020-03-10,5459.1732,5675.8756,5423.4289,5675.1113,2020-03-10
000905.SH,2020-03-11,5692.7173,5708.9152,5589.5311,5589.5311,2020-03-11
000905.SH,2020-03-12,5507.3213,5549.3501,5446.7941,5493.8838,2020-03-12
000905.SH,2020-03-13,5225.5063,5507.3899,5224.7267,5457.2006,2020-03-13
000905.SH,2020-03-16,5496.889,5496.889,5183.3436,5200.1142,2020-03-16
000905.SH,2020-03-17,5245.5231,5300.5591,5052.6546,5212.0619,2020-03-17
000905.SH,2020-03-18,5257.9438,5333.1204,5119.4716,5119.4716,2020-03-18
000905.SH,2020-03-19,5119.9437,5185.0889,5020.4387,5157.8235,2020-03-19
000905.SH,2020-03-20,5217.488,5225.0268,5129.0733,5219.2809,2020-03-20
000905.SH,2020-03-23,5079.3549,5129.1405,4981.6682,4998.9095,2020-03-23
000905.SH,2020-03-24,5089.1516,5118.0355,4963.2918,5096.0408,2020-03-24
000905.SH,2020-03-25,5200.7752,5229.2205,5160.3887,5217.4237,2020-03-25
000905.SH,2020-03-26,5180.4657,5227.4679,5157.1478,5166.1091,2020-03-26
000905.SH,2020-03-27,5222.8511,5227.7921,5134.4903,5137.3371,2020-03-27
000905.SH,2020-03-30,5073.7047,5074.6251,4974.3165,5027.4856,2020-03-30
000905.SH,2020-03-31,5073.5232,5090.5675,5030.573,5041.4534,2020-03-31
000905.SH,2020-04-01,5029.5837,5108.175,5007.7115,5019.2187,2020-04-01
000905.SH,2020-04-02,4998.6259,5147.2019,4998.1063,5147.2019,2020-04-02
000905.SH,2020-04-03,5143.5185,5161.5728,5085.0948,5107.0393,2020-04-03
000905.SH,2020-04-07,5202.5465,5273.0857,5197.5826,5267.073,2020-04-07
000905.SH,2020-04-08,5243.1623,5291.4149,5232.6161,5271.7961,2020-04-08
000905.SH,2020-04-09,5301.2663,5336.1174,5289.3845,5322.4614,2020-04-09
000905.SH,2020-04-10,5321.7865,5321.7865,5197.9841,5208.5102,2020-04-10
000905.SH,2020-04-13,5176.4431,5198.3708,5140.8505,5169.1757,2020-04-13
000905.SH,2020-04-14,5197.1716,5288.593,5189.8242,5288.593,2020-04-14
000905.SH,2020-04-15,5291.9664,5320.5792,5264.0114,5268.7497,2020-04-15
000905.SH,2020-04-16,5245.9247,5328.1204,5238.4335,5316.9707,2020-04-16
000905.SH,2020-04-17,5354.9828,5377.147,5309.5809,5318.4547,2020-04-17
000905.SH,2020-04-20,5329.8688,5381.7857,5311.1974,5381.7857,2020-04-20
000905.SH,2020-04-21,5358.6005,5358.6005,5287.6633,5343.8806,2020-04-21
000905.SH,2020-04-22,5304.731,5388.2073,5296.2644,5387.6233,2020-04-22
000905.SH,2020-04-23,5402.6478,5407.49,5354.9401,5357.7904,2020-04-23
000905.SH,2020-04-24,5350.5426,5354.7629,5258.5692,5273.5474,2020-04-24
000905.SH,2020-04-27,5278.9787,5314.4114,5249.3133,5265.7248,2020-04-27
000905.SH,2020-04-28,5268.1255,5273.2565,5102.0608,5227.846,2020-04-28
000905.SH,2020-04-29,5203.7103,5269.735,5201.4734,5226.8116,2020-04-29
000905.SH,2020-04-30,5261.0467,5368.8943,5261.0467,5353.8595,2020-04-30
000905.SH,2020-05-06,5320.94,5451.456,5318.443,5451.3159,2020-05-06
000905.SH,2020-05-07,5454.2515,5473.7738,5425.7964,5445.7519,2020-05-07
000905.SH,2020-05-08,5474.8739,5527.0903,5467.646,5507.6965,2020-05-08
000905.SH,2020-05-11,5529.1056,5547.9416,5466.6158,5496.192,2020-05-11
000905.SH,2020-05-12,5494.0693,5519.2868,5441.7013,5512.464,2020-05-12
000905.SH,2020-05-13,5495.8969,5546.5535,5483.9868,5536.2802,2020-05-13
000905.SH,2020-05-14,5513.0817,5528.0915,5485.0152,5487.107,2020-05-14
000905.SH,2020-05-15,5510.1454,5543.9334,5486.2557,5507.9336,2020-05-15
000905.SH,2020-05-18,5522.7233,5528.7754,5454.9615,5478.8218,2020-05-18
000905.SH,2020-05-19,5515.0289,5548.2181,5504.2327,5547.8759,2020-05-19
000905.SH,2020-05-20,5545.0441,5547.1691,5473.7896,5489.7024,2020-05-20
000905.SH,2020-05-21,5508.2041,5511.2324,5415.5986,5426.1745,2020-05-21
000905.SH,2020-05-22,5421.7282,5421.887,5307.2962,5328.2268,2020-05-22
000905.SH,2020-05-25,5323.9656,5344.2849,5293.2294,5316.6036,2020-05-25
000905.SH,2020-05-26,5341.1113,5421.9045,5341.0821,5420.2126,2020-05-26
000905.SH,2020-05-27,5426.5558,5426.5558,5358.47,5369.4992,2020-05-27
000905.SH,2020-05-28,5367.2664,5390.1397,5290.2897,5361.167,2020-05-28
000905.SH,2020-05-29,5349.5678,5416.6599,5336.0669,5406.3403,2020-05-29
000905.SH,2020-06-01,5446.2912,5576.6538,5446.2912,5569.48,2020-06-01
000905.SH,2020-06-02,5595.3589,5596.4399,5544.1862,5566.4438,2020-06-02
000905.SH,2020-06-03,5583.701,5618.2892,5567.0729,5572.3125,2020-06-03
000905.SH,2020-06-04,5589.3445,5597.2621,5549.3577,5576.7535,2020-06-04
000905.SH,2020-06-05,5585.1592,5592.3453,5542.8701,5585.4231,2020-06-05
000905.SH,2020-06-08,5618.3753,5627.1893,5567.2087,5575.3036,2020-06-08
000905.SH,2020-06-09,5582.144,5616.0363,5560.139,5610.3774,2020-06-09
000905.SH,2020-06-10,5611.6579,5616.6108,5581.9153,5615.2417,2020-06-10
000905.SH,2020-06-11,5618.6411,5673.3108,5567.538,5589.1019,2020-06-11
000905.SH,2020-06-12,5483.7845,5620.2062,5479.2713,5591.4871,2020-06-12
000905.SH,2020-06-15,5605.8832,5661.9706,5590.6435,5590.6435,2020-06-15
000905.SH,2020-06-16,5633.2588,5695.3007,5624.8549,5695.3007,2020-06-16
000905.SH,2020-06-17,5708.6871,5735.4183,5685.6241,5735.4183,2020-06-17
000905.SH,2020-06-18,5738.0314,5744.4525,5705.295,5734.403,2020-06-18
000905.SH,2020-06-19,5733.4291,5796.3597,5727.6226,5787.1482,2020-06-19
000905.SH,2020-06-22,5793.7883,5815.3942,5770.8094,5784.0269,2020-06-22
000905.SH,2020-06-23,5783.1198,5809.2832,5755.3982,5804.343,2020-06-23
000905.SH,2020-06-24,5808.5388,5824.3132,5773.2908,5789.0893,2020-06-24
000905.SH,2020-06-29,5774.4585,5789.1592,5740.2558,5762.4378,2020-06-29
000905.SH,2020-06-30,5790.0647,5875.3274,5788.2081,5864.4164,2020-06-30
000905.SH,2020-07-01,5884.54,5885.8738,5814.7554,5881.8875,2020-07-01
000905.SH,2020-07-02,5880.8832,5979.9902,5858.5743,5975.2794,2020-07-02
000905.SH,2020-07-03,5989.9958,6052.523,5968.0663,6051.5099,2020-07-03
000905.SH,2020-07-06,6095.9561,6318.3081,6095.9561,6299.8551,2020-07-06
000905.SH,2020-07-07,6368.3135,6480.0286,6300.2446,6380.0276,2020-07-07
000905.SH,2020-07-08,6378.9461,6541.4382,6352.3731,6535.4151,2020-07-08
000905.SH,2020-07-09,6541.2854,6712.1445,6530.0207,6693.7452,2020-07-09
000905.SH,2020-07-10,6664.3263,6763.8121,6644.3586,6676.4373,2020-07-10
000905.SH,2020-07-13,6710.6352,6899.622,6710.6352,6899.5175,2020-07-13
000905.SH,2020-07-14,6897.0034,6897.0034,6672.7996,6807.727,2020-07-14
000905.SH,2020-07-15,6815.6162,6838.1524,6598.5228,6638.8384,2020-07-15
000905.SH,2020-07-16,6642.3288,6710.995,6305.133,6319.9981,2020-07-16
000905.SH,2020-07-17,6327.0265,6447.5092,6272.9416,6344.5912,2020-07-17
000905.SH,2020-07-20,6419.08,6526.8325,6340.6495,6526.8325,2020-07-20
000905.SH,2020-07-21,6546.5653,6591.0097,6500.8682,6563.3239,2020-07-21
000905.SH,2020-07-22,6554.1681,6699.6871,6534.7427,6620.6893,2020-07-22
000905.SH,2020-07-23,6562.0485,6629.2067,6431.2609,6620.0859,2020-07-23
000905.SH,2020-07-24,6584.8093,6609.2877,6265.3789,6283.9831,2020-07-24
000905.SH,2020-07-27,6304.5859,6337.3275,6229.4712,6298.7351,2020-07-27
000905.SH,2020-07-28,6345.682,6385.3908,6307.7891,6359.6637,2020-07-28
000905.SH,2020-07-29,6341.0079,6530.2712,6324.0483,6530.2712,2020-07-29
000905.SH,2020-07-30,6548.7007,6564.775,6491.4492,6511.436,2020-07-30
000905.SH,2020-07-31,6499.3939,6619.2616,6463.415,6579.6696,2020-07-31
000905.SH,2020-08-03,6635.3429,6739.8085,6614.4314,6739.8085,2020-08-03
000905.SH,2020-08-04,6758.4937,6764.9049,6672.894,6697.7071,2020-08-04
000905.SH,2020-08-05,6696.687,6790.008,6653.2772,6772.8422,2020-08-05
000905.SH,2020-08-06,6780.3265,6792.2759,6656.2782,6770.3016,2020-08-06
000905.SH,2020-08-07,6743.2907,6755.528,6578.6672,6688.8822,2020-08-07
000905.SH,2020-08-10,6666.5601,6768.866,6651.7421,6725.2956,2020-08-10
000905.SH,2020-08-11,6727.7692,6756.8451,6594.9793,6600.8472,2020-08-11
000905.SH,2020-08-12,6580.0058,6599.6573,6395.006,6528.3999,2020-08-12
000905.SH,2020-08-13,6552.3695,6592.1163,6518.4229,6552.6567,2020-08-13
000905.SH,2020-08-14,6542.6032,6629.5058,6506.0266,6623.5633,2020-08-14
000905.SH,2020-08-17,6646.5418,6752.3176,6614.1849,6744.5468,2020-08-17
000905.SH,2020-08-18,6747.6059,6811.5637,6737.5288,6789.3979,2020-08-18
000905.SH,2020-08-19,6782.5931,6782.5931,6661.9879,6666.274,2020-08-19
000905.SH,2020-08-20,6622.0053,6672.4908,6570.6949,6593.785,2020-08-20
000905.SH,2020-08-21,6628.9007,6686.0233,6589.1968,6643.9444,2020-08-21
000905.SH,2020-08-24,6667.2961,6702.7487,6589.9285,6688.9647,2020-08-24
000905.SH,2020-08-25,6698.1196,6734.4378,6631.6853,6652.5478,2020-08-25
000905.SH,2020-08-26,6650.449,6660.7634,6501.2409,6525.8786,2020-08-26
000905.SH,2020-08-27,6538.1362,6585.7193,6486.7508,6578.7912,2020-08-27
000905.SH,2020-08-28,6571.8981,6695.3574,6553.9227,6691.2096,2020-08-28
000905.SH,2020-08-31,6719.2859,6765.8853,6667.6792,6668.4331,2020-08-31
000905.SH,2020-09-01,6667.168,6710.4599,6637.6339,6710.4599,2020-09-01
000905.SH,2020-09-02,6725.6913,6742.5527,6647.0341,6717.5579,2020-09-02
000905.SH,2020-09-03,6715.1042,6732.6741,6638.4482,6662.2515,2020-09-03
000905.SH,2020-09-04,6545.888,6631.0289,6538.4896,6618.5762,2020-09-04
000905.SH,2020-09-07,6619.8982,6669.3935,6459.1029,6478.8124,2020-09-07
000905.SH,2020-09-08,6493.7737,6542.9954,6432.952,6525.098,2020-09-08
000905.SH,2020-09-09,6455.3053,6471.4824,6319.2713,6349.2234,2020-09-09
000905.SH,2020-09-10,6404.6646,6414.9623,6219.6361,6235.5687,2020-09-10
000905.SH,2020-09-11,6209.7881,6319.6691,6209.7881,6311.967,2020-09-11
000905.SH,2020-09-14,6350.3551,6381.182,6297.9023,6351.2422,2020-09-14
000905.SH,2020-09-15,6351.0366,6388.1304,6328.5366,6387.8805,2020-09-15
000905.SH,2020-09-16,6379.5178,6387.7666,6321.5668,6353.836,2020-09-16
000905.SH,2020-09-17,6345.6715,6416.0088,6291.6343,6367.0206,2020-09-17
000905.SH,2020-09-18,6367.7923,6473.5997,6353.5609,6469.4692,2020-09-18
000905.SH,2020-09-21,6492.2249,6515.337,6434.3239,6445.9649,2020-09-21
000905.SH,2020-09-22,6392.025,6462.9751,6341.4838,6358.652,2020-09-22
000905.SH,2020-09-23,6382.2813,6411.2048,6356.1636,6392.0329,2020-09-23
000905.SH,2020-09-24,6353.694,6354.6827,6243.282,6244.6389,2020-09-24
000905.SH,2020-09-25,6271.7008,6285.4717,6206.1823,6236.8904,2020-09-25
000905.SH,2020-09-28,6255.021,6261.9304,6171.02,6178.4693,2020-09-28
000905.SH,2020-09-29,6206.9908,6280.4433,6179.8807,6228.7708,2020-09-29
000905.SH,2020-09-30,6245.1158,6260.1234,6155.0208,6192.5045,2020-09-30
000905.SH,2020-10-09,6300.0703,6373.9367,6290.4705,6357.9711,2020-10-09
000905.SH,2020-10-12,6408.0827,6541.3102,6399.6833,6541.176,2020-10-12
000905.SH,2020-10-13,6538.8354,6557.8635,6486.3088,6551.3987,2020-10-13
000905.SH,2020-10-14,6547.8376,6547.8376,6492.6581,6508.3743,2020-10-14
000905.SH,2020-10-15,6511.0707,6518.5503,6456.7714,6460.0408,2020-10-15
000905.SH,2020-10-16,6456.7375,6473.6343,6388.6459,6428.6822,2020-10-16
000905.SH,2020-10-19,6466.566,6483.5079,6346.2632,6358.3213,2020-10-19
000905.SH,2020-10-20,6349.6437,6423.1573,6324.3889,6423.1128,2020-10-20
000905.SH,2020-10-21,6426.194,6426.5095,6323.4406,6350.0127,2020-10-21
000905.SH,2020-10-22,6331.8037,6334.5424,6256.2324,6317.1438,2020-10-22
000905.SH,2020-10-23,6312.0076,6362.4283,6202.5347,6213.2626,2020-10-23
000905.SH,2020-10-26,6195.3539,6239.7156,6127.3829,6214.3779,2020-10-26
000905.SH,2020-10-27,6187.4731,6227.8424,6168.971,6221.3414,2020-10-27
000905.SH,2020-10-28,6221.7402,6254.716,6164.2406,6245.9986,2020-10-28
000905.SH,2020-10-29,6168.9076,6287.6478,6159.1435,6255.1933,2020-10-29
000905.SH,2020-10-30,6272.9273,6274.6162,6103.8909,6111.4803,2020-10-30
000905.SH,2020-11-02,6119.4514,6162.2763,6095.8038,6143.1157,2020-11-02
000905.SH,2020-11-03,6175.1593,6245.5576,6155.7346,6241.7676,2020-11-03
000905.SH,2020-11-04,6246.6368,6256.0695,6181.0972,6234.158,2020-11-04
000905.SH,2020-11-05,6294.6136,6358.4445,6273.3148,6351.9789,2020-11-05
000905.SH,2020-11-06,6366.1854,6366.1854,6254.0869,6301.2477,2020-11-06
000905.SH,2020-11-09,6337.4415,6452.9139,6337.4415,6421.6506,2020-11-09
000905.SH,2020-11-10,6434.4298,6435.413,6339.2861,6373.0853,2020-11-10
000905.SH,2020-11-11,6356.3666,6375.2402,6292.8368,6294.6055,2020-11-11
000905.SH,2020-11-12,6305.0655,6340.9983,6285.2907,6315.4938,2020-11-12
000905.SH,2020-11-13,6304.4593,6319.4126,6248.355,6306.97,2020-11-13
000905.SH,2020-11-16,6319.7042,6387.4154,6294.2899,6387.371,2020-11-16
000905.SH,2020-11-17,6380.7685,6380.7685,6300.5666,6336.9406,2020-11-17
000905.SH,2020-11-18,6333.4506,6382.4966,6314.3093,6341.0136,2020-11-18
000905.SH,2020-11-19,6328.0837,6370.1805,6293.5553,6360.5998,2020-11-19
000905.SH,2020-11-20,6354.7873,6429.8695,6351.3079,6422.9854,2020-11-20
000905.SH,2020-11-23,6435.9187,6516.2407,6407.0565,6472.9301,2020-11-23
000905.SH,2020-11-24,6472.7468,6495.1373,6454.6653,6475.1881,2020-11-24
000905.SH,2020-11-25,6489.2553,6489.722,6350.3667,6350.3667,2020-11-25
000905.SH,2020-11-26,6349.8616,6358.174,6284.9727,6334.3042,2020-11-26
000905.SH,2020-11-27,6337.3839,6351.8103,6276.0729,6351.6119,2020-11-27
000905.SH,2020-11-30,6360.462,6397.7204,6309.4445,6320.9441,2020-11-30
000905.SH,2020-12-01,6307.8544,6437.9433,6299.414,6426.6155,2020-12-01
000905.SH,2020-12-02,6437.9561,6446.8066,6392.9892,6434.9791,2020-12-02
000905.SH,2020-12-03,6437.3843,6461.0881,6392.8987,6440.8808,2020-12-03
000905.SH,2020-12-04,6426.0263,6471.8561,6409.6779,6464.7345,2020-12-04
000905.SH,2020-12-07,6465.9879,6472.8495,6417.6481,6424.6823,2020-12-07
000905.SH,2020-12-08,6424.1589,6448.3926,6406.7236,6423.6513,2020-12-08
000905.SH,2020-12-09,6430.4767,6437.4327,6307.2207,6307.2207,2020-12-09
000905.SH,2020-12-10,6295.353,6350.9178,6267.1713,6320.0956,2020-12-10
000905.SH,2020-12-11,6328.8282,6340.3946,6163.4119,6209.427,2020-12-11
000905.SH,2020-12-14,6207.826,6260.6133,6176.5402,6259.0175,2020-12-14
000905.SH,2020-12-15,6250.0967,6276.5843,6228.6787,6265.5819,2020-12-15
000905.SH,2020-12-16,6268.2111,6271.0304,6219.0857,6235.4352,2020-12-16
000905.SH,2020-12-17,6225.079,6312.0056,6184.5429,6308.9013,2020-12-17
000905.SH,2020-12-18,6310.1601,6332.5326,6269.2134,6291.918,2020-12-18
000905.SH,2020-12-21,6302.2576,6401.5463,6293.922,6398.5987,2020-12-21
000905.SH,2020-12-22,6372.8787,6378.4986,6241.5603,6250.0606,2020-12-22
000905.SH,2020-12-23,6255.3524,6330.6028,6242.6249,6307.604,2020-12-23
000905.SH,2020-12-24,6308.4801,6308.4801,6202.4031,6205.2247,2020-12-24
000905.SH,2020-12-25,6190.9922,6284.5851,6186.0254,6278.4981,2020-12-25
000905.SH,2020-12-28,6283.7821,6288.2442,6219.091,6244.4818,2020-12-28
000905.SH,2020-12-29,6240.7355,6280.0396,6196.4147,6199.8523,2020-12-29
000905.SH,2020-12-30,6196.4505,6289.2704,6188.5931,6269.2484,2020-12-30
000905.SH,2020-12-31,6282.9576,6370.5695,6281.0138,6367.1149,2020-12-31
000905.SH,2021-01-04,6395.6118,6501.5892,6359.0797,6482.7868,2021-01-04
000905.SH,2021-01-05,6470.2503,6539.7315,6452.5245,6539.7315,2021-01-05
000905.SH,2021-01-06,6549.731,6569.199,6472.7446,6528.1425,2021-01-06
000905.SH,2021-01-07,6523.6756,6567.2727,6467.4371,6538.1162,2021-01-07
000905.SH,2021-01-08,6541.5576,6598.3812,6484.3979,6557.5964,2021-01-08
000905.SH,2021-01-11,6557.4528,6572.8538,6419.731,6455.3987,2021-01-11
000905.SH,2021-01-12,6425.8148,6543.2286,6425.8148,6543.2286,2021-01-12
000905.SH,2021-01-13,6550.0346,6553.6488,6457.881,6496.9131,2021-01-13
000905.SH,2021-01-14,6471.7894,6516.2686,6402.6002,6439.8854,2021-01-14
000905.SH,2021-01-15,6427.1304,6447.8762,6339.4283,6417.5011,2021-01-15
000905.SH,2021-01-18,6414.8298,6529.4125,6392.0653,6514.4644,2021-01-18
000905.SH,2021-01-19,6510.4785,6532.6474,6456.1154,6476.3736,2021-01-19
000905.SH,2021-01-20,6477.6683,6535.4751,6449.2835,6535.4185,2021-01-20
000905.SH,2021-01-21,6552.0345,6649.8633,6550.8802,6622.4959,2021-01-21
000905.SH,2021-01-22,6619.8603,6643.6653,6573.8204,6637.8052,2021-01-22
000905.SH,2021-01-25,6636.2196,6711.5711,6599.9742,6645.3137,2021-01-25
000905.SH,2021-01-26,6621.1481,6624.4493,6515.2584,6532.961,2021-01-26
000905.SH,2021-01-27,6527.6804,6564.2855,6481.1571,6557.1608,2021-01-27
000905.SH,2021-01-28,6475.8609,6529.8416,6405.8135,6414.3811,2021-01-28
000905.SH,2021-01-29,6448.6697,6462.3739,6255.7033,6346.1371,2021-01-29
000905.SH,2021-02-01,6338.6445,6397.0135,6328.3355,6393.278,2021-02-01
000905.SH,2021-02-02,6404.853,6459.4797,6361.0882,6454.7853,2021-02-02
000905.SH,2021-02-03,6459.6641,6484.4931,6399.3315,6399.3315,2021-02-03
000905.SH,2021-02-04,6375.6723,6414.2983,6249.5311,6328.7881,2021-02-04
000905.SH,2021-02-05,6343.8303,6382.9572,6236.2674,6239.8709,2021-02-05
000905.SH,2021-02-08,6247.919,6354.0199,6215.7284,6323.1622,2021-02-08
000905.SH,2021-02-09,6334.4163,6468.4281,6330.792,6457.8814,2021-02-09
000905.SH,2021-02-10,6474.7495,6542.745,6424.7212,6525.1658,2021-02-10
000905.SH,2021-02-18,6657.3065,6678.6126,6564.3061,6614.5443,2021-02-18
000905.SH,2021-02-19,6600.2459,6706.3901,6542.7821,6703.4821,2021-02-19
000905.SH,2021-02-22,6731.5054,6810.9223,6657.056,6657.056,2021-02-22
000905.SH,2021-02-23,6613.6014,6701.4296,6609.0782,6631.2286,2021-02-23
000905.SH,2021-02-24,6633.2823,6661.4326,6477.7512,6536.1861,2021-02-24
000905.SH,2021-02-25,6600.2054,6609.5637,6484.5547,6499.1528,2021-02-25
000905.SH,2021-02-26,6365.7385,6446.9461,6346.1326,6364.3529,2021-02-26
000905.SH,2021-03-01,6407.1642,6491.9367,6404.8885,6488.4388,2021-03-01
000905.SH,2021-03-02,6514.0213,6514.0213,6386.4903,6433.3282,2021-03-02
000905.SH,2021-03-03,6426.0369,6528.2217,6420.2068,6524.7513,2021-03-03
000905.SH,2021-03-04,6482.7869,6485.1639,6371.7302,6401.9917,2021-03-04
000905.SH,2021-03-05,6325.7517,6442.0155,6319.5318,6403.4964,2021-03-05
000905.SH,2021-03-08,6453.7799,6488.819,6253.6974,6256.4092,2021-03-08
000905.SH,2021-03-09,6235.3139,6250.9352,6033.4082,6108.0027,2021-03-09
000905.SH,2021-03-10,6164.7682,6179.8543,6053.0186,6062.2552,2021-03-10
000905.SH,2021-03-11,6074.3345,6213.9343,6045.5492,6213.8319,2021-03-11
000905.SH,2021-03-12,6231.4849,6232.5006,6137.9903,6222.3802,2021-03-12
000905.SH,2021-03-15,6192.299,6229.5721,6111.3575,6173.8721,2021-03-15
000905.SH,2021-03-16,6176.0685,6222.1819,6124.777,6195.2438,2021-03-16
000905.SH,2021-03-17,6180.8928,6230.559,6124.0498,6225.3588,2021-03-17
000905.SH,2021-03-18,6231.1932,6300.9446,6227.1926,6273.8556,2021-03-18
000905.SH,2021-03-19,6195.2534,6258.1321,6167.507,6206.6023,2021-03-19
000905.SH,2021-03-22,6208.9317,6307.5479,6206.081,6305.6919,2021-03-22
000905.SH,2021-03-23,6307.9803,6307.9803,6181.1338,6219.1666,2021-03-23
000905.SH,2021-03-24,6180.3124,6232.1309,6131.8232,6142.5439,2021-03-24
000905.SH,2021-03-25,6118.8697,6190.9381,6108.2613,6157.4072,2021-03-25
000905.SH,2021-03-26,6164.8237,6264.5552,6164.8237,6251.7941,2021-03-26
000905.SH,2021-03-29,6269.9988,6277.7649,6215.798,6254.9426,2021-03-29
000905.SH,2021-03-30,6239.4695,6287.8738,6217.3269,6280.359,2021-03-30
000905.SH,2021-03-31,6277.696,6277.696,6205.9386,6254.0695,2021-03-31
000905.SH,2021-04-01,6259.4135,6321.5796,6238.3074,6311.6644,2021-04-01
000905.SH,2021-04-02,6316.5561,6341.6545,6291.7144,6326.6059,2021-04-02
000905.SH,2021-04-06,6345.8913,6367.7849,6323.2422,6343.0962,2021-04-06
000905.SH,2021-04-07,6350.3783,6350.3783,6289.0653,6348.0761,2021-04-07
000905.SH,2021-04-08,6332.9263,6385.1951,6309.1232,6356.7526,2021-04-08
000905.SH,2021-04-09,6345.2896,6360.4497,6307.6558,6335.2393,2021-04-09
000905.SH,2021-04-12,6325.2643,6344.1623,6203.569,6226.4182,2021-04-12
000905.SH,2021-04-13,6210.2229,6254.897,6193.8091,6209.7801,2021-04-13
000905.SH,2021-04-14,6206.6373,6287.8377,6206.6373,6277.2111,2021-04-14
000905.SH,2021-04-15,6263.6281,6281.4258,6211.6602,6276.4609,2021-04-15
000905.SH,2021-04-16,6283.8616,6344.9465,6276.4319,6339.5906,2021-04-16
000905.SH,2021-04-19,6331.7097,6431.7772,6315.0828,6425.2606,2021-04-19
000905.SH,2021-04-20,6419.7312,6467.3806,6410.2782,6428.5411,2021-04-20
000905.SH,2021-04-21,6396.2721,6434.6303,6369.7696,6420.2587,2021-04-21
000905.SH,2021-04-22,6444.2841,6472.8037,6424.7538,6445.4657,2021-04-22
000905.SH,2021-04-23,6445.5162,6463.9749,6412.9875,6462.7558,2021-04-23
000905.SH,2021-04-26,6480.3,6546.6427,6437.1905,6442.6451,2021-04-26
000905.SH,2021-04-27,6434.6133,6466.252,6399.4358,6446.2822,2021-04-27
000905.SH,2021-04-28,6433.0989,6489.7441,6410.3174,6489.7441,2021-04-28
000905.SH,2021-04-29,6495.6457,6502.425,6453.5198,6491.9281,2021-04-29
000905.SH,2021-04-30,6470.3528,6503.1544,6434.7302,6485.7075,2021-04-30
000905.SH,2021-05-06,6503.6009,6548.0656,6440.3308,6489.3485,2021-05-06
000905.SH,2021-05-07,6505.5752,6524.1804,6439.8945,6444.4429,2021-05-07
000905.SH,2021-05-10,6461.4184,6493.4965,6437.1068,6475.9938,2021-05-10
000905.SH,2021-05-11,6436.2918,6472.8694,6349.7869,6456.0376,2021-05-11
000905.SH,2021-05-12,6434.9139,6521.4879,6419.7374,6512.0501,2021-05-12
000905.SH,2021-05-13,6448.9598,6496.9964,6426.5758,6439.0273,2021-05-13
000905.SH,2021-05-14,6454.6791,6525.8036,6421.2082,6525.8036,2021-05-14
000905.SH,2021-05-17,6521.8855,6613.8947,6521.8855,6578.1402,2021-05-17
000905.SH,2021-05-18,6578.971,6604.6852,6558.7784,6599.5985,2021-05-18
000905.SH,2021-05-19,6582.1042,6590.9811,6544.8406,6584.3869,2021-05-19
000905.SH,2021-05-20,6541.0926,6580.4366,6506.4075,6548.7111,2021-05-20
000905.SH,2021-05-21,6557.4884,6570.4572,6512.8063,6527.864,2021-05-21
000905.SH,2021-05-24,6515.8325,6564.0707,6494.6163,6544.1218,2021-05-24
000905.SH,2021-05-25,6549.3436,6628.6931,6524.3027,6619.6707,2021-05-25
000905.SH,2021-05-26,6631.3657,6642.3799,6612.4227,6628.2065,2021-05-26
000905.SH,2021-05-27,6629.2373,6685.4829,6620.7204,6685.4054,2021-05-27
000905.SH,2021-05-28,6699.284,6718.0899,6643.6437,6668.1696,2021-05-28
000905.SH,2021-05-31,6681.5496,6729.0737,6667.2578,6728.9906,2021-05-31
000905.SH,2021-06-01,6718.6433,6742.9797,6656.6634,6739.7624,2021-06-01
000905.SH,2021-06-02,6740.5032,6748.151,6662.7512,6681.4285,2021-06-02
000905.SH,2021-06-03,6680.1048,6744.5182,6654.4553,6667.7264,2021-06-03
000905.SH,2021-06-04,6642.0602,6725.6862,6628.0059,6693.0574,2021-06-04
000905.SH,2021-06-07,6705.7364,6729.8451,6689.7015,6721.5019,2021-06-07
000905.SH,2021-06-08,6726.0868,6752.6266,6652.3908,6684.5626,2021-06-08
000905.SH,2021-06-09,6677.1376,6712.252,6656.0547,6692.9049,2021-06-09
000905.SH,2021-06-10,6688.8192,6773.4555,6683.4936,6765.6436,2021-06-10
000905.SH,2021-06-11,6773.6422,6775.8628,6717.2725,6725.9152,2021-06-11
000905.SH,2021-06-15,6734.0952,6736.5371,6649.2043,6663.6623,2021-06-15
000905.SH,2021-06-16,6659.4935,6662.7783,6554.8926,6566.286,2021-06-16
000905.SH,2021-06-17,6554.3012,6618.5036,6554.3012,6616.174,2021-06-17
000905.SH,2021-06-18,6610.2661,6671.8815,6587.0346,6657.7635,2021-06-18
000905.SH,2021-06-21,6652.6527,6722.9843,6638.517,6707.1762,2021-06-21
000905.SH,2021-06-22,6723.2981,6748.9655,6691.8215,6739.7939,2021-06-22
000905.SH,2021-06-23,6741.577,6803.9743,6720.5819,6789.9464,2021-06-23
000905.SH,2021-06-24,6791.8613,6791.8613,6743.3265,6754.8657,2021-06-24
000905.SH,2021-06-25,6748.8658,6824.8583,6739.0158,6813.4138,2021-06-25
000905.SH,2021-06-28,6814.317,6843.5186,6802.8584,6828.5162,2021-06-28
000905.SH,2021-06-29,6833.0565,6835.0483,6756.9158,6765.4201,2021-06-29
000905.SH,2021-06-30,6767.7419,6812.3797,6757.3403,6808.1831,2021-06-30
000905.SH,2021-07-01,6827.6968,6827.6968,6716.6658,6716.6658,2021-07-01
000905.SH,2021-07-02,6701.0642,6718.5052,6651.4849,6658.0451,2021-07-02
000905.SH,2021-07-05,6670.1262,6716.147,6663.5441,6711.0136,2021-07-05
000905.SH,2021-07-06,6727.9674,6747.8474,6633.6146,6709.4983,2021-07-06
000905.SH,2021-07-07,6661.8535,6765.4341,6642.5714,6764.1319,2021-07-07
000905.SH,2021-07-08,6774.8448,6797.0765,6740.8503,6748.654,2021-07-08
000905.SH,2021-07-09,6721.6089,6814.6529,6683.7857,6804.5389,2021-07-09
000905.SH,2021-07-12,6852.4754,6926.7584,6840.0176,6904.3818,2021-07-12
000905.SH,2021-07-13,6901.8116,6961.9744,6889.0257,6961.8475,2021-07-13
000905.SH,2021-07-14,6953.8224,6973.6146,6898.7502,6898.7502,2021-07-14
000905.SH,2021-07-15,6874.8047,6936.5787,6828.4823,6932.406,2021-07-15
000905.SH,2021-07-16,6931.0514,6992.8342,6922.3462,6925.1232,2021-07-16
000905.SH,2021-07-19,6912.098,6931.1438,6856.6499,6889.3375,2021-07-19
000905.SH,2021-07-20,6831.0513,6901.1329,6825.8225,6901.1318,2021-07-20
000905.SH,2021-07-21,6923.6119,6998.2849,6922.9205,6984.5418,2021-07-21
000905.SH,2021-07-22,6996.2552,7026.7337,6960.2973,7026.5482,2021-07-22
000905.SH,2021-07-23,7036.2979,7061.6675,6968.3065,6985.7499,2021-07-23
000905.SH,2021-07-26,6974.1092,6986.497,6778.4971,6868.2074,2021-07-26
000905.SH,2021-07-27,6877.4423,6925.9705,6719.2557,6719.2557,2021-07-27
000905.SH,2021-07-28,6650.1519,6709.2256,6534.9179,6621.9845,2021-07-28
000905.SH,2021-07-29,6720.6164,6773.5669,6682.1185,6758.8869,2021-07-29
000905.SH,2021-07-30,6739.7545,6775.0062,6702.5114,6767.316,2021-07-30
000905.SH,2021-08-02,6756.8132,6875.4159,6731.7761,6872.0004,2021-08-02
000905.SH,2021-08-03,6844.3695,6879.5933,6792.7117,6816.0107,2021-08-03
000905.SH,2021-08-04,6814.0846,6931.7808,6813.228,6931.3365,2021-08-04
000905.SH,2021-08-05,6920.9393,6946.3354,6880.6905,6911.8292,2021-08-05
000905.SH,2021-08-06,6929.0226,6947.5356,6885.6471,6938.8679,2021-08-06
000905.SH,2021-08-09,6914.3218,6989.7057,6877.1951,6979.5256,2021-08-09
000905.SH,2021-08-10,6970.8257,7019.6854,6958.8054,7019.2284,2021-08-10
000905.SH,2021-08-11,7024.7685,7076.3726,6999.9332,7073.5219,2021-08-11
000905.SH,2021-08-12,7059.4673,7115.8874,7051.0132,7095.2024,2021-08-12
000905.SH,2021-08-13,7070.4711,7124.9216,7050.3051,7088.8876,2021-08-13
000905.SH,2021-08-16,7087.5802,7102.3958,7039.1029,7052.4876,2021-08-16
000905.SH,2021-08-17,7045.7547,7063.0175,6876.4991,6894.4042,2021-08-17
000905.SH,2021-08-18,6883.2663,6950.8846,6865.0658,6941.008,2021-08-18
000905.SH,2021-08-19,6917.5093,6978.9832,6869.2927,6947.0564,2021-08-19
000905.SH,2021-08-20,6915.0178,6952.5192,6843.0023,6920.0248,2021-08-20
000905.SH,2021-08-23,6949.3323,7031.884,6949.3323,7024.5647,2021-08-23
000905.SH,2021-08-24,7031.6481,7098.0287,7009.6901,7090.7817,2021-08-24
000905.SH,2021-08-25,7092.1469,7153.274,7058.5714,7153.0043,2021-08-25
000905.SH,2021-08-26,7151.5304,7175.5115,7115.8445,7118.8442,2021-08-26
000905.SH,2021-08-27,7096.6546,7185.7274,7083.2112,7180.1088,2021-08-27
000905.SH,2021-08-30,7202.6263,7262.6044,7190.6143,7226.8823,2021-08-30
000905.SH,2021-08-31,7202.5239,7255.3418,7159.3023,7255.3418,2021-08-31
000905.SH,2021-09-01,7271.0338,7278.1558,7100.307,7193.1,2021-09-01
000905.SH,2021-09-02,7172.3989,7309.3317,7172.3989,7307.0084,2021-09-02
000905.SH,2021-09-03,7335.6955,7385.2425,7227.0348,7278.6809,2021-09-03
000905.SH,2021-09-06,7297.3609,7359.5367,7231.7285,7355.4013,2021-09-06
000905.SH,2021-09-07,7360.3829,7501.1262,7350.6962,7498.9255,2021-09-07
000905.SH,2021-09-08,7496.3344,7549.4542,7483.8711,7544.0411,2021-09-08
000905.SH,2021-09-09,7534.9816,7617.6574,7526.9689,7617.4505,2021-09-09
000905.SH,2021-09-10,7613.604,7661.4261,7564.2611,7607.6749,2021-09-10
000905.SH,2021-09-13,7613.5404,7650.8787,7566.7758,7648.7481,2021-09-13
000905.SH,2021-09-14,7630.7153,7688.6036,7544.0161,7556.6157,2021-09-14
000905.SH,2021-09-15,7535.2511,7627.6702,7521.8772,7592.3059,2021-09-15
000905.SH,2021-09-16,7616.8813,7657.2251,7445.2326,7446.9353,2021-09-16
000905.SH,2021-09-17,7421.805,7471.419,7275.9829,7395.5645,2021-09-17
000905.SH,2021-09-22,7305.0785,7453.9319,7298.0267,7453.6247,2021-09-22
000905.SH,2021-09-23,7512.3311,7543.6595,7467.2021,7502.8391,2021-09-23
000905.SH,2021-09-24,7490.5645,7490.5645,7373.2854,7380.3843,2021-09-24
000905.SH,2021-09-27,7400.0047,7410.4669,7128.5116,7170.5899,2021-09-27
000905.SH,2021-09-28,7158.6203,7227.4568,7155.2737,7198.8966,2021-09-28
000905.SH,2021-09-29,7142.7611,7161.2117,6996.5724,7010.2192,2021-09-29
000905.SH,2021-09-30,7034.6937,7116.037,7034.6937,7103.6076,2021-09-30
000905.SH,2021-10-08,7191.2254,7198.9614,7058.831,7091.3356,2021-10-08
000905.SH,2021-10-11,7102.882,7123.7457,7048.8733,7090.4673,2021-10-11
000905.SH,2021-10-12,7069.3516,7079.7053,6891.8448,6952.1903,2021-10-12
000905.SH,2021-10-13,6957.7292,6991.2444,6887.3389,6981.5947,2021-10-13
000905.SH,2021-10-14,6970.6469,7033.3956,6949.4809,7008.3326,2021-10-14
000905.SH,2021-10-15,6996.1199,7034.0279,6975.2395,7024.1596,2021-10-15
000905.SH,2021-10-18,7027.1401,7071.8702,6983.7158,7068.1048,2021-10-18
000905.SH,2021-10-19,7060.7748,7127.2362,7051.779,7120.3794,2021-10-19
000905.SH,2021-10-20,7081.9851,7154.9089,7067.1346,7118.7959,2021-10-20
000905.SH,2021-10-21,7127.6351,7145.5837,7069.4508,7098.2542,2021-10-21
000905.SH,2021-10-22,7089.1349,7110.657,7020.8705,7026.0676,2021-10-22
000905.SH,2021-10-25,7019.0224,7105.9767,7003.7789,7103.9856,2021-10-25
000905.SH,2021-10-26,7120.0662,7155.628,7085.0685,7102.4335,2021-10-26
000905.SH,2021-10-27,7093.1238,7097.8574,7017.8618,7048.604,2021-10-27
000905.SH,2021-10-28,7026.2937,7043.4168,6930.5413,6950.2768,2021-10-28
000905.SH,2021-10-29,6955.8473,7022.7535,6920.3074,7022.4992,2021-10-29
000905.SH,2021-11-01,7005.0693,7087.2923,6993.27,7060.756,2021-11-01
000905.SH,2021-11-02,7061.0022,7093.6115,6921.8496,6985.0998,2021-11-02
000905.SH,2021-11-03,6975.0635,7034.0916,6962.8685,7017.8541,2021-11-03
000905.SH,2021-11-04,7031.9467,7073.8522,7018.6086,7073.8522,2021-11-04
000905.SH,2021-11-05,7071.0831,7073.8516,6991.1519,6991.9077,2021-11-05
000905.SH,2021-11-08,6986.4961,7034.141,6984.8099,7026.9715,2021-11-08
000905.SH,2021-11-09,7037.5733,7087.0231,7028.3131,7081.7539,2021-11-09
000905.SH,2021-11-10,7061.6357,7072.1479,6965.8634,7062.3313,2021-11-10
000905.SH,2021-11-11,7048.8625,7121.9221,7033.0881,7119.8589,2021-11-11
000905.SH,2021-11-12,7118.9925,7165.1056,7112.5819,7156.6127,2021-11-12
000905.SH,2021-11-15,7166.0372,7176.7701,7083.7783,7098.2129,2021-11-15
000905.SH,2021-11-16,7083.9214,7121.7443,7040.5069,7045.9387,2021-11-16
000905.SH,2021-11-17,7043.633,7106.0537,7033.9529,7104.5344,2021-11-17
000905.SH,2021-11-18,7108.7797,7130.2877,7066.4894,7084.6827,2021-11-18
000905.SH,2021-11-19,7083.0066,7174.2512,7073.717,7169.8759,2021-11-19
000905.SH,2021-11-22,7177.4005,7259.5317,7177.4005,7255.0736,2021-11-22
000905.SH,2021-11-23,7245.9455,7292.917,7239.0001,7261.3791,2021-11-23
000905.SH,2021-11-24,7260.2161,7278.3963,7229.604,7256.1117,2021-11-24
000905.SH,2021-11-25,7262.7934,7262.7934,7228.2913,7233.5423,2021-11-25
000905.SH,2021-11-26,7216.6383,7249.1985,7201.1952,7219.8622,2021-11-26
000905.SH,2021-11-29,7129.9393,7226.3391,7125.4296,7221.8978,2021-11-29
000905.SH,2021-11-30,7252.3323,7281.1339,7210.8352,7252.7552,2021-11-30
000905.SH,2021-12-01,7239.1277,7272.9398,7215.6723,7272.837,2021-12-01
000905.SH,2021-12-02,7256.4241,7279.9456,7221.3624,7229.988,2021-12-02
000905.SH,2021-12-03,7233.5723,7310.2748,7223.7957,7301.9173,2021-12-03
000905.SH,2021-12-06,7308.9885,7330.4685,7235.4479,7240.4558,2021-12-06
000905.SH,2021-12-07,7274.1261,7284.6445,7148.0679,7206.8257,2021-12-07
000905.SH,2021-12-08,7224.9995,7302.9905,7214.2588,7302.9905,2021-12-08
000905.SH,2021-12-09,7298.7955,7331.5838,7290.268,7320.3177,2021-12-09
000905.SH,2021-12-10,7285.9735,7317.2658,7276.6134,7306.646,2021-12-10
000905.SH,2021-12-13,7334.11,7371.31,7322.4381,7353.0306,2021-12-13
000905.SH,2021-12-14,7330.236,7349.8781,7314.4295,7324.1331,2021-12-14
000905.SH,2021-12-15,7319.6641,7352.379,7302.3831,7314.2586,2021-12-15
000905.SH,2021-12-16,7323.4117,7380.9974,7323.4117,7380.9974,2021-12-16
000905.SH,2021-12-17,7380.7202,7384.0175,7308.7215,7314.5601,2021-12-17
000905.SH,2021-12-20,7290.9488,7313.4816,7191.0499,7195.9732,2021-12-20
000905.SH,2021-12-21,7190.9728,7285.7209,7190.9728,7275.4675,2021-12-21
000905.SH,2021-12-22,7289.9065,7318.605,7271.8182,7302.463,2021-12-22
000905.SH,2021-12-23,7306.1587,7349.9951,7290.3792,7337.19,2021-12-23
000905.SH,2021-12-24,7335.9996,7339.9405,7257.5267,7278.7556,2021-12-24
000905.SH,2021-12-27,7269.37,7323.876,7255.7163,7272.7493,2021-12-27
000905.SH,2021-12-28,7281.0041,7290.5389,7240.9278,7286.0336,2021-12-28
000905.SH,2021-12-29,7275.6736,7290.8597,7242.3024,7247.7741,2021-12-29
000905.SH,2021-12-30,7246.0313,7324.4981,7244.2221,7310.96,2021-12-30
000905.SH,2021-12-31,7320.9363,7368.1297,7317.7047,7359.4024,2021-12-31
000905.SH,2022-01-04,7387.8055,7392.1023,7317.5011,7354.4562,2022-01-04
000905.SH,2022-01-05,7343.8995,7346.2621,7200.7314,7222.6747,2022-01-05
000905.SH,2022-01-06,7187.9499,7242.766,7167.8078,7229.9601,2022-01-06
000905.SH,2022-01-07,7232.4087,7262.805,7168.0396,7175.676,2022-01-07
000905.SH,2022-01-10,7161.4375,7193.9224,7122.0892,7191.4511,2022-01-10
000905.SH,2022-01-11,7187.0155,7206.9187,7118.8378,7135.2232,2022-01-11
000905.SH,2022-01-12,7160.1762,7196.9327,7148.6276,7196.9327,2022-01-12
000905.SH,2022-01-13,7203.2434,7203.2434,7096.3251,7097.7594,2022-01-13
000905.SH,2022-01-14,7063.4231,7125.092,7052.6348,7081.1408,2022-01-14
000905.SH,2022-01-17,7080.6157,7169.3446,7078.6629,7157.8593,2022-01-17
000905.SH,2022-01-18,7163.1284,7191.0046,7133.1954,7163.1586,2022-01-18
000905.SH,2022-01-19,7144.4768,7182.0623,7078.3609,7118.762,2022-01-19
000905.SH,2022-01-20,7119.5101,7135.7759,7040.0143,7056.7854,2022-01-20
000905.SH,2022-01-21,7037.9389,7040.425,6965.333,6976.6155,2022-01-21
000905.SH,2022-01-24,6942.9178,7006.7008,6925.7709,6979.2456,2022-01-24
000905.SH,2022-01-25,6959.995,6979.483,6743.9566,6743.9566,2022-01-25
000905.SH,2022-01-26,6762.3509,6799.8129,6721.8961,6782.5763,2022-01-26
000905.SH,2022-01-27,6781.6081,6785.7265,6605.9159,6605.9159,2022-01-27
000905.SH,2022-01-28,6690.1755,6690.1755,6510.1811,6580.53,2022-01-28
000905.SH,2022-02-07,6664.5682,6702.3323,6656.1312,6676.6122,2022-02-07
000905.SH,2022-02-08,6678.9894,6742.4015,6599.3668,6742.1921,2022-02-08
000905.SH,2022-02-09,6736.7511,6848.6947,6725.7983,6843.0271,2022-02-09
000905.SH,2022-02-10,6841.1608,6864.6863,6797.0071,6840.485,2022-02-10
000905.SH,2022-02-11,6811.7797,6840.7212,6735.894,6745.0235,2022-02-11
000905.SH,2022-02-14,6711.5875,6765.5158,6667.4898,6695.6958,2022-02-14
000905.SH,2022-02-15,6700.8179,6762.8586,6686.9491,6760.2776,2022-02-15
000905.SH,2022-02-16,6779.2077,6788.3641,6751.8001,6772.0336,2022-02-16
000905.SH,2022-02-17,6764.3343,6797.6154,6730.1804,6768.7888,2022-02-17
000905.SH,2022-02-18,6734.519,6835.2033,6727.8158,6835.0217,2022-02-18
000905.SH,2022-02-21,6843.0844,6871.9925,6822.8758,6867.1129,2022-02-21
000905.SH,2022-02-22,6827.0469,6827.0469,6743.8487,6784.7622,2022-02-22
000905.SH,2022-02-23,6785.1032,6889.6961,6785.1032,6887.4236,2022-02-23
000905.SH,2022-02-24,6861.4115,6898.4143,6688.7529,6764.8756,2022-02-24
000905.SH,2022-02-25,6805.6374,6895.0443,6801.3265,6819.4311,2022-02-25
000905.SH,2022-02-28,6831.4875,6853.3427,6770.0507,6853.3081,2022-02-28
000905.SH,2022-03-01,6868.6218,6889.3312,6837.2469,6874.0447,2022-03-01
000905.SH,2022-03-02,6853.0715,6878.35,6828.0631,6875.2404,2022-03-02
000905.SH,2022-03-03,6900.9773,6907.4088,6843.9865,6859.5522,2022-03-03
000905.SH,2022-03-04,6823.8348,6871.0857,6779.414,6803.8337,2022-03-04
000905.SH,2022-03-07,6800.7674,6800.8159,6628.4825,6659.3902,2022-03-07
000905.SH,2022-03-08,6650.5797,6665.9467,6416.8002,6429.8888,2022-03-08
000905.SH,2022-03-09,6443.2024,6462.4778,6066.7635,6305.6093,2022-03-09
000905.SH,2022-03-10,6424.9121,6475.1435,6390.7252,6414.9402,2022-03-10
000905.SH,2022-03-11,6343.1858,6479.7207,6270.0233,6474.1269,2022-03-11
000905.SH,2022-03-14,6419.2391,6490.6124,6323.5779,6323.5779,2022-03-14
000905.SH,2022-03-15,6272.4432,6278.0688,5964.9813,5964.9813,2022-03-15
000905.SH,2022-03-16,6068.8999,6173.7875,5824.3301,6156.2714,2022-03-16
000905.SH,2022-03-17,6233.6437,6369.8884,6225.9795,6267.5244,2022-03-17
000905.SH,2022-03-18,6249.476,6338.2235,6231.7261,6332.2166,2022-03-18
000905.SH,2022-03-21,6340.5589,6389.2103,6284.8526,6358.943,2022-03-21
000905.SH,2022-03-22,6343.4004,6404.827,6313.2741,6358.1093,2022-03-22
000905.SH,2022-03-23,6368.3126,6420.1586,6353.3361,6398.1009,2022-03-23
000905.SH,2022-03-24,6370.971,6384.4046,6315.1424,6344.115,2022-03-24
000905.SH,2022-03-25,6346.7106,6373.4658,6268.2376,6268.2376,2022-03-25
000905.SH,2022-03-28,6230.1211,6322.1284,6176.2482,6283.2814,2022-03-28
000905.SH,2022-03-29,6289.4756,6316.3129,6233.2822,6253.0692,2022-03-29
000905.SH,2022-03-30,6272.0017,6377.8744,6261.8037,6377.8744,2022-03-30
000905.SH,2022-03-31,6361.1036,6383.0744,6313.9663,6324.9609,2022-03-31
000905.SH,2022-04-01,6289.39,6373.2603,6274.0006,6364.5206,2022-04-01
000905.SH,2022-04-06,6363.002,6363.002,6279.0719,6356.9271,2022-04-06
000905.SH,2022-04-07,6321.8086,6364.6276,6221.5908,6221.5908,2022-04-07
000905.SH,2022-04-08,6227.1952,6237.9145,6117.0139,6224.1167,2022-04-08
000905.SH,2022-04-11,6202.0226,6202.0226,6001.5658,6029.8935,2022-04-11
000905.SH,2022-04-12,6019.6735,6135.5702,5964.3887,6126.9065,2022-04-12
000905.SH,2022-04-13,6094.6845,6129.6592,6039.9234,6044.3263,2022-04-13
000905.SH,2022-04-14,6074.1342,6156.4962,6060.6813,6126.4902,2022-04-14
000905.SH,2022-04-15,6094.1219,6122.2895,6048.1602,6070.7489,2022-04-15
000905.SH,2022-04-18,6019.5305,6094.6714,5975.4455,6074.0069,2022-04-18
000905.SH,2022-04-19,6067.4795,6106.9313,6052.0964,6092.3963,2022-04-19
000905.SH,2022-04-20,6082.8122,6093.7827,5942.0045,5956.9208,2022-04-20
000905.SH,2022-04-21,5933.7886,5971.1943,5742.4182,5759.8013,2022-04-21
000905.SH,2022-04-22,5728.193,5794.3351,5667.3384,5740.9844,2022-04-22
000905.SH,2022-04-25,5656.3939,5656.3939,5369.7171,5369.7171,2022-04-25
000905.SH,2022-04-26,5374.2548,5434.7038,5225.2065,5234.0059,2022-04-26
000905.SH,2022-04-27,5179.0311,5440.0693,5158.476,5437.0374,2022-04-27
000905.SH,2022-04-28,5398.9043,5472.8233,5339.6085,5418.7641,2022-04-28
000905.SH,2022-04-29,5458.9146,5630.9326,5443.6651,5627.9021,2022-04-29
000905.SH,2022-05-05,5612.4964,5728.6163,5606.9405,5686.7023,2022-05-05
000905.SH,2022-05-06,5560.9758,5629.647,5542.1811,5563.7693,2022-05-06
000905.SH,2022-05-09,5552.4756,5626.5906,5537.9754,5608.5162,2022-05-09
000905.SH,2022-05-10,5532.6001,5698.5144,5519.4721,5690.0868,2022-05-10
000905.SH,2022-05-11,5697.4294,5856.1924,5696.7023,5737.8173,2022-05-11
000905.SH,2022-05-12,5707.5559,5779.3195,5687.175,5743.1007,2022-05-12
000905.SH,2022-05-13,5765.3172,5796.8014,5731.8598,5796.8014,2022-05-13
000905.SH,2022-05-16,5840.243,5855.7226,5767.5448,5791.0809,2022-05-16
000905.SH,2022-05-17,5789.9157,5816.3379,5724.4448,5816.3379,2022-05-17
000905.SH,2022-05-18,5815.6052,5846.844,5785.4545,5797.4896,2022-05-18
000905.SH,2022-05-19,5708.8006,5838.4074,5700.1061,5838.4074,2022-05-19
000905.SH,2022-05-20,5854.014,5929.5421,5849.7614,5929.4882,2022-05-20
000905.SH,2022-05-23,5941.1422,5968.851,5908.6589,5965.7277,2022-05-23
000905.SH,2022-05-24,5962.1488,5967.2326,5745.6751,5745.6751,2022-05-24
000905.SH,2022-05-25,5741.2348,5844.282,5736.1388,5844.2546,2022-05-25
000905.SH,2022-05-26,5848.0259,5928.7066,5780.9701,5911.5607,2022-05-26
000905.SH,2022-05-27,5921.3316,5952.615,5854.61,5899.915,2022-05-27
000905.SH,2022-05-30,5918.2429,5942.9969,5867.1924,5942.8317,2022-05-30
000905.SH,2022-05-31,5940.3724,6033.4732,5902.2751,6026.2373,2022-05-31
000905.SH,2022-06-01,6008.7519,6042.3715,5970.493,6023.644,2022-06-01
000905.SH,2022-06-02,6000.6176,6084.3166,5987.6409,6078.4349,2022-06-02
000905.SH,2022-06-06,6079.8854,6194.4258,6070.707,6187.4441,2022-06-06
000905.SH,2022-06-07,6186.5768,6199.7233,6136.0388,6186.5672,2022-06-07
000905.SH,2022-06-08,6184.9604,6227.3285,6110.0604,6217.8276,2022-06-08
000905.SH,2022-06-09,6207.7272,6209.1099,6088.4637,6130.6862,2022-06-09
000905.SH,2022-06-10,6083.5009,6250.3633,6078.7845,6240.1032,2022-06-10
000905.SH,2022-06-13,6188.7655,6250.6808,6172.9148,6233.6194,2022-06-13
000905.SH,2022-06-14,6161.6197,6278.9724,6061.1905,6275.5652,2022-06-14
000905.SH,2022-06-15,6275.3708,6398.3587,6261.0394,6261.0613,2022-06-15
000905.SH,2022-06-16,6262.2871,6330.3502,6242.3287,6264.822,2022-06-16
000905.SH,2022-06-17,6220.5832,6328.3614,6181.8541,6316.3092,2022-06-17
000905.SH,2022-06-20,6323.4058,6359.0,6277.2155,6330.3942,2022-06-20
000905.SH,2022-06-21,6324.8405,6337.0828,6215.292,6277.0014,2022-06-21
000905.SH,2022-06-22,6281.8672,6285.6521,6176.8507,6179.57,2022-06-22
000905.SH,2022-06-23,6186.9871,6300.4746,6142.9367,6300.4746,2022-06-23
000905.SH,2022-06-24,6306.829,6378.498,6304.0817,6368.2827,2022-06-24
000905.SH,2022-06-27,6398.3596,6449.3379,6390.2849,6407.7447,2022-06-27
000905.SH,2022-06-28,6412.44,6506.665,6392.1091,6501.352,2022-06-28
000905.SH,2022-06-29,6479.1702,6501.3927,6370.0158,6374.2974,2022-06-29
000905.SH,2022-06-30,6385.2145,6493.0905,6385.2145,6454.0778,2022-06-30
000905.SH,2022-07-01,6450.7504,6481.1493,6423.8571,6438.5375,2022-07-01
000905.SH,2022-07-04,6445.0746,6524.295,6405.3788,6523.1311,2022-07-04
000905.SH,2022-07-05,6535.4543,6548.3018,6435.7372,6511.5297,2022-07-05
000905.SH,2022-07-06,6489.0207,6496.972,6359.4656,6418.5453,2022-07-06
000905.SH,2022-07-07,6414.4083,6482.4181,6380.1669,6452.9863,2022-07-07
000905.SH,2022-07-08,6478.2911,6490.1491,6404.1612,6404.4393,2022-07-08
000905.SH,2022-07-11,6387.4493,6387.4493,6274.7378,6319.1402,2022-07-11
000905.SH,2022-07-12,6317.8781,6346.514,6238.5626,6241.4793,2022-07-12
000905.SH,2022-07-13,6238.6803,6287.6398,6207.7219,6268.4943,2022-07-13
000905.SH,2022-07-14,6267.4723,6339.4222,6254.6817,6302.4319,2022-07-14
000905.SH,2022-07-15,6279.6767,6323.5345,6196.7999,6196.7999,2022-07-15
000905.SH,2022-07-18,6216.0998,6315.6563,6200.5203,6312.3557,2022-07-18
000905.SH,2022-07-19,6318.8373,6347.2428,6283.4024,6335.7093,2022-07-19
000905.SH,2022-07-20,6353.0031,6416.8716,6351.8184,6410.7088,2022-07-20
000905.SH,2022-07-21,6400.0661,6408.458,6347.5984,6347.5984,2022-07-21
000905.SH,2022-07-22,6353.9247,6371.3183,6236.343,6289.5325,2022-07-22
000905.SH,2022-07-25,6297.0995,6319.1797,6213.4739,6231.2355,2022-07-25
000905.SH,2022-07-26,6239.2088,6319.2494,6213.8365,6307.956,2022-07-26
000905.SH,2022-07-27,6301.6083,6344.207,6286.3516,6332.2327,2022-07-27
000905.SH,2022-07-28,6361.2729,6393.7268,6339.5502,6348.1655,2022-07-28
000905.SH,2022-07-29,6356.5204,6365.2595,6285.7193,6294.1144,2022-07-29
000905.SH,2022-08-01,6293.3831,6350.0383,6253.0553,6347.2211,2022-08-01
000905.SH,2022-08-02,6288.6064,6288.6064,6095.0566,6169.9961,2022-08-02
000905.SH,2022-08-03,6171.6172,6261.9097,6111.2198,6124.3146,2022-08-03
000905.SH,2022-08-04,6160.4864,6177.6166,6080.101,6158.7346,2022-08-04
000905.SH,2022-08-05,6175.4805,6274.2729,6163.5051,6270.5113,2022-08-05
000905.SH,2022-08-08,6266.5673,6324.3401,6249.6163,6323.0746,2022-08-08
000905.SH,2022-08-09,6314.1043,6344.84,6290.8724,6341.4806,2022-08-09
000905.SH,2022-08-10,6331.4129,6362.2914,6298.8613,6322.0558,2022-08-10
000905.SH,2022-08-11,6349.4961,6439.3586,6341.7215,6439.3586,2022-08-11
000905.SH,2022-08-12,6425.1102,6463.0667,6416.2908,6420.853,2022-08-12
000905.SH,2022-08-15,6405.7169,6462.5378,6394.2182,6442.8093,2022-08-15
000905.SH,2022-08-16,6446.7604,6492.5396,6440.3764,6465.1866,2022-08-16
000905.SH,2022-08-17,6473.2526,6501.362,6428.9652,6493.5047,2022-08-17
000905.SH,2022-08-18,6481.3704,6483.6928,6448.7455,6468.8056,2022-08-18
000905.SH,2022-08-19,6468.8233,6477.3137,6390.9328,6391.7159,2022-08-19
000905.SH,2022-08-22,6381.3397,6472.7936,6363.218,6472.6799,2022-08-22
000905.SH,2022-08-23,6460.1716,6475.8227,6436.081,6466.4045,2022-08-23
000905.SH,2022-08-24,6470.6864,6472.6832,6277.9892,6284.5769,2022-08-24
000905.SH,2022-08-25,6303.1445,6327.0917,6225.6756,6322.6961,2022-08-25
000905.SH,2022-08-26,6331.079,6381.4834,6286.5227,6298.3739,2022-08-26
000905.SH,2022-08-29,6213.4016,6310.9932,6205.1266,6310.402,2022-08-29
000905.SH,2022-08-30,6309.5791,6319.1701,6248.1377,6285.9273,2022-08-30
000905.SH,2022-08-31,6265.5934,6280.1856,6132.2326,6155.7455,2022-08-31
000905.SH,2022-09-01,6153.287,6207.244,6118.5774,6126.7685,2022-09-01
000905.SH,2022-09-02,6135.2957,6176.1706,6117.7266,6149.4273,2022-09-02
000905.SH,2022-09-05,6147.7062,6184.8042,6122.619,6182.6465,2022-09-05
000905.SH,2022-09-06,6198.4868,6292.5319,6187.9517,6291.5707,2022-09-06
000905.SH,2022-09-07,6269.9911,6314.1182,6256.6131,6301.5644,2022-09-07
000905.SH,2022-09-08,6299.9068,6309.8969,6266.5175,6272.5752,2022-09-08
000905.SH,2022-09-09,6275.8978,6321.8229,6254.2611,6316.9724,2022-09-09
000905.SH,2022-09-13,6334.8609,6343.7743,6291.4445,6300.422,2022-09-13
000905.SH,2022-09-14,6214.9119,6273.6335,6206.9248,6249.963,2022-09-14
000905.SH,2022-09-15,6280.4462,6282.6932,6053.7988,6107.7964,2022-09-15
000905.SH,2022-09-16,6091.4195,6102.5416,5954.5037,5954.5037,2022-09-16
000905.SH,2022-09-19,5947.8566,5967.6548,5880.4941,5913.1493,2022-09-19
000905.SH,2022-09-20,5949.3355,6002.792,5940.5814,5958.2922,2022-09-20
000905.SH,2022-09-21,5943.0935,5998.7001,5876.5156,5978.581,2022-09-21
000905.SH,2022-09-22,5938.0989,6015.1192,5931.7309,5965.8854,2022-09-22
000905.SH,2022-09-23,5961.0615,5986.8209,5839.9316,5889.6019,2022-09-23
000905.SH,2022-09-26,5841.5777,5922.3202,5798.2786,5806.3181,2022-09-26
000905.SH,2022-09-27,5823.5478,5920.0531,5808.2522,5920.0531,2022-09-27
000905.SH,2022-09-28,5910.0494,5910.0494,5769.5198,5769.5198,2022-09-28
000905.SH,2022-09-29,5823.2724,5856.1602,5741.0175,5771.8812,2022-09-29
000905.SH,2022-09-30,5764.1521,5804.2022,5714.0629,5714.0629,2022-09-30
000905.SH,2022-10-10,5729.7548,5758.0415,5618.8038,5635.7109,2022-10-10
000905.SH,2022-10-11,5642.4791,5703.2705,5606.9944,5684.5063,2022-10-11
000905.SH,2022-10-12,5680.3641,5820.4537,5594.2971,5820.4537,2022-10-12
000905.SH,2022-10-13,5789.661,5876.4759,5780.1758,5830.3355,2022-10-13
000905.SH,2022-10-14,5866.8591,5996.044,5866.8591,5973.4389,2022-10-14
000905.SH,2022-10-17,5952.3801,6023.5259,5945.4277,6015.5963,2022-10-17
000905.SH,2022-10-18,6031.047,6074.3734,5996.3927,6035.6737,2022-10-18
000905.SH,2022-10-19,6021.8,6037.4429,5970.4371,5972.7226,2022-10-19
000905.SH,2022-10-20,5943.4767,6035.5523,5886.3955,5948.8621,2022-10-20
000905.SH,2022-10-21,5959.2074,5993.8762,5928.9185,5956.8811,2022-10-21
000905.SH,2022-10-24,5968.5417,6061.2078,5857.8584,5896.9031,2022-10-24
000905.SH,2022-10-25,5864.0249,5926.5683,5785.4086,5869.781,2022-10-25
000905.SH,2022-10-26,5871.0773,6016.9172,5871.0773,5971.6009,2022-10-26
000905.SH,2022-10-27,5978.2847,6020.893,5962.9743,5963.0037,2022-10-27
000905.SH,2022-10-28,5922.8193,5934.7974,5760.0452,5781.7972,2022-10-28
000905.SH,2022-10-31,5745.0776,5859.5968,5743.5552,5807.1063,2022-10-31
000905.SH,2022-11-01,5814.2148,5942.1356,5786.8711,5941.1451,2022-11-01
000905.SH,2022-11-02,5925.6508,6028.767,5916.0613,5997.8038,2022-11-02
000905.SH,2022-11-03,5944.5114,6018.4176,5937.605,5996.7187,2022-11-03
000905.SH,2022-11-04,5996.3054,6157.4279,5996.3054,6133.4629,2022-11-04
000905.SH,2022-11-07,6133.2389,6166.1908,6100.6056,6141.4088,2022-11-07
000905.SH,2022-11-08,6139.8902,6141.0231,6095.4447,6134.2564,2022-11-08
000905.SH,2022-11-09,6140.5417,6182.3383,6118.7288,6120.8286,2022-11-09
000905.SH,2022-11-10,6085.2848,6119.0345,6061.8078,6089.6951,2022-11-10
000905.SH,2022-11-11,6223.228,6249.3487,6134.6815,6138.6211,2022-11-11
000905.SH,2022-11-14,6140.1875,6189.3825,6104.9304,6129.5129,2022-11-14
000905.SH,2022-11-15,6125.1067,6236.3838,6112.6193,6236.3838,2022-11-15
000905.SH,2022-11-16,6238.5838,6263.1555,6190.0123,6203.9174,2022-11-16
000905.SH,2022-11-17,6182.6909,6217.2052,6148.6148,6217.2052,2022-11-17
000905.SH,2022-11-18,6213.0909,6251.1066,6181.5541,6191.6477,2022-11-18
000905.SH,2022-11-21,6147.7174,6196.6472,6116.2957,6189.7092,2022-11-21
000905.SH,2022-11-22,6178.1632,6196.1962,6100.1131,6125.3999,2022-11-22
000905.SH,2022-11-23,6114.2692,6140.1142,6045.0243,6115.6049,2022-11-23
000905.SH,2022-11-24,6126.5982,6149.9599,6099.7498,6120.0659,2022-11-24
000905.SH,2022-11-25,6095.1259,6107.0725,6062.0028,6087.8591,2022-11-25
000905.SH,2022-11-28,5999.8546,6059.0163,5970.0861,6055.2843,2022-11-28
000905.SH,2022-11-29,6071.4494,6173.849,6071.2244,6163.8214,2022-11-29
000905.SH,2022-11-30,6156.7719,6175.6824,6118.902,6156.1465,2022-11-30
000905.SH,2022-12-01,6211.2911,6229.834,6186.1021,6186.1021,2022-12-01
000905.SH,2022-12-02,6177.9231,6206.9855,6154.2094,6168.0127,2022-12-02
000905.SH,2022-12-05,6201.9803,6227.2141,6182.9759,6215.1244,2022-12-05
000905.SH,2022-12-06,6202.5242,6244.6382,6185.494,6211.2515,2022-12-06
000905.SH,2022-12-07,6198.0532,6243.9022,6183.3338,6204.0051,2022-12-07
000905.SH,2022-12-08,6199.164,6206.1408,6168.7805,6186.2835,2022-12-08
000905.SH,2022-12-09,6185.7939,6213.5165,6159.5043,6192.3009,2022-12-09
000905.SH,2022-12-12,6181.2441,6182.0784,6146.2547,6154.8092,2022-12-12
000905.SH,2022-12-13,6153.7384,6154.2972,6113.4142,6121.6615,2022-12-13
000905.SH,2022-12-14,6122.4318,6139.7384,6084.0799,6096.3856,2022-12-14
000905.SH,2022-12-15,6090.1178,6108.9595,6078.0039,6101.8787,2022-12-15
000905.SH,2022-12-16,6071.9564,6087.4579,6036.0507,6072.8627,2022-12-16
000905.SH,2022-12-19,6058.8941,6081.4436,5911.8803,5936.4751,2022-12-19
000905.SH,2022-12-20,5919.0267,5920.9868,5857.8575,5878.0314,2022-12-20
000905.SH,2022-12-21,5879.2722,5892.907,5819.6676,5845.835,2022-12-21
000905.SH,2022-12-22,5867.724,5875.4736,5761.9836,5779.0555,2022-12-22
000905.SH,2022-12-23,5751.9489,5805.5101,5732.4711,5763.3458,2022-12-23
000905.SH,2022-12-26,5769.0686,5850.9115,5769.0686,5843.2555,2022-12-26
000905.SH,2022-12-27,5857.7543,5891.3544,5832.2697,5885.6622,2022-12-27
000905.SH,2022-12-28,5869.4556,5889.318,5848.2421,5862.0967,2022-12-28
000905.SH,2022-12-29,5843.9431,5895.9811,5835.3337,5857.4021,2022-12-29
000905.SH,2022-12-30,5875.2787,5885.8903,5848.9547,5864.4669,2022-12-30
000905.SH,2023-01-03,5861.5504,5964.8185,5848.1461,5955.8969,2023-01-03
000905.SH,2023-01-04,5952.5062,5970.5758,5922.8646,5952.4538,2023-01-04
000905.SH,2023-01-05,5959.4378,6017.3406,5950.0896,6010.4641,2023-01-05
000905.SH,2023-01-06,6004.1731,6050.8874,5998.8349,6012.8152,2023-01-06
000905.SH,2023-01-09,6028.399,6070.1614,6023.6388,6040.0193,2023-01-09
000905.SH,2023-01-10,6044.641,6053.5849,6017.1524,6048.2968,2023-01-10
000905.SH,2023-01-11,6049.0393,6070.4478,6004.2194,6014.1565,2023-01-11
000905.SH,2023-01-12,6022.561,6048.1893,5995.9111,6015.2871,2023-01-12
000905.SH,2023-01-13,6030.93,6058.2249,6015.218,6057.6902,2023-01-13
000905.SH,2023-01-16,6068.9115,6168.7448,6068.14,6126.1772,2023-01-16
000905.SH,2023-01-17,6129.7345,6138.1742,6107.7606,6132.6391,2023-01-17
000905.SH,2023-01-18,6139.6912,6168.3735,6136.9704,6151.4557,2023-01-18
000905.SH,2023-01-19,6145.6211,6204.3261,6130.424,6204.3261,2023-01-19
000905.SH,2023-01-20,6214.0251,6253.269,6214.0251,6251.4337,2023-01-20
000905.SH,2023-01-30,6331.8759,6342.4494,6279.4508,6283.3272,2023-01-30
000905.SH,2023-01-31,6266.2956,6303.9117,6259.5275,6289.15,2023-01-31
000905.SH,2023-02-01,6300.4997,6368.7906,6293.4917,6365.9051,2023-02-01
000905.SH,2023-02-02,6383.298,6402.2639,6347.7289,6370.1411,2023-02-02
000905.SH,2023-02-03,6354.7135,6354.7135,6267.4377,6343.6861,2023-02-03
000905.SH,2023-02-06,6314.5995,6330.7929,6274.5427,6302.3349,2023-02-06
000905.SH,2023-02-07,6309.2209,6318.8407,6273.5954,6317.2377,2023-02-07
000905.SH,2023-02-08,6319.5164,6323.8492,6263.7627,6268.2759,2023-02-08
000905.SH,2023-02-09,6256.3124,6354.8028,6250.4545,6354.562,2023-02-09
000905.SH,2023-02-10,6348.9994,6368.4882,6296.5476,6334.252,2023-02-10
000905.SH,2023-02-13,6333.2194,6386.7243,6331.3687,6383.8279,2023-02-13
000905.SH,2023-02-14,6394.6196,6408.5508,6369.5727,6397.2146,2023-02-14
000905.SH,2023-02-15,6398.8735,6407.753,6365.3107,6384.3479,2023-02-15
000905.SH,2023-02-16,6384.2145,6429.0531,6244.4787,6289.4786,2023-02-16
000905.SH,2023-02-17,6284.9225,6308.568,6237.4053,6237.4053,2023-02-17
000905.SH,2023-02-20,6248.2555,6349.4074,6227.3489,6346.0678,2023-02-20
000905.SH,2023-02-21,6349.9071,6396.742,6337.5976,6383.4248,2023-02-21
000905.SH,2023-02-22,6352.0275,6397.1452,6344.9861,6375.0684,2023-02-22
000905.SH,2023-02-23,6377.2925,6396.6563,6328.644,6360.3202,2023-02-23
000905.SH,2023-02-24,6367.6311,6372.4918,6308.2213,6340.8435,2023-02-24
000905.SH,2023-02-27,6318.6393,6349.091,6288.2994,6307.2057,2023-02-27
000905.SH,2023-02-28,6323.8417,6357.5352,6293.1792,6357.5352,2023-02-28
000905.SH,2023-03-01,6356.5035,6410.5217,6340.0045,6402.1411,2023-03-01
000905.SH,2023-03-02,6398.2563,6410.2306,6375.0068,6382.2322,2023-03-02
000905.SH,2023-03-03,6384.0636,6398.4707,6346.9593,6390.3177,2023-03-03
000905.SH,2023-03-06,6398.1023,6405.8199,6362.4723,6395.2191,2023-03-06
000905.SH,2023-03-07,6389.8109,6396.5414,6284.2198,6284.2986,2023-03-07
000905.SH,2023-03-08,6264.4315,6303.7106,6258.3174,6301.5157,2023-03-08
000905.SH,2023-03-09,6311.0424,6311.3353,6258.4498,6285.9521,2023-03-09
000905.SH,2023-03-10,6251.56,6261.3301,6202.6117,6204.8989,2023-03-10
000905.SH,2023-03-13,6189.9761,6245.0029,6178.672,6245.0029,2023-03-13
000905.SH,2023-03-14,6237.7306,6243.4184,6127.6878,6189.3969,2023-03-14
000905.SH,2023-03-15,6210.928,6254.4857,6210.928,6224.64,2023-03-15
000905.SH,2023-03-16,6191.2955,6209.9732,6133.8328,6140.8317,2023-03-16
000905.SH,2023-03-17,6174.1919,6233.7534,6169.8441,6183.1843,2023-03-17
000905.SH,2023-03-20,6195.3506,6201.9742,6152.8083,6160.3541,2023-03-20
000905.SH,2023-03-21,6171.8856,6235.0064,6171.2834,6234.6793,2023-03-21
000905.SH,2023-03-22,6244.3623,6271.5228,6242.157,6269.7384,2023-03-22
000905.SH,2023-03-23,6253.5774,6305.7585,6245.9826,6305.7585,2023-03-23
000905.SH,2023-03-24,6312.4308,6315.6795,6279.5407,6310.0979,2023-03-24
000905.SH,2023-03-27,6304.4792,6320.6622,6265.0053,6311.5998,2023-03-27
000905.SH,2023-03-28,6314.5821,6331.5584,6272.7168,6279.9217,2023-03-28
000905.SH,2023-03-29,6285.9539,6294.2951,6239.9373,6260.551,2023-03-29
000905.SH,2023-03-30,6257.6398,6287.4396,6213.9745,6286.1773,2023-03-30
000905.SH,2023-03-31,6284.8522,6343.2299,6282.1402,6339.8183,2023-03-31
000905.SH,2023-04-03,6346.6925,6419.8686,6346.6925,6413.8073,2023-04-03
000905.SH,2023-04-04,6414.8177,6423.3058,6377.5322,6408.8994,2023-04-04
000905.SH,2023-04-06,6387.2289,6428.7215,6382.0333,6416.8456,2023-04-06
000905.SH,2023-04-07,6418.2601,6470.0888,6416.6812,6464.4664,2023-04-07
000905.SH,2023-04-10,6474.9415,6476.2165,6395.3745,6410.5218,2023-04-10
000905.SH,2023-04-11,6405.6279,6421.4857,6381.0566,6420.877,2023-04-11
000905.SH,2023-04-12,6415.7038,6450.3488,6407.1996,6443.4391,2023-04-12
000905.SH,2023-04-13,6438.1638,6451.7864,6396.0167,6404.6463,2023-04-13
000905.SH,2023-04-14,6420.3118,6444.886,6390.9182,6431.0688,2023-04-14
000905.SH,2023-04-17,6422.8669,6459.2396,6421.3936,6459.2396,2023-04-17
000905.SH,2023-04-18,6448.7565,6462.2489,6422.053,6449.8531,2023-04-18
000905.SH,2023-04-19,6444.8726,6456.1491,6404.9942,6416.9696,2023-04-19
000905.SH,2023-04-20,6408.8077,6413.0794,6376.3489,6411.7564,2023-04-20
000905.SH,2023-04-21,6411.5137,6411.5137,6250.5446,6250.5446,2023-04-21
000905.SH,2023-04-24,6250.9635,6260.5395,6184.7122,6208.7797,2023-04-24
000905.SH,2023-04-25,6205.6184,6208.4027,6042.6423,6118.1526,2023-04-25
000905.SH,2023-04-26,6095.1335,6178.1675,6093.1976,6142.1541,2023-04-26
000905.SH,2023-04-27,6127.6444,6190.2503,6121.6098,6157.936,2023-04-27
000905.SH,2023-04-28,6151.6433,6245.55,6151.6433,6241.2441,2023-04-28
000905.SH,2023-05-04,6223.2261,6264.5158,6218.7822,6262.3891,2023-05-04
000905.SH,2023-05-05,6255.7044,6256.2287,6172.6931,6200.5759,2023-05-05
000905.SH,2023-05-08,6202.6787,6259.6869,6200.1467,6248.5828,2023-05-08
000905.SH,2023-05-09,6242.6615,6274.898,6177.6544,6181.9757,2023-05-09
000905.SH,2023-05-10,6167.1346,6199.1609,6137.1536,6173.8093,2023-05-10
000905.SH,2023-05-11,6185.6686,6190.3906,6151.0696,6154.4703,2023-05-11
000905.SH,2023-05-12,6138.9404,6173.9124,6088.2239,6091.6464,2023-05-12
000905.SH,2023-05-15,6094.6758,6159.3888,6036.8139,6159.3888,2023-05-15
000905.SH,2023-05-16,6159.1693,6159.1693,6095.6879,6110.8271,2023-05-16
000905.SH,2023-05-17,6097.9771,6137.0165,6090.8823,6122.0518,2023-05-17
000905.SH,2023-05-18,6132.5182,6153.992,6101.2437,6128.1762,2023-05-18
000905.SH,2023-05-19,6116.8432,6149.1426,6085.0442,6117.0833,2023-05-19
000905.SH,2023-05-22,6111.8445,6136.8627,6086.233,6115.3151,2023-05-22
000905.SH,2023-05-23,6114.2135,6117.3597,6052.4297,6052.4297,2023-05-23
000905.SH,2023-05-24,6032.689,6058.3946,5988.0278,6005.7913,2023-05-24
000905.SH,2023-05-25,6000.2187,6028.6386,5926.2038,5988.1885,2023-05-25
000905.SH,2023-05-26,5983.1367,6045.1292,5953.8807,6034.9834,2023-05-26
000905.SH,2023-05-29,6046.5431,6058.9211,6012.4012,6025.1552,2023-05-29
000905.SH,2023-05-30,6008.4621,6061.3089,5960.3372,6061.3089,2023-05-30
000905.SH,2023-05-31,6044.02,6063.1925,6009.2476,6047.8021,2023-05-31
000905.SH,2023-06-01,6028.8032,6094.2403,6008.2705,6051.4603,2023-06-01
000905.SH,2023-06-02,6061.911,6115.0679,6061.911,6105.2181,2023-06-02
000905.SH,2023-06-05,6102.1295,6107.1211,6075.5921,6097.1059,2023-06-05
000905.SH,2023-06-06,6088.6625,6089.0746,5969.2945,5983.4202,2023-06-06
000905.SH,2023-06-07,5982.3085,6010.0304,5969.1593,5987.011,2023-06-07
000905.SH,2023-06-08,5971.7247,5992.9692,5922.3872,5966.1477,2023-06-08
000905.SH,2023-06-09,5968.7001,6017.2812,5960.106,6009.5826,2023-06-09
000905.SH,2023-06-12,5999.6174,6045.6593,5987.2682,6027.7122,2023-06-12
000905.SH,2023-06-13,6016.6857,6047.06,6014.0625,6044.0371,2023-06-13
000905.SH,2023-06-14,6046.4375,6064.2896,6034.4718,6044.0766,2023-06-14
000905.SH,2023-06-15,6049.4683,6100.2336,6046.1621,6096.8075,2023-06-15
000905.SH,2023-06-16,6094.8437,6154.9321,6091.1847,6148.0125,2023-06-16
000905.SH,2023-06-19,6148.8548,6148.8548,6126.3881,6131.3849,2023-06-19
000905.SH,2023-06-20,6122.7448,6144.0071,6100.1435,6126.1133,2023-06-20
000905.SH,2023-06-21,6104.2468,6104.2468,5990.7866,5990.8455,2023-06-21
000905.SH,2023-06-26,5947.57,5970.6114,5875.9378,5887.0324,2023-06-26
000905.SH,2023-06-27,5897.6948,5956.181,5884.9486,5948.0029,2023-06-27
000905.SH,2023-06-28,5945.6446,5951.1273,5857.1313,5942.3112,2023-06-28
000905.SH,2023-06-29,5928.709,5964.8577,5924.2783,5940.5782,2023-06-29
000905.SH,2023-06-30,5931.8714,6016.4459,5927.9362,5998.7293,2023-06-30
000905.SH,2023-07-03,6009.2697,6056.1632,5997.8471,6042.3122,2023-07-03
000905.SH,2023-07-04,6042.7217,6059.5729,6027.2909,6055.2577,2023-07-04
000905.SH,2023-07-05,6050.3461,6059.3789,6011.87,6020.8212,2023-07-05
000905.SH,2023-07-06,6010.6552,6042.2947,5983.4842,5988.5525,2023-07-06
000905.SH,2023-07-07,5973.9756,5994.2828,5936.2272,5961.6057,2023-07-07
000905.SH,2023-07-10,5980.6083,6003.4018,5958.7306,5984.2814,2023-07-10
000905.SH,2023-07-11,5991.0207,6029.2318,5972.1378,6029.2318,2023-07-11
000905.SH,2023-07-12,6030.6447,6033.5832,5960.431,5962.7938,2023-07-12
000905.SH,2023-07-13,5986.2518,6049.0626,5986.2518,6044.0583,2023-07-13
000905.SH,2023-07-14,6052.9495,6055.5275,6026.3263,6030.5188,2023-07-14
000905.SH,2023-07-17,6012.7648,6018.0694,5985.4382,6012.6895,2023-07-17
000905.SH,2023-07-18,6015.9819,6027.6063,5984.0598,6001.7998,2023-07-18
000905.SH,2023-07-19,5998.3813,6017.4492,5962.9863,5993.4126,2023-07-19
000905.SH,2023-07-20,5996.838,6009.4266,5920.151,5925.4843,2023-07-20
000905.SH,2023-07-21,5914.3541,5961.0501,5904.7877,5925.6255,2023-07-21
000905.SH,2023-07-24,5913.5709,5954.2372,5896.4481,5916.7141,2023-07-24
000905.SH,2023-07-25,5976.9683,6016.7544,5971.7319,6016.6312,2023-07-25
000905.SH,2023-07-26,6014.7614,6015.5833,5984.3913,6001.5402,2023-07-26
000905.SH,2023-07-27,5998.8485,6017.6706,5952.8932,5961.1843,2023-07-27
000905.SH,2023-07-28,5945.9139,6049.7643,5932.0603,6043.2438,2023-07-28
000905.SH,2023-07-31,6059.1096,6133.718,6059.1096,6088.2431,2023-07-31
000905.SH,2023-08-01,6086.8982,6113.9839,6077.1053,6098.8789,2023-08-01
000905.SH,2023-08-02,6088.1355,6111.2437,6059.8653,6077.4645,2023-08-02
000905.SH,2023-08-03,6062.6427,6101.8106,6047.676,6098.6868,2023-08-03
000905.SH,2023-08-04,6126.1504,6164.1552,6105.6391,6128.556,2023-08-04
000905.SH,2023-08-07,6115.8362,6117.9163,6072.5354,6090.7307,2023-08-07
000905.SH,2023-08-08,6077.3032,6088.0983,6044.2376,6066.1019,2023-08-08
000905.SH,2023-08-09,6049.449,6062.0243,6012.247,6021.7506,2023-08-09
000905.SH,2023-08-10,6013.3501,6040.4605,5999.5626,6031.7105,2023-08-10
000905.SH,2023-08-11,6030.0453,6030.0453,5913.3502,5913.3502,2023-08-11
000905.SH,2023-08-14,5864.4821,5919.8035,5833.4629,5916.8029,2023-08-14
000905.SH,2023-08-15,5919.7688,5926.4197,5830.9695,5879.7782,2023-08-15
000905.SH,2023-08-16,5858.5966,5891.8116,5833.2155,5833.2155,2023-08-16
000905.SH,2023-08-17,5808.9095,5882.1512,5778.5287,5874.3609,2023-08-17
000905.SH,2023-08-18,5875.1097,5891.3976,5777.7972,5777.7972,2023-08-18
000905.SH,2023-08-21,5764.6679,5802.5119,5710.7783,5710.7783,2023-08-21
000905.SH,2023-08-22,5733.2548,5754.5746,5646.5119,5741.0606,2023-08-22
000905.SH,2023-08-23,5732.3943,5732.3943,5629.4999,5629.4999,2023-08-23
000905.SH,2023-08-24,5650.3593,5701.3208,5619.333,5652.6729,2023-08-24
000905.SH,2023-08-25,5624.7697,5648.624,5560.2171,5581.2116,2023-08-25
000905.SH,2023-08-28,5885.8843,5887.5085,5631.694,5644.1405,2023-08-28
000905.SH,2023-08-29,5631.006,5789.9623,5626.5175,5770.3155,2023-08-29
000905.SH,2023-08-30,5780.2848,5817.7342,5753.2161,5775.1534,2023-08-30
000905.SH,2023-08-31,5770.9531,5777.422,5728.4729,5739.3984,2023-08-31
000905.SH,2023-09-01,5746.4128,5775.1769,5732.9674,5750.8027,2023-09-01
000905.SH,2023-09-04,5772.0266,5829.784,5758.0309,5829.784,2023-09-04
000905.SH,2023-09-05,5819.9667,5822.0615,5779.3725,5788.7149,2023-09-05
000905.SH,2023-09-06,5771.849,5800.9647,5748.6467,5790.3806,2023-09-06
000905.SH,2023-09-07,5782.0706,5782.0706,5701.7975,5702.7008,2023-09-07
000905.SH,2023-09-08,5684.6558,5732.3747,5683.3973,5708.6227,2023-09-08
000905.SH,2023-09-11,5723.0181,5802.2053,5704.7003,5774.7305,2023-09-11
000905.SH,2023-09-12,5774.4661,5793.829,5763.2995,5770.9259,2023-09-12
000905.SH,2023-09-13,5764.8241,5770.4141,5681.5003,5715.3973,2023-09-13
000905.SH,2023-09-14,5714.6748,5721.2073,5679.199,5702.102,2023-09-14
000905.SH,2023-09-15,5716.2937,5741.0711,5680.8954,5704.6632,2023-09-15
000905.SH,2023-09-18,5685.8527,5734.1861,5665.579,5719.6887,2023-09-18
000905.SH,2023-09-19,5713.4945,5713.6003,5670.4201,5687.9007,2023-09-19
000905.SH,2023-09-20,5677.9249,5689.8254,5651.0062,5651.0062,2023-09-20
000905.SH,2023-09-21,5638.4406,5666.6958,5609.2143,5611.9186,2023-09-21
000905.SH,2023-09-22,5606.8347,5700.323,5603.8126,5698.8168,2023-09-22
000905.SH,2023-09-25,5694.9025,5699.1544,5659.3191,5666.6642,2023-09-25
000905.SH,2023-09-26,5661.0321,5682.2786,5646.6544,5646.6544,2023-09-26
000905.SH,2023-09-27,5642.3852,5701.5084,5641.8508,5674.3451,2023-09-27
000905.SH,2023-09-28,5687.6411,5704.6228,5677.531,5690.7697,2023-09-28
000905.SH,2023-10-09,5679.6412,5680.9516,5634.3532,5658.0832,2023-10-09
000905.SH,2023-10-10,5665.6622,5678.4631,5627.4139,5630.3714,2023-10-10
000905.SH,2023-10-11,5639.0722,5674.2543,5617.8727,5629.7886,2023-10-11
000905.SH,2023-10-12,5655.6129,5677.8191,5642.4931,5671.6419,2023-10-12
000905.SH,2023-10-13,5645.4366,5646.0737,5616.8508,5633.3831,2023-10-13
000905.SH,2023-10-16,5633.3012,5636.3194,5559.4212,5580.6666,2023-10-16
000905.SH,2023-10-17,5585.1448,5599.424,5556.5739,5595.3423,2023-10-17
000905.SH,2023-10-18,5586.0206,5586.0206,5519.4562,5524.5988,2023-10-18
000905.SH,2023-10-19,5496.7574,5529.8697,5463.6516,5464.027,2023-10-19
000905.SH,2023-10-20,5443.4557,5473.2111,5413.0233,5423.6748,2023-10-20
000905.SH,2023-10-23,5400.5436,5400.7943,5269.8274,5290.3343,2023-10-23
000905.SH,2023-10-24,5311.6694,5363.1951,5290.5047,5352.0123,2023-10-24
000905.SH,2023-10-25,5386.4255,5423.0139,5375.9983,5375.9983,2023-10-25
000905.SH,2023-10-26,5351.1628,5404.9918,5337.4926,5398.934,2023-10-26
000905.SH,2023-10-27,5387.2742,5514.3081,5380.9409,5492.0274,2023-10-27
000905.SH,2023-10-30,5484.624,5559.7847,5483.1591,5546.3881,2023-10-30
000905.SH,2023-10-31,5547.3243,5554.1902,5505.9335,5528.2385,2023-10-31
000905.SH,2023-11-01,5534.8883,5534.9432,5496.8278,5509.9662,2023-11-01
000905.SH,2023-11-02,5514.5172,5532.8505,5457.7453,5459.4517,2023-11-02
000905.SH,2023-11-03,5462.144,5537.7293,5462.144,5510.357,2023-11-03
000905.SH,2023-11-06,5549.2909,5609.2576,5549.2909,5605.0621,2023-11-06
000905.SH,2023-11-07,5594.4667,5631.1001,5578.5126,5611.0983,2023-11-07
000905.SH,2023-11-08,5602.9707,5633.9706,5577.3911,5608.0173,2023-11-08
000905.SH,2023-11-09,5602.49,5638.0805,5582.1194,5592.0568,2023-11-09
000905.SH,2023-11-10,5577.3371,5585.2123,5550.8219,5573.0999,2023-11-10
000905.SH,2023-11-13,5589.0595,5605.5688,5565.0914,5605.5688,2023-11-13
000905.SH,2023-11-14,5602.9829,5639.188,5600.7841,5630.5534,2023-11-14
000905.SH,2023-11-15,5677.5503,5684.7473,5649.7168,5664.617,2023-11-15
000905.SH,2023-11-16,5647.0613,5652.4004,5609.3607,5609.3607,2023-11-16
000905.SH,2023-11-17,5598.953,5632.3894,5593.4903,5631.4233,2023-11-17
000905.SH,2023-11-20,5635.5867,5669.3846,5609.2691,5659.7727,2023-11-20
000905.SH,2023-11-21,5669.1651,5696.0944,5634.2723,5641.0844,2023-11-21
000905.SH,2023-11-22,5622.8615,5639.0036,5572.8986,5572.8986,2023-11-22
000905.SH,2023-11-23,5566.7332,5627.7947,5548.972,5622.9891,2023-11-23
000905.SH,2023-11-24,5619.3187,5619.3187,5556.7138,5570.4205,2023-11-24
000905.SH,2023-11-27,5562.7486,5579.7151,5531.6548,5566.5069,2023-11-27
000905.SH,2023-11-28,5561.5765,5594.718,5529.5352,5591.4955,2023-11-28
000905.SH,2023-11-29,5588.7739,5593.3712,5547.8408,5553.3349,2023-11-29
000905.SH,2023-11-30,5548.524,5560.3283,5509.9646,5545.0504,2023-11-30
000905.SH,2023-12-01,5541.226,5576.7275,5521.0558,5566.8689,2023-12-01
000905.SH,2023-12-04,5578.4205,5590.8353,5559.0682,5559.0682,2023-12-04
000905.SH,2023-12-05,5542.8669,5542.8669,5460.4088,5460.4088,2023-12-05
000905.SH,2023-12-06,5448.4575,5513.0858,5443.0738,5481.824,2023-12-06
000905.SH,2023-12-07,5475.2678,5501.4783,5443.2936,5481.1355,2023-12-07
000905.SH,2023-12-08,5484.6829,5522.0575,5477.5286,5497.9897,2023-12-08
000905.SH,2023-12-11,5473.6514,5574.1237,5429.443,5564.8538,2023-12-11
000905.SH,2023-12-12,5560.4355,5576.0089,5545.1624,5566.1778,2023-12-12
000905.SH,2023-12-13,5557.0463,5558.0572,5507.5128,5507.5128,2023-12-13
000905.SH,2023-12-14,5532.9861,5557.3719,5487.7542,5489.3267,2023-12-14
000905.SH,2023-12-15,5499.3692,5516.2199,5438.5282,5449.7864,2023-12-15
000905.SH,2023-12-18,5436.9888,5448.0772,5374.5881,5385.2702,2023-12-18
000905.SH,2023-12-19,5380.7346,5406.9585,5344.0325,5379.8735,2023-12-19
000905.SH,2023-12-20,5385.9956,5388.463,5308.5727,5309.2865,2023-12-20
000905.SH,2023-12-21,5286.4531,5352.5049,5253.3152,5338.762,2023-12-21
000905.SH,2023-12-22,5337.3807,5366.2345,5293.2193,5311.6902,2023-12-22
000905.SH,2023-12-25,5301.5735,5339.6644,5288.4665,5315.3746,2023-12-25
000905.SH,2023-12-26,5312.7999,5313.9193,5238.0417,5258.2841,2023-12-26
000905.SH,2023-12-27,5261.5699,5293.7973,5235.4559,5285.5301,2023-12-27
000905.SH,2023-12-28,5280.6904,5400.2364,5275.4028,5382.7966,2023-12-28
000905.SH,2023-12-29,5376.9768,5437.1538,5374.6877,5429.2288,2023-12-29
000905.SH,2024-01-02,5431.4784,5439.4778,5409.4554,5409.4554,2024-01-02
000905.SH,2024-01-03,5398.2939,5428.5204,5373.8317,5401.395,2024-01-03
000905.SH,2024-01-04,5395.1428,5395.1428,5331.892,5355.3216,2024-01-04
000905.SH,2024-01-05,5347.0727,5373.6788,5260.5939,5281.8711,2024-01-05
000905.SH,2024-01-08,5268.2339,5268.9787,5167.6997,5167.6997,2024-01-08
000905.SH,2024-01-09,5176.1129,5220.4578,5152.9987,5180.653,2024-01-09
000905.SH,2024-01-10,5167.7319,5211.8158,5118.4332,5158.0784,2024-01-10
000905.SH,2024-01-11,5152.359,5243.1387,5146.8978,5223.8633,2024-01-11
000905.SH,2024-01-12,5213.1356,5262.6165,5206.1607,5206.178,2024-01-12
000905.SH,2024-01-15,5189.5279,5238.9581,5171.2399,5193.2956,2024-01-15
000905.SH,2024-01-16,5188.3692,5210.0834,5124.0823,5190.3975,2024-01-16
000905.SH,2024-01-17,5180.9251,5180.9251,5061.5395,5061.5395,2024-01-17
000905.SH,2024-01-18,5033.1032,5069.2295,4924.6815,5066.9579,2024-01-18
000905.SH,2024-01-19,5056.4765,5084.2902,5014.7667,5018.4332,2024-01-19
000905.SH,2024-01-22,5008.6804,5008.7672,4753.6302,4780.9748,2024-01-22
000905.SH,2024-01-23,4771.4963,4889.4223,4727.8806,4865.743,2024-01-23
000905.SH,2024-01-24,4886.2037,4941.4403,4766.8035,4933.7009,2024-01-24
000905.SH,2024-01-25,4931.6273,5074.4943,4910.9591,5073.1779,2024-01-25
000905.SH,2024-01-26,5055.2878,5086.129,5009.9729,5027.0932,2024-01-26
000905.SH,2024-01-29,5032.1113,5050.1092,4927.9137,4927.9137,2024-01-29
000905.SH,2024-01-30,4898.3613,4939.3511,4810.099,4814.9908,2024-01-30
000905.SH,2024-01-31,4786.8128,4832.401,4690.9429,4696.9796,2024-01-31
000905.SH,2024-02-01,4667.9126,4771.0465,4629.9901,4678.7308,2024-02-01
000905.SH,2024-02-02,4686.0999,4724.0488,4435.5569,4563.2221,2024-02-02
000905.SH,2024-02-05,4527.7091,4598.0608,4281.2399,4460.2635,2024-02-05
000905.SH,2024-02-06,4411.298,4817.1179,4405.3085,4805.9013,2024-02-06
000905.SH,2024-02-07,4813.9545,5110.8041,4813.2326,5109.5685,2024-02-07
000905.SH,2024-02-08,5131.8032,5367.2243,5129.7843,5150.2288,2024-02-08
000905.SH,2024-02-19,5225.1379,5225.1379,5074.7611,5141.6037,2024-02-19
000905.SH,2024-02-20,5107.5677,5151.7201,5072.8837,5140.9575,2024-02-20
000905.SH,2024-02-21,5101.4113,5252.8785,5074.8224,5139.0372,2024-02-21
000905.SH,2024-02-22,5133.5478,5184.6228,5117.6799,5176.3431,2024-02-22
000905.SH,2024-02-23,5190.6466,5197.7115,5118.568,5197.7115,2024-02-23
000905.SH,2024-02-26,5194.737,5255.3615,5162.9504,5195.4642,2024-02-26
000905.SH,2024-02-27,5174.8194,5307.8043,5160.8782,5307.8043,2024-02-27
000905.SH,2024-02-28,5311.4253,5383.3193,5184.0471,5184.0471,2024-02-28
000905.SH,2024-02-29,5154.1487,5349.7678,5154.1487,5346.7929,2024-02-29
000905.SH,2024-03-01,5350.8566,5387.7839,5321.5587,5379.0482,2024-03-01
000905.SH,2024-03-04,5386.9441,5400.1227,5325.9642,5388.82,2024-03-04
000905.SH,2024-03-05,5358.2206,5382.9834,5329.9702,5351.8268,2024-03-05
000905.SH,2024-03-06,5332.8328,5405.4908,5293.9518,5350.1016,2024-03-06
000905.SH,2024-03-07,5354.3337,5384.6567,5277.2988,5277.2988,2024-03-07
000905.SH,2024-03-08,5282.4077,5361.7104,5268.5296,5349.595,2024-03-08
000905.SH,2024-03-11,5342.1778,5443.0421,5339.2607,5441.0507,2024-03-11
000905.SH,2024-03-12,5445.8776,5473.2901,5385.1402,5423.7183,2024-03-12
000905.SH,2024-03-13,5430.0437,5459.3222,5389.5251,5415.1126,2024-03-13
000905.SH,2024-03-14,5415.1499,5447.5416,5352.1195,5392.9267,2024-03-14
000905.SH,2024-03-15,5380.019,5456.7336,5357.1797,5454.1463,2024-03-15
000905.SH,2024-03-18,5472.3147,5528.447,5459.5453,5528.447,2024-03-18
000905.SH,2024-03-19,5514.55,5533.639,5477.1172,5478.2248,2024-03-19
000905.SH,2024-03-20,5469.606,5499.2382,5455.7613,5493.414,2024-03-20
000905.SH,2024-03-21,5505.6985,5517.4566,5454.2313,5465.8286,2024-03-21
000905.SH,2024-03-22,5454.4143,5463.5407,5356.108,5384.5656,2024-03-22
000905.SH,2024-03-25,5369.7761,5401.5975,5292.6372,5294.7463,2024-03-25
000905.SH,2024-03-26,5291.5227,5318.8757,5237.8993,5284.4188,2024-03-26
000905.SH,2024-03-27,5280.7332,5282.6954,5156.684,5156.684,2024-03-27
000905.SH,2024-03-28,5156.4803,5276.6382,5156.4803,5223.806,2024-03-28
000905.SH,2024-03-29,5220.5524,5287.0376,5211.1946,5286.1612,2024-03-29
000905.SH,2024-04-01,5309.8325,5401.7799,5309.8325,5401.2249,2024-04-01
000905.SH,2024-04-02,5395.4811,5402.1597,5353.3119,5381.2291,2024-04-02
000905.SH,2024-04-03,5373.5021,5386.3422,5350.1601,5374.5954,2024-04-03
000905.SH,2024-04-08,5358.9565,5383.6587,5297.559,5298.5912,2024-04-08
000905.SH,2024-04-09,5294.4743,5342.8982,5284.9557,5342.8982,2024-04-09
000905.SH,2024-04-10,5335.7302,5335.7302,5242.863,5275.4727,2024-04-10
000905.SH,2024-04-11,5244.0544,5353.8091,5240.5101,5301.8094,2024-04-11
000905.SH,2024-04-12,5307.7225,5336.4477,5270.4618,5277.219,2024-04-12
000905.SH,2024-04-15,5270.0415,5376.0484,5219.4286,5339.7223,2024-04-15
000905.SH,2024-04-16,5309.1005,5346.7615,5184.6535,5191.554,2024-04-16
000905.SH,2024-04-17,5211.2486,5339.7467,5211.2486,5339.7467,2024-04-17
000905.SH,2024-04-18,5317.7986,5410.6963,5299.2288,5349.8361,2024-04-18
000905.SH,2024-04-19,5322.3588,5369.9543,5292.0162,5314.8667,2024-04-19
000905.SH,2024-04-22,5289.4066,5340.6307,5264.1859,5267.5811,2024-04-22
000905.SH,2024-04-23,5257.766,5280.0593,5196.955,5208.2712,2024-04-23
000905.SH,2024-04-24,5210.1831,5263.0391,5183.7005,5263.0391,2024-04-24
000905.SH,2024-04-25,5240.4817,5297.1627,5229.8248,5259.3354,2024-04-25
000905.SH,2024-04-26,5258.3847,5379.6707,5258.3847,5372.1209,2024-04-26
000905.SH,2024-04-29,5371.2122,5488.2776,5371.2122,5478.4908,2024-04-29
000905.SH,2024-04-30,5471.1676,5478.0353,5436.5752,5441.1411,2024-04-30
000905.SH,2024-05-06,5498.4442,5535.9488,5496.9071,5528.6036,2024-05-06
000905.SH,2024-05-07,5532.323,5543.1251,5507.5008,5527.0847,2024-05-07
000905.SH,2024-05-08,5516.4477,5516.4477,5454.8735,5458.7559,2024-05-08
000905.SH,2024-05-09,5461.36,5568.7324,5461.36,5556.7712,2024-05-09
000905.SH,2024-05-10,5562.1931,5570.5652,5497.4972,5535.3954,2024-05-10
000905.SH,2024-05-13,5503.1286,5527.2001,5462.5075,5505.2595,2024-05-13
000905.SH,2024-05-14,5508.4663,5538.7434,5484.964,5500.7379,2024-05-14
000905.SH,2024-05-15,5495.5571,5497.0842,5441.3548,5446.6557,2024-05-15
000905.SH,2024-05-16,5461.1077,5475.3735,5408.1251,5424.6652,2024-05-16
000905.SH,2024-05-17,5418.6575,5493.2007,5409.7047,5491.8944,2024-05-17
000905.SH,2024-05-20,5496.7904,5536.662,5484.358,5523.5013,2024-05-20
000905.SH,2024-05-21,5511.4838,5513.4235,5460.975,5478.9131,2024-05-21
000905.SH,2024-05-22,5472.0098,5486.3049,5455.0766,5468.6068,2024-05-22
000905.SH,2024-05-23,5448.9403,5448.9403,5352.3934,5362.3053,2024-05-23
000905.SH,2024-05-24,5348.51,5400.1594,5311.4888,5313.4546,2024-05-24
000905.SH,2024-05-27,5325.8508,5373.1116,5284.5055,5371.3693,2024-05-27
000905.SH,2024-05-28,5363.33,5365.473,5310.3183,5316.1286,2024-05-28
000905.SH,2024-05-29,5308.593,5361.744,5305.9631,5328.3064,2024-05-29
000905.SH,2024-05-30,5316.3983,5349.688,5296.4925,5308.66,2024-05-30
000905.SH,2024-05-31,5310.7218,5357.021,5308.5403,5308.5403,2024-05-31
000905.SH,2024-06-03,5300.7869,5316.3352,5232.688,5274.0687,2024-06-03
000905.SH,2024-06-04,5263.2256,5352.2839,5247.5837,5341.9496,2024-06-04
000905.SH,2024-06-05,5328.8678,5347.4297,5277.9405,5277.9405,2024-06-05
000905.SH,2024-06-06,5291.5208,5305.878,5213.6618,5228.8002,2024-06-06
000905.SH,2024-06-07,5247.1462,5258.818,5172.0505,5208.9798,2024-06-07
000905.SH,2024-06-11,5182.4129,5232.8495,5159.334,5217.4702,2024-06-11
000905.SH,2024-06-12,5209.1344,5245.9909,5205.5716,5232.9534,2024-06-12
000905.SH,2024-06-13,5231.9096,5233.7954,5182.7423,5194.59,2024-06-13
000905.SH,2024-06-14,5180.2887,5235.8781,5163.384,5213.0927,2024-06-14
000905.SH,2024-06-17,5189.284,5223.5894,5184.5987,5207.128,2024-06-17
000905.SH,2024-06-18,5207.9777,5243.5867,5204.9707,5230.8913,2024-06-18
000905.SH,2024-06-19,5235.4758,5236.3018,5168.8204,5168.8204,2024-06-19
000905.SH,2024-06-20,5162.1609,5184.747,5092.2867,5094.5653,2024-06-20
000905.SH,2024-06-21,5079.9226,5128.1378,5071.6547,5102.3292,2024-06-21
000905.SH,2024-06-24,5072.8028,5078.955,4986.7679,4992.9097,2024-06-24
000905.SH,2024-06-25,4989.0713,5007.3355,4918.0393,4948.6343,2024-06-25
000905.SH,2024-06-26,4942.1652,5024.7679,4915.6644,5020.4318,2024-06-26
000905.SH,2024-06-27,4998.9936,5000.1752,4925.1601,4928.0514,2024-06-27
000905.SH,2024-06-28,4914.6693,5003.4091,4914.5467,4942.7817,2024-06-28
000905.SH,2024-07-01,4943.7867,5017.6099,4929.0871,5003.1608,2024-07-01
000905.SH,2024-07-02,5000.5757,5002.7424,4934.1169,4949.4771,2024-07-02
000905.SH,2024-07-03,4945.3994,4950.5148,4905.3897,4910.9245,2024-07-03
000905.SH,2024-07-04,4917.4414,4935.6055,4827.342,4834.4982,2024-07-04
000905.SH,2024-07-05,4828.8628,4877.9326,4794.1292,4866.2647,2024-07-05
000905.SH,2024-07-08,4857.0245,4857.2655,4768.5636,4783.6165,2024-07-08
000905.SH,2024-07-09,4775.3131,4888.4822,4745.3165,4876.899,2024-07-09
000905.SH,2024-07-10,4857.483,4891.3725,4836.17,4844.1624,2024-07-10
000905.SH,2024-07-11,4902.8106,4941.7015,4871.172,4939.7318,2024-07-11
000905.SH,2024-07-12,4926.9812,4937.3471,4905.7967,4919.3639,2024-07-12
000905.SH,2024-07-15,4903.5161,4903.5161,4868.743,4883.8971,2024-07-15
000905.SH,2024-07-16,4877.601,4907.8321,4850.4315,4898.3626,2024-07-16
000905.SH,2024-07-17,4893.4137,4900.3599,4853.603,4856.5794,2024-07-17
000905.SH,2024-07-18,4822.1303,4879.6927,4793.4294,4877.6916,2024-07-18
000905.SH,2024-07-19,4853.0422,4900.3787,4842.9297,4872.0532,2024-07-19
000905.SH,2024-07-22,4872.6362,4885.3641,4839.1121,4865.9778,2024-07-22
000905.SH,2024-07-23,4862.9705,4862.9705,4722.7994,4722.7994,2024-07-23
000905.SH,2024-07-24,4712.287,4738.762,4661.8271,4668.0621,2024-07-24
000905.SH,2024-07-25,4644.4217,4710.4627,4635.244,4665.4488,2024-07-25
000905.SH,2024-07-26,4670.4463,4744.4537,4670.4463,4736.3771,2024-07-26
000905.SH,2024-07-29,4740.499,4742.1481,4702.9803,4708.8443,2024-07-29
000905.SH,2024-07-30,4694.5247,4712.0417,4650.5592,4699.282,2024-07-30
000905.SH,2024-07-31,4694.7288,4887.9192,4687.0458,4886.4136,2024-07-31
000905.SH,2024-08-01,4893.8709,4928.2412,4834.6536,4852.9725,2024-08-01
000905.SH,2024-08-02,4816.9369,4874.7114,4783.115,4788.6159,2024-08-02
000905.SH,2024-08-05,4756.0755,4846.542,4693.8165,4693.8478,2024-08-05
000905.SH,2024-08-06,4740.4539,4774.9279,4699.1769,4750.776,2024-08-06
000905.SH,2024-08-07,4747.9803,4783.4202,4719.938,4751.9408,2024-08-07
000905.SH,2024-08-08,4737.0927,4791.6592,4701.7856,4755.8149,2024-08-08
000905.SH,2024-08-09,4778.2568,4805.0992,4720.3104,4720.3104,2024-08-09
000905.SH,2024-08-12,4716.9605,4737.1908,4696.0525,4714.1586,2024-08-12
000905.SH,2024-08-13,4713.9598,4731.8353,4680.5879,4731.8353,2024-08-13
000905.SH,2024-08-14,4729.8146,4730.2369,4667.0731,4667.0731,2024-08-14
000905.SH,2024-08-15,4656.695,4746.4095,4647.7947,4698.375,2024-08-15
000905.SH,2024-08-16,4703.6042,4708.0187,4662.1132,4670.3789,2024-08-16
000905.SH,2024-08-19,4666.3308,4729.8742,4666.2577,4682.9628,2024-08-19
000905.SH,2024-08-20,4684.2948,4686.3633,4590.3913,4602.0095,2024-08-20
000905.SH,2024-08-21,4589.0885,4610.8666,4582.2653,4587.1218,2024-08-21
000905.SH,2024-08-22,4589.4956,4595.0496,4526.2499,4533.3695,2024-08-22
000905.SH,2024-08-23,4523.9907,4549.3026,4513.2038,4537.0872,2024-08-23
000905.SH,2024-08-26,4542.8564,4558.5917,4523.7274,4544.3594,2024-08-26
000905.SH,2024-08-27,4532.4861,4532.4861,4487.0915,4495.2856,2024-08-27
000905.SH,2024-08-28,4486.4311,4527.7686,4482.0324,4500.0088,2024-08-28
000905.SH,2024-08-29,4483.5534,4577.7919,4475.2228,4557.9006,2024-08-29
000905.SH,2024-08-30,4557.5014,4704.3407,4548.3827,4639.1144,2024-08-30
000905.SH,2024-09-02,4631.9003,4632.3107,4546.8393,4546.8832,2024-09-02
000905.SH,2024-09-03,4543.2198,4612.2826,4543.2198,4596.4819,2024-09-03
000905.SH,2024-09-04,4567.6858,4623.3782,4552.3037,4582.084,2024-09-04
000905.SH,2024-09-05,4585.1677,4630.6388,4582.0535,4601.0911,2024-09-05
000905.SH,2024-09-06,4609.3419,4613.3097,4535.3486,4537.4544,2024-09-06
000905.SH,2024-09-09,4517.5658,4541.7935,4487.8427,4507.1866,2024-09-09
000905.SH,2024-09-10,4509.3236,4528.6691,4432.9128,4507.7074,2024-09-10
000905.SH,2024-09-11,4490.1867,4529.3452,4479.0306,4514.9158,2024-09-11
000905.SH,2024-09-12,4518.9882,4568.7462,4496.5919,4496.5919,2024-09-12
000905.SH,2024-09-13,4500.3949,4509.072,4450.9587,4450.9587,2024-09-13
000905.SH,2024-09-18,4450.089,4474.722,4397.161,4462.8701,2024-09-18
000905.SH,2024-09-19,4481.4635,4565.3899,4437.5363,4520.3939,2024-09-19
000905.SH,2024-09-20,4514.9598,4515.8064,4471.9438,4498.3901,2024-09-20
000905.SH,2024-09-23,4495.7805,4545.5411,4483.13,4494.6878,2024-09-23
000905.SH,2024-09-24,4524.2214,4690.5736,4503.1245,4689.5964,2024-09-24
000905.SH,2024-09-25,4743.6343,4847.2034,4724.4301,4731.4755,2024-09-25
000905.SH,2024-09-26,4725.996,4938.1839,4719.3492,4938.1839,2024-09-26
000905.SH,2024-09-27,5027.2644,5227.9577,5021.5148,5201.6656,2024-09-27
000905.SH,2024-09-30,5449.7889,5757.9213,5387.338,5743.217,2024-09-30
000905.SH,2024-10-08,6417.8142,6417.8142,5868.8525,6155.5817,2024-10-08
000905.SH,2024-10-09,6013.7015,6088.0804,5704.4779,5735.641,2024-10-09
000905.SH,2024-10-10,5768.6107,5875.9358,5597.4766,5690.8822,2024-10-10
000905.SH,2024-10-11,5650.0488,5652.852,5408.8696,5470.8133,2024-10-11
000905.SH,2024-10-14,5503.6461,5623.9685,5408.3917,5608.153,2024-10-14
000905.SH,2024-10-15,5578.2611,5661.0749,5471.8807,5472.56,2024-10-15
000905.SH,2024-10-16,5393.6657,5546.1764,5393.6657,5461.0877,2024-10-16
000905.SH,2024-10-17,5499.7659,5541.0331,5417.881,5418.9883,2024-10-17
000905.SH,2024-10-18,5416.0319,5774.1408,5404.2035,5640.0198,2024-10-18
000905.SH,2024-10-21,5680.5648,5797.8808,5631.2316,5704.225,2024-10-21
000905.SH,2024-10-22,5703.3196,5779.2983,5673.7901,5753.8497,2024-10-22
000905.SH,2024-10-23,5745.1069,5853.4555,5727.7736,5776.383,2024-10-23
000905.SH,2024-10-24,5747.5577,5759.8651,5694.7789,5726.7041,2024-10-24
000905.SH,2024-10-25,5735.2853,5855.2647,5729.4384,5809.6879,2024-10-25
000905.SH,2024-10-28,5816.3296,5883.7203,5787.4843,5883.7203,2024-10-28
000905.SH,2024-10-29,5903.3065,5917.2149,5807.29,5812.5286,2024-10-29
000905.SH,2024-10-30,5793.8326,5869.1113,5777.43,5837.9338,2024-10-30
000905.SH,2024-10-31,5839.9766,5935.1827,5812.0324,5901.2904,2024-10-31
000905.SH,2024-11-01,5893.3192,5934.2031,5795.0805,5831.8217,2024-11-01
000905.SH,2024-11-04,5835.3918,5928.9085,5835.3918,5928.9085,2024-11-04
000905.SH,2024-11-05,5925.8652,6119.2536,5910.8887,6111.9707,2024-11-05
000905.SH,2024-11-06,6134.9236,6204.5331,6081.8065,6125.7868,2024-11-06
000905.SH,2024-11-07,6061.7349,6240.7574,6049.587,6239.5598,2024-11-07
000905.SH,2024-11-08,6306.7986,6333.6792,6206.2949,6222.445,2024-11-08
000905.SH,2024-11-11,6211.0328,6330.8046,6199.0563,6330.6152,2024-11-11
000905.SH,2024-11-12,6349.2295,6382.9784,6205.0988,6263.883,2024-11-12
000905.SH,2024-11-13,6234.1577,6282.2777,6162.8979,6259.8412,2024-11-13
000905.SH,2024-11-14,6240.6093,6240.6093,6068.6584,6078.3051,2024-11-14
000905.SH,2024-11-15,6055.5354,6093.4226,5924.35,5924.4834,2024-11-15
000905.SH,2024-11-18,5940.4862,5977.4919,5799.9082,5833.0358,2024-11-18
000905.SH,2024-11-19,5836.6108,5936.9347,5776.2017,5936.6015,2024-11-19
000905.SH,2024-11-20,5920.3229,6015.2339,5909.106,5992.3904,2024-11-20
000905.SH,2024-11-21,5973.1547,6009.6285,5937.8052,5985.3128,2024-11-21
000905.SH,2024-11-22,5969.0753,5983.3393,5750.2457,5750.2457,2024-11-22
000905.SH,2024-11-25,5754.5473,5774.8166,5662.0946,5735.6493,2024-11-25
000905.SH,2024-11-26,5727.3734,5773.3559,5688.5764,5690.4792,2024-11-26
000905.SH,2024-11-27,5669.5549,5805.635,5603.9955,5804.9368,2024-11-27
000905.SH,2024-11-28,5802.797,5826.4882,5749.2874,5757.5965,2024-11-28
000905.SH,2024-11-29,5748.1665,5899.873,5736.4093,5851.9385,2024-11-29
000905.SH,2024-12-02,5853.7053,5956.5981,5848.4235,5943.6245,2024-12-02
000905.SH,2024-12-03,5946.7352,5954.6607,5877.8012,5932.1207,2024-12-03
000905.SH,2024-12-04,5929.4763,5940.8545,5850.9094,5879.2695,2024-12-04
000905.SH,2024-12-05,5855.7419,5923.6243,5853.527,5901.9859,2024-12-05
000905.SH,2024-12-06,5903.4988,6011.7691,5877.0434,5979.197,2024-12-06
000905.SH,2024-12-09,5983.3343,6004.2343,5911.3619,5947.1089,2024-12-09
000905.SH,2024-12-10,6132.291,6141.0655,5982.5833,5992.0937,2024-12-10
000905.SH,2024-12-11,5973.326,6051.4718,5972.2696,6047.105,2024-12-11
000905.SH,2024-12-12,6048.7814,6107.7146,6023.2343,6100.3945,2024-12-12
000905.SH,2024-12-13,6065.9542,6065.9542,5988.292,5988.292,2024-12-13
000905.SH,2024-12-16,5983.1598,5991.5772,5888.0426,5912.6014,2024-12-16
000905.SH,2024-12-17,5896.9676,5924.6244,5837.2514,5848.1628,2024-12-17
000905.SH,2024-12-18,5861.2624,5921.9798,5853.1628,5888.6162,2024-12-18
000905.SH,2024-12-19,5829.2631,5918.4895,5816.4729,5901.9155,2024-12-19
000905.SH,2024-12-20,5889.946,5962.4154,5889.946,5917.1751,2024-12-20
000905.SH,2024-12-23,5917.6939,5935.1523,5815.3415,5818.551,2024-12-23
000905.SH,2024-12-24,5827.1597,5897.1946,5827.1597,5895.2595,2024-12-24
000905.SH,2024-12-25,5896.4295,5897.5101,5796.6475,5840.2889,2024-12-25
000905.SH,2024-12-26,5830.7212,5897.4827,5830.7212,5887.0605,2024-12-26
000905.SH,2024-12-27,5892.6943,5975.7919,5881.7173,5899.1665,2024-12-27
000905.SH,2024-12-30,5890.4633,5928.5718,5867.8538,5898.884,2024-12-30
000905.SH,2024-12-31,5902.033,5905.463,5725.7324,5725.7324,2024-12-31
000905.SH,2025-01-02,5717.9157,5722.1107,5498.8216,5545.8174,2025-01-02
000905.SH,2025-01-03,5552.75,5581.3978,5419.7429,5427.8041,2025-01-03
000905.SH,2025-01-06,5421.0653,5482.6253,5384.3326,5427.1007,2025-01-06
000905.SH,2025-01-07,5429.1729,5485.5848,5405.1327,5484.6847,2025-01-07
000905.SH,2025-01-08,5462.324,5501.6555,5326.9259,5461.5861,2025-01-08
000905.SH,2025-01-09,5437.8128,5493.6799,5436.7036,5456.5863,2025-01-09
000905.SH,2025-01-10,5449.0014,5496.3833,5369.2811,5369.2811,2025-01-10
000905.SH,2025-01-13,5319.7013,5422.0115,5319.2741,5381.6974,2025-01-13
000905.SH,2025-01-14,5393.763,5582.835,5378.5875,5572.2722,2025-01-14
000905.SH,2025-01-15,5559.5785,5569.1895,5509.5757,5522.459,2025-01-15
000905.SH,2025-01-16,5546.6997,5633.8547,5508.9146,5545.6336,2025-01-16
000905.SH,2025-01-17,5524.205,5621.9367,5519.4109,5587.2939,2025-01-17
000905.SH,2025-01-20,5621.9247,5665.183,5598.1584,5614.3311,2025-01-20
000905.SH,2025-01-21,5639.6037,5642.9168,5573.5002,5633.9249,2025-01-21
000905.SH,2025-01-22,5606.8472,5618.581,5567.7793,5607.0594,2025-01-22
000905.SH,2025-01-23,5659.3685,5717.6887,5584.2548,5584.2548,2025-01-23
000905.SH,2025-01-24,5570.48,5660.4337,5570.48,5649.9504,2025-01-24
000905.SH,2025-01-27,5660.4848,5676.0261,5589.3432,5589.3432,2025-01-27
000905.SH,2025-02-05,5643.1747,5646.0366,5588.5558,5614.3872,2025-02-05
000905.SH,2025-02-06,5606.8707,5749.0232,5597.3246,5747.9012,2025-02-06
000905.SH,2025-02-07,5750.2887,5889.4279,5741.7326,5833.9883,2025-02-07
000905.SH,2025-02-10,5858.2425,5895.4055,5836.1713,5888.5509,2025-02-10
000905.SH,2025-02-11,5890.3732,5890.3732,5827.3777,5858.2805,2025-02-11
000905.SH,2025-02-12,5841.3618,5940.5374,5841.3188,5940.5299,2025-02-12
000905.SH,2025-02-13,5938.2034,5957.5798,5889.6952,5898.2611,2025-02-13
000905.SH,2025-02-14,5893.9342,5954.477,5886.9501,5947.796,2025-02-14
000905.SH,2025-02-17,5979.8446,5985.3644,5906.2661,5948.7197,2025-02-17
000905.SH,2025-02-18,5935.4993,5947.9342,5816.0511,5840.7112,2025-02-18
000905.SH,2025-02-19,5834.9547,5945.3461,5831.4815,5943.8823,2025-02-19
000905.SH,2025-02-20,5941.599,5977.7301,5920.5681,5957.5465,2025-02-20
000905.SH,2025-02-21,5969.6462,6061.824,5943.1948,6057.0648,2025-02-21
000905.SH,2025-02-24,6057.3801,6079.0169,6007.1786,6044.973,2025-02-24
000905.SH,2025-02-25,5967.0367,6044.7559,5956.1761,5979.9653,2025-02-25
000905.SH,2025-02-26,5990.2901,6055.8727,5973.8574,6051.7401,2025-02-26
000905.SH,2025-02-27,6050.1864,6064.491,5940.3354,6028.9856,2025-02-27
000905.SH,2025-02-28,5997.9175,6007.4724,5847.1512,5859.8708,2025-02-28
000905.SH,2025-03-03,5875.9522,5964.2684,5851.56,5885.7696,2025-03-03
000905.SH,2025-03-04,5845.4712,5943.0837,5843.4633,5937.6302,2025-03-04
000905.SH,2025-03-05,5937.1074,5955.8988,5892.5332,5950.7034,2025-03-05
000905.SH,2025-03-06,5980.3798,6062.5412,5972.6039,6047.7734,2025-03-06
000905.SH,2025-03-07,6029.3813,6067.3481,5989.3206,6013.7747,2025-03-07
000905.SH,2025-03-10,6022.6814,6041.5219,5971.8131,6013.6191,2025-03-10
000905.SH,2025-03-11,5944.4197,6044.9742,5942.9124,6044.9742,2025-03-11
000905.SH,2025-03-12,6068.3762,6098.2352,6038.8221,6040.4965,2025-03-12
000905.SH,2025-03-13,6032.8545,6050.1782,5947.7816,5993.967,2025-03-13
000905.SH,2025-03-14,5993.9702,6099.9809,5978.5321,6099.9809,2025-03-14
000905.SH,2025-03-17,6119.6064,6129.8543,6098.5079,6108.0176,2025-03-17
000905.SH,2025-03-18,6126.0357,6161.2281,6114.2064,6133.3018,2025-03-18
000905.SH,2025-03-19,6117.4233,6128.2297,6076.5643,6101.4369,2025-03-19
000905.SH,2025-03-20,6094.8426,6109.1829,6055.3811,6059.4859,2025-03-20
000905.SH,2025-03-21,6038.9899,6071.0846,5951.7952,5971.9302,2025-03-21
000905.SH,2025-03-24,5973.0466,5987.0606,5882.878,5969.0789,2025-03-24
000905.SH,2025-03-25,5969.4164,5993.9312,5929.6734,5946.951,2025-03-25
000905.SH,2025-03-26,5935.8537,5983.4739,5935.8537,5948.4986,2025-03-26
000905.SH,2025-03-27,5932.5165,6000.6615,5891.7664,5957.6017,2025-03-27
000905.SH,2025-03-28,5954.7297,5973.8015,5904.9159,5916.0314,2025-03-28
000905.SH,2025-03-31,5886.956,5908.3026,5802.4187,5857.7721,2025-03-31
000905.SH,2025-04-01,5870.9424,5931.5038,5867.848,5892.8502,2025-04-01
000905.SH,2025-04-02,5884.8925,5936.6467,5884.1126,5899.0865,2025-04-02
000905.SH,2025-04-03,5842.6167,5906.7057,5817.9662,5845.5045,2025-04-03
000905.SH,2025-04-07,5523.9636,5587.8502,5212.6773,5287.0333,2025-04-07
000905.SH,2025-04-08,5279.7566,5371.1834,5249.2318,5326.914,2025-04-08
000905.SH,2025-04-09,5249.6841,5465.1449,5135.9655,5439.7716,2025-04-09
000905.SH,2025-04-10,5534.559,5610.1895,5513.9544,5544.0646,2025-04-10
000905.SH,2025-04-11,5514.188,5631.5954,5510.8949,5581.3184,2025-04-11
000905.SH,2025-04-14,5633.7792,5661.8049,5608.7297,5627.1375,2025-04-14
000905.SH,2025-04-15,5625.0005,5626.677,5567.0271,5602.534,2025-04-15
000905.SH,2025-04-16,5589.7769,5592.6741,5492.6546,5556.8642,2025-04-16
000905.SH,2025-04-17,5527.5905,5604.6198,5526.8881,5557.0105,2025-04-17
000905.SH,2025-04-18,5546.9666,5579.4791,5525.4046,5560.7207,2025-04-18
000905.SH,2025-04-21,5556.5126,5646.2179,5535.6994,5642.3805,2025-04-21
000905.SH,2025-04-22,5634.8936,5651.5541,5617.8786,5624.209,2025-04-22
000905.SH,2025-04-23,5647.9148,5670.2595,5614.7677,5634.9487,2025-04-23
000905.SH,2025-04-24,5633.024,5651.5343,5583.4302,5605.8796,2025-04-24
000905.SH,2025-04-25,5613.1407,5661.5869,5596.5266,5627.1804,2025-04-25
000905.SH,2025-04-28,5624.4166,5628.0778,5587.7857,5598.2951,2025-04-28
000905.SH,2025-04-29,5583.7186,5622.022,5571.2363,5604.9057,2025-04-29
000905.SH,2025-04-30,5604.6537,5647.7821,5603.1718,5631.8249,2025-04-30
000905.SH,2025-05-06,5668.8762,5740.3338,5666.4698,5740.3338,2025-05-06
000905.SH,2025-05-07,5805.656,5819.2422,5713.2734,5750.2911,2025-05-07
000905.SH,2025-05-08,5731.7157,5783.7915,5724.9511,5773.8056,2025-05-08
000905.SH,2025-05-09,5770.441,5770.441,5705.1654,5721.7225,2025-05-09
000905.SH,2025-05-12,5751.4372,5794.5161,5737.4622,5793.6743,2025-05-12
000905.SH,2025-05-13,5838.0341,5838.0341,5772.0723,5781.6683,2025-05-13
000905.SH,2025-05-14,5778.0791,5835.4912,5750.5367,5799.1191,2025-05-14
000905.SH,2025-05-15,5786.7833,5786.7833,5715.2938,5715.2966,2025-05-15
000905.SH,2025-05-16,5703.7354,5735.0121,5703.7354,5715.8491,2025-05-16
000905.SH,2025-05-19,5719.4381,5729.0703,5669.7208,5720.7949,2025-05-19
000905.SH,2025-05-20,5723.5055,5759.4582,5707.8101,5747.367,2025-05-20
000905.SH,2025-05-21,5741.6885,5763.0788,5733.8275,5757.9225,2025-05-21
000905.SH,2025-05-22,5739.1909,5757.7946,5701.1614,5703.2797,2025-05-22
000905.SH,2025-05-23,5697.1362,5738.0829,5653.0436,5653.0436,2025-05-23
000905.SH,2025-05-26,5653.2063,5693.625,5644.5794,5669.4609,2025-05-26
000905.SH,2025-05-27,5666.3027,5667.871,5629.1343,5652.1454,2025-05-27
000905.SH,2025-05-28,5651.8755,5660.4696,5628.4165,5637.2378,2025-05-28
000905.SH,2025-05-29,5637.0633,5724.5185,5637.0633,5719.9101,2025-05-29
000905.SH,2025-05-30,5704.771,5704.771,5665.5177,5671.0723,2025-05-30
000905.SH,2025-06-03,5653.6747,5710.4203,5653.2978,5694.8385,2025-06-03
000905.SH,2025-06-04,5696.5692,5744.4543,5696.5692,5739.0058,2025-06-04
000905.SH,2025-06-05,5741.0298,5778.0959,5719.5466,5769.9675,2025-06-05
000905.SH,2025-06-06,5768.3989,5771.7558,5750.6592,5762.0778,2025-06-06
000905.SH,2025-06-09,5772.7792,5823.899,5765.3547,5805.6543,2025-06-09
000905.SH,2025-06-10,5809.8283,5810.9224,5715.9712,5757.9921,2025-06-10
000905.SH,2025-06-11,5758.5287,5818.5734,5758.5287,5792.9464,2025-06-11
000905.SH,2025-06-12,5780.967,5808.8047,5766.5212,5799.9319,2025-06-12
000905.SH,2025-06-13,5783.156,5794.6698,5728.2114,5740.2397,2025-06-13
000905.SH,2025-06-16,5725.0029,5775.9487,5725.0029,5767.8083,2025-06-16
000905.SH,2025-06-17,5772.296,5776.6325,5734.829,5750.9122,2025-06-17
000905.SH,2025-06-18,5740.1556,5753.7124,5709.8031,5745.8714,2025-06-18
000905.SH,2025-06-19,5733.8068,5750.4643,5660.0504,5676.8317,2025-06-19
000905.SH,2025-06-20,5669.0901,5688.7362,5636.7846,5639.513,2025-06-20
000905.SH,2025-06-23,5613.2813,5684.3973,5613.2813,5674.1704,2025-06-23
000905.SH,2025-06-24,5683.4622,5766.0189,5683.4622,5765.8373,2025-06-24
000905.SH,2025-06-25,5777.7404,5866.5246,5776.1237,5862.5529,2025-06-25
000905.SH,2025-06-26,5868.2924,5885.2508,5835.3395,5838.2454,2025-06-26
000905.SH,2025-06-27,5850.4252,5905.6962,5839.5775,5863.7282,2025-06-27
000905.SH,2025-06-30,5877.6748,5918.3068,5872.2251,5915.3876,2025-06-30
000905.SH,2025-07-01,5915.8043,5936.9237,5890.114,5934.67,2025-07-01
000905.SH,2025-07-02,5922.5407,5922.5407,5873.8918,5892.9505,2025-07-02
000905.SH,2025-07-03,5896.2403,5929.7268,5885.943,5922.66,2025-07-03
000905.SH,2025-07-04,5917.753,5969.3028,5889.7303,5911.4352,2025-07-04
000905.SH,2025-07-07,5901.4018,5910.8036,5889.6023,5900.4056,2025-07-07
000905.SH,2025-07-08,5903.1017,5979.6273,5903.1017,5977.7437,2025-07-08
000905.SH,2025-07-09,5980.6451,5992.1349,5940.1761,5953.4871,2025-07-09
000905.SH,2025-07-10,5950.9657,6000.6858,5942.2901,5983.0505,2025-07-10
000905.SH,2025-07-11,5985.8236,6057.6225,5963.2571,6027.0789,2025-07-11
000905.SH,2025-07-14,6033.1782,6042.8856,6011.6872,6020.8585,2025-07-14
000905.SH,2025-07-15,6018.6274,6049.7867,5973.7969,6018.7583,2025-07-15
000905.SH,2025-07-16,6019.5765,6061.199,5997.1633,6017.1947,2025-07-16
000905.SH,2025-07-17,6013.7141,6082.4644,6013.0436,6082.4644,2025-07-17
000905.SH,2025-07-18,6092.2296,6112.1098,6073.6384,6099.6104,2025-07-18
000905.SH,2025-07-21,6115.0255,6162.4401,6110.988,6161.3086,2025-07-21
000905.SH,2025-07-22,6166.6164,6215.4058,6152.8142,6213.4072,2025-07-22
000905.SH,2025-07-23,6218.2069,6256.1516,6187.0121,6196.7577,2025-07-23
000905.SH,2025-07-24,6197.8532,6293.5984,6197.8532,6293.5984,2025-07-24
000905.SH,2025-07-25,6297.6255,6311.1687,6276.4156,6299.5908,2025-07-25
000905.SH,2025-07-28,6305.2247,6329.0304,6271.93,6323.4198,2025-07-28
000905.SH,2025-07-29,6308.1228,6356.1497,6272.3139,6356.1327,2025-07-29
000905.SH,2025-07-30,6345.3737,6368.2693,6269.5128,6314.6873,2025-07-30
000905.SH,2025-07-31,6297.9122,6322.0651,6206.1902,6226.3432,2025-07-31
000905.SH,2025-08-01,6221.0505,6253.6575,6177.4781,6213.2014,2025-08-01
000905.SH,2025-08-04,6190.3443,6261.9617,6187.6219,6261.7313,2025-08-04
000905.SH,2025-08-05,6277.0114,6303.2359,6272.5062,6303.2359,2025-08-05
000905.SH,2025-08-06,6298.9291,6357.5899,6293.2247,6357.3769,2025-08-06
000905.SH,2025-08-07,6356.3322,6366.2138,6299.4929,6337.5425,2025-08-07
000905.SH,2025-08-08,6324.1746,6351.3348,6308.1478,6323.4999,2025-08-08
000905.SH,2025-08-11,6335.4267,6404.8331,6335.4267,6391.7595,2025-08-11
000905.SH,2025-08-12,6392.4021,6418.1595,6360.1093,6418.1595,2025-08-12
000905.SH,2025-08-13,6422.7889,6514.4558,6422.2147,6508.0978,2025-08-13
000905.SH,2025-08-14,6509.2085,6519.7938,6411.9209,6429.8462,2025-08-14
000905.SH,2025-08-15,6417.3889,6570.4994,6417.3889,6568.57,2025-08-15
000905.SH,2025-08-18,6612.9878,6709.7812,6580.4373,6668.1726,2025-08-18
000905.SH,2025-08-19,6663.157,6707.1139,6631.1193,6655.3105,2025-08-19
000905.SH,2025-08-20,6623.6138,6728.0692,6598.5506,6728.0692,2025-08-20
000905.SH,2025-08-21,6739.6899,6767.3225,6673.0608,6704.1657,2025-08-21
000905.SH,2025-08-22,6704.0297,6823.3626,6704.0297,6822.8469,2025-08-22
000905.SH,2025-08-25,6886.2682,6967.7963,6863.9322,6951.8955,2025-08-25
000905.SH,2025-08-26,6928.2862,7008.9627,6910.4055,6964.0653,2025-08-26
000905.SH,2025-08-27,6964.7697,7074.6302,6862.5624,6862.5624,2025-08-27
000905.SH,2025-08-28,6858.5028,7011.1602,6798.9335,7011.1602,2025-08-28
000905.SH,2025-08-29,7030.2741,7078.923,6990.7532,7043.9416,2025-08-29
000905.SH,2025-09-01,7087.7337,7110.687,7038.3444,7110.2882,2025-09-01
000905.SH,2025-09-02,7108.9446,7108.9446,6909.7234,6961.6894,2025-09-02
000905.SH,2025-09-03,6988.0205,7003.2681,6846.1814,6868.4615,2025-09-03
000905.SH,2025-09-04,6884.3577,6906.6919,6607.9849,6698.4474,2025-09-04
000905.SH,2025-09-05,6709.145,6919.336,6678.5997,6913.9532,2025-09-05
000905.SH,2025-09-08,6927.4071,6995.7178,6896.6601,6992.1169,2025-09-08
000905.SH,2025-09-09,6959.9373,6999.7308,6895.5091,6928.9651,2025-09-09
000905.SH,2025-09-10,6911.1119,6977.7671,6870.4039,6932.1092,2025-09-10
000905.SH,2025-09-11,6924.3036,7123.0523,6889.5863,7122.7051,2025-09-11
000905.SH,2025-09-12,7115.6102,7200.1556,7112.4216,7147.7489,2025-09-12
000905.SH,2025-09-15,7170.4123,7174.8905,7126.8293,7137.3627,2025-09-15
000905.SH,2025-09-16,7152.1887,7195.4246,7080.427,7190.9928,2025-09-16
000905.SH,2025-09-17,7184.2638,7265.3931,7159.6665,7260.0353,2025-09-17
000905.SH,2025-09-18,7248.2786,7350.9772,7115.6308,7199.8828,2025-09-18
000905.SH,2025-09-19,7200.692,7231.9992,7142.061,7170.3488,2025-09-19
000905.SH,2025-09-22,7182.8876,7225.8581,7143.0754,7225.1281,2025-09-22
000905.SH,2025-09-23,7240.8466,7250.8156,7045.5606,7180.7137,2025-09-23
000905.SH,2025-09-24,7140.3128,7327.0207,7133.4321,7323.7093,2025-09-24
000905.SH,2025-09-25,7325.6602,7379.6109,7312.3508,7341.3238,2025-09-25
000905.SH,2025-09-26,7311.8433,7351.7931,7237.0459,7240.9114,2025-09-26
000905.SH,2025-09-29,7251.5221,7377.2217,7216.7357,7350.5599,2025-09-29
000905.SH,2025-09-30,7372.524,7428.0307,7372.0634,7412.3684,2025-09-30
000905.SH,2025-10-09,7470.0474,7559.092,7437.3242,7548.9226,2025-10-09
000905.SH,2025-10-10,7499.3917,7509.1161,7373.9841,7398.2241,2025-10-10
000905.SH,2025-10-13,7135.104,7391.8246,7135.104,7376.5636,2025-10-13
000905.SH,2025-10-14,7434.1149,7459.0156,7166.0822,7194.8509,2025-10-14
000905.SH,2025-10-15,7205.7367,7294.0014,7153.4185,7294.0014,2025-10-15
000905.SH,2025-10-16,7269.2587,7305.9472,7206.4433,7231.5336,2025-10-16
000905.SH,2025-10-17,7226.4214,7254.5786,7009.8906,7016.0661,2025-10-17
000905.SH,2025-10-20,7092.8836,7129.9939,7033.3835,7069.6412,2025-10-20
000905.SH,2025-10-21,7095.6159,7193.73,7082.2995,7185.624,2025-10-21
000905.SH,2025-10-22,7135.2084,7166.5571,7101.8265,7128.4776,2025-10-22
000905.SH,2025-10-23,7108.8545,7153.6555,7022.2945,7142.9536,2025-10-23
000905.SH,2025-10-24,7175.9233,7258.5343,7174.351,7258.5343,2025-10-24
000905.SH,2025-10-27,7336.2041,7391.2121,7302.0165,7379.3941,2025-10-27
000905.SH,2025-10-28,7344.4539,7404.756,7308.2722,7341.0304,2025-10-28
000905.SH,2025-10-29,7350.7566,7480.9666,7350.7566,7480.9666,2025-10-29
000905.SH,2025-10-30,7462.4326,7463.6529,7375.2391,7385.7109,2025-10-30
000905.SH,2025-10-31,7385.7423,7430.8564,7331.0031,7331.0031,2025-10-31
000905.SH,2025-11-03,7327.12,7336.5108,7214.8331,7333.6013,2025-11-03
000905.SH,2025-11-04,7315.1888,7323.7044,7167.3474,7210.8253,2025-11-04
000905.SH,2025-11-05,7098.9557,7257.84,7098.9557,7229.341,2025-11-05
000905.SH,2025-11-06,7243.1959,7352.1766,7243.1959,7345.723,2025-11-06
000905.SH,2025-11-07,7307.2959,7371.4378,7285.8192,7327.9108,2025-11-07
000905.SH,2025-11-10,7357.3392,7384.7854,7289.7682,7343.8017,2025-11-10
000905.SH,2025-11-11,7364.9251,7379.806,7281.9746,7291.6084,2025-11-11
000905.SH,2025-11-12,7264.792,7305.8564,7187.8685,7243.2483,2025-11-12
000905.SH,2025-11-13,7243.64,7366.4121,7243.64,7355.2911,2025-11-13
000905.SH,2025-11-14,7283.6993,7329.5958,7235.4617,7235.4617,2025-11-14
000905.SH,2025-11-17,7248.9216,7262.3306,7202.5932,7235.3512,2025-11-17
000905.SH,2025-11-18,7215.0302,7230.5416,7118.4085,7151.0176,2025-11-18
000905.SH,2025-11-19,7141.2641,7178.1495,7086.1232,7122.7465,2025-11-19
000905.SH,2025-11-20,7174.1046,7180.732,7056.9003,7061.9497,2025-11-20
000905.SH,2025-11-21,6955.7485,6986.7784,6817.4103,6817.4103,2025-11-21
000905.SH,2025-11-24,6856.7546,6905.9229,6797.4956,6868.9664,2025-11-24
000905.SH,2025-11-25,6915.1233,7018.4695,6912.3198,6954.6034,2025-11-25
000905.SH,2025-11-26,6946.0812,7024.8824,6936.8765,6965.0453,2025-11-26
000905.SH,2025-11-27,6970.7329,7045.8447,6943.4443,6951.2844,2025-11-27
000905.SH,2025-11-28,6947.2369,7031.7124,6941.4833,7031.5505,2025-11-28
000905.SH,2025-12-01,7053.8471,7101.8323,7040.8033,7101.8323,2025-12-01
000905.SH,2025-12-02,7084.799,7085.3031,7022.6102,7040.3008,2025-12-02
000905.SH,2025-12-03,7044.8568,7064.16,6975.0888,6996.3552,2025-12-03
000905.SH,2025-12-04,7001.6423,7039.7157,6958.6322,7012.8061,2025-12-04
000905.SH,2025-12-05,7008.6492,7104.0208,6965.8064,7097.8389,2025-12-05
000905.SH,2025-12-08,7119.051,7193.723,7114.3234,7172.3671,2025-12-08
000905.SH,2025-12-09,7150.9729,7185.1071,7103.8325,7121.3256,2025-12-09
000905.SH,2025-12-10,7111.5705,7171.9733,7070.4751,7155.9944,2025-12-10
000905.SH,2025-12-11,7171.2079,7179.4249,7082.8932,7082.8932,2025-12-11
000905.SH,2025-12-12,7088.1001,7187.0997,7063.8407,7169.791,2025-12-12
000905.SH,2025-12-15,7121.3805,7177.1541,7110.6781,7113.962,2025-12-15
000905.SH,2025-12-16,7101.6696,7102.7717,6962.6451,7001.3188,2025-12-16
000905.SH,2025-12-17,7002.5064,7160.7763,6988.871,7137.8339,2025-12-17
000905.SH,2025-12-18,7096.9815,7172.9624,7094.5396,7100.8359,2025-12-18
000905.SH,2025-12-19,7124.4045,7197.0681,7117.1583,7169.5511,2025-12-19
000905.SH,2025-12-22,7205.489,7277.386,7205.489,7255.6607,2025-12-22
000905.SH,2025-12-23,7257.9076,7297.7034,7228.7225,7256.7864,2025-12-23
000905.SH,2025-12-24,7257.615,7362.5704,7247.4054,7352.0396,2025-12-24
000905.SH,2025-12-25,7341.9223,7426.1367,7334.3404,7410.7119,2025-12-25
000905.SH,2025-12-26,7422.6014,7484.9158,7397.4255,7458.8386,2025-12-26
000905.SH,2025-12-29,7467.5042,7491.6926,7411.4472,7430.6147,2025-12-29
000905.SH,2025-12-30,7390.1398,7495.0606,7389.8691,7458.936,2025-12-30
000905.SH,2025-12-31,7473.7519,7488.0663,7435.0664,7465.5742,2025-12-31
000905.SH,2026-01-05,7523.8754,7651.2383,7523.2477,7651.1981,2026-01-05
000905.SH,2026-01-06,7663.9415,7814.6506,7663.6621,7814.1356,2026-01-06
000905.SH,2026-01-07,7838.9115,7909.6559,7828.3941,7875.0822,2026-01-07
000905.SH,2026-01-08,7853.2089,7938.5946,7849.0679,7894.5447,2026-01-08
000905.SH,2026-01-09,7907.8485,8064.7584,7907.8485,8056.6858,2026-01-09
000905.SH,2026-01-12,8141.6262,8261.3544,8103.2382,8249.1275,2026-01-12
000905.SH,2026-01-13,8270.4224,8270.4224,8106.6099,8143.28,2026-01-13
000905.SH,2026-01-14,8165.352,8368.2215,8123.4045,8227.697,2026-01-14
000905.SH,2026-01-15,8170.3486,8249.0307,8148.7884,8223.2683,2026-01-15
000905.SH,2026-01-16,8241.6934,8292.7409,8204.5254,8232.674,2026-01-16
000905.SH,2026-01-19,8199.4986,8318.3703,8195.089,8287.947,2026-01-19
000905.SH,2026-01-20,8307.6416,8342.8738,8142.1424,8247.8049,2026-01-20
000905.SH,2026-01-21,8196.5565,8351.4545,8196.5565,8340.1133,2026-01-21
000905.SH,2026-01-22,8355.6781,8396.1328,8337.195,8387.595,2026-01-22
000905.SH,2026-01-23,8422.3561,8590.1659,8417.752,8590.1659,2026-01-23
000905.SH,2026-01-26,8624.8883,8671.3461,8453.4762,8506.6932,2026-01-26
000905.SH,2026-01-27,8464.6504,8581.1049,8368.1751,8548.9321,2026-01-27
000905.SH,2026-01-28,8565.3388,8633.1468,8526.5335,8601.1644,2026-01-28
000905.SH,2026-01-29,8584.6806,8658.9445,8503.0945,8517.8429,2026-01-29
000905.SH,2026-01-30,8439.6524,8496.3367,8194.5842,8370.5203,2026-01-30
000905.SH,2026-02-02,8279.7152,8324.4341,8032.35,8037.0456,2026-02-02
000905.SH,2026-02-03,8135.8699,8286.7005,8075.3738,8286.7005,2026-02-03
000905.SH,2026-02-04,8270.842,8309.8579,8179.3522,8299.0574,2026-02-04
000905.SH,2026-02-05,8203.0627,8224.7847,8081.4283,8146.1073,2026-02-05
000905.SH,2026-02-06,8054.218,8247.2968,8014.6599,8146.4128,2026-02-06
000905.SH,2026-02-09,8280.1088,8313.4692,8229.0026,8311.2829,2026-02-09
000905.SH,2026-02-10,8318.5325,8331.9858,8258.1519,8306.4448,2026-02-10
000905.SH,2026-02-11,8295.3326,8373.5033,8295.1223,8325.8107,2026-02-11
000905.SH,2026-02-12,8342.365,8437.4202,8341.7705,8423.5695,2026-02-12
000905.SH,2026-02-13,8366.3327,8419.7618,8290.8388,8299.585,2026-02-13
000905.SH,2026-02-24,8403.3106,8444.1283,8328.5678,8392.9098,2026-02-24
000905.SH,2026-02-25,8412.08,8551.5345,8401.5965,8527.5593,2026-02-25
000905.SH,2026-02-26,8542.8324,8582.7633,8490.9215,8557.216,2026-02-26
000905.SH,2026-02-27,8499.7957,8658.4503,8499.7957,8658.4503,2026-02-27
000905.SH,2026-03-02,8585.8534,8683.9816,8551.4601,8658.3336,2026-03-02
000905.SH,2026-03-03,8651.06,8654.5678,8267.1091,8281.6139,2026-03-03
000905.SH,2026-03-04,8167.9811,8377.1743,8167.9811,8248.945,2026-03-04
000905.SH,2026-03-05,8383.5464,8391.0367,8251.1062,8309.1713,2026-03-05
000905.SH,2026-03-06,8273.1829,8394.3341,8258.6447,8360.3347,2026-03-06
000905.SH,2026-03-09,8234.1927,8305.9247,8066.1408,8279.4811,2026-03-09
000905.SH,2026-03-10,8341.1447,8412.9325,8330.9345,8410.303,2026-03-10
000905.SH,2026-03-11,8419.3105,8439.6188,8379.0332,8403.3296,2026-03-11
000905.SH,2026-03-12,8396.7222,8433.0374,8290.5879,8359.4721,2026-03-12
000905.SH,2026-03-13,8317.7799,8371.7157,8217.9686,8239.798,2026-03-13
000905.SH,2026-03-16,8227.6932,8233.6551,8060.7824,8185.152,2026-03-16
000905.SH,2026-03-17,8199.9926,8207.4607,8016.002,8016.0262,2026-03-17
000905.SH,2026-03-18,8044.9186,8105.9551,7958.4504,8096.4276,2026-03-18
000905.SH,2026-03-19,7975.8477,8000.4297,7844.1519,7877.09,2026-03-19
000905.SH,2026-03-20,7913.4854,7941.5857,7757.8333,7760.0365,2026-03-20
000905.SH,2026-03-23,7623.2446,7708.4298,7399.0423,7440.7451,2026-03-23
000905.SH,2026-03-24,7555.0818,7597.3732,7379.8608,7597.3732,2026-03-24
000905.SH,2026-03-25,7660.4009,7806.9106,7660.4009,7767.6654,2026-03-25
000905.SH,2026-03-26,7757.0185,7777.29,7620.7773,7642.1302,2026-03-26
000905.SH,2026-03-27,7539.1959,7785.3777,7539.1959,7737.6144,2026-03-27
000905.SH,2026-03-30,7655.1534,7766.1107,7610.5492,7753.7234,2026-03-30
000905.SH,2026-03-31,7740.5787,7788.8928,7617.3262,7617.3262,2026-03-31
000905.SH,2026-04-01,7764.3363,7778.9878,7689.5897,7750.0924,2026-04-01
000905.SH,2026-04-02,7726.4451,7740.0952,7562.2104,7605.2932,2026-04-02
000905.SH,2026-04-03,7636.6633,7640.8412,7518.3455,7534.938,2026-04-03
000905.SH,2026-04-07,7562.1371,7630.1357,7529.3992,7571.1106,2026-04-07
000905.SH,2026-04-08,7741.6345,7945.1527,7741.6345,7945.1527,2026-04-08
000905.SH,2026-04-09,7865.2051,7947.6782,7845.9575,7898.6329,2026-04-09
000905.SH,2026-04-10,7958.8149,8070.6482,7953.4969,7969.3646,2026-04-10
000905.SH,2026-04-13,7917.9194,7990.9809,7917.9194,7967.697,2026-04-13
000905.SH,2026-04-14,8039.0737,8088.5687,8002.6484,8088.5687,2026-04-14
000905.SH,2026-04-15,8144.8093,8150.622,8020.868,8044.0773,2026-04-15
000905.SH,2026-04-16,8068.1536,8189.1751,8056.781,8180.0815,2026-04-16
000905.SH,2026-04-17,8155.3958,8230.1072,8149.938,8214.1939,2026-04-17
000905.SH,2026-04-20,8223.5842,8310.9444,8214.2626,8290.0224,2026-04-20
000905.SH,2026-04-21,8263.3791,8281.3207,8189.7576,8270.3266,2026-04-21
000905.SH,2026-04-22,8226.8516,8377.3362,8226.8516,8376.1808,2026-04-22
000905.SH,2026-04-23,8387.7647,8401.4992,8220.9526,8295.207,2026-04-23
000905.SH,2026-04-24,8244.7784,8299.8778,8165.8037,8247.8759,2026-04-24
000905.SH,2026-04-27,8236.4336,8326.1546,8219.943,8299.0486,2026-04-27
000905.SH,2026-04-28,8274.6312,8275.328,8173.4448,8203.9614,2026-04-28
000905.SH,2026-04-29,8157.3548,8356.7152,8157.3548,8342.4217,2026-04-29
000905.SH,2026-04-30,8331.4394,8375.1934,8300.5019,8349.5081,2026-04-30
000905.SH,2026-05-06,8441.3419,8621.3457,8441.3419,8588.4399,2026-05-06
000905.SH,2026-05-07,8637.8414,8700.3353,8598.7116,8696.7989,2026-05-07
000905.SH,2026-05-08,8638.8383,8706.333,8616.2233,8694.1709,2026-05-08
000905.SH,2026-05-11,8771.1761,8863.769,8716.4515,8839.7415,2026-05-11
000905.SH,2026-05-12,8856.1797,8856.1797,8736.4171,8785.9791,2026-05-12
000905.SH,2026-05-13,8730.913,8925.877,8730.913,8918.239,2026-05-13
000905.SH,2026-05-14,8952.9502,8956.6619,8670.1574,8670.1574,2026-05-14
000905.SH,2026-05-15,8676.621,8717.0924,8473.0421,8536.3444,2026-05-15
000905.SH,2026-05-18,8493.0157,8606.4096,8472.4244,8554.2372,2026-05-18
000905.SH,2026-05-19,8524.1543,8633.0613,8416.515,8627.9461,2026-05-19
000905.SH,2026-05-20,8581.3938,8681.7226,8552.4273,8656.3062,2026-05-20
000905.SH,2026-05-21,8703.1742,8790.3751,8406.2885,8419.8373,2026-05-21
000905.SH,2026-05-22,8473.6091,8591.1549,8414.9398,8576.9402,2026-05-22
000905.SH,2026-05-25,8631.2078,8705.1965,8543.8916,8703.8901,2026-05-25
000905.SH,2026-05-26,8665.4355,8673.2096,8529.666,8658.6192,2026-05-26
000905.SH,2026-05-27,8659.2188,8722.5814,8491.3163,8530.9802,2026-05-27
000905.SH,2026-05-28,8503.6714,8596.4487,8424.449,8563.2218,2026-05-28
000905.SH,2026-05-29,8589.818,8597.9839,8296.2406,8359.5596,2026-05-29
000905.SH,2026-06-01,8358.4866,8442.5323,8259.6,8274.212,2026-06-01
000905.SH,2026-06-02,8290.8329,8378.4341,8142.5071,8321.4347,2026-06-02
000905.SH,2026-06-03,8317.0025,8462.67,8294.2881,8362.156,2026-06-03
000905.SH,2026-06-04,8279.8632,8391.0521,8279.8632,8356.7444,2026-06-04
000905.SH,2026-06-05,8317.6415,8399.4084,8218.1415,8251.1407,2026-06-05
000905.SH,2026-06-08,7978.6598,8142.3354,7889.3991,7963.4529,2026-06-08
000905.SH,2026-06-09,8059.339,8181.1277,7965.4851,8176.1785,2026-06-09
000905.SH,2026-06-10,8094.1367,8148.255,7973.547,8063.8637,2026-06-10
000905.SH,2026-06-11,8025.608,8091.6829,7965.0233,8035.7788,2026-06-11
000905.SH,2026-06-12,8189.2103,8258.9084,8098.7805,8106.203,2026-06-12
000905.SH,2026-06-15,8175.0523,8406.7793,8174.5906,8406.7479,2026-06-15
000905.SH,2026-06-16,8430.9157,8538.1941,8413.5082,8507.9799,2026-06-16
000905.SH,2026-06-17,8451.6325,8630.5156,8451.6325,8627.0862,2026-06-17
000905.SH,2026-06-18,8590.4987,8716.3417,8587.9818,8673.0899,2026-06-18
000905.SH,2026-06-22,8709.664,8870.485,8605.223,8868.782,2026-06-22
000905.SH,2026-06-23,8831.5916,8895.3398,8629.0106,8688.5923,2026-06-23
000905.SH,2026-06-24,8638.6561,8850.7909,8613.0845,8842.9378,2026-06-24
000905.SH,2026-06-25,8844.849,8940.9587,8803.5962,8938.0113,2026-06-25
000905.SH,2026-06-26,8891.0312,8926.7514,8647.7678,8703.5652,2026-06-26
000905.SH,2026-06-29,8731.5763,8837.0312,8587.8817,8821.0944,2026-06-29
000905.SH,2026-06-30,8815.1067,9040.1322,8771.6552,9031.3788,2026-06-30
000905.SH,2026-07-01,9052.0429,9147.5592,8956.1848,9028.9326,2026-07-01
000905.SH,2026-07-02,8829.6208,8932.6466,8667.4191,8694.1756,2026-07-02
000905.SH,2026-07-03,8702.3265,8860.4157,8636.1503,8745.2607,2026-07-03
000905.SH,2026-07-06,8790.9674,8823.0502,8570.8924,8651.1339,2026-07-06
000905.SH,2026-07-07,8604.0756,8663.6652,8457.5756,8508.7885,2026-07-07
000905.SH,2026-07-08,8539.0155,8571.5247,8343.9232,8390.0194,2026-07-08
000905.SH,2026-07-09,8437.1473,8659.6504,8281.9533,8652.787,2026-07-09
000905.SH,2026-07-10,8672.3631,8783.249,8503.2448,8503.9705,2026-07-10
000905.SH,2026-07-13,8409.1434,8457.6923,8106.2688,8138.1443,2026-07-13
000905.SH,2026-07-14,8135.0456,8275.9601,7955.3082,8275.9388,2026-07-14
000905.SH,2026-07-15,8294.1422,8305.2723,8117.4588,8147.5786,2026-07-15
000905.SH,2026-07-16,8006.4489,8148.0419,7907.0974,7955.6635,2026-07-16
000905.SH,2026-07-17,7900.097,7908.7387,7474.1508,7513.7627,2026-07-17
000905.SH,2026-07-20,7597.7694,7626.489,7253.5179,7411.3134,2026-07-20
000905.SH,2026-07-21,7437.4524,7802.7549,7270.9541,7800.6085,2026-07-21
000905.SH,2026-07-22,7741.9063,7889.4455,7701.2212,7751.6618,2026-07-22
000905.SH,2026-07-23,7750.8521,7795.3499,7658.9994,7734.31,2026-07-23
000905.SH,2026-07-24,7625.2021,7703.5986,7532.6682,7532.7006,2026-07-24
000905.SH,2026-07-27,7512.4036,7721.4028,7466.5446,7720.5975,2026-07-27
000905.SH,2026-07-28,7589.7596,7646.0156,7412.6308,7443.4332,2026-07-28
000905.SH,2026-07-29,7444.802,7572.8138,7325.3558,7524.5075,2026-07-29
000905.SH,2026-07-30,7477.3139,7536.4854,7221.9471,7309.5753,2026-07-30
000905.SH,2026-07-31,7537.8478,7638.7805,7487.4314,7493.985,2026-07-31
000905.SH,2026-08-03,7457.1176,7499.5786,7397.9416,7414.5227,2026-08-03
000905.SH,2026-08-04,7467.0793,7645.4754,7450.3175,7607.4867,2026-08-04
000905.SH,2026-08-05,7567.9561,7845.3919,7567.9561,7809.2065,2026-08-05
000905.SH,2026-08-06,7737.5918,7868.8549,7722.5705,7829.3615,2026-08-06
000905.SH,2026-08-07,7828.7906,7983.1726,7763.5287,7980.1245,2026-08-07
000905.SH,2026-08-10,8003.9204,8031.1557,7910.8357,8030.9483,2026-08-10
000905.SH,2026-08-11,7979.276,8078.361,7947.6668,7967.5386,2026-08-11
000905.SH,2026-08-12,7978.0412,8067.5276,7961.8285,8045.3099,2026-08-12
000905.SH,2026-08-13,8096.8517,8142.3265,7966.8665,7968.3809,2026-08-13
000905.SH,2026-08-14,7989.6469,8005.1484,7897.2428,7990.3277,2026-08-14
000905.SH,2026-08-17,8007.8703,8184.6407,7992.3579,8184.6407,2026-08-17
000905.SH,2026-08-18,8178.8426,8211.307,8069.8215,8177.1762,2026-08-18
000905.SH,2026-08-19,8029.5224,8050.079,7762.2919,7783.4558,2026-08-19
000905.SH,2026-08-20,7864.677,7923.9109,7796.2776,7850.4006,2026-08-20
000905.SH,2026-08-21,7812.2612,7877.3388,7756.2751,7854.3336,2026-08-21
000905.SH,2026-08-24,7861.0536,7865.5386,7615.4491,7717.0851,2026-08-24
000905.SH,2026-08-25,7644.2044,7755.7245,7572.8616,7710.9365,2026-08-25
000905.SH,2026-08-26,7714.8387,7833.6022,7699.4242,7770.5347,2026-08-26
000905.SH,2026-08-27,7786.6874,7951.0469,7763.9835,7946.3255,2026-08-27
000905.SH,2026-08-28,7939.4485,7986.4292,7892.5103,7895.4511,2026-08-28
000905.SH,2026-08-31,7797.233,7953.9259,7764.9844,7952.0986,2026-08-31
000905.SH,2026-09-01,7944.2925,7955.5746,7852.8712,7858.5176,2026-09-01
000905.SH,2026-09-02,7781.2902,7783.0464,7692.1459,7729.2332,2026-09-02
000905.SH,2026-09-03,7776.8153,7799.6322,7686.4442,7755.3612,2026-09-03
000905.SH,2026-09-04,7806.611,7850.4009,7610.5767,7652.6887,2026-09-04
000905.SH,2026-09-07,7687.4731,7791.7941,7672.9915,7759.3676,2026-09-07
