row_key_hash,group_size,seen_order,writer_counted_as_duplicate,dao_kept_candidate_last_row,ann_date,ts_code,name,title,url,rec_time
c95b2ffd27bce06724d401bbda979b7e88f2e8f2b911a293c4c3da9a561b4a90,2,1,N,N,2026-02-28,688306.SH,均普智能,国浩律师（上海）事务所关于宁波均普智能制造股份有限公司2026年第一次临时股东会的法律意见书,http://www.cninfo.com.cn/new/disclosure/detail?stockCode=688306&announcementId=1224987825&orgId=nssc1000543&announcementTime=2026-02-28,2026-03-01 22:04:39+08:00
c95b2ffd27bce06724d401bbda979b7e88f2e8f2b911a293c4c3da9a561b4a90,2,2,Y,Y,2026-02-28,688306.SH,均普智能,国浩律师（上海）事务所关于宁波均普智能制造股份有限公司2026年第一次临时股东会的法律意见书,http://www.cninfo.com.cn/new/disclosure/detail?stockCode=688306&announcementId=1224987825&orgId=nssc1000543&announcementTime=2026-02-28,2026-03-01 22:04:39+08:00
278c35cfca41f7ff4ac368398826e5b55011abf776154ac889ba17688bce0805,2,1,N,N,2026-03-03,300513.SZ,恒实科技,关于担保进展的公告,http://www.cninfo.com.cn/new/disclosure/detail?stockCode=300513&announcementId=1224993624&orgId=9900026672&announcementTime=2026-03-03,2026-03-04 22:04:09+08:00
278c35cfca41f7ff4ac368398826e5b55011abf776154ac889ba17688bce0805,2,2,Y,Y,2026-03-03,300513.SZ,恒实科技,关于担保进展的公告,http://www.cninfo.com.cn/new/disclosure/detail?stockCode=300513&announcementId=1224993624&orgId=9900026672&announcementTime=2026-03-03,2026-03-04 22:04:09+08:00
75c6d6a895495d706a135b1f64f4b1954dd4d9e693e0e7495244ae36e62a791e,2,1,N,N,2026-03-03,301236.SZ,软通动力,关于使用部分闲置募集资金进行现金管理及募集资金余额以协定存款方式存放的公告,http://www.cninfo.com.cn/new/disclosure/detail?stockCode=301236&announcementId=1224994168&orgId=9900046983&announcementTime=2026-03-03,2026-03-04 22:04:09+08:00
75c6d6a895495d706a135b1f64f4b1954dd4d9e693e0e7495244ae36e62a791e,2,2,Y,Y,2026-03-03,301236.SZ,软通动力,关于使用部分闲置募集资金进行现金管理及募集资金余额以协定存款方式存放的公告,http://www.cninfo.com.cn/new/disclosure/detail?stockCode=301236&announcementId=1224994168&orgId=9900046983&announcementTime=2026-03-03,2026-03-04 22:04:09+08:00
61fd744177d8e0d84b3d601258a667e7ff05fba23784f291b6300d4e6369c502,2,1,N,N,2026-03-05,000631.SZ,顺发恒能,关于回购股份注销完成暨控股股东持股比例被动增加触及1%整数倍的公告,http://www.cninfo.com.cn/new/disclosure/detail?stockCode=000631&announcementId=1224995493&orgId=gssz0000631&announcementTime=2026-03-05,2026-03-13 11:26:51+08:00
61fd744177d8e0d84b3d601258a667e7ff05fba23784f291b6300d4e6369c502,2,2,Y,Y,2026-03-05,000631.SZ,顺发恒能,关于回购股份注销完成暨控股股东持股比例被动增加触及1%整数倍的公告,http://www.cninfo.com.cn/new/disclosure/detail?stockCode=000631&announcementId=1224995493&orgId=gssz0000631&announcementTime=2026-03-05,2026-03-13 11:26:51+08:00
f94cd16b295a8040dd9254008ab8795f9bcf291443e2103d8ccfef924e9ab3df,2,1,N,N,2026-03-05,002888.SZ,惠威科技,关于公司向银行申请综合授信额度的公告,http://www.cninfo.com.cn/new/disclosure/detail?stockCode=002888&announcementId=1224995705&orgId=9900032420&announcementTime=2026-03-05,2026-03-13 11:26:51+08:00
f94cd16b295a8040dd9254008ab8795f9bcf291443e2103d8ccfef924e9ab3df,2,2,Y,Y,2026-03-05,002888.SZ,惠威科技,关于公司向银行申请综合授信额度的公告,http://www.cninfo.com.cn/new/disclosure/detail?stockCode=002888&announcementId=1224995705&orgId=9900032420&announcementTime=2026-03-05,2026-03-13 11:26:51+08:00
55cb556b6d01a1fac9e18e20c330309c2ff6e5839c7a64784f33cc375d09b4f5,2,1,N,N,2026-03-05,300956.SZ,英力股份,2025年年度报告摘要,http://www.cninfo.com.cn/new/disclosure/detail?stockCode=300956&announcementId=1224995709&orgId=9900041340&announcementTime=2026-03-05,2026-03-13 11:26:51+08:00
55cb556b6d01a1fac9e18e20c330309c2ff6e5839c7a64784f33cc375d09b4f5,2,2,Y,Y,2026-03-05,300956.SZ,英力股份,2025年年度报告摘要,http://www.cninfo.com.cn/new/disclosure/detail?stockCode=300956&announcementId=1224995709&orgId=9900041340&announcementTime=2026-03-05,2026-03-13 11:26:51+08:00
df4f3d4970da30f1cc551937ea5b7e0f27572da98f5cc24bc6e3a34d366b9697,2,1,N,N,2026-03-05,603516.SH,淳中科技,北京淳中科技股份有限公司关于召开2026年第一次临时股东会的通知,http://www.cninfo.com.cn/new/disclosure/detail?stockCode=603516&announcementId=1224996084&orgId=gfbj0834801&announcementTime=2026-03-05,2026-03-13 11:26:51+08:00
df4f3d4970da30f1cc551937ea5b7e0f27572da98f5cc24bc6e3a34d366b9697,2,2,Y,Y,2026-03-05,603516.SH,淳中科技,北京淳中科技股份有限公司关于召开2026年第一次临时股东会的通知,http://www.cninfo.com.cn/new/disclosure/detail?stockCode=603516&announcementId=1224996084&orgId=gfbj0834801&announcementTime=2026-03-05,2026-03-13 11:26:51+08:00
3fe56fc5b6a6a2e70ac2369317356425b12faa7e01fdfff4189e9331eb36f401,2,1,N,N,2026-03-05,688117.SH,圣诺生物,关于自愿披露利那洛肽原料药获得上市申请批准通知书的公告,http://www.cninfo.com.cn/new/disclosure/detail?stockCode=688117&announcementId=1224996012&orgId=9900041828&announcementTime=2026-03-05,2026-03-13 11:26:51+08:00
3fe56fc5b6a6a2e70ac2369317356425b12faa7e01fdfff4189e9331eb36f401,2,2,Y,Y,2026-03-05,688117.SH,圣诺生物,关于自愿披露利那洛肽原料药获得上市申请批准通知书的公告,http://www.cninfo.com.cn/new/disclosure/detail?stockCode=688117&announcementId=1224996012&orgId=9900041828&announcementTime=2026-03-05,2026-03-13 11:26:51+08:00
fa7db9caf27751209bc92c256bfdd59e12b6431d7039dddf0983dfae97d5a1e7,2,1,N,N,2026-03-06,600021.SH,上海电力,上海电力股份有限公司关于首期股票期权激励计划限制行权期间的提示性公告,http://www.cninfo.com.cn/new/disclosure/detail?stockCode=600021&announcementId=1224998268&orgId=gssh0600021&announcementTime=2026-03-06,2026-03-13 11:27:40+08:00
fa7db9caf27751209bc92c256bfdd59e12b6431d7039dddf0983dfae97d5a1e7,2,2,Y,Y,2026-03-06,600021.SH,上海电力,上海电力股份有限公司关于首期股票期权激励计划限制行权期间的提示性公告,http://www.cninfo.com.cn/new/disclosure/detail?stockCode=600021&announcementId=1224998268&orgId=gssh0600021&announcementTime=2026-03-06,2026-03-13 11:27:40+08:00
973e9aceaed5197c299f2d489396603ea396301f0e188aae87bf2f70a72e8539,2,1,N,N,2026-03-06,688372.SH,伟测科技,关于“伟测转债”预计满足赎回条件的提示性公告,http://www.cninfo.com.cn/new/disclosure/detail?stockCode=688372&announcementId=1224996977&orgId=9900048401&announcementTime=2026-03-06,2026-03-13 11:27:40+08:00
973e9aceaed5197c299f2d489396603ea396301f0e188aae87bf2f70a72e8539,2,2,Y,Y,2026-03-06,688372.SH,伟测科技,关于“伟测转债”预计满足赎回条件的提示性公告,http://www.cninfo.com.cn/new/disclosure/detail?stockCode=688372&announcementId=1224996977&orgId=9900048401&announcementTime=2026-03-06,2026-03-13 11:27:40+08:00
905abe8ca640ff8785382051ded4109c869849571830970354047971e74cb8c1,2,1,N,N,2026-03-07,000877.SZ,天山股份,第九届董事会第十五次会议决议公告,http://www.cninfo.com.cn/new/disclosure/detail?stockCode=000877&announcementId=1224999561&orgId=gssz0000877&announcementTime=2026-03-07,2026-03-13 11:28:28+08:00
905abe8ca640ff8785382051ded4109c869849571830970354047971e74cb8c1,2,2,Y,Y,2026-03-07,000877.SZ,天山股份,第九届董事会第十五次会议决议公告,http://www.cninfo.com.cn/new/disclosure/detail?stockCode=000877&announcementId=1224999561&orgId=gssz0000877&announcementTime=2026-03-07,2026-03-13 11:28:28+08:00
ca5e55e5be487ca4cf42d46b14e695e1493b96103ae9c5f0ad393fb943bd7f8d,2,1,N,N,2026-03-07,001309.SZ,德明利,前次募集资金使用情况审核报告,http://www.cninfo.com.cn/new/disclosure/detail?stockCode=001309&announcementId=1224999955&orgId=nssc1000644&announcementTime=2026-03-07,2026-03-13 11:28:28+08:00
ca5e55e5be487ca4cf42d46b14e695e1493b96103ae9c5f0ad393fb943bd7f8d,2,2,Y,Y,2026-03-07,001309.SZ,德明利,前次募集资金使用情况审核报告,http://www.cninfo.com.cn/new/disclosure/detail?stockCode=001309&announcementId=1224999955&orgId=nssc1000644&announcementTime=2026-03-07,2026-03-13 11:28:28+08:00
e408130d0c5ab3d1ede6900d880fc81e777aebe69f171a296a5047a65f24fd72,2,1,N,N,2026-03-07,002103.SZ,广博股份,第九届董事会第一次会议决议公告,http://www.cninfo.com.cn/new/disclosure/detail?stockCode=002103&announcementId=1224999471&orgId=9900001821&announcementTime=2026-03-07,2026-03-13 11:28:28+08:00
e408130d0c5ab3d1ede6900d880fc81e777aebe69f171a296a5047a65f24fd72,2,2,Y,Y,2026-03-07,002103.SZ,广博股份,第九届董事会第一次会议决议公告,http://www.cninfo.com.cn/new/disclosure/detail?stockCode=002103&announcementId=1224999471&orgId=9900001821&announcementTime=2026-03-07,2026-03-13 11:28:28+08:00
f5806e68b6e0ab4cfb65c3affaae9b4bd7bab42ef169e2b73c87f3d48bb44d1a,2,1,N,N,2026-03-07,300266.SZ,兴源环境,关于关联方为公司及控股子公司提供担保并由公司及控股子公司为其提供反担保暨关联交易的公告,http://www.cninfo.com.cn/new/disclosure/detail?stockCode=300266&announcementId=1224999633&orgId=9900021245&announcementTime=2026-03-07,2026-03-13 11:28:28+08:00
f5806e68b6e0ab4cfb65c3affaae9b4bd7bab42ef169e2b73c87f3d48bb44d1a,2,2,Y,Y,2026-03-07,300266.SZ,兴源环境,关于关联方为公司及控股子公司提供担保并由公司及控股子公司为其提供反担保暨关联交易的公告,http://www.cninfo.com.cn/new/disclosure/detail?stockCode=300266&announcementId=1224999633&orgId=9900021245&announcementTime=2026-03-07,2026-03-13 11:28:28+08:00
64d361a1607232bdffc7fc79a0cb1f3838ee217faea28c53bd7be3c43c09742f,2,1,N,N,2026-03-07,603239.SH,浙江仙通,浙江仙通-关于向特定对象发行A股股票事项获得有权国资管理单位批复的公告,http://www.cninfo.com.cn/new/disclosure/detail?stockCode=603239&announcementId=1224999554&orgId=9900029048&announcementTime=2026-03-07,2026-03-13 11:28:28+08:00
64d361a1607232bdffc7fc79a0cb1f3838ee217faea28c53bd7be3c43c09742f,2,2,Y,Y,2026-03-07,603239.SH,浙江仙通,浙江仙通-关于向特定对象发行A股股票事项获得有权国资管理单位批复的公告,http://www.cninfo.com.cn/new/disclosure/detail?stockCode=603239&announcementId=1224999554&orgId=9900029048&announcementTime=2026-03-07,2026-03-13 11:28:28+08:00
b3d42a59d40c3f32bc90e21005ba5e6efdd2709e57ef0dad0eadaebbbe00b7c2,2,1,N,N,2026-03-07,688498.SH,源杰科技,陕西源杰半导体科技股份有限公司关于筹划发行H股股票并在香港联合交易所有限公司上市相关事项的提示性公告,http://www.cninfo.com.cn/new/disclosure/detail?stockCode=688498&announcementId=1224999996&orgId=9900052124&announcementTime=2026-03-07,2026-03-13 11:28:28+08:00
b3d42a59d40c3f32bc90e21005ba5e6efdd2709e57ef0dad0eadaebbbe00b7c2,2,2,Y,Y,2026-03-07,688498.SH,源杰科技,陕西源杰半导体科技股份有限公司关于筹划发行H股股票并在香港联合交易所有限公司上市相关事项的提示性公告,http://www.cninfo.com.cn/new/disclosure/detail?stockCode=688498&announcementId=1224999996&orgId=9900052124&announcementTime=2026-03-07,2026-03-13 11:28:28+08:00
f5197cb6fdf47e9bbe38923fca679f32ddfca06c1cd507ffba1216c43c383620,2,1,N,N,2026-03-07,688498.SH,源杰科技,陕西源杰半导体科技股份有限公司股东通讯政策（草案）(H股发行并上市后适用),http://www.cninfo.com.cn/new/disclosure/detail?stockCode=688498&announcementId=1225000056&orgId=9900052124&announcementTime=2026-03-07,2026-03-13 11:28:28+08:00
f5197cb6fdf47e9bbe38923fca679f32ddfca06c1cd507ffba1216c43c383620,2,2,Y,Y,2026-03-07,688498.SH,源杰科技,陕西源杰半导体科技股份有限公司股东通讯政策（草案）(H股发行并上市后适用),http://www.cninfo.com.cn/new/disclosure/detail?stockCode=688498&announcementId=1225000056&orgId=9900052124&announcementTime=2026-03-07,2026-03-13 11:28:28+08:00
d073c5f51045f4f1184f284aeb1d5ce4adfad6d5dedff579430a3fc00cf803b9,2,1,N,N,2026-03-10,000411.SZ,英特集团,关于公司2026年度第一期超短期融资券发行完成的公告,http://www.cninfo.com.cn/new/disclosure/detail?stockCode=000411&announcementId=1225000736&orgId=gssz0000411&announcementTime=2026-03-10,2026-03-13 11:30:28+08:00
d073c5f51045f4f1184f284aeb1d5ce4adfad6d5dedff579430a3fc00cf803b9,2,2,Y,Y,2026-03-10,000411.SZ,英特集团,关于公司2026年度第一期超短期融资券发行完成的公告,http://www.cninfo.com.cn/new/disclosure/detail?stockCode=000411&announcementId=1225000736&orgId=gssz0000411&announcementTime=2026-03-10,2026-03-13 11:30:28+08:00
3dcab2b852d052ddc20ae846495a384f67023f67fd32c03991f9e851555da297,2,1,N,N,2026-03-10,000608.SZ,*ST阳光,关于董事辞职及补选董事的公告,http://www.cninfo.com.cn/new/disclosure/detail?stockCode=000608&announcementId=1225001270&orgId=gssz0000608&announcementTime=2026-03-10,2026-03-13 11:30:28+08:00
3dcab2b852d052ddc20ae846495a384f67023f67fd32c03991f9e851555da297,2,2,Y,Y,2026-03-10,000608.SZ,*ST阳光,关于董事辞职及补选董事的公告,http://www.cninfo.com.cn/new/disclosure/detail?stockCode=000608&announcementId=1225001270&orgId=gssz0000608&announcementTime=2026-03-10,2026-03-13 11:30:28+08:00
45ef22b14e103ebe3a141d008a721c2b3be87a302ffb6a07e7310cc015a1e811,2,1,N,N,2026-03-10,000928.SZ,中钢国际,中钢国际工程技术股份有限公司提名委员会议事规则（2026年3月9日经公司第十届董事会第十四次会议审议通过,http://www.cninfo.com.cn/new/disclosure/detail?stockCode=000928&announcementId=1225000823&orgId=gssz0000928&announcementTime=2026-03-10,2026-03-13 11:30:28+08:00
45ef22b14e103ebe3a141d008a721c2b3be87a302ffb6a07e7310cc015a1e811,2,2,Y,Y,2026-03-10,000928.SZ,中钢国际,中钢国际工程技术股份有限公司提名委员会议事规则（2026年3月9日经公司第十届董事会第十四次会议审议通过,http://www.cninfo.com.cn/new/disclosure/detail?stockCode=000928&announcementId=1225000823&orgId=gssz0000928&announcementTime=2026-03-10,2026-03-13 11:30:28+08:00
c5f24cc3931705204afe22c2cdecfa006c0dfdaba39a51e5d5d41c74580242a9,2,1,N,N,2026-03-10,002167.SZ,东方锆业,关于公司部分董事、高级管理人员减持股份实施情况的公告,http://www.cninfo.com.cn/new/disclosure/detail?stockCode=002167&announcementId=1225001265&orgId=9900003562&announcementTime=2026-03-10,2026-03-13 11:30:28+08:00
c5f24cc3931705204afe22c2cdecfa006c0dfdaba39a51e5d5d41c74580242a9,2,2,Y,Y,2026-03-10,002167.SZ,东方锆业,关于公司部分董事、高级管理人员减持股份实施情况的公告,http://www.cninfo.com.cn/new/disclosure/detail?stockCode=002167&announcementId=1225001265&orgId=9900003562&announcementTime=2026-03-10,2026-03-13 11:30:28+08:00
7b4fc4cd1e8a8a6bd67cf10d8057bb5c73db1fc22ec37eb0bb09072e93d0668c,2,1,N,N,2026-03-10,002868.SZ,*ST绿康,独立董事2025年度述职报告 （张鹏东）,http://www.cninfo.com.cn/new/disclosure/detail?stockCode=002868&announcementId=1225002454&orgId=9900030698&announcementTime=2026-03-10,2026-03-13 11:30:28+08:00
7b4fc4cd1e8a8a6bd67cf10d8057bb5c73db1fc22ec37eb0bb09072e93d0668c,2,2,Y,Y,2026-03-10,002868.SZ,*ST绿康,独立董事2025年度述职报告 （张鹏东）,http://www.cninfo.com.cn/new/disclosure/detail?stockCode=002868&announcementId=1225002454&orgId=9900030698&announcementTime=2026-03-10,2026-03-13 11:30:28+08:00
2c7a49c2f1e7f40289e8aecf0ca6c926e717967ce29689d15a4cd7c0520e053e,2,1,N,N,2026-03-10,002868.SZ,*ST绿康,非经营性资金占用及其他关联资金往来情况汇总表,http://www.cninfo.com.cn/new/disclosure/detail?stockCode=002868&announcementId=1225002423&orgId=9900030698&announcementTime=2026-03-10,2026-03-13 11:30:28+08:00
2c7a49c2f1e7f40289e8aecf0ca6c926e717967ce29689d15a4cd7c0520e053e,2,2,Y,Y,2026-03-10,002868.SZ,*ST绿康,非经营性资金占用及其他关联资金往来情况汇总表,http://www.cninfo.com.cn/new/disclosure/detail?stockCode=002868&announcementId=1225002423&orgId=9900030698&announcementTime=2026-03-10,2026-03-13 11:30:28+08:00
4bcdec19db0775b8f835b6a7ba8d6c542635e3f4d3df851420673e7e695bfbc6,2,1,N,N,2026-03-10,002981.SZ,朝阳科技,2025年年度审计报告,http://www.cninfo.com.cn/new/disclosure/detail?stockCode=002981&announcementId=1225001884&orgId=9900035176&announcementTime=2026-03-10,2026-03-13 11:30:28+08:00
4bcdec19db0775b8f835b6a7ba8d6c542635e3f4d3df851420673e7e695bfbc6,2,2,Y,Y,2026-03-10,002981.SZ,朝阳科技,2025年年度审计报告,http://www.cninfo.com.cn/new/disclosure/detail?stockCode=002981&announcementId=1225001884&orgId=9900035176&announcementTime=2026-03-10,2026-03-13 11:30:28+08:00
8ca3e772197d752a4e5b4a5bb94c90e6af91b029a11a5ae1c7952c41d85ce620,2,1,N,N,2026-03-10,003033.SZ,征和工业,2025年年度审计报告,http://www.cninfo.com.cn/new/disclosure/detail?stockCode=003033&announcementId=1225002271&orgId=9900033053&announcementTime=2026-03-10,2026-03-13 11:30:28+08:00
8ca3e772197d752a4e5b4a5bb94c90e6af91b029a11a5ae1c7952c41d85ce620,2,2,Y,Y,2026-03-10,003033.SZ,征和工业,2025年年度审计报告,http://www.cninfo.com.cn/new/disclosure/detail?stockCode=003033&announcementId=1225002271&orgId=9900033053&announcementTime=2026-03-10,2026-03-13 11:30:28+08:00
5d8bf7650c125b26bd76936648f08df7e7af3980e65343ca339ff484c35c671b,2,1,N,N,2026-03-10,003033.SZ,征和工业,2025年度募集资金存放与使用情况专项报告,http://www.cninfo.com.cn/new/disclosure/detail?stockCode=003033&announcementId=1225002279&orgId=9900033053&announcementTime=2026-03-10,2026-03-13 11:30:28+08:00
5d8bf7650c125b26bd76936648f08df7e7af3980e65343ca339ff484c35c671b,2,2,Y,Y,2026-03-10,003033.SZ,征和工业,2025年度募集资金存放与使用情况专项报告,http://www.cninfo.com.cn/new/disclosure/detail?stockCode=003033&announcementId=1225002279&orgId=9900033053&announcementTime=2026-03-10,2026-03-13 11:30:28+08:00
6025b22c6b8db86dddc10f675f59058cd6590922ed2305e031630ea037366d92,2,1,N,N,2026-03-10,003033.SZ,征和工业,2025年度非经营性资金占用及其他关联资金往来情况的专项说明,http://www.cninfo.com.cn/new/disclosure/detail?stockCode=003033&announcementId=1225002274&orgId=9900033053&announcementTime=2026-03-10,2026-03-13 11:30:28+08:00
6025b22c6b8db86dddc10f675f59058cd6590922ed2305e031630ea037366d92,2,2,Y,Y,2026-03-10,003033.SZ,征和工业,2025年度非经营性资金占用及其他关联资金往来情况的专项说明,http://www.cninfo.com.cn/new/disclosure/detail?stockCode=003033&announcementId=1225002274&orgId=9900033053&announcementTime=2026-03-10,2026-03-13 11:30:28+08:00
e999ed7ef670e433cc7c7f0af999dafa20124c2d6d84804236965dd9d6c80a02,2,1,N,N,2026-03-10,003033.SZ,征和工业,关于公司2025年度利润分配预案的公告,http://www.cninfo.com.cn/new/disclosure/detail?stockCode=003033&announcementId=1225002277&orgId=9900033053&announcementTime=2026-03-10,2026-03-13 11:30:28+08:00
e999ed7ef670e433cc7c7f0af999dafa20124c2d6d84804236965dd9d6c80a02,2,2,Y,Y,2026-03-10,003033.SZ,征和工业,关于公司2025年度利润分配预案的公告,http://www.cninfo.com.cn/new/disclosure/detail?stockCode=003033&announcementId=1225002277&orgId=9900033053&announcementTime=2026-03-10,2026-03-13 11:30:28+08:00
add783c0671cab67d4d07c5e936899222d89105e19e63079b2d4dd368100553e,2,1,N,N,2026-03-10,200512.SZ,闽灿坤Ｂ,关于召开2025年度股东会的通知,http://www.cninfo.com.cn/new/disclosure/detail?stockCode=200512&announcementId=1225002712&orgId=gssz0200512&announcementTime=2026-03-10,2026-03-13 11:30:28+08:00
add783c0671cab67d4d07c5e936899222d89105e19e63079b2d4dd368100553e,2,2,Y,Y,2026-03-10,200512.SZ,闽灿坤Ｂ,关于召开2025年度股东会的通知,http://www.cninfo.com.cn/new/disclosure/detail?stockCode=200512&announcementId=1225002712&orgId=gssz0200512&announcementTime=2026-03-10,2026-03-13 11:30:28+08:00
bd5e6155e4af419de3686edbf08477e4c7bb7c23d040f139ad69c84849cf6dd3,2,1,N,N,2026-03-10,300253.SZ,卫宁健康,关于召开2026年第二次临时股东会的提示性公告,http://www.cninfo.com.cn/new/disclosure/detail?stockCode=300253&announcementId=1225002749&orgId=9900012530&announcementTime=2026-03-10,2026-03-11 22:04:39+08:00
bd5e6155e4af419de3686edbf08477e4c7bb7c23d040f139ad69c84849cf6dd3,2,2,Y,Y,2026-03-10,300253.SZ,卫宁健康,关于召开2026年第二次临时股东会的提示性公告,http://www.cninfo.com.cn/new/disclosure/detail?stockCode=300253&announcementId=1225002749&orgId=9900012530&announcementTime=2026-03-10,2026-03-11 22:04:39+08:00
b4195256625194d9b26072bbf1f1f1cc75d37a782992d520442c4462ee0a6161,2,1,N,N,2026-03-10,300597.SZ,吉大通信,吉大通信关于2025年度日常关联交易确认及2026年度日常关联交易预计的公告,http://www.cninfo.com.cn/new/disclosure/detail?stockCode=300597&announcementId=1225002953&orgId=9900030085&announcementTime=2026-03-10,2026-03-11 22:04:39+08:00
b4195256625194d9b26072bbf1f1f1cc75d37a782992d520442c4462ee0a6161,2,2,Y,Y,2026-03-10,300597.SZ,吉大通信,吉大通信关于2025年度日常关联交易确认及2026年度日常关联交易预计的公告,http://www.cninfo.com.cn/new/disclosure/detail?stockCode=300597&announcementId=1225002953&orgId=9900030085&announcementTime=2026-03-10,2026-03-11 22:04:39+08:00
c28bad7ea30eeade55be3be6f6d968fe413f79b6157dd0150b24c5d907f11203,2,1,N,N,2026-03-10,301005.SZ,超捷股份,超捷紧固系统（上海）股份有限公司关于召开2026年第一次临时股东会的通知,http://www.cninfo.com.cn/new/disclosure/detail?stockCode=301005&announcementId=1225001994&orgId=nssc1000561&announcementTime=2026-03-10,2026-03-13 11:30:28+08:00
c28bad7ea30eeade55be3be6f6d968fe413f79b6157dd0150b24c5d907f11203,2,2,Y,Y,2026-03-10,301005.SZ,超捷股份,超捷紧固系统（上海）股份有限公司关于召开2026年第一次临时股东会的通知,http://www.cninfo.com.cn/new/disclosure/detail?stockCode=301005&announcementId=1225001994&orgId=nssc1000561&announcementTime=2026-03-10,2026-03-13 11:30:28+08:00
2d9f4e0904e36a99946467318c4e97cc6326cb8d95d4d1fdcf929e6f9bfc9a09,2,1,N,N,2026-03-10,301087.SZ,可孚医疗,2025年度内部控制评价报告,http://www.cninfo.com.cn/new/disclosure/detail?stockCode=301087&announcementId=1225001834&orgId=nssc1000611&announcementTime=2026-03-10,2026-03-13 11:30:28+08:00
2d9f4e0904e36a99946467318c4e97cc6326cb8d95d4d1fdcf929e6f9bfc9a09,2,2,Y,Y,2026-03-10,301087.SZ,可孚医疗,2025年度内部控制评价报告,http://www.cninfo.com.cn/new/disclosure/detail?stockCode=301087&announcementId=1225001834&orgId=nssc1000611&announcementTime=2026-03-10,2026-03-13 11:30:28+08:00
378ff6b0ca13c0664d256350bb47c12dcf8e00ed3d13e3fddad21794ca3f1fa8,2,1,N,N,2026-03-10,301087.SZ,可孚医疗,关于发行境外上市外资股（H股）获得中国证监会备案的公告,http://www.cninfo.com.cn/new/disclosure/detail?stockCode=301087&announcementId=1225001833&orgId=nssc1000611&announcementTime=2026-03-10,2026-03-13 11:30:28+08:00
378ff6b0ca13c0664d256350bb47c12dcf8e00ed3d13e3fddad21794ca3f1fa8,2,2,Y,Y,2026-03-10,301087.SZ,可孚医疗,关于发行境外上市外资股（H股）获得中国证监会备案的公告,http://www.cninfo.com.cn/new/disclosure/detail?stockCode=301087&announcementId=1225001833&orgId=nssc1000611&announcementTime=2026-03-10,2026-03-13 11:30:28+08:00
1bd217a49ce4f1653d59657d7f42be6fc9cd4c5fac8aa32b50b3fa2f2f229521,2,1,N,N,2026-03-10,301345.SZ,涛涛车业,浙江涛涛车业股份有限公司关于召开2026年第一次临时股东会的通知,http://www.cninfo.com.cn/new/disclosure/detail?stockCode=301345&announcementId=1225002799&orgId=nssc1000277&announcementTime=2026-03-10,2026-03-13 11:30:28+08:00
1bd217a49ce4f1653d59657d7f42be6fc9cd4c5fac8aa32b50b3fa2f2f229521,2,2,Y,Y,2026-03-10,301345.SZ,涛涛车业,浙江涛涛车业股份有限公司关于召开2026年第一次临时股东会的通知,http://www.cninfo.com.cn/new/disclosure/detail?stockCode=301345&announcementId=1225002799&orgId=nssc1000277&announcementTime=2026-03-10,2026-03-13 11:30:28+08:00
107e76679dff52c057875799083151402f70969705446660f89901125a687b09,2,1,N,N,2026-03-10,301536.SZ,星宸科技,2025年度会计师事务所的履职情况评估报告及审计委员会履行监督职责情况报告,http://www.cninfo.com.cn/new/disclosure/detail?stockCode=301536&announcementId=1225002004&orgId=9900053755&announcementTime=2026-03-10,2026-03-13 11:30:28+08:00
107e76679dff52c057875799083151402f70969705446660f89901125a687b09,2,2,Y,Y,2026-03-10,301536.SZ,星宸科技,2025年度会计师事务所的履职情况评估报告及审计委员会履行监督职责情况报告,http://www.cninfo.com.cn/new/disclosure/detail?stockCode=301536&announcementId=1225002004&orgId=9900053755&announcementTime=2026-03-10,2026-03-13 11:30:28+08:00
80937b2197832e9312aa0b4edebebb71fb871f31f5d88ef56806afaa7e16d81d,2,1,N,N,2026-03-10,601098.SH,中南传媒,中南传媒关于签署募集资金专户存储四方监管协议的公告,http://www.cninfo.com.cn/new/disclosure/detail?stockCode=601098&announcementId=1225001248&orgId=9900015470&announcementTime=2026-03-10,2026-03-13 11:30:28+08:00
80937b2197832e9312aa0b4edebebb71fb871f31f5d88ef56806afaa7e16d81d,2,2,Y,Y,2026-03-10,601098.SH,中南传媒,中南传媒关于签署募集资金专户存储四方监管协议的公告,http://www.cninfo.com.cn/new/disclosure/detail?stockCode=601098&announcementId=1225001248&orgId=9900015470&announcementTime=2026-03-10,2026-03-13 11:30:28+08:00
a81ecb01ae2c6e7b9e358d5d08f0d601c8ab9ff11be034c5a8d312a659304cb9,2,1,N,N,2026-03-10,603031.SH,安孚科技,安徽安孚电池科技股份有限公司2025度内部控制审计报告,http://www.cninfo.com.cn/new/disclosure/detail?stockCode=603031&announcementId=1225002605&orgId=9900024937&announcementTime=2026-03-10,2026-03-13 11:30:28+08:00
a81ecb01ae2c6e7b9e358d5d08f0d601c8ab9ff11be034c5a8d312a659304cb9,2,2,Y,Y,2026-03-10,603031.SH,安孚科技,安徽安孚电池科技股份有限公司2025度内部控制审计报告,http://www.cninfo.com.cn/new/disclosure/detail?stockCode=603031&announcementId=1225002605&orgId=9900024937&announcementTime=2026-03-10,2026-03-13 11:30:28+08:00
ed9511331e6647b3ec1b39bfde03d4174b57899cfb9cc8a81b808f3993f29bef,2,1,N,N,2026-03-10,605050.SH,福然德,国浩律师（上海）事务所关于福然德股份有限公司调整2025年员工持股计划购买价格之法律意见书,http://www.cninfo.com.cn/new/disclosure/detail?stockCode=605050&announcementId=1225001247&orgId=9900039818&announcementTime=2026-03-10,2026-03-13 11:30:28+08:00
ed9511331e6647b3ec1b39bfde03d4174b57899cfb9cc8a81b808f3993f29bef,2,2,Y,Y,2026-03-10,605050.SH,福然德,国浩律师（上海）事务所关于福然德股份有限公司调整2025年员工持股计划购买价格之法律意见书,http://www.cninfo.com.cn/new/disclosure/detail?stockCode=605050&announcementId=1225001247&orgId=9900039818&announcementTime=2026-03-10,2026-03-13 11:30:28+08:00
ce407746a6d2f419cd16c4fa268c57ca96661523e14e40b0020bda4ae5c83408,2,1,N,N,2026-03-10,605339.SH,南侨食品,南侨食品集团(上海)股份有限公司2025年度内部控制审计报告,http://www.cninfo.com.cn/new/disclosure/detail?stockCode=605339&announcementId=1225002051&orgId=9900037308&announcementTime=2026-03-10,2026-03-13 11:30:28+08:00
ce407746a6d2f419cd16c4fa268c57ca96661523e14e40b0020bda4ae5c83408,2,2,Y,Y,2026-03-10,605339.SH,南侨食品,南侨食品集团(上海)股份有限公司2025年度内部控制审计报告,http://www.cninfo.com.cn/new/disclosure/detail?stockCode=605339&announcementId=1225002051&orgId=9900037308&announcementTime=2026-03-10,2026-03-13 11:30:28+08:00
25b378d2a76fdf92f6741512532cbbca657aeda0708289d0e523a03079bb651e,2,1,N,N,2026-03-10,605339.SH,南侨食品,南侨食品集团（上海）股份有限公司关于2025年度日常关联交易执行情况和2026年度日常关联交易预计的公告,http://www.cninfo.com.cn/new/disclosure/detail?stockCode=605339&announcementId=1225002054&orgId=9900037308&announcementTime=2026-03-10,2026-03-13 11:30:28+08:00
25b378d2a76fdf92f6741512532cbbca657aeda0708289d0e523a03079bb651e,2,2,Y,Y,2026-03-10,605339.SH,南侨食品,南侨食品集团（上海）股份有限公司关于2025年度日常关联交易执行情况和2026年度日常关联交易预计的公告,http://www.cninfo.com.cn/new/disclosure/detail?stockCode=605339&announcementId=1225002054&orgId=9900037308&announcementTime=2026-03-10,2026-03-13 11:30:28+08:00
2bd5683141c0f8a8082eacaa04da10a85ab05f46fde786ba8977b66d8c63338e,2,1,N,N,2026-03-10,605339.SH,南侨食品,南侨食品集团（上海）股份有限公司关于召开2025年度业绩说明会的公告,http://www.cninfo.com.cn/new/disclosure/detail?stockCode=605339&announcementId=1225002052&orgId=9900037308&announcementTime=2026-03-10,2026-03-13 11:30:28+08:00
2bd5683141c0f8a8082eacaa04da10a85ab05f46fde786ba8977b66d8c63338e,2,2,Y,Y,2026-03-10,605339.SH,南侨食品,南侨食品集团（上海）股份有限公司关于召开2025年度业绩说明会的公告,http://www.cninfo.com.cn/new/disclosure/detail?stockCode=605339&announcementId=1225002052&orgId=9900037308&announcementTime=2026-03-10,2026-03-13 11:30:28+08:00
422df944deaae24690a7977409038e36ce28f91291ade8fae35587d71ce523ed,2,1,N,N,2026-03-11,000950.SZ,重药控股,关于召开2026年第二次临时股东会的通知,http://www.cninfo.com.cn/new/disclosure/detail?stockCode=000950&announcementId=1225003567&orgId=gssz0000950&announcementTime=2026-03-11,2026-03-12 10:18:26+08:00
422df944deaae24690a7977409038e36ce28f91291ade8fae35587d71ce523ed,2,2,Y,Y,2026-03-11,000950.SZ,重药控股,关于召开2026年第二次临时股东会的通知,http://www.cninfo.com.cn/new/disclosure/detail?stockCode=000950&announcementId=1225003567&orgId=gssz0000950&announcementTime=2026-03-11,2026-03-12 10:18:26+08:00
5aa6b92bb30ccb7b124eac3a9d2a9c8f13f4db1eccd556fae0c81f2799c862b1,2,1,N,N,2026-03-11,001298.SZ,好上好,关于归还暂时补充流动资金的募集资金的公告,http://www.cninfo.com.cn/new/disclosure/detail?stockCode=001298&announcementId=1225003219&orgId=9900047340&announcementTime=2026-03-11,2026-03-12 10:18:26+08:00
5aa6b92bb30ccb7b124eac3a9d2a9c8f13f4db1eccd556fae0c81f2799c862b1,2,2,Y,Y,2026-03-11,001298.SZ,好上好,关于归还暂时补充流动资金的募集资金的公告,http://www.cninfo.com.cn/new/disclosure/detail?stockCode=001298&announcementId=1225003219&orgId=9900047340&announcementTime=2026-03-11,2026-03-12 10:18:26+08:00
33b8202ba754dbf62b743e49ed63b1b40e0e4105abe17903d7c2ca34c16fde21,2,1,N,N,2026-03-12,600458.SH,时代新材,国金证券股份有限公司关于株洲时代新材料科技股份有限公司2025年度持续督导现场检查报告,http://www.cninfo.com.cn/new/disclosure/detail?stockCode=600458&announcementId=1225005418&orgId=gssh0600458&announcementTime=2026-03-12,2026-03-12 10:18:55+08:00
33b8202ba754dbf62b743e49ed63b1b40e0e4105abe17903d7c2ca34c16fde21,2,2,Y,Y,2026-03-12,600458.SH,时代新材,国金证券股份有限公司关于株洲时代新材料科技股份有限公司2025年度持续督导现场检查报告,http://www.cninfo.com.cn/new/disclosure/detail?stockCode=600458&announcementId=1225005418&orgId=gssh0600458&announcementTime=2026-03-12,2026-03-12 10:18:55+08:00
d145487e45d9fb05d2bbfe25e6133a7b85d07550beb1520b3476ddb58f269119,2,1,N,N,2026-03-12,600990.SH,四创电子,四创电子关于公司董事长离任的公告,http://www.cninfo.com.cn/new/disclosure/detail?stockCode=600990&announcementId=1225005335&orgId=gssh0600990&announcementTime=2026-03-12,2026-03-12 10:18:55+08:00
d145487e45d9fb05d2bbfe25e6133a7b85d07550beb1520b3476ddb58f269119,2,2,Y,Y,2026-03-12,600990.SH,四创电子,四创电子关于公司董事长离任的公告,http://www.cninfo.com.cn/new/disclosure/detail?stockCode=600990&announcementId=1225005335&orgId=gssh0600990&announcementTime=2026-03-12,2026-03-12 10:18:55+08:00
1085fef7d85be7612fb74d79a9f8994e7a117f2c4536db3ea68c550f1313808e,2,1,N,N,2026-03-12,601003.SH,柳钢股份,柳钢股份公司章程（2026年3月）,http://www.cninfo.com.cn/new/disclosure/detail?stockCode=601003&announcementId=1225005415&orgId=9900002182&announcementTime=2026-03-12,2026-03-12 10:18:55+08:00
1085fef7d85be7612fb74d79a9f8994e7a117f2c4536db3ea68c550f1313808e,2,2,Y,Y,2026-03-12,601003.SH,柳钢股份,柳钢股份公司章程（2026年3月）,http://www.cninfo.com.cn/new/disclosure/detail?stockCode=601003&announcementId=1225005415&orgId=9900002182&announcementTime=2026-03-12,2026-03-12 10:18:55+08:00
96cf7603050f92fb358128e4e67f2fb01aeab42a680693f86a81054697813d2f,2,1,N,N,2026-03-12,603339.SH,四方科技,上海市通力律师事务所关于四方科技集团股份有限公司向不特定对象发行可转换公司债券之补充法律意见书(一),http://www.cninfo.com.cn/new/disclosure/detail?stockCode=603339&announcementId=1225005426&orgId=9900024935&announcementTime=2026-03-12,2026-03-12 10:18:55+08:00
96cf7603050f92fb358128e4e67f2fb01aeab42a680693f86a81054697813d2f,2,2,Y,Y,2026-03-12,603339.SH,四方科技,上海市通力律师事务所关于四方科技集团股份有限公司向不特定对象发行可转换公司债券之补充法律意见书(一),http://www.cninfo.com.cn/new/disclosure/detail?stockCode=603339&announcementId=1225005426&orgId=9900024935&announcementTime=2026-03-12,2026-03-12 10:18:55+08:00
c64de4940a58067bb02eb282877a47ce774430897e23222e48654d1903c8cbb6,2,1,N,N,2026-03-14,601899.SH,紫金矿业,紫金矿业集团股份有限公司关于召开2025年度业绩说明会的公告,http://www.cninfo.com.cn/new/disclosure/detail?stockCode=601899&announcementId=1225008174&orgId=9900004143&announcementTime=2026-03-14,2026-03-13 18:04:31+08:00
c64de4940a58067bb02eb282877a47ce774430897e23222e48654d1903c8cbb6,2,2,Y,Y,2026-03-14,601899.SH,紫金矿业,紫金矿业集团股份有限公司关于召开2025年度业绩说明会的公告,http://www.cninfo.com.cn/new/disclosure/detail?stockCode=601899&announcementId=1225008174&orgId=9900004143&announcementTime=2026-03-14,2026-03-13 18:04:31+08:00
045afe190597f94f4fb87f30c298185b9cabc398ddb39a10f456a1b34d61d3d7,2,1,N,N,2026-03-14,688630.SH,芯碁微装,容诚会计师事务所（特殊普通合伙）对公司2025年度募集资金存放、管理及使用情况鉴证报告,http://www.cninfo.com.cn/new/disclosure/detail?stockCode=688630&announcementId=1225007997&orgId=nssc1000289&announcementTime=2026-03-14,2026-03-13 18:04:31+08:00
045afe190597f94f4fb87f30c298185b9cabc398ddb39a10f456a1b34d61d3d7,2,2,Y,Y,2026-03-14,688630.SH,芯碁微装,容诚会计师事务所（特殊普通合伙）对公司2025年度募集资金存放、管理及使用情况鉴证报告,http://www.cninfo.com.cn/new/disclosure/detail?stockCode=688630&announcementId=1225007997&orgId=nssc1000289&announcementTime=2026-03-14,2026-03-13 18:04:31+08:00
07a8fa27e33b26477e3880b3bc6b6ea6f58294f59035c35aa7feda315c5d791b,2,1,N,N,2026-03-17,000672.SZ,上峰水泥,关于公司新增对外担保额度的公告,http://www.cninfo.com.cn/new/disclosure/detail?stockCode=000672&announcementId=1225010824&orgId=gssz0000672&announcementTime=2026-03-17,2026-03-16 18:06:39+08:00
07a8fa27e33b26477e3880b3bc6b6ea6f58294f59035c35aa7feda315c5d791b,2,2,Y,Y,2026-03-17,000672.SZ,上峰水泥,关于公司新增对外担保额度的公告,http://www.cninfo.com.cn/new/disclosure/detail?stockCode=000672&announcementId=1225010824&orgId=gssz0000672&announcementTime=2026-03-17,2026-03-16 18:06:39+08:00
2039df9e25b0f2aa7df943db4d7df28d035ba973df4e05a478fae3213ac46813,2,1,N,N,2026-03-17,600547.SH,山东黄金,董事会会议通告,http://www.cninfo.com.cn/new/disclosure/detail?stockCode=600547&announcementId=1225011364&orgId=gssh0600547&announcementTime=2026-03-17,2026-03-16 18:06:39+08:00
2039df9e25b0f2aa7df943db4d7df28d035ba973df4e05a478fae3213ac46813,2,2,Y,Y,2026-03-17,600547.SH,山东黄金,董事会会议通告,http://www.cninfo.com.cn/new/disclosure/detail?stockCode=600547&announcementId=1225011364&orgId=gssh0600547&announcementTime=2026-03-17,2026-03-16 18:06:39+08:00
15c5d472d750c70e821be4d10f1daad8c44e6749fb30833d52199c9c0f6bd67b,2,1,N,N,2026-03-17,603335.SH,迪生力,迪生力2026年第二次临时股东会决议公告,http://www.cninfo.com.cn/new/disclosure/detail?stockCode=603335&announcementId=1225011363&orgId=9900030897&announcementTime=2026-03-17,2026-03-16 18:06:39+08:00
15c5d472d750c70e821be4d10f1daad8c44e6749fb30833d52199c9c0f6bd67b,2,2,Y,Y,2026-03-17,603335.SH,迪生力,迪生力2026年第二次临时股东会决议公告,http://www.cninfo.com.cn/new/disclosure/detail?stockCode=603335&announcementId=1225011363&orgId=9900030897&announcementTime=2026-03-17,2026-03-16 18:06:39+08:00
3860ec29879ee5a83ca4a21d08e47214716a7547276a47002324fc8dbd5f8d32,2,1,N,N,2026-03-18,001221.SZ,悍高集团,悍高集团股份有限公司关于证券事务代表辞职的公告,http://www.cninfo.com.cn/new/disclosure/detail?stockCode=001221&announcementId=1225013367&orgId=9900053810&announcementTime=2026-03-18,2026-03-17 18:10:00+08:00
3860ec29879ee5a83ca4a21d08e47214716a7547276a47002324fc8dbd5f8d32,2,2,Y,Y,2026-03-18,001221.SZ,悍高集团,悍高集团股份有限公司关于证券事务代表辞职的公告,http://www.cninfo.com.cn/new/disclosure/detail?stockCode=001221&announcementId=1225013367&orgId=9900053810&announcementTime=2026-03-18,2026-03-17 18:10:00+08:00
32464d5d47eeb50a1e50db70185050ea7fcba401c00944cd5afbe2f89c0e5d96,2,1,N,N,2026-03-20,300451.SZ,创业慧康,独立董事候选人声明与承诺（沈观贤）,http://www.cninfo.com.cn/new/disclosure/detail?stockCode=300451&announcementId=1225019877&orgId=9900023801&announcementTime=2026-03-20,2026-03-19 22:41:02+08:00
32464d5d47eeb50a1e50db70185050ea7fcba401c00944cd5afbe2f89c0e5d96,2,2,Y,Y,2026-03-20,300451.SZ,创业慧康,独立董事候选人声明与承诺（沈观贤）,http://www.cninfo.com.cn/new/disclosure/detail?stockCode=300451&announcementId=1225019877&orgId=9900023801&announcementTime=2026-03-20,2026-03-19 22:41:02+08:00
218193dcaafe1a165686330bc2f5bac31f5f7167e451ad208d3e10a473af25b0,2,1,N,N,2026-03-20,300846.SZ,首都在线,2025年度非经营性资金占用及其他关联资金往来情况汇总表,http://www.cninfo.com.cn/new/disclosure/detail?stockCode=300846&announcementId=1225019838&orgId=9900013967&announcementTime=2026-03-20,2026-03-19 22:41:02+08:00
218193dcaafe1a165686330bc2f5bac31f5f7167e451ad208d3e10a473af25b0,2,2,Y,Y,2026-03-20,300846.SZ,首都在线,2025年度非经营性资金占用及其他关联资金往来情况汇总表,http://www.cninfo.com.cn/new/disclosure/detail?stockCode=300846&announcementId=1225019838&orgId=9900013967&announcementTime=2026-03-20,2026-03-19 22:41:02+08:00
33bb78fac56f543e2e5ab8bf35d519c130090ff3195de7f6b39db9c2dbec3080,2,1,N,N,2026-03-20,301277.SZ,新天地,2025年年度财务决算报告,http://www.cninfo.com.cn/new/disclosure/detail?stockCode=301277&announcementId=1225019813&orgId=nssc1000651&announcementTime=2026-03-20,2026-03-19 22:41:02+08:00
33bb78fac56f543e2e5ab8bf35d519c130090ff3195de7f6b39db9c2dbec3080,2,2,Y,Y,2026-03-20,301277.SZ,新天地,2025年年度财务决算报告,http://www.cninfo.com.cn/new/disclosure/detail?stockCode=301277&announcementId=1225019813&orgId=nssc1000651&announcementTime=2026-03-20,2026-03-19 22:41:02+08:00
71c63431eecb6b47ca251e28507aaa7488151ee8a491b95555b5465dce276c19,2,1,N,N,2026-03-20,301277.SZ,新天地,董事会审计委员会对会计师事务所2025年度履职情况评估及履行监督职责情况报告,http://www.cninfo.com.cn/new/disclosure/detail?stockCode=301277&announcementId=1225019804&orgId=nssc1000651&announcementTime=2026-03-20,2026-03-19 22:41:02+08:00
71c63431eecb6b47ca251e28507aaa7488151ee8a491b95555b5465dce276c19,2,2,Y,Y,2026-03-20,301277.SZ,新天地,董事会审计委员会对会计师事务所2025年度履职情况评估及履行监督职责情况报告,http://www.cninfo.com.cn/new/disclosure/detail?stockCode=301277&announcementId=1225019804&orgId=nssc1000651&announcementTime=2026-03-20,2026-03-19 22:41:02+08:00
04389d8fa7ed36369e29f732b277365d8b07085c1a861626ca666820cd8670d2,2,1,N,N,2026-03-21,002552.SZ,宝鼎科技,关于公司在山东招金集团财务有限公司办理金融服务业务的风险评估报告,http://www.cninfo.com.cn/new/disclosure/detail?stockCode=002552&announcementId=1225021313&orgId=9900018064&announcementTime=2026-03-21,2026-03-20 20:44:14+08:00
04389d8fa7ed36369e29f732b277365d8b07085c1a861626ca666820cd8670d2,2,2,Y,Y,2026-03-21,002552.SZ,宝鼎科技,关于公司在山东招金集团财务有限公司办理金融服务业务的风险评估报告,http://www.cninfo.com.cn/new/disclosure/detail?stockCode=002552&announcementId=1225021313&orgId=9900018064&announcementTime=2026-03-21,2026-03-20 20:44:14+08:00
d820496f2ee1c7620d3bc42a4a4bf57a5e27b6f15e0fe83d85e51663d0710c85,2,1,N,N,2026-03-24,002400.SZ,省广集团,关于董事会延期换届的提示性公告,http://www.cninfo.com.cn/new/disclosure/detail?stockCode=002400&announcementId=1225025041&orgId=9900012289&announcementTime=2026-03-24,2026-03-23 18:06:39+08:00
d820496f2ee1c7620d3bc42a4a4bf57a5e27b6f15e0fe83d85e51663d0710c85,2,2,Y,Y,2026-03-24,002400.SZ,省广集团,关于董事会延期换届的提示性公告,http://www.cninfo.com.cn/new/disclosure/detail?stockCode=002400&announcementId=1225025041&orgId=9900012289&announcementTime=2026-03-24,2026-03-23 18:06:39+08:00
b3a333507f94c50a59a6524048c35f0f52848a61d9ad0346d407ef153a0e95cd,2,1,N,N,2026-03-24,601916.SH,浙商银行,浙商银行股份有限公司关于召开2025年度业绩说明会的公告,http://www.cninfo.com.cn/new/disclosure/detail?stockCode=601916&announcementId=1225025112&orgId=9900007207&announcementTime=2026-03-24,2026-03-23 18:06:39+08:00
b3a333507f94c50a59a6524048c35f0f52848a61d9ad0346d407ef153a0e95cd,2,2,Y,Y,2026-03-24,601916.SH,浙商银行,浙商银行股份有限公司关于召开2025年度业绩说明会的公告,http://www.cninfo.com.cn/new/disclosure/detail?stockCode=601916&announcementId=1225025112&orgId=9900007207&announcementTime=2026-03-24,2026-03-23 18:06:39+08:00
5288c8cf4b95d36741aa1c23adec4dd18b24ace0d381853b3211f55267c5b87b,2,1,N,N,2026-03-24,603010.SH,万盛股份,浙江万盛股份有限公司2025年年度报告摘要,http://www.cninfo.com.cn/new/disclosure/detail?stockCode=603010&announcementId=1225025137&orgId=9900022964&announcementTime=2026-03-24,2026-03-23 18:06:39+08:00
5288c8cf4b95d36741aa1c23adec4dd18b24ace0d381853b3211f55267c5b87b,2,2,Y,Y,2026-03-24,603010.SH,万盛股份,浙江万盛股份有限公司2025年年度报告摘要,http://www.cninfo.com.cn/new/disclosure/detail?stockCode=603010&announcementId=1225025137&orgId=9900022964&announcementTime=2026-03-24,2026-03-23 18:06:39+08:00
3a7f0a938add70f75719ea3537805fe210ac16c74f8704f94202ef7d73f6b704,2,1,N,N,2026-03-24,603010.SH,万盛股份,浙江万盛股份有限公司关于召开2025年度业绩说明会的公告,http://www.cninfo.com.cn/new/disclosure/detail?stockCode=603010&announcementId=1225025113&orgId=9900022964&announcementTime=2026-03-24,2026-03-23 18:06:39+08:00
3a7f0a938add70f75719ea3537805fe210ac16c74f8704f94202ef7d73f6b704,2,2,Y,Y,2026-03-24,603010.SH,万盛股份,浙江万盛股份有限公司关于召开2025年度业绩说明会的公告,http://www.cninfo.com.cn/new/disclosure/detail?stockCode=603010&announcementId=1225025113&orgId=9900022964&announcementTime=2026-03-24,2026-03-23 18:06:39+08:00
5af20176a7cd181fca2c44879c6631a30e440c244087cb07d6a95fef2f3b26db,2,1,N,N,2026-03-24,603259.SH,药明康德,关于2026年度持续性关联交易预计额度的公告,http://www.cninfo.com.cn/new/disclosure/detail?stockCode=603259&announcementId=1225025213&orgId=9900035584&announcementTime=2026-03-24,2026-03-23 18:06:39+08:00
5af20176a7cd181fca2c44879c6631a30e440c244087cb07d6a95fef2f3b26db,2,2,Y,Y,2026-03-24,603259.SH,药明康德,关于2026年度持续性关联交易预计额度的公告,http://www.cninfo.com.cn/new/disclosure/detail?stockCode=603259&announcementId=1225025213&orgId=9900035584&announcementTime=2026-03-24,2026-03-23 18:06:39+08:00
dacc77bdbe655107e493f456b123f5ac58deaa99a37e37c6e53e5bd352a697ed,2,1,N,N,2026-03-24,603259.SH,药明康德,内部控制审计报告（2025年12月31日）,http://www.cninfo.com.cn/new/disclosure/detail?stockCode=603259&announcementId=1225025220&orgId=9900035584&announcementTime=2026-03-24,2026-03-23 18:06:39+08:00
dacc77bdbe655107e493f456b123f5ac58deaa99a37e37c6e53e5bd352a697ed,2,2,Y,Y,2026-03-24,603259.SH,药明康德,内部控制审计报告（2025年12月31日）,http://www.cninfo.com.cn/new/disclosure/detail?stockCode=603259&announcementId=1225025220&orgId=9900035584&announcementTime=2026-03-24,2026-03-23 18:06:39+08:00
51a8530a8db26a7bfe2045698ce2a8e4f0327a5ab68dfba527bc835f0cb36210,2,1,N,N,2026-03-24,603259.SH,药明康德,无锡药明康德新药开发股份有限公司董事会对公司独立董事独立性情况的专项意见,http://www.cninfo.com.cn/new/disclosure/detail?stockCode=603259&announcementId=1225025218&orgId=9900035584&announcementTime=2026-03-24,2026-03-23 18:06:39+08:00
51a8530a8db26a7bfe2045698ce2a8e4f0327a5ab68dfba527bc835f0cb36210,2,2,Y,Y,2026-03-24,603259.SH,药明康德,无锡药明康德新药开发股份有限公司董事会对公司独立董事独立性情况的专项意见,http://www.cninfo.com.cn/new/disclosure/detail?stockCode=603259&announcementId=1225025218&orgId=9900035584&announcementTime=2026-03-24,2026-03-23 18:06:39+08:00
a930bf0331b9cb3974cb793e1ddb9ac0ab19fc0c9c6799918783173ca5685e3f,2,1,N,N,2026-03-25,000651.SZ,格力电器,关于持股5%以上股东部分股份解除质押的公告,http://www.cninfo.com.cn/new/disclosure/detail?stockCode=000651&announcementId=1225028613&orgId=gssz0000651&announcementTime=2026-03-25,2026-03-24 20:02:35+08:00
a930bf0331b9cb3974cb793e1ddb9ac0ab19fc0c9c6799918783173ca5685e3f,2,2,Y,Y,2026-03-25,000651.SZ,格力电器,关于持股5%以上股东部分股份解除质押的公告,http://www.cninfo.com.cn/new/disclosure/detail?stockCode=000651&announcementId=1225028613&orgId=gssz0000651&announcementTime=2026-03-25,2026-03-24 20:02:35+08:00
39e4ce02b761ea1d51746d2664d362928853ca74bcb5fe4db8f27b8eb3767955,2,1,N,N,2026-03-25,002061.SZ,浙江交科,公司章程（2026年3月）,http://www.cninfo.com.cn/new/disclosure/detail?stockCode=002061&announcementId=1225028632&orgId=9900000341&announcementTime=2026-03-25,2026-03-24 20:02:35+08:00
39e4ce02b761ea1d51746d2664d362928853ca74bcb5fe4db8f27b8eb3767955,2,2,Y,Y,2026-03-25,002061.SZ,浙江交科,公司章程（2026年3月）,http://www.cninfo.com.cn/new/disclosure/detail?stockCode=002061&announcementId=1225028632&orgId=9900000341&announcementTime=2026-03-25,2026-03-24 20:02:35+08:00
1ea1336b3c37a47573a8bb5ec5e17610ea73405f093dd37c753999940eb3b794,2,1,N,N,2026-03-25,002546.SZ,新联电子,关于使用闲置募集资金进行现金管理的公告,http://www.cninfo.com.cn/new/disclosure/detail?stockCode=002546&announcementId=1225028618&orgId=9900017608&announcementTime=2026-03-25,2026-03-24 20:02:35+08:00
1ea1336b3c37a47573a8bb5ec5e17610ea73405f093dd37c753999940eb3b794,2,2,Y,Y,2026-03-25,002546.SZ,新联电子,关于使用闲置募集资金进行现金管理的公告,http://www.cninfo.com.cn/new/disclosure/detail?stockCode=002546&announcementId=1225028618&orgId=9900017608&announcementTime=2026-03-25,2026-03-24 20:02:35+08:00
8de99d90ea02bdd85aa2fb10005367ad8063652a0573feb03e0a7fa5913c1dac,2,1,N,N,2026-03-25,300049.SZ,福瑞医科,2025年年度报告,http://www.cninfo.com.cn/new/disclosure/detail?stockCode=300049&announcementId=1225027182&orgId=9900009588&announcementTime=2026-03-25,2026-03-24 20:02:35+08:00
8de99d90ea02bdd85aa2fb10005367ad8063652a0573feb03e0a7fa5913c1dac,2,2,Y,Y,2026-03-25,300049.SZ,福瑞医科,2025年年度报告,http://www.cninfo.com.cn/new/disclosure/detail?stockCode=300049&announcementId=1225027182&orgId=9900009588&announcementTime=2026-03-25,2026-03-24 20:02:35+08:00
0f3fe3d7708abbbef26bf8237ab1a603c8fc46dbbcb298804535b50c340a6569,2,1,N,N,2026-03-25,300049.SZ,福瑞医科,福瑞医科：审计委员会对会计事务所履职评估与履行监督报告,http://www.cninfo.com.cn/new/disclosure/detail?stockCode=300049&announcementId=1225027188&orgId=9900009588&announcementTime=2026-03-25,2026-03-24 20:02:35+08:00
0f3fe3d7708abbbef26bf8237ab1a603c8fc46dbbcb298804535b50c340a6569,2,2,Y,Y,2026-03-25,300049.SZ,福瑞医科,福瑞医科：审计委员会对会计事务所履职评估与履行监督报告,http://www.cninfo.com.cn/new/disclosure/detail?stockCode=300049&announcementId=1225027188&orgId=9900009588&announcementTime=2026-03-25,2026-03-24 20:02:35+08:00
c28699c0d430ac6b7de3f3125c4a5b9cfd39d60df5045948406ece98b4abfba7,2,1,N,N,2026-03-25,600107.SH,ST尔雅,关于股票交易异常波动的公告,http://www.cninfo.com.cn/new/disclosure/detail?stockCode=600107&announcementId=1225028672&orgId=gssh0600107&announcementTime=2026-03-25,2026-03-24 20:02:35+08:00
c28699c0d430ac6b7de3f3125c4a5b9cfd39d60df5045948406ece98b4abfba7,2,2,Y,Y,2026-03-25,600107.SH,ST尔雅,关于股票交易异常波动的公告,http://www.cninfo.com.cn/new/disclosure/detail?stockCode=600107&announcementId=1225028672&orgId=gssh0600107&announcementTime=2026-03-25,2026-03-24 20:02:35+08:00
b4c9f45e8f728d684f99c2cf2eae7edb8e4c551795a04426043b927599e1d48d,2,1,N,N,2026-03-25,601117.SH,中国化学,中国化学2025年环境、社会及治理（ESG）报告.pdf,http://www.cninfo.com.cn/new/disclosure/detail?stockCode=601117&announcementId=1225028822&orgId=9900009949&announcementTime=2026-03-25,2026-03-24 20:02:35+08:00
b4c9f45e8f728d684f99c2cf2eae7edb8e4c551795a04426043b927599e1d48d,2,2,Y,Y,2026-03-25,601117.SH,中国化学,中国化学2025年环境、社会及治理（ESG）报告.pdf,http://www.cninfo.com.cn/new/disclosure/detail?stockCode=601117&announcementId=1225028822&orgId=9900009949&announcementTime=2026-03-25,2026-03-24 20:02:35+08:00
9fbdccc87af73dfc28a95f918fce3285af4097285d1e8c4f3ef923f72a15ca8c,2,1,N,N,2026-03-25,688031.SH,星环科技,2025年内部控制评价报告,http://www.cninfo.com.cn/new/disclosure/detail?stockCode=688031&announcementId=1225028824&orgId=9900048105&announcementTime=2026-03-25,2026-03-24 20:02:35+08:00
9fbdccc87af73dfc28a95f918fce3285af4097285d1e8c4f3ef923f72a15ca8c,2,2,Y,Y,2026-03-25,688031.SH,星环科技,2025年内部控制评价报告,http://www.cninfo.com.cn/new/disclosure/detail?stockCode=688031&announcementId=1225028824&orgId=9900048105&announcementTime=2026-03-25,2026-03-24 20:02:35+08:00
b7113669ab63bd0a519f3fc286f9f32963a887720407e1d344047f566d07cfb9,2,1,N,N,2026-03-25,688065.SH,凯赛生物,招商证券股份有限公司关于上海凯赛生物技术股份有限公司开展外汇套期保值业务的核查意见,http://www.cninfo.com.cn/new/disclosure/detail?stockCode=688065&announcementId=1225028673&orgId=9900042737&announcementTime=2026-03-25,2026-03-24 20:02:35+08:00
b7113669ab63bd0a519f3fc286f9f32963a887720407e1d344047f566d07cfb9,2,2,Y,Y,2026-03-25,688065.SH,凯赛生物,招商证券股份有限公司关于上海凯赛生物技术股份有限公司开展外汇套期保值业务的核查意见,http://www.cninfo.com.cn/new/disclosure/detail?stockCode=688065&announcementId=1225028673&orgId=9900042737&announcementTime=2026-03-25,2026-03-24 20:02:35+08:00
70cb03fa685b58182e73cfd6c1b58c1171f8fee80764d7735b7778ae44027474,2,1,N,N,2026-03-26,300458.SZ,全志科技,2026年限制性股票激励计划（草案）,http://www.cninfo.com.cn/new/disclosure/detail?stockCode=300458&announcementId=1225036105&orgId=9900023803&announcementTime=2026-03-26,2026-03-26 19:40:23+08:00
70cb03fa685b58182e73cfd6c1b58c1171f8fee80764d7735b7778ae44027474,2,2,Y,Y,2026-03-26,300458.SZ,全志科技,2026年限制性股票激励计划（草案）,http://www.cninfo.com.cn/new/disclosure/detail?stockCode=300458&announcementId=1225036105&orgId=9900023803&announcementTime=2026-03-26,2026-03-26 19:40:23+08:00
d89fd3470052761e55e69e4dd9a28510ea2592f8c3b5195418918223ad681adf,2,1,N,N,2026-03-26,600918.SH,中泰证券,中泰证券股份有限公司2026年度第二期短期融资券发行结果公告,http://www.cninfo.com.cn/new/disclosure/detail?stockCode=600918&announcementId=1225030652&orgId=qsgn0000702&announcementTime=2026-03-26,2026-03-25 18:19:56+08:00
d89fd3470052761e55e69e4dd9a28510ea2592f8c3b5195418918223ad681adf,2,2,Y,Y,2026-03-26,600918.SH,中泰证券,中泰证券股份有限公司2026年度第二期短期融资券发行结果公告,http://www.cninfo.com.cn/new/disclosure/detail?stockCode=600918&announcementId=1225030652&orgId=qsgn0000702&announcementTime=2026-03-26,2026-03-25 18:19:56+08:00
ec52dfe902642e004f37f3870a2fa7df901fbc7cb15fa03e583a1d47c3e04d5b,2,1,N,N,2026-03-26,603766.SH,隆鑫通用,隆鑫通用动力股份有限公司关于第三期员工持股计划进展暨完成股票购买的公告,http://www.cninfo.com.cn/new/disclosure/detail?stockCode=603766&announcementId=1225030649&orgId=9900023200&announcementTime=2026-03-26,2026-03-25 18:19:56+08:00
ec52dfe902642e004f37f3870a2fa7df901fbc7cb15fa03e583a1d47c3e04d5b,2,2,Y,Y,2026-03-26,603766.SH,隆鑫通用,隆鑫通用动力股份有限公司关于第三期员工持股计划进展暨完成股票购买的公告,http://www.cninfo.com.cn/new/disclosure/detail?stockCode=603766&announcementId=1225030649&orgId=9900023200&announcementTime=2026-03-26,2026-03-25 18:19:56+08:00
742e530ce93b33e6dcce1de7958a0b751d2071fc965bdf4ff9aed5786ffb921b,2,1,N,N,2026-03-26,688809.SH,强一股份,上海市通力律师事务所关于强一半导体（苏州）股份有限公司2026年第二次临时股东会的法律意见书,http://www.cninfo.com.cn/new/disclosure/detail?stockCode=688809&announcementId=1225030599&orgId=9900062000&announcementTime=2026-03-26,2026-03-25 18:19:56+08:00
742e530ce93b33e6dcce1de7958a0b751d2071fc965bdf4ff9aed5786ffb921b,2,2,Y,Y,2026-03-26,688809.SH,强一股份,上海市通力律师事务所关于强一半导体（苏州）股份有限公司2026年第二次临时股东会的法律意见书,http://www.cninfo.com.cn/new/disclosure/detail?stockCode=688809&announcementId=1225030599&orgId=9900062000&announcementTime=2026-03-26,2026-03-25 18:19:56+08:00
b05c53aeca5879181f722a7879e77842cd450b71c8cb8a8d3c2882111924aab1,2,1,N,N,2026-03-27,000738.SZ,航发控制,非经营性资金占用及其他关联资金往来情况专项说明--容诚专字[2026]518Z0020号,http://www.cninfo.com.cn/new/disclosure/detail?stockCode=000738&announcementId=1225036466&orgId=gssz0000738&announcementTime=2026-03-27,2026-03-26 20:11:43+08:00
b05c53aeca5879181f722a7879e77842cd450b71c8cb8a8d3c2882111924aab1,2,2,Y,Y,2026-03-27,000738.SZ,航发控制,非经营性资金占用及其他关联资金往来情况专项说明--容诚专字[2026]518Z0020号,http://www.cninfo.com.cn/new/disclosure/detail?stockCode=000738&announcementId=1225036466&orgId=gssz0000738&announcementTime=2026-03-27,2026-03-26 20:11:43+08:00
e73c502defea711068d6ccdb5b3925f9292556fcd9277716f7c483bd9d3d78f0,2,1,N,N,2026-03-27,002242.SZ,九阳股份,独立董事2025年度述职报告（邬爱其-已离任）,http://www.cninfo.com.cn/new/disclosure/detail?stockCode=002242&announcementId=1225036513&orgId=9900004732&announcementTime=2026-03-27,2026-03-26 20:11:43+08:00
e73c502defea711068d6ccdb5b3925f9292556fcd9277716f7c483bd9d3d78f0,2,2,Y,Y,2026-03-27,002242.SZ,九阳股份,独立董事2025年度述职报告（邬爱其-已离任）,http://www.cninfo.com.cn/new/disclosure/detail?stockCode=002242&announcementId=1225036513&orgId=9900004732&announcementTime=2026-03-27,2026-03-26 20:11:43+08:00
62ad1b9e8fc229eeb4d1934ce0a4cb7347340e77d3a974798082627c4ea0415c,2,1,N,N,2026-03-27,600560.SH,金自天正,北京金自天正智能控制股份有限公司2025年度董事会审计委员会履职情况报告,http://www.cninfo.com.cn/new/disclosure/detail?stockCode=600560&announcementId=1225037111&orgId=gssh0600560&announcementTime=2026-03-27,2026-03-26 20:11:43+08:00
62ad1b9e8fc229eeb4d1934ce0a4cb7347340e77d3a974798082627c4ea0415c,2,2,Y,Y,2026-03-27,600560.SH,金自天正,北京金自天正智能控制股份有限公司2025年度董事会审计委员会履职情况报告,http://www.cninfo.com.cn/new/disclosure/detail?stockCode=600560&announcementId=1225037111&orgId=gssh0600560&announcementTime=2026-03-27,2026-03-26 20:11:43+08:00
c51c6b389c024fc4a5b659d5c9d5ae46ccdabafd8de1ebfcc89d9ffe32342722,2,1,N,N,2026-03-27,600560.SH,金自天正,北京金自天正智能控制股份有限公司关于2026年度日常关联交易累计发生总金额预计的公告,http://www.cninfo.com.cn/new/disclosure/detail?stockCode=600560&announcementId=1225037035&orgId=gssh0600560&announcementTime=2026-03-27,2026-03-26 20:11:43+08:00
c51c6b389c024fc4a5b659d5c9d5ae46ccdabafd8de1ebfcc89d9ffe32342722,2,2,Y,Y,2026-03-27,600560.SH,金自天正,北京金自天正智能控制股份有限公司关于2026年度日常关联交易累计发生总金额预计的公告,http://www.cninfo.com.cn/new/disclosure/detail?stockCode=600560&announcementId=1225037035&orgId=gssh0600560&announcementTime=2026-03-27,2026-03-26 20:11:43+08:00
2e5ed115bbd5ec5ce9d8d9521c7feff84e58ab4babbc78a5a2f27217e5963feb,2,1,N,N,2026-03-27,603043.SH,广州酒家,广州酒家：独立董事专门会议工作细则,http://www.cninfo.com.cn/new/disclosure/detail?stockCode=603043&announcementId=1225038522&orgId=9900023009&announcementTime=2026-03-27,2026-03-27 00:50:42+08:00
2e5ed115bbd5ec5ce9d8d9521c7feff84e58ab4babbc78a5a2f27217e5963feb,2,2,Y,Y,2026-03-27,603043.SH,广州酒家,广州酒家：独立董事专门会议工作细则,http://www.cninfo.com.cn/new/disclosure/detail?stockCode=603043&announcementId=1225038522&orgId=9900023009&announcementTime=2026-03-27,2026-03-27 00:50:42+08:00
272b66f7a6f9ee86a1564f67095e9a6f1acec344be2c1611ca15499c08aac7f2,2,1,N,N,2026-03-27,688249.SH,晶合集成,晶合集成2025年度独立董事述职报告（陈铤）,http://www.cninfo.com.cn/new/disclosure/detail?stockCode=688249&announcementId=1225037076&orgId=9900048182&announcementTime=2026-03-27,2026-03-26 20:11:43+08:00
272b66f7a6f9ee86a1564f67095e9a6f1acec344be2c1611ca15499c08aac7f2,2,2,Y,Y,2026-03-27,688249.SH,晶合集成,晶合集成2025年度独立董事述职报告（陈铤）,http://www.cninfo.com.cn/new/disclosure/detail?stockCode=688249&announcementId=1225037076&orgId=9900048182&announcementTime=2026-03-27,2026-03-26 20:11:43+08:00
4db6dd781b1dd174ae8e6d2ffa8ae3eaf1c4f29d48bd2ca1c32ff5fee5d7c220,2,1,N,N,2026-03-28,002465.SZ,海格通信,独立董事2025年度述职报告（刘运国）,http://www.cninfo.com.cn/new/disclosure/detail?stockCode=002465&announcementId=1225044029&orgId=9900014188&announcementTime=2026-03-28,2026-03-27 21:34:20+08:00
4db6dd781b1dd174ae8e6d2ffa8ae3eaf1c4f29d48bd2ca1c32ff5fee5d7c220,2,2,Y,Y,2026-03-28,002465.SZ,海格通信,独立董事2025年度述职报告（刘运国）,http://www.cninfo.com.cn/new/disclosure/detail?stockCode=002465&announcementId=1225044029&orgId=9900014188&announcementTime=2026-03-28,2026-03-27 21:34:20+08:00
c816b1cc5d0cd472ea72b087ad4b63d5ea2a74f212eba680fa039f5ffd7a1254,2,1,N,N,2026-03-28,300124.SZ,汇川技术,独立董事提名人声明与承诺（吴晓蘋）,http://www.cninfo.com.cn/new/disclosure/detail?stockCode=300124&announcementId=1225041491&orgId=9900012527&announcementTime=2026-03-28,2026-03-27 19:01:47+08:00
c816b1cc5d0cd472ea72b087ad4b63d5ea2a74f212eba680fa039f5ffd7a1254,2,2,Y,Y,2026-03-28,300124.SZ,汇川技术,独立董事提名人声明与承诺（吴晓蘋）,http://www.cninfo.com.cn/new/disclosure/detail?stockCode=300124&announcementId=1225041491&orgId=9900012527&announcementTime=2026-03-28,2026-03-27 19:01:47+08:00
3043d6edb400fb01828c0669a57eec0877ad483853e2e59590fe35d011672284,2,1,N,N,2026-03-28,600508.SH,上海能源,上海能源2025年度ESG报告,http://www.cninfo.com.cn/new/disclosure/detail?stockCode=600508&announcementId=1225047145&orgId=gssh0600508&announcementTime=2026-03-28,2026-05-13 11:32:18+08:00
3043d6edb400fb01828c0669a57eec0877ad483853e2e59590fe35d011672284,2,2,Y,Y,2026-03-28,600508.SH,上海能源,上海能源2025年度ESG报告,http://www.cninfo.com.cn/new/disclosure/detail?stockCode=600508&announcementId=1225047145&orgId=gssh0600508&announcementTime=2026-03-28,2026-05-13 11:32:18+08:00
6f6b306b078e75f1b22ce34c4703e38bb2cdb9dc5cb8ae8cdae7788de745442c,2,1,N,N,2026-03-28,600508.SH,上海能源,上海能源2025年度独立董事述职报告,http://www.cninfo.com.cn/new/disclosure/detail?stockCode=600508&announcementId=1225047519&orgId=gssh0600508&announcementTime=2026-03-28,2026-05-13 11:32:18+08:00
6f6b306b078e75f1b22ce34c4703e38bb2cdb9dc5cb8ae8cdae7788de745442c,2,2,Y,Y,2026-03-28,600508.SH,上海能源,上海能源2025年度独立董事述职报告,http://www.cninfo.com.cn/new/disclosure/detail?stockCode=600508&announcementId=1225047519&orgId=gssh0600508&announcementTime=2026-03-28,2026-05-13 11:32:18+08:00
188a072d5dbd7b55e959d4353a5bdc2afb762dad5213894a1688d18f3a90a86c,2,1,N,N,2026-03-28,600508.SH,上海能源,上海能源第九届独立董事专门会议2026年第一次会议审核意见,http://www.cninfo.com.cn/new/disclosure/detail?stockCode=600508&announcementId=1225047050&orgId=gssh0600508&announcementTime=2026-03-28,2026-05-13 11:32:18+08:00
188a072d5dbd7b55e959d4353a5bdc2afb762dad5213894a1688d18f3a90a86c,2,2,Y,Y,2026-03-28,600508.SH,上海能源,上海能源第九届独立董事专门会议2026年第一次会议审核意见,http://www.cninfo.com.cn/new/disclosure/detail?stockCode=600508&announcementId=1225047050&orgId=gssh0600508&announcementTime=2026-03-28,2026-05-13 11:32:18+08:00
bb8a158866f9913ab38a1e740a947e7a414c20452fc0b67c35f29729f4539228,2,1,N,N,2026-03-28,600508.SH,上海能源,上海能源第九届董事会关于独立董事独立性自查情况的专项意见,http://www.cninfo.com.cn/new/disclosure/detail?stockCode=600508&announcementId=1225046631&orgId=gssh0600508&announcementTime=2026-03-28,2026-05-13 11:32:18+08:00
bb8a158866f9913ab38a1e740a947e7a414c20452fc0b67c35f29729f4539228,2,2,Y,Y,2026-03-28,600508.SH,上海能源,上海能源第九届董事会关于独立董事独立性自查情况的专项意见,http://www.cninfo.com.cn/new/disclosure/detail?stockCode=600508&announcementId=1225046631&orgId=gssh0600508&announcementTime=2026-03-28,2026-05-13 11:32:18+08:00
d73ae672c65fe91997abc8c9d21e88fa9d177d348dcc1a4f936c4d35921d1fb1,2,1,N,N,2026-03-28,600508.SH,上海能源,关于上海大屯能源股份有限公司非经营性资金占用及其他关联资金往来情况汇总表的专项审计报告,http://www.cninfo.com.cn/new/disclosure/detail?stockCode=600508&announcementId=1225047677&orgId=gssh0600508&announcementTime=2026-03-28,2026-05-13 11:32:18+08:00
d73ae672c65fe91997abc8c9d21e88fa9d177d348dcc1a4f936c4d35921d1fb1,2,2,Y,Y,2026-03-28,600508.SH,上海能源,关于上海大屯能源股份有限公司非经营性资金占用及其他关联资金往来情况汇总表的专项审计报告,http://www.cninfo.com.cn/new/disclosure/detail?stockCode=600508&announcementId=1225047677&orgId=gssh0600508&announcementTime=2026-03-28,2026-05-13 11:32:18+08:00
a3bf9c989191b5cbf08dfd6253d0284e5dc1622063517aa30c5bfc03649aedf2,2,1,N,N,2026-03-28,688486.SH,龙迅股份,龙迅股份关于部分募集资金投资项目延期的公告,http://www.cninfo.com.cn/new/disclosure/detail?stockCode=688486&announcementId=1225041939&orgId=nssc1000599&announcementTime=2026-03-28,2026-03-27 19:01:47+08:00
a3bf9c989191b5cbf08dfd6253d0284e5dc1622063517aa30c5bfc03649aedf2,2,2,Y,Y,2026-03-28,688486.SH,龙迅股份,龙迅股份关于部分募集资金投资项目延期的公告,http://www.cninfo.com.cn/new/disclosure/detail?stockCode=688486&announcementId=1225041939&orgId=nssc1000599&announcementTime=2026-03-28,2026-03-27 19:01:47+08:00
c97ae847dfe24f51a8762f81506105f295af4269cd449dcc38512b685f99f004,2,1,N,N,2026-03-31,000833.SZ,粤桂股份,2025年年度报告,http://www.cninfo.com.cn/new/disclosure/detail?stockCode=000833&announcementId=1225059459&orgId=gssz0000833&announcementTime=2026-03-31,2026-05-13 12:00:59+08:00
c97ae847dfe24f51a8762f81506105f295af4269cd449dcc38512b685f99f004,2,2,Y,Y,2026-03-31,000833.SZ,粤桂股份,2025年年度报告,http://www.cninfo.com.cn/new/disclosure/detail?stockCode=000833&announcementId=1225059459&orgId=gssz0000833&announcementTime=2026-03-31,2026-05-13 12:00:59+08:00
70ee4fb5405e99a0437927b34320ff7afdfee10e19a850d718d0c42ace98f7eb,2,1,N,N,2026-03-31,000833.SZ,粤桂股份,第九届董事会第四十五次会议决议公告,http://www.cninfo.com.cn/new/disclosure/detail?stockCode=000833&announcementId=1225059467&orgId=gssz0000833&announcementTime=2026-03-31,2026-05-13 12:00:59+08:00
70ee4fb5405e99a0437927b34320ff7afdfee10e19a850d718d0c42ace98f7eb,2,2,Y,Y,2026-03-31,000833.SZ,粤桂股份,第九届董事会第四十五次会议决议公告,http://www.cninfo.com.cn/new/disclosure/detail?stockCode=000833&announcementId=1225059467&orgId=gssz0000833&announcementTime=2026-03-31,2026-05-13 12:00:59+08:00
798fc5ab0d2dd9a41127b8d5dc14aae1295c0d54b0e23d033fb22eb733d35d52,2,1,N,N,2026-03-31,000833.SZ,粤桂股份,粤桂股份2025年内部控制审计报告,http://www.cninfo.com.cn/new/disclosure/detail?stockCode=000833&announcementId=1225059470&orgId=gssz0000833&announcementTime=2026-03-31,2026-05-13 12:00:59+08:00
798fc5ab0d2dd9a41127b8d5dc14aae1295c0d54b0e23d033fb22eb733d35d52,2,2,Y,Y,2026-03-31,000833.SZ,粤桂股份,粤桂股份2025年内部控制审计报告,http://www.cninfo.com.cn/new/disclosure/detail?stockCode=000833&announcementId=1225059470&orgId=gssz0000833&announcementTime=2026-03-31,2026-05-13 12:00:59+08:00
7c663166be3bb5316fccf83bfe19aed85007e7bf31660ed5a5d4c6f768251de8,2,1,N,N,2026-03-31,000833.SZ,粤桂股份,粤桂股份2025年度董事会工作报告,http://www.cninfo.com.cn/new/disclosure/detail?stockCode=000833&announcementId=1225059476&orgId=gssz0000833&announcementTime=2026-03-31,2026-05-13 12:00:59+08:00
7c663166be3bb5316fccf83bfe19aed85007e7bf31660ed5a5d4c6f768251de8,2,2,Y,Y,2026-03-31,000833.SZ,粤桂股份,粤桂股份2025年度董事会工作报告,http://www.cninfo.com.cn/new/disclosure/detail?stockCode=000833&announcementId=1225059476&orgId=gssz0000833&announcementTime=2026-03-31,2026-05-13 12:00:59+08:00
6a6454873b72ce0493e931613ea7f93320c0754dd3111031f922f584efec3ac5,2,1,N,N,2026-03-31,000833.SZ,粤桂股份,粤桂股份2025年非经营性资金占用及其他关联资金往来情况汇总表的专项审核报告,http://www.cninfo.com.cn/new/disclosure/detail?stockCode=000833&announcementId=1225059464&orgId=gssz0000833&announcementTime=2026-03-31,2026-05-13 12:00:59+08:00
6a6454873b72ce0493e931613ea7f93320c0754dd3111031f922f584efec3ac5,2,2,Y,Y,2026-03-31,000833.SZ,粤桂股份,粤桂股份2025年非经营性资金占用及其他关联资金往来情况汇总表的专项审核报告,http://www.cninfo.com.cn/new/disclosure/detail?stockCode=000833&announcementId=1225059464&orgId=gssz0000833&announcementTime=2026-03-31,2026-05-13 12:00:59+08:00
984d8fe0aa05e0efa7d0c856647f3705755973184725220850f89ec81a245c67,2,1,N,N,2026-03-31,002283.SZ,天润工业,2025年度独立董事述职报告（姚春德）,http://www.cninfo.com.cn/new/disclosure/detail?stockCode=002283&announcementId=1225050815&orgId=9900007907&announcementTime=2026-03-31,2026-03-30 18:20:35+08:00
984d8fe0aa05e0efa7d0c856647f3705755973184725220850f89ec81a245c67,2,2,Y,Y,2026-03-31,002283.SZ,天润工业,2025年度独立董事述职报告（姚春德）,http://www.cninfo.com.cn/new/disclosure/detail?stockCode=002283&announcementId=1225050815&orgId=9900007907&announcementTime=2026-03-31,2026-03-30 18:20:35+08:00
367dc2b0e747e4712d3209a0ad2602b7c3c6cad9f6f030e6bd08108a791685e3,2,1,N,N,2026-03-31,002283.SZ,天润工业,第七届董事会独立董事专门会议第一次会议决议,http://www.cninfo.com.cn/new/disclosure/detail?stockCode=002283&announcementId=1225050823&orgId=9900007907&announcementTime=2026-03-31,2026-03-30 18:20:35+08:00
367dc2b0e747e4712d3209a0ad2602b7c3c6cad9f6f030e6bd08108a791685e3,2,2,Y,Y,2026-03-31,002283.SZ,天润工业,第七届董事会独立董事专门会议第一次会议决议,http://www.cninfo.com.cn/new/disclosure/detail?stockCode=002283&announcementId=1225050823&orgId=9900007907&announcementTime=2026-03-31,2026-03-30 18:20:35+08:00
c80055c5ea3903b02241b6e2df3eacaff16eac34bfb5bdef456c16aa8a52a3d5,2,1,N,N,2026-03-31,002742.SZ,*ST三圣,2025年度财务决算报告,http://www.cninfo.com.cn/new/disclosure/detail?stockCode=002742&announcementId=1225057351&orgId=9900022970&announcementTime=2026-03-31,2026-03-30 21:07:12+08:00
c80055c5ea3903b02241b6e2df3eacaff16eac34bfb5bdef456c16aa8a52a3d5,2,2,Y,Y,2026-03-31,002742.SZ,*ST三圣,2025年度财务决算报告,http://www.cninfo.com.cn/new/disclosure/detail?stockCode=002742&announcementId=1225057351&orgId=9900022970&announcementTime=2026-03-31,2026-03-30 21:07:12+08:00
683e3627ed55fae88cfcc2d0d2ab9e8992b4d8cc87bdce058c6db5f708ff18ab,2,1,N,N,2026-03-31,002922.SZ,伊戈尔,2025年可持续发展报告,http://www.cninfo.com.cn/new/disclosure/detail?stockCode=002922&announcementId=1225057653&orgId=9900023654&announcementTime=2026-03-31,2026-05-13 12:34:56+08:00
683e3627ed55fae88cfcc2d0d2ab9e8992b4d8cc87bdce058c6db5f708ff18ab,2,2,Y,Y,2026-03-31,002922.SZ,伊戈尔,2025年可持续发展报告,http://www.cninfo.com.cn/new/disclosure/detail?stockCode=002922&announcementId=1225057653&orgId=9900023654&announcementTime=2026-03-31,2026-05-13 12:34:56+08:00
6e60f66ffbc12ad7908fc3e058747ceb1874d3025b4a30c6f4f275c5f94cda8c,2,1,N,N,2026-03-31,002922.SZ,伊戈尔,2025年可持续发展报告（英文版）,http://www.cninfo.com.cn/new/disclosure/detail?stockCode=002922&announcementId=1225057654&orgId=9900023654&announcementTime=2026-03-31,2026-05-13 12:34:56+08:00
6e60f66ffbc12ad7908fc3e058747ceb1874d3025b4a30c6f4f275c5f94cda8c,2,2,Y,Y,2026-03-31,002922.SZ,伊戈尔,2025年可持续发展报告（英文版）,http://www.cninfo.com.cn/new/disclosure/detail?stockCode=002922&announcementId=1225057654&orgId=9900023654&announcementTime=2026-03-31,2026-05-13 12:34:56+08:00
2722a14ef14088ce1e6fd90e893e237c6a4fe33867556a8213a823eb7a7a9d68,2,1,N,N,2026-03-31,002922.SZ,伊戈尔,2025年度募集资金存放、管理与使用情况的专项报告,http://www.cninfo.com.cn/new/disclosure/detail?stockCode=002922&announcementId=1225057633&orgId=9900023654&announcementTime=2026-03-31,2026-05-13 12:34:56+08:00
2722a14ef14088ce1e6fd90e893e237c6a4fe33867556a8213a823eb7a7a9d68,2,2,Y,Y,2026-03-31,002922.SZ,伊戈尔,2025年度募集资金存放、管理与使用情况的专项报告,http://www.cninfo.com.cn/new/disclosure/detail?stockCode=002922&announcementId=1225057633&orgId=9900023654&announcementTime=2026-03-31,2026-05-13 12:34:56+08:00
609a5788acc44b2cdd5189ba71688e9806052c2ce8d59bfda217c4c225704111,2,1,N,N,2026-03-31,002922.SZ,伊戈尔,2025年度独立董事述职报告（鄢国祥）,http://www.cninfo.com.cn/new/disclosure/detail?stockCode=002922&announcementId=1225057656&orgId=9900023654&announcementTime=2026-03-31,2026-05-13 12:34:56+08:00
609a5788acc44b2cdd5189ba71688e9806052c2ce8d59bfda217c4c225704111,2,2,Y,Y,2026-03-31,002922.SZ,伊戈尔,2025年度独立董事述职报告（鄢国祥）,http://www.cninfo.com.cn/new/disclosure/detail?stockCode=002922&announcementId=1225057656&orgId=9900023654&announcementTime=2026-03-31,2026-05-13 12:34:56+08:00
caf6bac0c7129d3e1f9e7163c9e434f3405b994105da5ab8fc7dce0e81952a10,2,1,N,N,2026-03-31,002922.SZ,伊戈尔,关于2026年公司及子公司担保额度预计的公告,http://www.cninfo.com.cn/new/disclosure/detail?stockCode=002922&announcementId=1225057640&orgId=9900023654&announcementTime=2026-03-31,2026-05-13 12:34:56+08:00
caf6bac0c7129d3e1f9e7163c9e434f3405b994105da5ab8fc7dce0e81952a10,2,2,Y,Y,2026-03-31,002922.SZ,伊戈尔,关于2026年公司及子公司担保额度预计的公告,http://www.cninfo.com.cn/new/disclosure/detail?stockCode=002922&announcementId=1225057640&orgId=9900023654&announcementTime=2026-03-31,2026-05-13 12:34:56+08:00
cb59b98328c8ecb2ea1e240b7f4584a57bff0cec2d72237d1b709aa2c91923eb,2,1,N,N,2026-03-31,002922.SZ,伊戈尔,关于召开2025年年度股东会的通知,http://www.cninfo.com.cn/new/disclosure/detail?stockCode=002922&announcementId=1225057637&orgId=9900023654&announcementTime=2026-03-31,2026-05-13 12:34:56+08:00
cb59b98328c8ecb2ea1e240b7f4584a57bff0cec2d72237d1b709aa2c91923eb,2,2,Y,Y,2026-03-31,002922.SZ,伊戈尔,关于召开2025年年度股东会的通知,http://www.cninfo.com.cn/new/disclosure/detail?stockCode=002922&announcementId=1225057637&orgId=9900023654&announcementTime=2026-03-31,2026-05-13 12:34:56+08:00
3059598b7376f0590b12a94168df9d60b1628cc39d18f9b04221f2271b1f4ded,2,1,N,N,2026-03-31,002922.SZ,伊戈尔,关于开展外汇套期保值业务的公告,http://www.cninfo.com.cn/new/disclosure/detail?stockCode=002922&announcementId=1225057638&orgId=9900023654&announcementTime=2026-03-31,2026-05-13 12:34:56+08:00
3059598b7376f0590b12a94168df9d60b1628cc39d18f9b04221f2271b1f4ded,2,2,Y,Y,2026-03-31,002922.SZ,伊戈尔,关于开展外汇套期保值业务的公告,http://www.cninfo.com.cn/new/disclosure/detail?stockCode=002922&announcementId=1225057638&orgId=9900023654&announcementTime=2026-03-31,2026-05-13 12:34:56+08:00
20e5dd9d9854ff164b0767696d1ec0153c701396d9fa628267d8da68524afc9f,2,1,N,N,2026-03-31,002922.SZ,伊戈尔,关于授权董事会制定中期分红方案的公告,http://www.cninfo.com.cn/new/disclosure/detail?stockCode=002922&announcementId=1225057635&orgId=9900023654&announcementTime=2026-03-31,2026-05-13 12:34:56+08:00
20e5dd9d9854ff164b0767696d1ec0153c701396d9fa628267d8da68524afc9f,2,2,Y,Y,2026-03-31,002922.SZ,伊戈尔,关于授权董事会制定中期分红方案的公告,http://www.cninfo.com.cn/new/disclosure/detail?stockCode=002922&announcementId=1225057635&orgId=9900023654&announcementTime=2026-03-31,2026-05-13 12:34:56+08:00
daefc74712263bec50ab8c355ec79f01b3f4ef05723ab743d8a9091bfc6f7170,2,1,N,N,2026-03-31,300073.SZ,当升科技,2025年度非经营性资金占用及其他关联资金往来情况汇总表,http://www.cninfo.com.cn/new/disclosure/detail?stockCode=300073&announcementId=1225057131&orgId=9900011167&announcementTime=2026-03-31,2026-05-13 11:32:11+08:00
daefc74712263bec50ab8c355ec79f01b3f4ef05723ab743d8a9091bfc6f7170,2,2,Y,Y,2026-03-31,300073.SZ,当升科技,2025年度非经营性资金占用及其他关联资金往来情况汇总表,http://www.cninfo.com.cn/new/disclosure/detail?stockCode=300073&announcementId=1225057131&orgId=9900011167&announcementTime=2026-03-31,2026-05-13 11:32:11+08:00
94d31bbcb9d28d80bb00efb704d8720c16d636d7d142d0b81942d1930d83e6d3,2,1,N,N,2026-03-31,300073.SZ,当升科技,中信证券股份有限公司关于北京当升材料科技股份有限公司2025年度内部控制评价报告的核查意见,http://www.cninfo.com.cn/new/disclosure/detail?stockCode=300073&announcementId=1225057152&orgId=9900011167&announcementTime=2026-03-31,2026-03-30 20:18:35+08:00
94d31bbcb9d28d80bb00efb704d8720c16d636d7d142d0b81942d1930d83e6d3,2,2,Y,Y,2026-03-31,300073.SZ,当升科技,中信证券股份有限公司关于北京当升材料科技股份有限公司2025年度内部控制评价报告的核查意见,http://www.cninfo.com.cn/new/disclosure/detail?stockCode=300073&announcementId=1225057152&orgId=9900011167&announcementTime=2026-03-31,2026-03-30 20:18:35+08:00
36417455b3cb01ec346d0815811a547dce3121bd1ea12f361ee1bb3fba2890ed,2,1,N,N,2026-03-31,300073.SZ,当升科技,独立董事2025年度述职报告（汤谷良）,http://www.cninfo.com.cn/new/disclosure/detail?stockCode=300073&announcementId=1225057156&orgId=9900011167&announcementTime=2026-03-31,2026-05-13 11:32:11+08:00
36417455b3cb01ec346d0815811a547dce3121bd1ea12f361ee1bb3fba2890ed,2,2,Y,Y,2026-03-31,300073.SZ,当升科技,独立董事2025年度述职报告（汤谷良）,http://www.cninfo.com.cn/new/disclosure/detail?stockCode=300073&announcementId=1225057156&orgId=9900011167&announcementTime=2026-03-31,2026-05-13 11:32:11+08:00
e1beae383fbde859a2157e859f16b47fc03b99f57b251fa96c98eebe3d42b140,2,1,N,N,2026-03-31,301200.SZ,大族数控,2025年年度审计报告,http://www.cninfo.com.cn/new/disclosure/detail?stockCode=301200&announcementId=1225057162&orgId=9900048802&announcementTime=2026-03-31,2026-03-30 20:18:35+08:00
e1beae383fbde859a2157e859f16b47fc03b99f57b251fa96c98eebe3d42b140,2,2,Y,Y,2026-03-31,301200.SZ,大族数控,2025年年度审计报告,http://www.cninfo.com.cn/new/disclosure/detail?stockCode=301200&announcementId=1225057162&orgId=9900048802&announcementTime=2026-03-31,2026-03-30 20:18:35+08:00
4b70c8b1dcfffdf792e36cc628235a607c89c300527b8ab78944683465fb5c0d,2,1,N,N,2026-03-31,301200.SZ,大族数控,2025年度非经营性资金占用及其他关联资金往来情况汇总表,http://www.cninfo.com.cn/new/disclosure/detail?stockCode=301200&announcementId=1225057164&orgId=9900048802&announcementTime=2026-03-31,2026-03-30 20:18:35+08:00
4b70c8b1dcfffdf792e36cc628235a607c89c300527b8ab78944683465fb5c0d,2,2,Y,Y,2026-03-31,301200.SZ,大族数控,2025年度非经营性资金占用及其他关联资金往来情况汇总表,http://www.cninfo.com.cn/new/disclosure/detail?stockCode=301200&announcementId=1225057164&orgId=9900048802&announcementTime=2026-03-31,2026-03-30 20:18:35+08:00
4bf0385fc1bc4c1de2d3709e3a8a2baca3553ec12cddc230f27d86f8da6bd7fb,2,1,N,N,2026-03-31,301200.SZ,大族数控,第二届董事会第二十一次会议决议公告,http://www.cninfo.com.cn/new/disclosure/detail?stockCode=301200&announcementId=1225057169&orgId=9900048802&announcementTime=2026-03-31,2026-03-30 20:18:35+08:00
4bf0385fc1bc4c1de2d3709e3a8a2baca3553ec12cddc230f27d86f8da6bd7fb,2,2,Y,Y,2026-03-31,301200.SZ,大族数控,第二届董事会第二十一次会议决议公告,http://www.cninfo.com.cn/new/disclosure/detail?stockCode=301200&announcementId=1225057169&orgId=9900048802&announcementTime=2026-03-31,2026-03-30 20:18:35+08:00
43289179ab869239a0eb547d2426c04cca89f69769cc569def24db11a4100867,2,1,N,N,2026-03-31,301282.SZ,金禄电子,2025年度社会责任报告,http://www.cninfo.com.cn/new/disclosure/detail?stockCode=301282&announcementId=1225056347&orgId=9900046625&announcementTime=2026-03-31,2026-03-30 20:18:35+08:00
43289179ab869239a0eb547d2426c04cca89f69769cc569def24db11a4100867,2,2,Y,Y,2026-03-31,301282.SZ,金禄电子,2025年度社会责任报告,http://www.cninfo.com.cn/new/disclosure/detail?stockCode=301282&announcementId=1225056347&orgId=9900046625&announcementTime=2026-03-31,2026-03-30 20:18:35+08:00
9554270f01055dd5124c825398aef5ae5582937f6b558da14d4d08dc27173db9,2,1,N,N,2026-03-31,301282.SZ,金禄电子,关于2025年度计提资产减值准备的公告,http://www.cninfo.com.cn/new/disclosure/detail?stockCode=301282&announcementId=1225056339&orgId=9900046625&announcementTime=2026-03-31,2026-03-30 20:18:35+08:00
9554270f01055dd5124c825398aef5ae5582937f6b558da14d4d08dc27173db9,2,2,Y,Y,2026-03-31,301282.SZ,金禄电子,关于2025年度计提资产减值准备的公告,http://www.cninfo.com.cn/new/disclosure/detail?stockCode=301282&announcementId=1225056339&orgId=9900046625&announcementTime=2026-03-31,2026-03-30 20:18:35+08:00
5947e13c135a8ec1e3d690f3a36afb1fe42a9b636bdb9e1669782c38d6180586,2,1,N,N,2026-03-31,301282.SZ,金禄电子,北京市中伦（广州）律师事务所关于公司2026年限制性股票激励计划（草案）的法律意见书,http://www.cninfo.com.cn/new/disclosure/detail?stockCode=301282&announcementId=1225056317&orgId=9900046625&announcementTime=2026-03-31,2026-03-30 20:18:35+08:00
5947e13c135a8ec1e3d690f3a36afb1fe42a9b636bdb9e1669782c38d6180586,2,2,Y,Y,2026-03-31,301282.SZ,金禄电子,北京市中伦（广州）律师事务所关于公司2026年限制性股票激励计划（草案）的法律意见书,http://www.cninfo.com.cn/new/disclosure/detail?stockCode=301282&announcementId=1225056317&orgId=9900046625&announcementTime=2026-03-31,2026-03-30 20:18:35+08:00
62990de8ed2b464e1714b793c6db84e74d6edbd0959f8177b0a8cab1f4b33dfa,2,1,N,N,2026-03-31,688562.SH,航天软件,北京神舟航天软件技术股份有限公司关于2025年度利润分配方案的公告,http://www.cninfo.com.cn/new/disclosure/detail?stockCode=688562&announcementId=1225059279&orgId=9900055792&announcementTime=2026-03-31,2026-03-30 21:07:12+08:00
62990de8ed2b464e1714b793c6db84e74d6edbd0959f8177b0a8cab1f4b33dfa,2,2,Y,Y,2026-03-31,688562.SH,航天软件,北京神舟航天软件技术股份有限公司关于2025年度利润分配方案的公告,http://www.cninfo.com.cn/new/disclosure/detail?stockCode=688562&announcementId=1225059279&orgId=9900055792&announcementTime=2026-03-31,2026-03-30 21:07:12+08:00
c7f8d7ffa032b8bd683f24e42f5bad00c60458536f75dd8f94318f6cbe2c6cb0,2,1,N,N,2026-04-01,002130.SZ,沃尔核材,关于2025年度利润分配预案的公告,http://www.cninfo.com.cn/new/disclosure/detail?stockCode=002130&announcementId=1225067240&orgId=9900002702&announcementTime=2026-04-01,2026-03-31 19:18:11+08:00
c7f8d7ffa032b8bd683f24e42f5bad00c60458536f75dd8f94318f6cbe2c6cb0,2,2,Y,Y,2026-04-01,002130.SZ,沃尔核材,关于2025年度利润分配预案的公告,http://www.cninfo.com.cn/new/disclosure/detail?stockCode=002130&announcementId=1225067240&orgId=9900002702&announcementTime=2026-04-01,2026-03-31 19:18:11+08:00
027f2265cc6c7cff0844bf580459fbe9bf9d99864fdd8eac86bff9757179b922,2,1,N,N,2026-04-01,002803.SZ,吉宏股份,厦门吉宏科技股份有限公司董事会关于独立董事独立性自查情况的专项报告,http://www.cninfo.com.cn/new/disclosure/detail?stockCode=002803&announcementId=1225066434&orgId=9900026644&announcementTime=2026-04-01,2026-03-31 19:18:11+08:00
027f2265cc6c7cff0844bf580459fbe9bf9d99864fdd8eac86bff9757179b922,2,2,Y,Y,2026-04-01,002803.SZ,吉宏股份,厦门吉宏科技股份有限公司董事会关于独立董事独立性自查情况的专项报告,http://www.cninfo.com.cn/new/disclosure/detail?stockCode=002803&announcementId=1225066434&orgId=9900026644&announcementTime=2026-04-01,2026-03-31 19:18:11+08:00
26bb2e0de2f61369c1b093df4465629b2b45e94cf35806b90527d4110e84781b,2,1,N,N,2026-04-01,300945.SZ,曼卡龙,关于开展黄金存货套期保值业务的可行性分析报告,http://www.cninfo.com.cn/new/disclosure/detail?stockCode=300945&announcementId=1225067180&orgId=9900030779&announcementTime=2026-04-01,2026-03-31 19:18:11+08:00
26bb2e0de2f61369c1b093df4465629b2b45e94cf35806b90527d4110e84781b,2,2,Y,Y,2026-04-01,300945.SZ,曼卡龙,关于开展黄金存货套期保值业务的可行性分析报告,http://www.cninfo.com.cn/new/disclosure/detail?stockCode=300945&announcementId=1225067180&orgId=9900030779&announcementTime=2026-04-01,2026-03-31 19:18:11+08:00
4888ec5e9deee1a6fc3a94b275fc0f2ab856fa3e93a395a8427745a2f8dbf3bc,2,1,N,N,2026-04-02,600136.SH,ST明诚,公司关于公司董事离任的公告,http://www.cninfo.com.cn/new/disclosure/detail?stockCode=600136&announcementId=1225070219&orgId=gssh0600136&announcementTime=2026-04-02,2026-04-01 16:26:27+08:00
4888ec5e9deee1a6fc3a94b275fc0f2ab856fa3e93a395a8427745a2f8dbf3bc,2,2,Y,Y,2026-04-02,600136.SH,ST明诚,公司关于公司董事离任的公告,http://www.cninfo.com.cn/new/disclosure/detail?stockCode=600136&announcementId=1225070219&orgId=gssh0600136&announcementTime=2026-04-02,2026-04-01 16:26:27+08:00
992e14adc18f0d2b0c5b3fc4ba264be40fc384370d467b9f5461e8c2e44fefda,2,1,N,N,2026-04-02,603801.SH,志邦家居,可转债转股结果暨股份变动的公告,http://www.cninfo.com.cn/new/disclosure/detail?stockCode=603801&announcementId=1225070211&orgId=9900032419&announcementTime=2026-04-02,2026-04-01 16:26:27+08:00
992e14adc18f0d2b0c5b3fc4ba264be40fc384370d467b9f5461e8c2e44fefda,2,2,Y,Y,2026-04-02,603801.SH,志邦家居,可转债转股结果暨股份变动的公告,http://www.cninfo.com.cn/new/disclosure/detail?stockCode=603801&announcementId=1225070211&orgId=9900032419&announcementTime=2026-04-02,2026-04-01 16:26:27+08:00
cee325e898a5e4613f78abc3d5297efa18279813d58645623bb946f7c24a2203,2,1,N,N,2026-04-03,000900.SZ,现代投资,关于对公司全资子公司增资的公告,http://www.cninfo.com.cn/new/disclosure/detail?stockCode=000900&announcementId=1225075814&orgId=gssz0000900&announcementTime=2026-04-03,2026-04-02 21:25:05+08:00
cee325e898a5e4613f78abc3d5297efa18279813d58645623bb946f7c24a2203,2,2,Y,Y,2026-04-03,000900.SZ,现代投资,关于对公司全资子公司增资的公告,http://www.cninfo.com.cn/new/disclosure/detail?stockCode=000900&announcementId=1225075814&orgId=gssz0000900&announcementTime=2026-04-03,2026-04-02 21:25:05+08:00
eb7e061554b90c249cfe3cd066c9a601530162984a1d533bf94ed8b8343132c5,2,1,N,N,2026-04-03,603125.SH,常青科技,光大证券股份有限公司关于江苏常青树新材料科技股份有限公司首次公开发行限售股上市流通的核查意见(1),http://www.cninfo.com.cn/new/disclosure/detail?stockCode=603125&announcementId=1225076110&orgId=9900048108&announcementTime=2026-04-03,2026-04-02 21:25:05+08:00
eb7e061554b90c249cfe3cd066c9a601530162984a1d533bf94ed8b8343132c5,2,2,Y,Y,2026-04-03,603125.SH,常青科技,光大证券股份有限公司关于江苏常青树新材料科技股份有限公司首次公开发行限售股上市流通的核查意见(1),http://www.cninfo.com.cn/new/disclosure/detail?stockCode=603125&announcementId=1225076110&orgId=9900048108&announcementTime=2026-04-03,2026-04-02 21:25:05+08:00
32d17a291bd5618a002465bdc296fe170d2322a4dd94f6b0f5bba4ec7fac56f8,2,1,N,N,2026-04-04,300175.SZ,ST朗源,关于使用闲置自有资金进行委托理财的公告,http://www.cninfo.com.cn/new/disclosure/detail?stockCode=300175&announcementId=1225080051&orgId=9900016350&announcementTime=2026-04-04,2026-04-03 19:24:04+08:00
32d17a291bd5618a002465bdc296fe170d2322a4dd94f6b0f5bba4ec7fac56f8,2,2,Y,Y,2026-04-04,300175.SZ,ST朗源,关于使用闲置自有资金进行委托理财的公告,http://www.cninfo.com.cn/new/disclosure/detail?stockCode=300175&announcementId=1225080051&orgId=9900016350&announcementTime=2026-04-04,2026-04-03 19:24:04+08:00
275cea99e917e6d9911d4ed09d980cb31f2dda068d10b85e39d8e8e5764d51bb,2,1,N,N,2026-04-04,301167.SZ,建研设计,国元证券股份有限公司关于安徽省建筑设计研究总院股份有限公司2025年度募集资金存放、管理与实际使用情况的核查意见,http://www.cninfo.com.cn/new/disclosure/detail?stockCode=301167&announcementId=1225080028&orgId=9900041544&announcementTime=2026-04-04,2026-04-03 19:24:04+08:00
275cea99e917e6d9911d4ed09d980cb31f2dda068d10b85e39d8e8e5764d51bb,2,2,Y,Y,2026-04-04,301167.SZ,建研设计,国元证券股份有限公司关于安徽省建筑设计研究总院股份有限公司2025年度募集资金存放、管理与实际使用情况的核查意见,http://www.cninfo.com.cn/new/disclosure/detail?stockCode=301167&announcementId=1225080028&orgId=9900041544&announcementTime=2026-04-04,2026-04-03 19:24:04+08:00
4b172114d5197360f90c3ad39eda19462be70a4e6c74103803e2490a6eaf299c,2,1,N,N,2026-04-04,600141.SH,兴发集团,湖北兴发化工集团股份有限公司内部控制审计报告,http://www.cninfo.com.cn/new/disclosure/detail?stockCode=600141&announcementId=1225080174&orgId=gssh0600141&announcementTime=2026-04-04,2026-04-03 19:24:04+08:00
4b172114d5197360f90c3ad39eda19462be70a4e6c74103803e2490a6eaf299c,2,2,Y,Y,2026-04-04,600141.SH,兴发集团,湖北兴发化工集团股份有限公司内部控制审计报告,http://www.cninfo.com.cn/new/disclosure/detail?stockCode=600141&announcementId=1225080174&orgId=gssh0600141&announcementTime=2026-04-04,2026-04-03 19:24:04+08:00
333992d41045800639699a3a1f1869951e63073543e90fd7291c5585da39f910,2,1,N,N,2026-04-08,600167.SH,联美控股,北京德恒律师事务所关于联美量子股份有限公司2026年第二次临时股东会的法律意见,http://www.cninfo.com.cn/new/disclosure/detail?stockCode=600167&announcementId=1225082105&orgId=gssh0600167&announcementTime=2026-04-08,2026-04-07 20:03:04+08:00
333992d41045800639699a3a1f1869951e63073543e90fd7291c5585da39f910,2,2,Y,Y,2026-04-08,600167.SH,联美控股,北京德恒律师事务所关于联美量子股份有限公司2026年第二次临时股东会的法律意见,http://www.cninfo.com.cn/new/disclosure/detail?stockCode=600167&announcementId=1225082105&orgId=gssh0600167&announcementTime=2026-04-08,2026-04-07 20:03:04+08:00
c05eaca44b5a86f3918bcad35216c47ab5c72f01926b6bfded3deb4b8801107e,2,1,N,N,2026-04-08,600507.SH,方大特钢,方大特钢科技股份有限公司2025年年度股东会会议文件,http://www.cninfo.com.cn/new/disclosure/detail?stockCode=600507&announcementId=1225082131&orgId=gssh0600507&announcementTime=2026-04-08,2026-04-07 20:03:04+08:00
c05eaca44b5a86f3918bcad35216c47ab5c72f01926b6bfded3deb4b8801107e,2,2,Y,Y,2026-04-08,600507.SH,方大特钢,方大特钢科技股份有限公司2025年年度股东会会议文件,http://www.cninfo.com.cn/new/disclosure/detail?stockCode=600507&announcementId=1225082131&orgId=gssh0600507&announcementTime=2026-04-08,2026-04-07 20:03:04+08:00
72a2ba22d6161daf473414f808efc9e684b938aacadf4078be79fec173bbb3d8,2,1,N,N,2026-04-08,600619.SH,海立股份,海立股份2025年度内部控制审计报告,http://www.cninfo.com.cn/new/disclosure/detail?stockCode=600619&announcementId=1225081996&orgId=gssh0600619&announcementTime=2026-04-08,2026-04-07 20:03:04+08:00
72a2ba22d6161daf473414f808efc9e684b938aacadf4078be79fec173bbb3d8,2,2,Y,Y,2026-04-08,600619.SH,海立股份,海立股份2025年度内部控制审计报告,http://www.cninfo.com.cn/new/disclosure/detail?stockCode=600619&announcementId=1225081996&orgId=gssh0600619&announcementTime=2026-04-08,2026-04-07 20:03:04+08:00
40e8d666c0ff59e8d32522fb1f664b7610cdc3feb99b14fd7bb831b3e577c389,2,1,N,N,2026-04-08,600619.SH,海立股份,海立股份独立董事2025年度述职报告（郑小芸）,http://www.cninfo.com.cn/new/disclosure/detail?stockCode=600619&announcementId=1225082100&orgId=gssh0600619&announcementTime=2026-04-08,2026-04-07 20:03:04+08:00
40e8d666c0ff59e8d32522fb1f664b7610cdc3feb99b14fd7bb831b3e577c389,2,2,Y,Y,2026-04-08,600619.SH,海立股份,海立股份独立董事2025年度述职报告（郑小芸）,http://www.cninfo.com.cn/new/disclosure/detail?stockCode=600619&announcementId=1225082100&orgId=gssh0600619&announcementTime=2026-04-08,2026-04-07 20:03:04+08:00
603968006bb552bf00fb5389ff2b87fe6db6fd7f9a1d48bc7320a93518249121,2,1,N,N,2026-04-08,603369.SH,今世缘,江苏今世缘酒业股份有限公司关于董事会换届选举的提示性公告,http://www.cninfo.com.cn/new/disclosure/detail?stockCode=603369&announcementId=1225082121&orgId=9900023168&announcementTime=2026-04-08,2026-04-07 20:03:04+08:00
603968006bb552bf00fb5389ff2b87fe6db6fd7f9a1d48bc7320a93518249121,2,2,Y,Y,2026-04-08,603369.SH,今世缘,江苏今世缘酒业股份有限公司关于董事会换届选举的提示性公告,http://www.cninfo.com.cn/new/disclosure/detail?stockCode=603369&announcementId=1225082121&orgId=9900023168&announcementTime=2026-04-08,2026-04-07 20:03:04+08:00
79e44ed4200e349108fa82b4542c276fe1c0491fe6bdf9016f0df3b0961fcb38,2,1,N,N,2026-04-09,000537.SZ,绿发电力,2026年第二次临时股东会会议材料,http://www.cninfo.com.cn/new/disclosure/detail?stockCode=000537&announcementId=1225084096&orgId=gssz0000537&announcementTime=2026-04-09,2026-04-08 18:06:29+08:00
79e44ed4200e349108fa82b4542c276fe1c0491fe6bdf9016f0df3b0961fcb38,2,2,Y,Y,2026-04-09,000537.SZ,绿发电力,2026年第二次临时股东会会议材料,http://www.cninfo.com.cn/new/disclosure/detail?stockCode=000537&announcementId=1225084096&orgId=gssz0000537&announcementTime=2026-04-09,2026-04-08 18:06:29+08:00
6e20d10c78e8ad79476f7d76c4256e574d96559747cdd3b3fd4a042a34dc045a,2,1,N,N,2026-04-09,000638.SZ,*ST万方,关于股票交易异常波动的公告,http://www.cninfo.com.cn/new/disclosure/detail?stockCode=000638&announcementId=1225084093&orgId=gssz0000638&announcementTime=2026-04-09,2026-04-08 18:06:29+08:00
6e20d10c78e8ad79476f7d76c4256e574d96559747cdd3b3fd4a042a34dc045a,2,2,Y,Y,2026-04-09,000638.SZ,*ST万方,关于股票交易异常波动的公告,http://www.cninfo.com.cn/new/disclosure/detail?stockCode=000638&announcementId=1225084093&orgId=gssz0000638&announcementTime=2026-04-09,2026-04-08 18:06:29+08:00
e00aa7e507fe8963031b6996f4266e64754246e0473964a969f33c622e3a7084,2,1,N,N,2026-04-09,600276.SH,恒瑞医药,H股公告-翌日披露报表,http://www.cninfo.com.cn/new/disclosure/detail?stockCode=600276&announcementId=1225084383&orgId=gssh0600276&announcementTime=2026-04-09,2026-04-08 18:06:29+08:00
e00aa7e507fe8963031b6996f4266e64754246e0473964a969f33c622e3a7084,2,2,Y,Y,2026-04-09,600276.SH,恒瑞医药,H股公告-翌日披露报表,http://www.cninfo.com.cn/new/disclosure/detail?stockCode=600276&announcementId=1225084383&orgId=gssh0600276&announcementTime=2026-04-09,2026-04-08 18:06:29+08:00
37c147319ddce7813cc8f5bf76c671da98a0362ed34cb3f8fde76c78b5bf28a2,2,1,N,N,2026-04-09,688708.SH,佳驰科技,关于持股5%以上股东权益变动触及1%刻度的提示性公告,http://www.cninfo.com.cn/new/disclosure/detail?stockCode=688708&announcementId=1225084199&orgId=9900055992&announcementTime=2026-04-09,2026-04-08 18:06:29+08:00
37c147319ddce7813cc8f5bf76c671da98a0362ed34cb3f8fde76c78b5bf28a2,2,2,Y,Y,2026-04-09,688708.SH,佳驰科技,关于持股5%以上股东权益变动触及1%刻度的提示性公告,http://www.cninfo.com.cn/new/disclosure/detail?stockCode=688708&announcementId=1225084199&orgId=9900055992&announcementTime=2026-04-09,2026-04-08 18:06:29+08:00
55533a18952184b6b4a5068ad1c57c5546a9ffdd197947b67d26ea61a4cf8c53,2,1,N,N,2026-04-10,002534.SZ,西子洁能,关于使用闲置自有资金进行理财的公告,http://www.cninfo.com.cn/new/disclosure/detail?stockCode=002534&announcementId=1225087808&orgId=9900016928&announcementTime=2026-04-10,2026-04-09 18:23:34+08:00
55533a18952184b6b4a5068ad1c57c5546a9ffdd197947b67d26ea61a4cf8c53,2,2,Y,Y,2026-04-10,002534.SZ,西子洁能,关于使用闲置自有资金进行理财的公告,http://www.cninfo.com.cn/new/disclosure/detail?stockCode=002534&announcementId=1225087808&orgId=9900016928&announcementTime=2026-04-10,2026-04-09 18:23:34+08:00
46a05af7defa1168b016c0d7b4b3258e127103a9f5cefaf50a389a36f828bf87,2,1,N,N,2026-04-10,600983.SH,惠而浦,惠而浦2025年度利润分配预案的公告,http://www.cninfo.com.cn/new/disclosure/detail?stockCode=600983&announcementId=1225089726&orgId=gssh0600983&announcementTime=2026-04-10,2026-04-09 21:10:22+08:00
46a05af7defa1168b016c0d7b4b3258e127103a9f5cefaf50a389a36f828bf87,2,2,Y,Y,2026-04-10,600983.SH,惠而浦,惠而浦2025年度利润分配预案的公告,http://www.cninfo.com.cn/new/disclosure/detail?stockCode=600983&announcementId=1225089726&orgId=gssh0600983&announcementTime=2026-04-10,2026-04-09 21:10:22+08:00
c1276cfafa2739bdad1bfcf4b13a8813ee39c96ddc912c996ae22c4de377af75,2,1,N,N,2026-04-10,603889.SH,新澳股份,新澳股份关于2025年度利润分配及资本公积转增股本方案的公告,http://www.cninfo.com.cn/new/disclosure/detail?stockCode=603889&announcementId=1225087960&orgId=9900023162&announcementTime=2026-04-10,2026-04-09 18:23:34+08:00
c1276cfafa2739bdad1bfcf4b13a8813ee39c96ddc912c996ae22c4de377af75,2,2,Y,Y,2026-04-10,603889.SH,新澳股份,新澳股份关于2025年度利润分配及资本公积转增股本方案的公告,http://www.cninfo.com.cn/new/disclosure/detail?stockCode=603889&announcementId=1225087960&orgId=9900023162&announcementTime=2026-04-10,2026-04-09 18:23:34+08:00
22114e8b4bf22a085abc2ebc1c164452389d10eba2263a1913717b3dbe964023,2,1,N,N,2026-04-11,002840.SZ,华统股份,关于使用部分暂时闲置募集资金用于现金管理到期赎回的公告,http://www.cninfo.com.cn/new/disclosure/detail?stockCode=002840&announcementId=1225091812&orgId=9900023469&announcementTime=2026-04-11,2026-04-10 16:14:48+08:00
22114e8b4bf22a085abc2ebc1c164452389d10eba2263a1913717b3dbe964023,2,2,Y,Y,2026-04-11,002840.SZ,华统股份,关于使用部分暂时闲置募集资金用于现金管理到期赎回的公告,http://www.cninfo.com.cn/new/disclosure/detail?stockCode=002840&announcementId=1225091812&orgId=9900023469&announcementTime=2026-04-11,2026-04-10 16:14:48+08:00
96c2d95ae58e63cd3a6d922a3fcf3950cd829ccf62d2c31709a898ed8b525d1d,2,1,N,N,2026-04-11,300105.SZ,龙源技术,中银国际证券股份有限公司关于烟台龙源电力技术股份有限公司2025年度募集资金存放与使用情况的专项核查意见,http://www.cninfo.com.cn/new/disclosure/detail?stockCode=300105&announcementId=1225091755&orgId=9900011369&announcementTime=2026-04-11,2026-04-10 16:14:48+08:00
96c2d95ae58e63cd3a6d922a3fcf3950cd829ccf62d2c31709a898ed8b525d1d,2,2,Y,Y,2026-04-11,300105.SZ,龙源技术,中银国际证券股份有限公司关于烟台龙源电力技术股份有限公司2025年度募集资金存放与使用情况的专项核查意见,http://www.cninfo.com.cn/new/disclosure/detail?stockCode=300105&announcementId=1225091755&orgId=9900011369&announcementTime=2026-04-11,2026-04-10 16:14:48+08:00
6d0494721d3bb8ca966daf5a9ff8bfc853eab604fb43320596c4668e6776f5a1,2,1,N,N,2026-04-11,600008.SH,首创环保,2025年度独立董事述职报告（李艺）,http://www.cninfo.com.cn/new/disclosure/detail?stockCode=600008&announcementId=1225095472&orgId=gssh0600008&announcementTime=2026-04-11,2026-04-10 20:24:25+08:00
6d0494721d3bb8ca966daf5a9ff8bfc853eab604fb43320596c4668e6776f5a1,2,2,Y,Y,2026-04-11,600008.SH,首创环保,2025年度独立董事述职报告（李艺）,http://www.cninfo.com.cn/new/disclosure/detail?stockCode=600008&announcementId=1225095472&orgId=gssh0600008&announcementTime=2026-04-11,2026-04-10 20:24:25+08:00
afff4815307b626781ba91bfdd89e5fe6115bd604b8480a251bce72758707f88,2,1,N,N,2026-04-11,600339.SH,中油工程,中油工程关于召开2025年年度股东会的通知,http://www.cninfo.com.cn/new/disclosure/detail?stockCode=600339&announcementId=1225095443&orgId=gssh0600339&announcementTime=2026-04-11,2026-04-10 20:24:25+08:00
afff4815307b626781ba91bfdd89e5fe6115bd604b8480a251bce72758707f88,2,2,Y,Y,2026-04-11,600339.SH,中油工程,中油工程关于召开2025年年度股东会的通知,http://www.cninfo.com.cn/new/disclosure/detail?stockCode=600339&announcementId=1225095443&orgId=gssh0600339&announcementTime=2026-04-11,2026-04-10 20:24:25+08:00
7e9af976fb2ec0d6704b6ef35c069d4fa0057592ef55303d00d3ecc39c021e62,2,1,N,N,2026-04-11,688217.SH,睿昂基因,睿昂基因2025年度独立董事述职报告（姜广策）,http://www.cninfo.com.cn/new/disclosure/detail?stockCode=688217&announcementId=1225095308&orgId=9900041746&announcementTime=2026-04-11,2026-04-10 20:24:25+08:00
7e9af976fb2ec0d6704b6ef35c069d4fa0057592ef55303d00d3ecc39c021e62,2,2,Y,Y,2026-04-11,688217.SH,睿昂基因,睿昂基因2025年度独立董事述职报告（姜广策）,http://www.cninfo.com.cn/new/disclosure/detail?stockCode=688217&announcementId=1225095308&orgId=9900041746&announcementTime=2026-04-11,2026-04-10 20:24:25+08:00
7c2aab6e079439e84d4c66530e7d81e307bd1b68d1e3e910b77fa82e80520573,2,1,N,N,2026-04-11,688217.SH,睿昂基因,睿昂基因关于修订公司部分内部管理制度的公告,http://www.cninfo.com.cn/new/disclosure/detail?stockCode=688217&announcementId=1225095328&orgId=9900041746&announcementTime=2026-04-11,2026-04-10 20:24:25+08:00
7c2aab6e079439e84d4c66530e7d81e307bd1b68d1e3e910b77fa82e80520573,2,2,Y,Y,2026-04-11,688217.SH,睿昂基因,睿昂基因关于修订公司部分内部管理制度的公告,http://www.cninfo.com.cn/new/disclosure/detail?stockCode=688217&announcementId=1225095328&orgId=9900041746&announcementTime=2026-04-11,2026-04-10 20:24:25+08:00
24cbed59134400f07488a2a93e51ff65daedd5c5da49e284554ba603553383c3,2,1,N,N,2026-04-11,688392.SH,骄成超声,关于本次募集资金投向属于科技创新领域的说明,http://www.cninfo.com.cn/new/disclosure/detail?stockCode=688392&announcementId=1225095467&orgId=9900053044&announcementTime=2026-04-11,2026-04-10 20:24:25+08:00
24cbed59134400f07488a2a93e51ff65daedd5c5da49e284554ba603553383c3,2,2,Y,Y,2026-04-11,688392.SH,骄成超声,关于本次募集资金投向属于科技创新领域的说明,http://www.cninfo.com.cn/new/disclosure/detail?stockCode=688392&announcementId=1225095467&orgId=9900053044&announcementTime=2026-04-11,2026-04-10 20:24:25+08:00
fd95363f25dddda5d08a4d6325d7c5798df1e8d38914308eccabce80ffc73038,2,1,N,N,2026-04-11,688475.SH,萤石网络,2025年年度报告,http://www.cninfo.com.cn/new/disclosure/detail?stockCode=688475&announcementId=1225095309&orgId=9900052782&announcementTime=2026-04-11,2026-04-10 20:24:25+08:00
fd95363f25dddda5d08a4d6325d7c5798df1e8d38914308eccabce80ffc73038,2,2,Y,Y,2026-04-11,688475.SH,萤石网络,2025年年度报告,http://www.cninfo.com.cn/new/disclosure/detail?stockCode=688475&announcementId=1225095309&orgId=9900052782&announcementTime=2026-04-11,2026-04-10 20:24:25+08:00
3f108d79c3de6f4f3730cd324f0146f2077ac6f673d2d0076afbb85e7745ff99,2,1,N,N,2026-04-11,688475.SH,萤石网络,关于与中国电子科技财务有限公司续签《金融服务协议》暨关联交易的公告,http://www.cninfo.com.cn/new/disclosure/detail?stockCode=688475&announcementId=1225095288&orgId=9900052782&announcementTime=2026-04-11,2026-04-10 20:24:25+08:00
3f108d79c3de6f4f3730cd324f0146f2077ac6f673d2d0076afbb85e7745ff99,2,2,Y,Y,2026-04-11,688475.SH,萤石网络,关于与中国电子科技财务有限公司续签《金融服务协议》暨关联交易的公告,http://www.cninfo.com.cn/new/disclosure/detail?stockCode=688475&announcementId=1225095288&orgId=9900052782&announcementTime=2026-04-11,2026-04-10 20:24:25+08:00
ead494fa3ee416ade6299a0a1b892810038b27d1b43d6b1169b8d64e4b8e2659,2,1,N,N,2026-04-11,688475.SH,萤石网络,关于召开2025年年度股东会的通知,http://www.cninfo.com.cn/new/disclosure/detail?stockCode=688475&announcementId=1225095307&orgId=9900052782&announcementTime=2026-04-11,2026-04-10 20:24:25+08:00
ead494fa3ee416ade6299a0a1b892810038b27d1b43d6b1169b8d64e4b8e2659,2,2,Y,Y,2026-04-11,688475.SH,萤石网络,关于召开2025年年度股东会的通知,http://www.cninfo.com.cn/new/disclosure/detail?stockCode=688475&announcementId=1225095307&orgId=9900052782&announcementTime=2026-04-11,2026-04-10 20:24:25+08:00
abca1415da9457f471f0740f59eee80a9ea5ce0509ea903b28acd3ac7bf7e9ee,2,1,N,N,2026-04-13,000929.SZ,*ST兰黄,关于举办2025年度业绩说明会的公告,http://www.cninfo.com.cn/new/disclosure/detail?stockCode=000929&announcementId=1225096227&orgId=gssz0000929&announcementTime=2026-04-13,2026-04-12 16:49:36+08:00
abca1415da9457f471f0740f59eee80a9ea5ce0509ea903b28acd3ac7bf7e9ee,2,2,Y,Y,2026-04-13,000929.SZ,*ST兰黄,关于举办2025年度业绩说明会的公告,http://www.cninfo.com.cn/new/disclosure/detail?stockCode=000929&announcementId=1225096227&orgId=gssz0000929&announcementTime=2026-04-13,2026-04-12 16:49:36+08:00
b6203da284d6e21ad6b342b9533cc2c9438925907c5ce6b7e59358352f481a35,2,1,N,N,2026-04-13,002439.SZ,启明星辰,2025年度涉及财务公司关联交易的存款、贷款等金融业务的专项说明,http://www.cninfo.com.cn/new/disclosure/detail?stockCode=002439&announcementId=1225094667&orgId=9900012989&announcementTime=2026-04-13,2026-04-12 16:49:36+08:00
b6203da284d6e21ad6b342b9533cc2c9438925907c5ce6b7e59358352f481a35,2,2,Y,Y,2026-04-13,002439.SZ,启明星辰,2025年度涉及财务公司关联交易的存款、贷款等金融业务的专项说明,http://www.cninfo.com.cn/new/disclosure/detail?stockCode=002439&announcementId=1225094667&orgId=9900012989&announcementTime=2026-04-13,2026-04-12 16:49:36+08:00
e9e1f1d57592ab3ff050791b57219826ca3b42ebb71a0bfe556bd2374976f0dd,2,1,N,N,2026-04-13,002998.SZ,优彩资源,附件6 董事、高级管理人员离职管理制度,http://www.cninfo.com.cn/new/disclosure/detail?stockCode=002998&announcementId=1225096321&orgId=9900039845&announcementTime=2026-04-13,2026-04-12 16:49:36+08:00
e9e1f1d57592ab3ff050791b57219826ca3b42ebb71a0bfe556bd2374976f0dd,2,2,Y,Y,2026-04-13,002998.SZ,优彩资源,附件6 董事、高级管理人员离职管理制度,http://www.cninfo.com.cn/new/disclosure/detail?stockCode=002998&announcementId=1225096321&orgId=9900039845&announcementTime=2026-04-13,2026-04-12 16:49:36+08:00
da1a8d02ed43562b3013e214556482d5205e132e3e9a0fb95b293007f0b57ea4,2,1,N,N,2026-04-13,300807.SZ,天迈科技,非经营性资金占用及其他关联资金往来情况表,http://www.cninfo.com.cn/new/disclosure/detail?stockCode=300807&announcementId=1225094140&orgId=gfbj0831392&announcementTime=2026-04-13,2026-04-12 16:49:36+08:00
da1a8d02ed43562b3013e214556482d5205e132e3e9a0fb95b293007f0b57ea4,2,2,Y,Y,2026-04-13,300807.SZ,天迈科技,非经营性资金占用及其他关联资金往来情况表,http://www.cninfo.com.cn/new/disclosure/detail?stockCode=300807&announcementId=1225094140&orgId=gfbj0831392&announcementTime=2026-04-13,2026-04-12 16:49:36+08:00
028b7fc4af3904198e2db3e589de9e93f42f80b6667a9dd7d8d315f9bda75ab3,2,1,N,N,2026-04-13,301007.SZ,德迈仕,关于调整公司组织架构的公告,http://www.cninfo.com.cn/new/disclosure/detail?stockCode=301007&announcementId=1225095170&orgId=gfbj0838724&announcementTime=2026-04-13,2026-04-12 16:49:36+08:00
028b7fc4af3904198e2db3e589de9e93f42f80b6667a9dd7d8d315f9bda75ab3,2,2,Y,Y,2026-04-13,301007.SZ,德迈仕,关于调整公司组织架构的公告,http://www.cninfo.com.cn/new/disclosure/detail?stockCode=301007&announcementId=1225095170&orgId=gfbj0838724&announcementTime=2026-04-13,2026-04-12 16:49:36+08:00
221512a245b94a462e16a1a553b96736e3f45e4a67446a30be12f8ffd5e0102f,2,1,N,N,2026-04-14,300218.SZ,安利股份,2025年度独立董事述职报告（潘平）,http://www.cninfo.com.cn/new/disclosure/detail?stockCode=300218&announcementId=1225099681&orgId=9900019028&announcementTime=2026-04-14,2026-04-13 20:30:47+08:00
221512a245b94a462e16a1a553b96736e3f45e4a67446a30be12f8ffd5e0102f,2,2,Y,Y,2026-04-14,300218.SZ,安利股份,2025年度独立董事述职报告（潘平）,http://www.cninfo.com.cn/new/disclosure/detail?stockCode=300218&announcementId=1225099681&orgId=9900019028&announcementTime=2026-04-14,2026-04-13 20:30:47+08:00
a12ea307544d39fcf310dfe8bbfc5b0a535cab9fb641fc09f1ffc51704d7dc1a,2,1,N,N,2026-04-14,300218.SZ,安利股份,关于聘请2026年度审计机构的公告,http://www.cninfo.com.cn/new/disclosure/detail?stockCode=300218&announcementId=1225099684&orgId=9900019028&announcementTime=2026-04-14,2026-04-13 20:30:47+08:00
a12ea307544d39fcf310dfe8bbfc5b0a535cab9fb641fc09f1ffc51704d7dc1a,2,2,Y,Y,2026-04-14,300218.SZ,安利股份,关于聘请2026年度审计机构的公告,http://www.cninfo.com.cn/new/disclosure/detail?stockCode=300218&announcementId=1225099684&orgId=9900019028&announcementTime=2026-04-14,2026-04-13 20:30:47+08:00
57ff1f079382123f78a61a6aecd8ed35ac7e1d2606623d786ded53d55a3d08f8,2,1,N,N,2026-04-15,000729.SZ,燕京啤酒,2025年度股东会材料,http://www.cninfo.com.cn/new/disclosure/detail?stockCode=000729&announcementId=1225102564&orgId=gssz0000729&announcementTime=2026-04-15,2026-04-14 19:25:36+08:00
57ff1f079382123f78a61a6aecd8ed35ac7e1d2606623d786ded53d55a3d08f8,2,2,Y,Y,2026-04-15,000729.SZ,燕京啤酒,2025年度股东会材料,http://www.cninfo.com.cn/new/disclosure/detail?stockCode=000729&announcementId=1225102564&orgId=gssz0000729&announcementTime=2026-04-15,2026-04-14 19:25:36+08:00
6ee8ff7c03d7f9004fb36d5ca52080dfb2c4958527f8a1e9e8537afea43cd0fe,2,1,N,N,2026-04-15,000729.SZ,燕京啤酒,2026年度日常关联交易预计公告,http://www.cninfo.com.cn/new/disclosure/detail?stockCode=000729&announcementId=1225102565&orgId=gssz0000729&announcementTime=2026-04-15,2026-04-14 19:25:36+08:00
6ee8ff7c03d7f9004fb36d5ca52080dfb2c4958527f8a1e9e8537afea43cd0fe,2,2,Y,Y,2026-04-15,000729.SZ,燕京啤酒,2026年度日常关联交易预计公告,http://www.cninfo.com.cn/new/disclosure/detail?stockCode=000729&announcementId=1225102565&orgId=gssz0000729&announcementTime=2026-04-15,2026-04-14 19:25:36+08:00
78ed03ae512f6d66fd923870d9fad10c918429d99a034b36b525d54538a7f12a,2,1,N,N,2026-04-15,000729.SZ,燕京啤酒,董事、高级管理人员培训管理制度（2026年4月）,http://www.cninfo.com.cn/new/disclosure/detail?stockCode=000729&announcementId=1225102570&orgId=gssz0000729&announcementTime=2026-04-15,2026-04-14 19:25:36+08:00
78ed03ae512f6d66fd923870d9fad10c918429d99a034b36b525d54538a7f12a,2,2,Y,Y,2026-04-15,000729.SZ,燕京啤酒,董事、高级管理人员培训管理制度（2026年4月）,http://www.cninfo.com.cn/new/disclosure/detail?stockCode=000729&announcementId=1225102570&orgId=gssz0000729&announcementTime=2026-04-15,2026-04-14 19:25:36+08:00
8d9b58488a56ea82e378dd59eea3915ef4ab9c6ee3f1737f7f121d93fa021d2b,2,1,N,N,2026-04-15,002196.SZ,方正电机,独立董事候选人声明与承诺-戎云林,http://www.cninfo.com.cn/new/disclosure/detail?stockCode=002196&announcementId=1225102316&orgId=9900003913&announcementTime=2026-04-15,2026-04-14 19:25:36+08:00
8d9b58488a56ea82e378dd59eea3915ef4ab9c6ee3f1737f7f121d93fa021d2b,2,2,Y,Y,2026-04-15,002196.SZ,方正电机,独立董事候选人声明与承诺-戎云林,http://www.cninfo.com.cn/new/disclosure/detail?stockCode=002196&announcementId=1225102316&orgId=9900003913&announcementTime=2026-04-15,2026-04-14 19:25:36+08:00
f48905beb1353ebec8f63b59d3c31b60fe5cd93d934b36b2ae26f3145898537b,2,1,N,N,2026-04-15,002196.SZ,方正电机,独立董事提名人声明与承诺-陈帅弟,http://www.cninfo.com.cn/new/disclosure/detail?stockCode=002196&announcementId=1225102315&orgId=9900003913&announcementTime=2026-04-15,2026-04-14 19:25:36+08:00
f48905beb1353ebec8f63b59d3c31b60fe5cd93d934b36b2ae26f3145898537b,2,2,Y,Y,2026-04-15,002196.SZ,方正电机,独立董事提名人声明与承诺-陈帅弟,http://www.cninfo.com.cn/new/disclosure/detail?stockCode=002196&announcementId=1225102315&orgId=9900003913&announcementTime=2026-04-15,2026-04-14 19:25:36+08:00
9c266b3768bc07ffb4797562674eb301f204056c7d8ebbabfb9d8df6d2d7f3c5,2,1,N,N,2026-04-15,002539.SZ,云图控股,2025年度内部控制审计报告,http://www.cninfo.com.cn/new/disclosure/detail?stockCode=002539&announcementId=1225100715&orgId=9900017116&announcementTime=2026-04-15,2026-04-14 19:25:36+08:00
9c266b3768bc07ffb4797562674eb301f204056c7d8ebbabfb9d8df6d2d7f3c5,2,2,Y,Y,2026-04-15,002539.SZ,云图控股,2025年度内部控制审计报告,http://www.cninfo.com.cn/new/disclosure/detail?stockCode=002539&announcementId=1225100715&orgId=9900017116&announcementTime=2026-04-15,2026-04-14 19:25:36+08:00
01b0e1ba431bf96ed5a691ea71fd705f475e7c7cc71d8807d9339505eae9ff82,2,1,N,N,2026-04-15,605098.SH,行动教育,安永华明会计师事务所关于行动教育2025年度募集资金存放、管理与实际使用情况专项鉴证报告,http://www.cninfo.com.cn/new/disclosure/detail?stockCode=605098&announcementId=1225102664&orgId=gfbj0831891&announcementTime=2026-04-15,2026-04-14 19:25:36+08:00
01b0e1ba431bf96ed5a691ea71fd705f475e7c7cc71d8807d9339505eae9ff82,2,2,Y,Y,2026-04-15,605098.SH,行动教育,安永华明会计师事务所关于行动教育2025年度募集资金存放、管理与实际使用情况专项鉴证报告,http://www.cninfo.com.cn/new/disclosure/detail?stockCode=605098&announcementId=1225102664&orgId=gfbj0831891&announcementTime=2026-04-15,2026-04-14 19:25:36+08:00
87f8bd6f8e5d5949c5918da4c81337960f1789a62afb359e3f81cee35017fa78,2,1,N,N,2026-04-15,688617.SH,惠泰医疗,关于2026年限制性股票激励计划内幕信息知情人买卖公司股票情况的自查报告,http://www.cninfo.com.cn/new/disclosure/detail?stockCode=688617&announcementId=1225104455&orgId=nssc1000047&announcementTime=2026-04-15,2026-04-14 21:44:43+08:00
87f8bd6f8e5d5949c5918da4c81337960f1789a62afb359e3f81cee35017fa78,2,2,Y,Y,2026-04-15,688617.SH,惠泰医疗,关于2026年限制性股票激励计划内幕信息知情人买卖公司股票情况的自查报告,http://www.cninfo.com.cn/new/disclosure/detail?stockCode=688617&announcementId=1225104455&orgId=nssc1000047&announcementTime=2026-04-15,2026-04-14 21:44:43+08:00
ccc777ca020a003401c529840eb2e0c15d3f83d9dba05f4729147cb00a09d74a,2,1,N,N,2026-04-15,688617.SH,惠泰医疗,董事会薪酬与考核委员会关于公司2026年限制性股票激励计划首次授予激励对象名单（首次授予日）的核查意见,http://www.cninfo.com.cn/new/disclosure/detail?stockCode=688617&announcementId=1225104460&orgId=nssc1000047&announcementTime=2026-04-15,2026-04-14 21:44:43+08:00
ccc777ca020a003401c529840eb2e0c15d3f83d9dba05f4729147cb00a09d74a,2,2,Y,Y,2026-04-15,688617.SH,惠泰医疗,董事会薪酬与考核委员会关于公司2026年限制性股票激励计划首次授予激励对象名单（首次授予日）的核查意见,http://www.cninfo.com.cn/new/disclosure/detail?stockCode=688617&announcementId=1225104460&orgId=nssc1000047&announcementTime=2026-04-15,2026-04-14 21:44:43+08:00
890bcbd9ebe9c0e229f4f88c79157d790cf381c5c860bbf4765c095cc1ed2e2a,2,1,N,N,2026-04-16,600970.SH,中材国际,中国中材国际工程股份有限公司2025年年度股东会决议公告,http://www.cninfo.com.cn/new/disclosure/detail?stockCode=600970&announcementId=1225106408&orgId=gssh0600970&announcementTime=2026-04-16,2026-04-15 18:38:14+08:00
890bcbd9ebe9c0e229f4f88c79157d790cf381c5c860bbf4765c095cc1ed2e2a,2,2,Y,Y,2026-04-16,600970.SH,中材国际,中国中材国际工程股份有限公司2025年年度股东会决议公告,http://www.cninfo.com.cn/new/disclosure/detail?stockCode=600970&announcementId=1225106408&orgId=gssh0600970&announcementTime=2026-04-16,2026-04-15 18:38:14+08:00
b12c1da776dd6044702c4e9e9a9589400358bb96e9e84b47a92b06fb6a6bfa12,2,1,N,N,2026-04-17,605116.SH,奥锐特,奥锐特药业股份有限公司2025年度会计师事务所履职情况评估报告,http://www.cninfo.com.cn/new/disclosure/detail?stockCode=605116&announcementId=1225111175&orgId=9900039801&announcementTime=2026-04-17,2026-04-16 19:14:01+08:00
b12c1da776dd6044702c4e9e9a9589400358bb96e9e84b47a92b06fb6a6bfa12,2,2,Y,Y,2026-04-17,605116.SH,奥锐特,奥锐特药业股份有限公司2025年度会计师事务所履职情况评估报告,http://www.cninfo.com.cn/new/disclosure/detail?stockCode=605116&announcementId=1225111175&orgId=9900039801&announcementTime=2026-04-17,2026-04-16 19:14:01+08:00
05746eafab4bbbfb49f3adc274139989abb85c68beb0ce8fc088acc398f6ba6f,2,1,N,N,2026-04-17,605116.SH,奥锐特,奥锐特药业股份有限公司关于使用闲置自有资金进行委托理财的公告,http://www.cninfo.com.cn/new/disclosure/detail?stockCode=605116&announcementId=1225111228&orgId=9900039801&announcementTime=2026-04-17,2026-04-16 19:14:01+08:00
05746eafab4bbbfb49f3adc274139989abb85c68beb0ce8fc088acc398f6ba6f,2,2,Y,Y,2026-04-17,605116.SH,奥锐特,奥锐特药业股份有限公司关于使用闲置自有资金进行委托理财的公告,http://www.cninfo.com.cn/new/disclosure/detail?stockCode=605116&announcementId=1225111228&orgId=9900039801&announcementTime=2026-04-17,2026-04-16 19:14:01+08:00
7ad2d3345509ba1af99eecacc59ec0c91a20024b7bdffc7776dbb5540f1c12e7,2,1,N,N,2026-04-17,605116.SH,奥锐特,奥锐特药业股份有限公司关于续聘公司2026年度审计机构的公告,http://www.cninfo.com.cn/new/disclosure/detail?stockCode=605116&announcementId=1225111230&orgId=9900039801&announcementTime=2026-04-17,2026-04-16 19:14:01+08:00
7ad2d3345509ba1af99eecacc59ec0c91a20024b7bdffc7776dbb5540f1c12e7,2,2,Y,Y,2026-04-17,605116.SH,奥锐特,奥锐特药业股份有限公司关于续聘公司2026年度审计机构的公告,http://www.cninfo.com.cn/new/disclosure/detail?stockCode=605116&announcementId=1225111230&orgId=9900039801&announcementTime=2026-04-17,2026-04-16 19:14:01+08:00
046438ee27fb4a370301b5d74eccaffbea5edab5d191a26773f408531e379232,2,1,N,N,2026-04-17,688148.SH,芳源股份,芳源股份董事会审计委员会对会计师事务所2025年度履行监督职责情况报告,http://www.cninfo.com.cn/new/disclosure/detail?stockCode=688148&announcementId=1225111200&orgId=gfbj0839247&announcementTime=2026-04-17,2026-04-16 19:14:01+08:00
046438ee27fb4a370301b5d74eccaffbea5edab5d191a26773f408531e379232,2,2,Y,Y,2026-04-17,688148.SH,芳源股份,芳源股份董事会审计委员会对会计师事务所2025年度履行监督职责情况报告,http://www.cninfo.com.cn/new/disclosure/detail?stockCode=688148&announcementId=1225111200&orgId=gfbj0839247&announcementTime=2026-04-17,2026-04-16 19:14:01+08:00
5ed0ba8381ef467ce30d1323a04319ff8b87251b311a17132b0fc17274696647,2,1,N,N,2026-04-17,688510.SH,航亚科技,公证天业会计师事务所（特殊普通合伙）关于无锡航亚科技股份有限公司2025年度审计报告,http://www.cninfo.com.cn/new/disclosure/detail?stockCode=688510&announcementId=1225111183&orgId=gfbj0870269&announcementTime=2026-04-17,2026-04-16 19:14:01+08:00
5ed0ba8381ef467ce30d1323a04319ff8b87251b311a17132b0fc17274696647,2,2,Y,Y,2026-04-17,688510.SH,航亚科技,公证天业会计师事务所（特殊普通合伙）关于无锡航亚科技股份有限公司2025年度审计报告,http://www.cninfo.com.cn/new/disclosure/detail?stockCode=688510&announcementId=1225111183&orgId=gfbj0870269&announcementTime=2026-04-17,2026-04-16 19:14:01+08:00
1af97e1e9a30c147269f5ea45effa96c550a406ce535fc6fa5af57ffe662914d,2,1,N,N,2026-04-17,688510.SH,航亚科技,无锡航亚科技股份有限公司募集资金管理制度（2026年修订）,http://www.cninfo.com.cn/new/disclosure/detail?stockCode=688510&announcementId=1225111245&orgId=gfbj0870269&announcementTime=2026-04-17,2026-04-16 19:14:01+08:00
1af97e1e9a30c147269f5ea45effa96c550a406ce535fc6fa5af57ffe662914d,2,2,Y,Y,2026-04-17,688510.SH,航亚科技,无锡航亚科技股份有限公司募集资金管理制度（2026年修订）,http://www.cninfo.com.cn/new/disclosure/detail?stockCode=688510&announcementId=1225111245&orgId=gfbj0870269&announcementTime=2026-04-17,2026-04-16 19:14:01+08:00
001b7677f38f3fcefdd74a947d97431252c68feff4c416ad5eae528dfa580feb,2,1,N,N,2026-04-17,688510.SH,航亚科技,无锡航亚科技股份有限公司董事、高级管理人员薪酬管理制度,http://www.cninfo.com.cn/new/disclosure/detail?stockCode=688510&announcementId=1225111182&orgId=gfbj0870269&announcementTime=2026-04-17,2026-04-16 19:14:01+08:00
001b7677f38f3fcefdd74a947d97431252c68feff4c416ad5eae528dfa580feb,2,2,Y,Y,2026-04-17,688510.SH,航亚科技,无锡航亚科技股份有限公司董事、高级管理人员薪酬管理制度,http://www.cninfo.com.cn/new/disclosure/detail?stockCode=688510&announcementId=1225111182&orgId=gfbj0870269&announcementTime=2026-04-17,2026-04-16 19:14:01+08:00
cc302275f9f9c2487578e755c4908f81eebf0e7fa52c4fbf68acaee745462632,2,1,N,N,2026-04-18,002236.SZ,大华股份,2025年度内部控制自我评价报告,http://www.cninfo.com.cn/new/disclosure/detail?stockCode=002236&announcementId=1225122406&orgId=9900004625&announcementTime=2026-04-18,2026-04-17 22:15:38+08:00
cc302275f9f9c2487578e755c4908f81eebf0e7fa52c4fbf68acaee745462632,2,2,Y,Y,2026-04-18,002236.SZ,大华股份,2025年度内部控制自我评价报告,http://www.cninfo.com.cn/new/disclosure/detail?stockCode=002236&announcementId=1225122406&orgId=9900004625&announcementTime=2026-04-18,2026-04-17 22:15:38+08:00
ca920374f46e430637f0be8f222ba2bd25e5341a0ccf32e3f32cfdda40468eb7,2,1,N,N,2026-04-18,002236.SZ,大华股份,关于2026年度日常关联交易预计的公告,http://www.cninfo.com.cn/new/disclosure/detail?stockCode=002236&announcementId=1225122398&orgId=9900004625&announcementTime=2026-04-18,2026-04-17 22:15:38+08:00
ca920374f46e430637f0be8f222ba2bd25e5341a0ccf32e3f32cfdda40468eb7,2,2,Y,Y,2026-04-18,002236.SZ,大华股份,关于2026年度日常关联交易预计的公告,http://www.cninfo.com.cn/new/disclosure/detail?stockCode=002236&announcementId=1225122398&orgId=9900004625&announcementTime=2026-04-18,2026-04-17 22:15:38+08:00
fc5e23260ceec2d4239b7e655056f2bb3037f26e611845df0325cd3f90abad9c,2,1,N,N,2026-04-18,002236.SZ,大华股份,关于召开2025年度股东会的通知,http://www.cninfo.com.cn/new/disclosure/detail?stockCode=002236&announcementId=1225122392&orgId=9900004625&announcementTime=2026-04-18,2026-04-17 22:15:38+08:00
fc5e23260ceec2d4239b7e655056f2bb3037f26e611845df0325cd3f90abad9c,2,2,Y,Y,2026-04-18,002236.SZ,大华股份,关于召开2025年度股东会的通知,http://www.cninfo.com.cn/new/disclosure/detail?stockCode=002236&announcementId=1225122392&orgId=9900004625&announcementTime=2026-04-18,2026-04-17 22:15:38+08:00
f8885dbfdb07e0853522cb7cd496602902e268eacd01fb4939b01a177d25f4bb,2,1,N,N,2026-04-18,002236.SZ,大华股份,关于开展外汇套期保值业务的可行性分析报告,http://www.cninfo.com.cn/new/disclosure/detail?stockCode=002236&announcementId=1225122394&orgId=9900004625&announcementTime=2026-04-18,2026-04-17 22:15:38+08:00
f8885dbfdb07e0853522cb7cd496602902e268eacd01fb4939b01a177d25f4bb,2,2,Y,Y,2026-04-18,002236.SZ,大华股份,关于开展外汇套期保值业务的可行性分析报告,http://www.cninfo.com.cn/new/disclosure/detail?stockCode=002236&announcementId=1225122394&orgId=9900004625&announcementTime=2026-04-18,2026-04-17 22:15:38+08:00
a2e2068b7d667d5a38468a76211c9445793c438e07f7e8e23100b96d5fa89085,2,1,N,N,2026-04-18,002273.SZ,水晶光电,董事会关于独立董事独立性情况的专项意见,http://www.cninfo.com.cn/new/disclosure/detail?stockCode=002273&announcementId=1225122421&orgId=9900005282&announcementTime=2026-04-18,2026-04-17 22:15:38+08:00
a2e2068b7d667d5a38468a76211c9445793c438e07f7e8e23100b96d5fa89085,2,2,Y,Y,2026-04-18,002273.SZ,水晶光电,董事会关于独立董事独立性情况的专项意见,http://www.cninfo.com.cn/new/disclosure/detail?stockCode=002273&announcementId=1225122421&orgId=9900005282&announcementTime=2026-04-18,2026-04-17 22:15:38+08:00
e545297eb8363ac926f510d9e80d52b178e6a51bf9c4c1c61e467dd7980d5fd5,2,1,N,N,2026-04-18,600271.SH,航天信息,关于航天信息股份有限公司在航天科工财务有限责任公司存贷款业务情况的专项审核报告——众环专字(2026)0205772号,http://www.cninfo.com.cn/new/disclosure/detail?stockCode=600271&announcementId=1225122549&orgId=gssh0600271&announcementTime=2026-04-18,2026-05-13 12:26:14+08:00
e545297eb8363ac926f510d9e80d52b178e6a51bf9c4c1c61e467dd7980d5fd5,2,2,Y,Y,2026-04-18,600271.SH,航天信息,关于航天信息股份有限公司在航天科工财务有限责任公司存贷款业务情况的专项审核报告——众环专字(2026)0205772号,http://www.cninfo.com.cn/new/disclosure/detail?stockCode=600271&announcementId=1225122549&orgId=gssh0600271&announcementTime=2026-04-18,2026-05-13 12:26:14+08:00
86ae039a4c41dc4b9dd5a31e5e129d8686a9ebed8d8ed4119bff496ef1118fa7,2,1,N,N,2026-04-18,600271.SH,航天信息,航天信息股份有限公司关于开展应收账款保理业务的公告,http://www.cninfo.com.cn/new/disclosure/detail?stockCode=600271&announcementId=1225122616&orgId=gssh0600271&announcementTime=2026-04-18,2026-05-13 12:26:14+08:00
86ae039a4c41dc4b9dd5a31e5e129d8686a9ebed8d8ed4119bff496ef1118fa7,2,2,Y,Y,2026-04-18,600271.SH,航天信息,航天信息股份有限公司关于开展应收账款保理业务的公告,http://www.cninfo.com.cn/new/disclosure/detail?stockCode=600271&announcementId=1225122616&orgId=gssh0600271&announcementTime=2026-04-18,2026-05-13 12:26:14+08:00
f27ee75c7d4241d638c7babc31633d7bba18e6f5d078bf09f6acf4db516ee665,2,1,N,N,2026-04-20,920121.BJ,江天科技,2025年年度权益分派预案公告,http://www.cninfo.com.cn/new/disclosure/detail?stockCode=920121&announcementId=1225132696&orgId=gfbj0874560&announcementTime=2026-04-20,2026-05-13 12:19:30+08:00
f27ee75c7d4241d638c7babc31633d7bba18e6f5d078bf09f6acf4db516ee665,2,2,Y,Y,2026-04-20,920121.BJ,江天科技,2025年年度权益分派预案公告,http://www.cninfo.com.cn/new/disclosure/detail?stockCode=920121&announcementId=1225132696&orgId=gfbj0874560&announcementTime=2026-04-20,2026-05-13 12:19:30+08:00
08ead2a202d056ba050169d712661d9fb68c5058af7d933532520833c605fc2b,2,1,N,N,2026-04-20,920121.BJ,江天科技,2025年度内部控制评价报告,http://www.cninfo.com.cn/new/disclosure/detail?stockCode=920121&announcementId=1225132697&orgId=gfbj0874560&announcementTime=2026-04-20,2026-05-13 12:19:30+08:00
08ead2a202d056ba050169d712661d9fb68c5058af7d933532520833c605fc2b,2,2,Y,Y,2026-04-20,920121.BJ,江天科技,2025年度内部控制评价报告,http://www.cninfo.com.cn/new/disclosure/detail?stockCode=920121&announcementId=1225132697&orgId=gfbj0874560&announcementTime=2026-04-20,2026-05-13 12:19:30+08:00
2f538071fc94c01b0147dcf30b849e4fe2312f9a02f17b8c7d248ad20c01321b,2,1,N,N,2026-04-20,920121.BJ,江天科技,关于召开2025年年度股东会通知公告（提供网络投票）,http://www.cninfo.com.cn/new/disclosure/detail?stockCode=920121&announcementId=1225132700&orgId=gfbj0874560&announcementTime=2026-04-20,2026-05-13 12:19:30+08:00
2f538071fc94c01b0147dcf30b849e4fe2312f9a02f17b8c7d248ad20c01321b,2,2,Y,Y,2026-04-20,920121.BJ,江天科技,关于召开2025年年度股东会通知公告（提供网络投票）,http://www.cninfo.com.cn/new/disclosure/detail?stockCode=920121&announcementId=1225132700&orgId=gfbj0874560&announcementTime=2026-04-20,2026-05-13 12:19:30+08:00
badc40e64935d5c5dab68525e7e416f474c2f4331ba05f5c3a2235b5b792daf2,2,1,N,N,2026-04-20,920121.BJ,江天科技,关于独立董事独立性自查情况的专项报告,http://www.cninfo.com.cn/new/disclosure/detail?stockCode=920121&announcementId=1225132698&orgId=gfbj0874560&announcementTime=2026-04-20,2026-05-13 12:19:30+08:00
badc40e64935d5c5dab68525e7e416f474c2f4331ba05f5c3a2235b5b792daf2,2,2,Y,Y,2026-04-20,920121.BJ,江天科技,关于独立董事独立性自查情况的专项报告,http://www.cninfo.com.cn/new/disclosure/detail?stockCode=920121&announcementId=1225132698&orgId=gfbj0874560&announcementTime=2026-04-20,2026-05-13 12:19:30+08:00
aaed01c9e8122f7589b1dd04de424e7251fe05029d219d5eb0f019dab609594a,2,1,N,N,2026-04-20,920121.BJ,江天科技,国投证券股份有限公司关于苏州江天包装科技股份有限公司募投项目变更实施地点的核查意见,http://www.cninfo.com.cn/new/disclosure/detail?stockCode=920121&announcementId=1225132918&orgId=gfbj0874560&announcementTime=2026-04-20,2026-05-13 12:19:30+08:00
aaed01c9e8122f7589b1dd04de424e7251fe05029d219d5eb0f019dab609594a,2,2,Y,Y,2026-04-20,920121.BJ,江天科技,国投证券股份有限公司关于苏州江天包装科技股份有限公司募投项目变更实施地点的核查意见,http://www.cninfo.com.cn/new/disclosure/detail?stockCode=920121&announcementId=1225132918&orgId=gfbj0874560&announcementTime=2026-04-20,2026-05-13 12:19:30+08:00
d8808143fccfec10e29813e57b74b5f66d7b7e9991e41f111b27c40d00413452,2,1,N,N,2026-04-21,002209.SZ,达 意 隆,2025年度非经营性资金占用及其他关联资金往来的专项说明,http://www.cninfo.com.cn/new/disclosure/detail?stockCode=002209&announcementId=1225131634&orgId=9900004041&announcementTime=2026-04-21,2026-04-20 20:50:29+08:00
d8808143fccfec10e29813e57b74b5f66d7b7e9991e41f111b27c40d00413452,2,2,Y,Y,2026-04-21,002209.SZ,达 意 隆,2025年度非经营性资金占用及其他关联资金往来的专项说明,http://www.cninfo.com.cn/new/disclosure/detail?stockCode=002209&announcementId=1225131634&orgId=9900004041&announcementTime=2026-04-21,2026-04-20 20:50:29+08:00
1aeecf5905741c5d14b668242f537168a215d035274ab5e4fa93b869de86da99,2,1,N,N,2026-04-21,002209.SZ,达 意 隆,《董事、高级管理人员薪酬考核管理办法》（2026年修订）,http://www.cninfo.com.cn/new/disclosure/detail?stockCode=002209&announcementId=1225131643&orgId=9900004041&announcementTime=2026-04-21,2026-04-20 20:50:29+08:00
1aeecf5905741c5d14b668242f537168a215d035274ab5e4fa93b869de86da99,2,2,Y,Y,2026-04-21,002209.SZ,达 意 隆,《董事、高级管理人员薪酬考核管理办法》（2026年修订）,http://www.cninfo.com.cn/new/disclosure/detail?stockCode=002209&announcementId=1225131643&orgId=9900004041&announcementTime=2026-04-21,2026-04-20 20:50:29+08:00
e9d1160f23ef62463d8bef14691ddb8c1f2898c6fb5e12b0716bbaa49645b6ca,2,1,N,N,2026-04-21,002209.SZ,达 意 隆,第九届董事会第十三次会议决议公告,http://www.cninfo.com.cn/new/disclosure/detail?stockCode=002209&announcementId=1225131638&orgId=9900004041&announcementTime=2026-04-21,2026-04-20 20:50:29+08:00
e9d1160f23ef62463d8bef14691ddb8c1f2898c6fb5e12b0716bbaa49645b6ca,2,2,Y,Y,2026-04-21,002209.SZ,达 意 隆,第九届董事会第十三次会议决议公告,http://www.cninfo.com.cn/new/disclosure/detail?stockCode=002209&announcementId=1225131638&orgId=9900004041&announcementTime=2026-04-21,2026-04-20 20:50:29+08:00
5ca93232da33bf2cf18af1772184c9279021cb1affa77b847486b4fc8aa50b7b,2,1,N,N,2026-04-21,002886.SZ,沃特股份,关于2025年非董事高级管理人员薪酬的确认以及2026年非董事高级管理人员薪酬方案,http://www.cninfo.com.cn/new/disclosure/detail?stockCode=002886&announcementId=1225131703&orgId=9900031440&announcementTime=2026-04-21,2026-04-20 20:50:29+08:00
5ca93232da33bf2cf18af1772184c9279021cb1affa77b847486b4fc8aa50b7b,2,2,Y,Y,2026-04-21,002886.SZ,沃特股份,关于2025年非董事高级管理人员薪酬的确认以及2026年非董事高级管理人员薪酬方案,http://www.cninfo.com.cn/new/disclosure/detail?stockCode=002886&announcementId=1225131703&orgId=9900031440&announcementTime=2026-04-21,2026-04-20 20:50:29+08:00
dffb992531518a7ac826cc941198c32eeb35ef6665b8373f4ffcba2ca0c719d4,2,1,N,N,2026-04-21,002886.SZ,沃特股份,关于注销2021年股票期权激励计划部分股票期权的公告,http://www.cninfo.com.cn/new/disclosure/detail?stockCode=002886&announcementId=1225131710&orgId=9900031440&announcementTime=2026-04-21,2026-04-20 20:50:29+08:00
dffb992531518a7ac826cc941198c32eeb35ef6665b8373f4ffcba2ca0c719d4,2,2,Y,Y,2026-04-21,002886.SZ,沃特股份,关于注销2021年股票期权激励计划部分股票期权的公告,http://www.cninfo.com.cn/new/disclosure/detail?stockCode=002886&announcementId=1225131710&orgId=9900031440&announcementTime=2026-04-21,2026-04-20 20:50:29+08:00
8d5d41dbc37f5474b7a288d50cdcc5c16bd54d72cd07bf5c6c5583ec9c4c1955,2,1,N,N,2026-04-21,002886.SZ,沃特股份,深圳市沃特新材料股份有限公司2025年年度财务报告,http://www.cninfo.com.cn/new/disclosure/detail?stockCode=002886&announcementId=1225131699&orgId=9900031440&announcementTime=2026-04-21,2026-04-20 20:50:29+08:00
8d5d41dbc37f5474b7a288d50cdcc5c16bd54d72cd07bf5c6c5583ec9c4c1955,2,2,Y,Y,2026-04-21,002886.SZ,沃特股份,深圳市沃特新材料股份有限公司2025年年度财务报告,http://www.cninfo.com.cn/new/disclosure/detail?stockCode=002886&announcementId=1225131699&orgId=9900031440&announcementTime=2026-04-21,2026-04-20 20:50:29+08:00
9413e60c4b5798b5a0d13a2c758f280351d2d28861f704097add4d340e13830e,2,1,N,N,2026-04-21,002890.SZ,弘宇股份,关于继续使用部分闲置募集资金进行现金管理的公告,http://www.cninfo.com.cn/new/disclosure/detail?stockCode=002890&announcementId=1225131853&orgId=9900031913&announcementTime=2026-04-21,2026-04-20 20:50:29+08:00
9413e60c4b5798b5a0d13a2c758f280351d2d28861f704097add4d340e13830e,2,2,Y,Y,2026-04-21,002890.SZ,弘宇股份,关于继续使用部分闲置募集资金进行现金管理的公告,http://www.cninfo.com.cn/new/disclosure/detail?stockCode=002890&announcementId=1225131853&orgId=9900031913&announcementTime=2026-04-21,2026-04-20 20:50:29+08:00
6b26ff485a6427bc50baa7a795fb9eb6e2803c5fda2a0cbb5494030a5c9fff88,2,1,N,N,2026-04-21,300523.SZ,辰安科技,2025年度独立董事述职报告（尹月）,http://www.cninfo.com.cn/new/disclosure/detail?stockCode=300523&announcementId=1225131535&orgId=9900026765&announcementTime=2026-04-21,2026-04-20 20:50:29+08:00
6b26ff485a6427bc50baa7a795fb9eb6e2803c5fda2a0cbb5494030a5c9fff88,2,2,Y,Y,2026-04-21,300523.SZ,辰安科技,2025年度独立董事述职报告（尹月）,http://www.cninfo.com.cn/new/disclosure/detail?stockCode=300523&announcementId=1225131535&orgId=9900026765&announcementTime=2026-04-21,2026-04-20 20:50:29+08:00
66aef083031eb1b9ac15300bd360458829a45356292b62e67b8ffe32b2124278,2,1,N,N,2026-04-21,688329.SH,艾隆科技,艾隆科技2025年年度报告,http://www.cninfo.com.cn/new/disclosure/detail?stockCode=688329&announcementId=1225133798&orgId=9900039722&announcementTime=2026-04-21,2026-05-13 12:43:35+08:00
66aef083031eb1b9ac15300bd360458829a45356292b62e67b8ffe32b2124278,2,2,Y,Y,2026-04-21,688329.SH,艾隆科技,艾隆科技2025年年度报告,http://www.cninfo.com.cn/new/disclosure/detail?stockCode=688329&announcementId=1225133798&orgId=9900039722&announcementTime=2026-04-21,2026-05-13 12:43:35+08:00
2bf33625e66f1054743daf278453384fc68188c07b2a034db39115ef32f3a22b,2,1,N,N,2026-04-21,688329.SH,艾隆科技,艾隆科技2025年年度报告摘要,http://www.cninfo.com.cn/new/disclosure/detail?stockCode=688329&announcementId=1225133819&orgId=9900039722&announcementTime=2026-04-21,2026-05-13 12:43:35+08:00
2bf33625e66f1054743daf278453384fc68188c07b2a034db39115ef32f3a22b,2,2,Y,Y,2026-04-21,688329.SH,艾隆科技,艾隆科技2025年年度报告摘要,http://www.cninfo.com.cn/new/disclosure/detail?stockCode=688329&announcementId=1225133819&orgId=9900039722&announcementTime=2026-04-21,2026-05-13 12:43:35+08:00
9c789a1c4e65f2e354073877872ecfa8aeccf55096ed1c61bc03b97dbadfde49,2,1,N,N,2026-04-21,688329.SH,艾隆科技,艾隆科技董事会对在任独立董事独立性自查情况的专项意见,http://www.cninfo.com.cn/new/disclosure/detail?stockCode=688329&announcementId=1225133826&orgId=9900039722&announcementTime=2026-04-21,2026-05-13 12:43:35+08:00
9c789a1c4e65f2e354073877872ecfa8aeccf55096ed1c61bc03b97dbadfde49,2,2,Y,Y,2026-04-21,688329.SH,艾隆科技,艾隆科技董事会对在任独立董事独立性自查情况的专项意见,http://www.cninfo.com.cn/new/disclosure/detail?stockCode=688329&announcementId=1225133826&orgId=9900039722&announcementTime=2026-04-21,2026-05-13 12:43:35+08:00
270a240d8155e26c6607583d886bee86a6ab33f1b82432052d25d1d87865bd55,2,1,N,N,2026-04-21,920245.BJ,威博液压,2025年度独立董事述职报告（张雷）,http://www.cninfo.com.cn/new/disclosure/detail?stockCode=920245&announcementId=1225140898&orgId=gfbj0871245&announcementTime=2026-04-21,2026-05-13 11:41:09+08:00
270a240d8155e26c6607583d886bee86a6ab33f1b82432052d25d1d87865bd55,2,2,Y,Y,2026-04-21,920245.BJ,威博液压,2025年度独立董事述职报告（张雷）,http://www.cninfo.com.cn/new/disclosure/detail?stockCode=920245&announcementId=1225140898&orgId=gfbj0871245&announcementTime=2026-04-21,2026-05-13 11:41:09+08:00
44c2f131aeb1c0c8321d78b0c58ace4bfe4a8572e859384eed87ce45f5925bca,2,1,N,N,2026-04-22,000030.SZ,富奥股份,2025年度董事会工作报告,http://www.cninfo.com.cn/new/disclosure/detail?stockCode=000030&announcementId=1225138444&orgId=gssz0000030&announcementTime=2026-04-22,2026-04-21 18:49:18+08:00
44c2f131aeb1c0c8321d78b0c58ace4bfe4a8572e859384eed87ce45f5925bca,2,2,Y,Y,2026-04-22,000030.SZ,富奥股份,2025年度董事会工作报告,http://www.cninfo.com.cn/new/disclosure/detail?stockCode=000030&announcementId=1225138444&orgId=gssz0000030&announcementTime=2026-04-22,2026-04-21 18:49:18+08:00
6011920c875cd8ecca42f26f9e8ea050fb87bd0853ce810472032558d0c52a01,2,1,N,N,2026-04-22,300025.SZ,华星创业,独立董事年度述职报告（宋广华）,http://www.cninfo.com.cn/new/disclosure/detail?stockCode=300025&announcementId=1225141951&orgId=9900008487&announcementTime=2026-04-22,2026-04-21 21:07:08+08:00
6011920c875cd8ecca42f26f9e8ea050fb87bd0853ce810472032558d0c52a01,2,2,Y,Y,2026-04-22,300025.SZ,华星创业,独立董事年度述职报告（宋广华）,http://www.cninfo.com.cn/new/disclosure/detail?stockCode=300025&announcementId=1225141951&orgId=9900008487&announcementTime=2026-04-22,2026-04-21 21:07:08+08:00
95c160db40980e47f9f942056c42a7fcd4d87cb008367bcc27860036fa52f473,2,1,N,N,2026-04-22,300065.SZ,海兰信,董事、高级管理人员薪酬与绩效考核管理制度,http://www.cninfo.com.cn/new/disclosure/detail?stockCode=300065&announcementId=1225141088&orgId=9900010789&announcementTime=2026-04-22,2026-04-21 21:07:08+08:00
95c160db40980e47f9f942056c42a7fcd4d87cb008367bcc27860036fa52f473,2,2,Y,Y,2026-04-22,300065.SZ,海兰信,董事、高级管理人员薪酬与绩效考核管理制度,http://www.cninfo.com.cn/new/disclosure/detail?stockCode=300065&announcementId=1225141088&orgId=9900010789&announcementTime=2026-04-22,2026-04-21 21:07:08+08:00
25ee06ebdd4b52a1898ef2cfabb82d63f75cfcce4aebf8cd09b3a54790f41294,2,1,N,N,2026-04-22,300257.SZ,开山股份,2025年度内部控制自我评价报告,http://www.cninfo.com.cn/new/disclosure/detail?stockCode=300257&announcementId=1225141600&orgId=9900019129&announcementTime=2026-04-22,2026-04-21 21:07:08+08:00
25ee06ebdd4b52a1898ef2cfabb82d63f75cfcce4aebf8cd09b3a54790f41294,2,2,Y,Y,2026-04-22,300257.SZ,开山股份,2025年度内部控制自我评价报告,http://www.cninfo.com.cn/new/disclosure/detail?stockCode=300257&announcementId=1225141600&orgId=9900019129&announcementTime=2026-04-22,2026-04-21 21:07:08+08:00
a61c6e56785f37487d226acf686d21b8f60d8a909f51c399faa5f1ccf02739bf,2,1,N,N,2026-04-22,300858.SZ,科拓生物,2025年年度审计报告,http://www.cninfo.com.cn/new/disclosure/detail?stockCode=300858&announcementId=1225140973&orgId=9900037808&announcementTime=2026-04-22,2026-05-13 12:56:37+08:00
a61c6e56785f37487d226acf686d21b8f60d8a909f51c399faa5f1ccf02739bf,2,2,Y,Y,2026-04-22,300858.SZ,科拓生物,2025年年度审计报告,http://www.cninfo.com.cn/new/disclosure/detail?stockCode=300858&announcementId=1225140973&orgId=9900037808&announcementTime=2026-04-22,2026-05-13 12:56:37+08:00
14fc838634bfcd47c479cc0a8b3eba58faf070d1a4d70617487db702e6afe314,2,1,N,N,2026-04-22,300858.SZ,科拓生物,关于董事、高级管理人员2026年薪酬方案的公告,http://www.cninfo.com.cn/new/disclosure/detail?stockCode=300858&announcementId=1225140995&orgId=9900037808&announcementTime=2026-04-22,2026-05-13 12:56:37+08:00
14fc838634bfcd47c479cc0a8b3eba58faf070d1a4d70617487db702e6afe314,2,2,Y,Y,2026-04-22,300858.SZ,科拓生物,关于董事、高级管理人员2026年薪酬方案的公告,http://www.cninfo.com.cn/new/disclosure/detail?stockCode=300858&announcementId=1225140995&orgId=9900037808&announcementTime=2026-04-22,2026-05-13 12:56:37+08:00
fe99e01f5eff1bfb4e25c963e618ef5b83d41bd5e26379d3f94ee3e546f37351,2,1,N,N,2026-04-22,300858.SZ,科拓生物,董事会关于独立董事独立性情况的专项意见,http://www.cninfo.com.cn/new/disclosure/detail?stockCode=300858&announcementId=1225140974&orgId=9900037808&announcementTime=2026-04-22,2026-05-13 12:56:37+08:00
fe99e01f5eff1bfb4e25c963e618ef5b83d41bd5e26379d3f94ee3e546f37351,2,2,Y,Y,2026-04-22,300858.SZ,科拓生物,董事会关于独立董事独立性情况的专项意见,http://www.cninfo.com.cn/new/disclosure/detail?stockCode=300858&announcementId=1225140974&orgId=9900037808&announcementTime=2026-04-22,2026-05-13 12:56:37+08:00
f95ef8ea85a14df09dd13c443afc4bce0ac931878fbf79ba813c9c72b19906e1,2,1,N,N,2026-04-22,600589.SH,大位科技,关于公司“提质增效重回报”行动方案的评估报告,http://www.cninfo.com.cn/new/disclosure/detail?stockCode=600589&announcementId=1225141331&orgId=gssh0600589&announcementTime=2026-04-22,2026-05-13 11:41:59+08:00
f95ef8ea85a14df09dd13c443afc4bce0ac931878fbf79ba813c9c72b19906e1,2,2,Y,Y,2026-04-22,600589.SH,大位科技,关于公司“提质增效重回报”行动方案的评估报告,http://www.cninfo.com.cn/new/disclosure/detail?stockCode=600589&announcementId=1225141331&orgId=gssh0600589&announcementTime=2026-04-22,2026-05-13 11:41:59+08:00
9a4cd4201c9c20f0b48d0fa0d686608edc4c52e3eddb3c03df505011174ee848,2,1,N,N,2026-04-22,600589.SH,大位科技,关于回购注销2025年限制性股票激励计划部分限制性股票的公告,http://www.cninfo.com.cn/new/disclosure/detail?stockCode=600589&announcementId=1225141334&orgId=gssh0600589&announcementTime=2026-04-22,2026-05-13 11:41:59+08:00
9a4cd4201c9c20f0b48d0fa0d686608edc4c52e3eddb3c03df505011174ee848,2,2,Y,Y,2026-04-22,600589.SH,大位科技,关于回购注销2025年限制性股票激励计划部分限制性股票的公告,http://www.cninfo.com.cn/new/disclosure/detail?stockCode=600589&announcementId=1225141334&orgId=gssh0600589&announcementTime=2026-04-22,2026-05-13 11:41:59+08:00
6a83c895ab97ad3eac4099d01761e98c1118a1a053008cbe396c9a10e554ef62,2,1,N,N,2026-04-22,600589.SH,大位科技,关于拟定公司董事及高级管理人员2026年度薪酬方案的公告,http://www.cninfo.com.cn/new/disclosure/detail?stockCode=600589&announcementId=1225141346&orgId=gssh0600589&announcementTime=2026-04-22,2026-05-13 11:41:59+08:00
6a83c895ab97ad3eac4099d01761e98c1118a1a053008cbe396c9a10e554ef62,2,2,Y,Y,2026-04-22,600589.SH,大位科技,关于拟定公司董事及高级管理人员2026年度薪酬方案的公告,http://www.cninfo.com.cn/new/disclosure/detail?stockCode=600589&announcementId=1225141346&orgId=gssh0600589&announcementTime=2026-04-22,2026-05-13 11:41:59+08:00
9dbbd3739f9fbc904ad66da1c19a219b53846f4b4d87f960d3a5757a67c59996,2,1,N,N,2026-04-22,600589.SH,大位科技,第十届董事会第七次会议决议公告,http://www.cninfo.com.cn/new/disclosure/detail?stockCode=600589&announcementId=1225141356&orgId=gssh0600589&announcementTime=2026-04-22,2026-05-13 11:41:59+08:00
9dbbd3739f9fbc904ad66da1c19a219b53846f4b4d87f960d3a5757a67c59996,2,2,Y,Y,2026-04-22,600589.SH,大位科技,第十届董事会第七次会议决议公告,http://www.cninfo.com.cn/new/disclosure/detail?stockCode=600589&announcementId=1225141356&orgId=gssh0600589&announcementTime=2026-04-22,2026-05-13 11:41:59+08:00
3901e33d1ca16fa54e46f64b86eb25d6988d899fad19ec1d66304085e88e0a24,2,1,N,N,2026-04-22,601952.SH,苏垦农发,苏垦农发2026年度日常关联交易预计公告,http://www.cninfo.com.cn/new/disclosure/detail?stockCode=601952&announcementId=1225139013&orgId=9900030581&announcementTime=2026-04-22,2026-04-21 18:49:18+08:00
3901e33d1ca16fa54e46f64b86eb25d6988d899fad19ec1d66304085e88e0a24,2,2,Y,Y,2026-04-22,601952.SH,苏垦农发,苏垦农发2026年度日常关联交易预计公告,http://www.cninfo.com.cn/new/disclosure/detail?stockCode=601952&announcementId=1225139013&orgId=9900030581&announcementTime=2026-04-22,2026-04-21 18:49:18+08:00
2776be6f62db1bab78af6472aefea52602d6777515c2306f5b88c083aab845fc,2,1,N,N,2026-04-22,603406.SH,天富龙,中信建投证券股份有限公司关于扬州天富龙集团股份有限公司2025年持续督导年度报告书,http://www.cninfo.com.cn/new/disclosure/detail?stockCode=603406&announcementId=1225138599&orgId=9900059053&announcementTime=2026-04-22,2026-04-21 18:49:18+08:00
2776be6f62db1bab78af6472aefea52602d6777515c2306f5b88c083aab845fc,2,2,Y,Y,2026-04-22,603406.SH,天富龙,中信建投证券股份有限公司关于扬州天富龙集团股份有限公司2025年持续督导年度报告书,http://www.cninfo.com.cn/new/disclosure/detail?stockCode=603406&announcementId=1225138599&orgId=9900059053&announcementTime=2026-04-22,2026-04-21 18:49:18+08:00
1767fa8d5fbe18cf2aceddad64734555052889596c886bf71c5230e7dce74406,2,1,N,N,2026-04-22,603406.SH,天富龙,关于使用部分闲置募集资金及自有资金进行现金管理的公告,http://www.cninfo.com.cn/new/disclosure/detail?stockCode=603406&announcementId=1225138592&orgId=9900059053&announcementTime=2026-04-22,2026-04-21 18:49:18+08:00
1767fa8d5fbe18cf2aceddad64734555052889596c886bf71c5230e7dce74406,2,2,Y,Y,2026-04-22,603406.SH,天富龙,关于使用部分闲置募集资金及自有资金进行现金管理的公告,http://www.cninfo.com.cn/new/disclosure/detail?stockCode=603406&announcementId=1225138592&orgId=9900059053&announcementTime=2026-04-22,2026-04-21 18:49:18+08:00
09c50ba3b080963e341f3c996fb9c2546a21c57031b2d14a978137395bdc050c,2,1,N,N,2026-04-22,603406.SH,天富龙,关于开展期货和衍生品交易业务的可行性分析报告,http://www.cninfo.com.cn/new/disclosure/detail?stockCode=603406&announcementId=1225138609&orgId=9900059053&announcementTime=2026-04-22,2026-04-21 18:49:18+08:00
09c50ba3b080963e341f3c996fb9c2546a21c57031b2d14a978137395bdc050c,2,2,Y,Y,2026-04-22,603406.SH,天富龙,关于开展期货和衍生品交易业务的可行性分析报告,http://www.cninfo.com.cn/new/disclosure/detail?stockCode=603406&announcementId=1225138609&orgId=9900059053&announcementTime=2026-04-22,2026-04-21 18:49:18+08:00
5c40e215b180009bbec90ab9a18c0fe89641427bd30312d5155624eef491c07c,2,1,N,N,2026-04-22,603843.SH,*ST正平,正平股份关于公司股票交易风险暨可能被终止上市的第六次风险提示公告,http://www.cninfo.com.cn/new/disclosure/detail?stockCode=603843&announcementId=1225138882&orgId=9900027728&announcementTime=2026-04-22,2026-04-21 18:49:18+08:00
5c40e215b180009bbec90ab9a18c0fe89641427bd30312d5155624eef491c07c,2,2,Y,Y,2026-04-22,603843.SH,*ST正平,正平股份关于公司股票交易风险暨可能被终止上市的第六次风险提示公告,http://www.cninfo.com.cn/new/disclosure/detail?stockCode=603843&announcementId=1225138882&orgId=9900027728&announcementTime=2026-04-22,2026-04-21 18:49:18+08:00
4e1c917c0515a39456f406ef0c177270e29fdb11cecc7c0ae2aac29a84f0373b,2,1,N,N,2026-04-22,688276.SH,百克生物,中信证券股份有限公司关于长春百克生物科技股份公司2025年度募集资金存放、管理与实际使用情况的专项核查意见,http://www.cninfo.com.cn/new/disclosure/detail?stockCode=688276&announcementId=1225142224&orgId=nssc1000784&announcementTime=2026-04-22,2026-04-21 21:07:08+08:00
4e1c917c0515a39456f406ef0c177270e29fdb11cecc7c0ae2aac29a84f0373b,2,2,Y,Y,2026-04-22,688276.SH,百克生物,中信证券股份有限公司关于长春百克生物科技股份公司2025年度募集资金存放、管理与实际使用情况的专项核查意见,http://www.cninfo.com.cn/new/disclosure/detail?stockCode=688276&announcementId=1225142224&orgId=nssc1000784&announcementTime=2026-04-22,2026-04-21 21:07:08+08:00
cc49ee933f1a084316dd4c83e41b99cd19d228f6606d2d025063567c64584131,2,1,N,N,2026-04-23,000034.SZ,神州数码,公司章程（2026年4月）,http://www.cninfo.com.cn/new/disclosure/detail?stockCode=000034&announcementId=1225151607&orgId=gssz0000034&announcementTime=2026-04-23,2026-04-29 13:10:27+08:00
cc49ee933f1a084316dd4c83e41b99cd19d228f6606d2d025063567c64584131,2,2,Y,Y,2026-04-23,000034.SZ,神州数码,公司章程（2026年4月）,http://www.cninfo.com.cn/new/disclosure/detail?stockCode=000034&announcementId=1225151607&orgId=gssz0000034&announcementTime=2026-04-23,2026-04-29 13:10:27+08:00
7d8b7a63f63b6bd6e6a880137806005bc82eaa278749e30a1755e6798edeba2a,2,1,N,N,2026-04-23,000411.SZ,英特集团,2025年度董事会报告,http://www.cninfo.com.cn/new/disclosure/detail?stockCode=000411&announcementId=1225143865&orgId=gssz0000411&announcementTime=2026-04-23,2026-04-29 13:10:27+08:00
7d8b7a63f63b6bd6e6a880137806005bc82eaa278749e30a1755e6798edeba2a,2,2,Y,Y,2026-04-23,000411.SZ,英特集团,2025年度董事会报告,http://www.cninfo.com.cn/new/disclosure/detail?stockCode=000411&announcementId=1225143865&orgId=gssz0000411&announcementTime=2026-04-23,2026-04-29 13:10:27+08:00
fd2232d9712072377e5451845aa718008d2cc2ee8c1c84c78b45a84a84914b0e,2,1,N,N,2026-04-23,000411.SZ,英特集团,关于申请注册发行中期票据及超短期融资券的公告,http://www.cninfo.com.cn/new/disclosure/detail?stockCode=000411&announcementId=1225143857&orgId=gssz0000411&announcementTime=2026-04-23,2026-04-29 13:10:27+08:00
fd2232d9712072377e5451845aa718008d2cc2ee8c1c84c78b45a84a84914b0e,2,2,Y,Y,2026-04-23,000411.SZ,英特集团,关于申请注册发行中期票据及超短期融资券的公告,http://www.cninfo.com.cn/new/disclosure/detail?stockCode=000411&announcementId=1225143857&orgId=gssz0000411&announcementTime=2026-04-23,2026-04-29 13:10:27+08:00
14e83231f9974769bde93647ddccd21810f65e6c7b6c2a3fae930c125d8779ec,2,1,N,N,2026-04-23,000890.SZ,法尔胜,董事会审计委员会对2025年度会计师事务所履行监督职责情况的报告,http://www.cninfo.com.cn/new/disclosure/detail?stockCode=000890&announcementId=1225147042&orgId=gssz0000890&announcementTime=2026-04-23,2026-04-29 12:13:53+08:00
14e83231f9974769bde93647ddccd21810f65e6c7b6c2a3fae930c125d8779ec,2,2,Y,Y,2026-04-23,000890.SZ,法尔胜,董事会审计委员会对2025年度会计师事务所履行监督职责情况的报告,http://www.cninfo.com.cn/new/disclosure/detail?stockCode=000890&announcementId=1225147042&orgId=gssz0000890&announcementTime=2026-04-23,2026-04-29 12:13:53+08:00
5b2282ccdcdb1121dc5532fbe99b91680dbe724723922a9be28d6ff709c2cc8c,2,1,N,N,2026-04-23,001696.SZ,宗申动力,2025年度独立董事述职报告（郑亚光先生）,http://www.cninfo.com.cn/new/disclosure/detail?stockCode=001696&announcementId=1225148080&orgId=gssz0001696&announcementTime=2026-04-23,2026-04-29 12:13:53+08:00
5b2282ccdcdb1121dc5532fbe99b91680dbe724723922a9be28d6ff709c2cc8c,2,2,Y,Y,2026-04-23,001696.SZ,宗申动力,2025年度独立董事述职报告（郑亚光先生）,http://www.cninfo.com.cn/new/disclosure/detail?stockCode=001696&announcementId=1225148080&orgId=gssz0001696&announcementTime=2026-04-23,2026-04-29 12:13:53+08:00
93ae41e46a644fbe3c3e61d0b6f60ee3650aca83c1a12be5077ce894365c1c93,2,1,N,N,2026-04-23,001696.SZ,宗申动力,公司董事和高级管理人员持股管理办法,http://www.cninfo.com.cn/new/disclosure/detail?stockCode=001696&announcementId=1225148073&orgId=gssz0001696&announcementTime=2026-04-23,2026-04-29 12:13:53+08:00
93ae41e46a644fbe3c3e61d0b6f60ee3650aca83c1a12be5077ce894365c1c93,2,2,Y,Y,2026-04-23,001696.SZ,宗申动力,公司董事和高级管理人员持股管理办法,http://www.cninfo.com.cn/new/disclosure/detail?stockCode=001696&announcementId=1225148073&orgId=gssz0001696&announcementTime=2026-04-23,2026-04-29 12:13:53+08:00
0456b567ee92610c1a36819245b89f6910bc45b090ba1410067e99348e869492,2,1,N,N,2026-04-23,002072.SZ,凯瑞德,关于补选公司第八届董事会非独立董事的公告,http://www.cninfo.com.cn/new/disclosure/detail?stockCode=002072&announcementId=1225147240&orgId=9900000881&announcementTime=2026-04-23,2026-04-29 13:10:27+08:00
0456b567ee92610c1a36819245b89f6910bc45b090ba1410067e99348e869492,2,2,Y,Y,2026-04-23,002072.SZ,凯瑞德,关于补选公司第八届董事会非独立董事的公告,http://www.cninfo.com.cn/new/disclosure/detail?stockCode=002072&announcementId=1225147240&orgId=9900000881&announcementTime=2026-04-23,2026-04-29 13:10:27+08:00
483494a534d54f54d0b150ae0706c8ac09bf5106d47ec59d1349661994869cf6,2,1,N,N,2026-04-23,002251.SZ,步步高,会计师事务所选聘制度（2026年4月）,http://www.cninfo.com.cn/new/disclosure/detail?stockCode=002251&announcementId=1225156971&orgId=9900004894&announcementTime=2026-04-23,2026-04-29 13:10:27+08:00
483494a534d54f54d0b150ae0706c8ac09bf5106d47ec59d1349661994869cf6,2,2,Y,Y,2026-04-23,002251.SZ,步步高,会计师事务所选聘制度（2026年4月）,http://www.cninfo.com.cn/new/disclosure/detail?stockCode=002251&announcementId=1225156971&orgId=9900004894&announcementTime=2026-04-23,2026-04-29 13:10:27+08:00
da067bd3a084cae408f0c6c432d676875c81019f5a4d0097cb7314ad44bddbff,2,1,N,N,2026-04-23,002589.SZ,瑞康医药,2025年内部控制自我评价报告,http://www.cninfo.com.cn/new/disclosure/detail?stockCode=002589&announcementId=1225157262&orgId=9900020089&announcementTime=2026-04-23,2026-04-29 13:10:27+08:00
da067bd3a084cae408f0c6c432d676875c81019f5a4d0097cb7314ad44bddbff,2,2,Y,Y,2026-04-23,002589.SZ,瑞康医药,2025年内部控制自我评价报告,http://www.cninfo.com.cn/new/disclosure/detail?stockCode=002589&announcementId=1225157262&orgId=9900020089&announcementTime=2026-04-23,2026-04-29 13:10:27+08:00
e4c887623fca0747c0bccaf526459d7c8ed65874df1db7c428bc667375f940e3,2,1,N,N,2026-04-23,002819.SZ,东方中科,关于公司董事、高级管理人员2025年度薪酬情况及2026年度薪酬方案的公告,http://www.cninfo.com.cn/new/disclosure/detail?stockCode=002819&announcementId=1225156165&orgId=9900024446&announcementTime=2026-04-23,2026-04-29 13:10:27+08:00
e4c887623fca0747c0bccaf526459d7c8ed65874df1db7c428bc667375f940e3,2,2,Y,Y,2026-04-23,002819.SZ,东方中科,关于公司董事、高级管理人员2025年度薪酬情况及2026年度薪酬方案的公告,http://www.cninfo.com.cn/new/disclosure/detail?stockCode=002819&announcementId=1225156165&orgId=9900024446&announcementTime=2026-04-23,2026-04-29 13:10:27+08:00
bb4568e9216677034880e65bf76a4db6a6b9bd26ffbad179874625ddebc16ad1,2,1,N,N,2026-04-23,002819.SZ,东方中科,独立董事2025年度述职报告 （戴昌久）,http://www.cninfo.com.cn/new/disclosure/detail?stockCode=002819&announcementId=1225156164&orgId=9900024446&announcementTime=2026-04-23,2026-04-29 13:10:27+08:00
bb4568e9216677034880e65bf76a4db6a6b9bd26ffbad179874625ddebc16ad1,2,2,Y,Y,2026-04-23,002819.SZ,东方中科,独立董事2025年度述职报告 （戴昌久）,http://www.cninfo.com.cn/new/disclosure/detail?stockCode=002819&announcementId=1225156164&orgId=9900024446&announcementTime=2026-04-23,2026-04-29 13:10:27+08:00
5cbec826af612ed621b7063affc3e0dfb959e2dfafa65b9d1a07e0671618918c,2,1,N,N,2026-04-23,300133.SZ,华策影视,投资者关系管理制度（2026年4月）,http://www.cninfo.com.cn/new/disclosure/detail?stockCode=300133&announcementId=1225153363&orgId=9900013428&announcementTime=2026-04-23,2026-04-29 12:27:37+08:00
5cbec826af612ed621b7063affc3e0dfb959e2dfafa65b9d1a07e0671618918c,2,2,Y,Y,2026-04-23,300133.SZ,华策影视,投资者关系管理制度（2026年4月）,http://www.cninfo.com.cn/new/disclosure/detail?stockCode=300133&announcementId=1225153363&orgId=9900013428&announcementTime=2026-04-23,2026-04-29 12:27:37+08:00
2315baa430454b61b34b84c1a31fbab441a21ae27c8f1126aa08018d80666fa9,2,1,N,N,2026-04-23,300482.SZ,万孚生物,2026年一季度报告,http://www.cninfo.com.cn/new/disclosure/detail?stockCode=300482&announcementId=1225149600&orgId=9900024914&announcementTime=2026-04-23,2026-04-29 12:13:53+08:00
2315baa430454b61b34b84c1a31fbab441a21ae27c8f1126aa08018d80666fa9,2,2,Y,Y,2026-04-23,300482.SZ,万孚生物,2026年一季度报告,http://www.cninfo.com.cn/new/disclosure/detail?stockCode=300482&announcementId=1225149600&orgId=9900024914&announcementTime=2026-04-23,2026-04-29 12:13:53+08:00
7b2c8994561b03dea97343d3c1830cf5ecc88c67f3fe8338f74e6a6ac7995f9c,2,1,N,N,2026-04-23,300856.SZ,科思股份,2025年度独立董事述职报告（俞健）,http://www.cninfo.com.cn/new/disclosure/detail?stockCode=300856&announcementId=1225152579&orgId=gfbj0839670&announcementTime=2026-04-23,2026-04-29 15:28:30+08:00
7b2c8994561b03dea97343d3c1830cf5ecc88c67f3fe8338f74e6a6ac7995f9c,2,2,Y,Y,2026-04-23,300856.SZ,科思股份,2025年度独立董事述职报告（俞健）,http://www.cninfo.com.cn/new/disclosure/detail?stockCode=300856&announcementId=1225152579&orgId=gfbj0839670&announcementTime=2026-04-23,2026-04-29 15:28:30+08:00
c210e544769b4c3addfe50f84afcff887ecd823546f05239890cbda1142dab33,2,1,N,N,2026-04-23,301083.SZ,百胜智能,关于2025年度利润分配方案的公告,http://www.cninfo.com.cn/new/disclosure/detail?stockCode=301083&announcementId=1225148387&orgId=gfbj0836282&announcementTime=2026-04-23,2026-04-29 12:13:53+08:00
c210e544769b4c3addfe50f84afcff887ecd823546f05239890cbda1142dab33,2,2,Y,Y,2026-04-23,301083.SZ,百胜智能,关于2025年度利润分配方案的公告,http://www.cninfo.com.cn/new/disclosure/detail?stockCode=301083&announcementId=1225148387&orgId=gfbj0836282&announcementTime=2026-04-23,2026-04-29 12:13:53+08:00
063aa4501189c265bd77b23a5213df2b78285a95e474e882f72833a13eac87f9,2,1,N,N,2026-04-23,301229.SZ,纽泰格,非经营性资金占用及其他关联资金往来情况汇总表,http://www.cninfo.com.cn/new/disclosure/detail?stockCode=301229&announcementId=1225147888&orgId=fzqy1029423&announcementTime=2026-04-23,2026-04-29 12:13:53+08:00
063aa4501189c265bd77b23a5213df2b78285a95e474e882f72833a13eac87f9,2,2,Y,Y,2026-04-23,301229.SZ,纽泰格,非经营性资金占用及其他关联资金往来情况汇总表,http://www.cninfo.com.cn/new/disclosure/detail?stockCode=301229&announcementId=1225147888&orgId=fzqy1029423&announcementTime=2026-04-23,2026-04-29 12:13:53+08:00
f56067a28f8f5985ce79b5f7429f197a707ed0a2dde9753705a0a4daaa078bdb,2,1,N,N,2026-04-23,301265.SZ,华新科技,华新绿源资源科技股份有限公司二〇二五年度内部控制审计报告,http://www.cninfo.com.cn/new/disclosure/detail?stockCode=301265&announcementId=1225151233&orgId=gfbj0837117&announcementTime=2026-04-23,2026-04-29 15:28:30+08:00
f56067a28f8f5985ce79b5f7429f197a707ed0a2dde9753705a0a4daaa078bdb,2,2,Y,Y,2026-04-23,301265.SZ,华新科技,华新绿源资源科技股份有限公司二〇二五年度内部控制审计报告,http://www.cninfo.com.cn/new/disclosure/detail?stockCode=301265&announcementId=1225151233&orgId=gfbj0837117&announcementTime=2026-04-23,2026-04-29 15:28:30+08:00
947e5038762e1fb193d92e5f342d165ca834e4bafd1c6e9926ee4efb4145b8a2,2,1,N,N,2026-04-23,600569.SH,安阳钢铁,安阳钢铁股份有限公司董事会关于独立董事独立性情况的专项评估意见,http://www.cninfo.com.cn/new/disclosure/detail?stockCode=600569&announcementId=1225152235&orgId=gssh0600569&announcementTime=2026-04-23,2026-04-29 14:42:00+08:00
947e5038762e1fb193d92e5f342d165ca834e4bafd1c6e9926ee4efb4145b8a2,2,2,Y,Y,2026-04-23,600569.SH,安阳钢铁,安阳钢铁股份有限公司董事会关于独立董事独立性情况的专项评估意见,http://www.cninfo.com.cn/new/disclosure/detail?stockCode=600569&announcementId=1225152235&orgId=gssh0600569&announcementTime=2026-04-23,2026-04-29 14:42:00+08:00
3f04d5e4efc23977727e19f0df042f6adc2e04e46ea7c8ec30464b40df5155e4,2,1,N,N,2026-04-23,600594.SH,益佰制药,贵州益佰制药股份有限公司章程（2026年4月修订）,http://www.cninfo.com.cn/new/disclosure/detail?stockCode=600594&announcementId=1225151480&orgId=gssh0600594&announcementTime=2026-04-23,2026-04-29 14:42:00+08:00
3f04d5e4efc23977727e19f0df042f6adc2e04e46ea7c8ec30464b40df5155e4,2,2,Y,Y,2026-04-23,600594.SH,益佰制药,贵州益佰制药股份有限公司章程（2026年4月修订）,http://www.cninfo.com.cn/new/disclosure/detail?stockCode=600594&announcementId=1225151480&orgId=gssh0600594&announcementTime=2026-04-23,2026-04-29 14:42:00+08:00
148e2050afe7eeb8ff4c3f4a0273058890ff4827e934f88007fe7bf0bcc4230d,2,1,N,N,2026-04-23,601065.SH,江盐集团,2025年度报告摘要,http://www.cninfo.com.cn/new/disclosure/detail?stockCode=601065&announcementId=1225157181&orgId=9900046968&announcementTime=2026-04-23,2026-04-29 12:27:37+08:00
148e2050afe7eeb8ff4c3f4a0273058890ff4827e934f88007fe7bf0bcc4230d,2,2,Y,Y,2026-04-23,601065.SH,江盐集团,2025年度报告摘要,http://www.cninfo.com.cn/new/disclosure/detail?stockCode=601065&announcementId=1225157181&orgId=9900046968&announcementTime=2026-04-23,2026-04-29 12:27:37+08:00
32597f557fa1322af88782a6d8c9360e1b4139d4d7961047b526fd76522c6ffd,2,1,N,N,2026-04-23,603226.SH,菲林格尔,2025年度内部控制审计报告,http://www.cninfo.com.cn/new/disclosure/detail?stockCode=603226&announcementId=1225154612&orgId=9900031772&announcementTime=2026-04-23,2026-04-29 12:27:37+08:00
32597f557fa1322af88782a6d8c9360e1b4139d4d7961047b526fd76522c6ffd,2,2,Y,Y,2026-04-23,603226.SH,菲林格尔,2025年度内部控制审计报告,http://www.cninfo.com.cn/new/disclosure/detail?stockCode=603226&announcementId=1225154612&orgId=9900031772&announcementTime=2026-04-23,2026-04-29 12:27:37+08:00
7e3e90496825e879f55851fd3989225bb1b39918171974c8269469ef454bc2d0,2,1,N,N,2026-04-23,603505.SH,金石资源,金石资源集团股份有限公司董事会审计委员会对会计师事务所履行监督职责情况报告,http://www.cninfo.com.cn/new/disclosure/detail?stockCode=603505&announcementId=1225147492&orgId=9900029041&announcementTime=2026-04-23,2026-04-29 12:27:37+08:00
7e3e90496825e879f55851fd3989225bb1b39918171974c8269469ef454bc2d0,2,2,Y,Y,2026-04-23,603505.SH,金石资源,金石资源集团股份有限公司董事会审计委员会对会计师事务所履行监督职责情况报告,http://www.cninfo.com.cn/new/disclosure/detail?stockCode=603505&announcementId=1225147492&orgId=9900029041&announcementTime=2026-04-23,2026-04-29 12:27:37+08:00
69a6dfe0cb3ff6960e6b486b9072c82d703b01b6deb22033e4fba0dbe504864a,2,1,N,N,2026-04-23,603529.SH,爱玛科技,爱玛科技2025年度募集资金存放、管理与实际使用情况的专项报告,http://www.cninfo.com.cn/new/disclosure/detail?stockCode=603529&announcementId=1225150700&orgId=9900037312&announcementTime=2026-04-23,2026-04-29 12:27:37+08:00
69a6dfe0cb3ff6960e6b486b9072c82d703b01b6deb22033e4fba0dbe504864a,2,2,Y,Y,2026-04-23,603529.SH,爱玛科技,爱玛科技2025年度募集资金存放、管理与实际使用情况的专项报告,http://www.cninfo.com.cn/new/disclosure/detail?stockCode=603529&announcementId=1225150700&orgId=9900037312&announcementTime=2026-04-23,2026-04-29 12:27:37+08:00
3377f7aaf4e29439f5840bbf549275189c9e60f9a35cbaf9c31defdb12dd2a17,2,1,N,N,2026-04-23,603712.SH,七一二,天津七一二通信广播股份有限公司关于会计政策变更的公告,http://www.cninfo.com.cn/new/disclosure/detail?stockCode=603712&announcementId=1225152207&orgId=9900034448&announcementTime=2026-04-23,2026-04-29 14:42:00+08:00
3377f7aaf4e29439f5840bbf549275189c9e60f9a35cbaf9c31defdb12dd2a17,2,2,Y,Y,2026-04-23,603712.SH,七一二,天津七一二通信广播股份有限公司关于会计政策变更的公告,http://www.cninfo.com.cn/new/disclosure/detail?stockCode=603712&announcementId=1225152207&orgId=9900034448&announcementTime=2026-04-23,2026-04-29 14:42:00+08:00
d502e10b8dce59a5b6c05019052b5b9c1b5992737160364525c7ea494ee590ca,2,1,N,N,2026-04-23,605128.SH,上海沿浦,国泰海通证券股份有限公司关于上海沿浦精工科技(集团)股份有限公司2025年度持续督导工作现场检查报告,http://www.cninfo.com.cn/new/disclosure/detail?stockCode=605128&announcementId=1225147549&orgId=9900037900&announcementTime=2026-04-23,2026-04-29 12:27:37+08:00
d502e10b8dce59a5b6c05019052b5b9c1b5992737160364525c7ea494ee590ca,2,2,Y,Y,2026-04-23,605128.SH,上海沿浦,国泰海通证券股份有限公司关于上海沿浦精工科技(集团)股份有限公司2025年度持续督导工作现场检查报告,http://www.cninfo.com.cn/new/disclosure/detail?stockCode=605128&announcementId=1225147549&orgId=9900037900&announcementTime=2026-04-23,2026-04-29 12:27:37+08:00
c88b9a3565c3da4442b701ecbbb791564d95d35ed617ecb354b6b70e1a75f2e3,2,1,N,N,2026-04-23,688055.SH,龙腾光电,龙腾光电2025年度董事会审计委员会履职情况报告,http://www.cninfo.com.cn/new/disclosure/detail?stockCode=688055&announcementId=1225152467&orgId=fzqy1056458&announcementTime=2026-04-23,2026-04-29 13:51:20+08:00
c88b9a3565c3da4442b701ecbbb791564d95d35ed617ecb354b6b70e1a75f2e3,2,2,Y,Y,2026-04-23,688055.SH,龙腾光电,龙腾光电2025年度董事会审计委员会履职情况报告,http://www.cninfo.com.cn/new/disclosure/detail?stockCode=688055&announcementId=1225152467&orgId=fzqy1056458&announcementTime=2026-04-23,2026-04-29 13:51:20+08:00
12178fb7dd9d8b1aecfd8bfe5389b9abf9543360d163d1a3e4f9a271b6446ad4,2,1,N,N,2026-04-23,688169.SH,石头科技,北京石头世纪科技股份有限公司2025年独立董事述职报告（刘飞）,http://www.cninfo.com.cn/new/disclosure/detail?stockCode=688169&announcementId=1225147515&orgId=9900039123&announcementTime=2026-04-23,2026-04-29 12:27:37+08:00
12178fb7dd9d8b1aecfd8bfe5389b9abf9543360d163d1a3e4f9a271b6446ad4,2,2,Y,Y,2026-04-23,688169.SH,石头科技,北京石头世纪科技股份有限公司2025年独立董事述职报告（刘飞）,http://www.cninfo.com.cn/new/disclosure/detail?stockCode=688169&announcementId=1225147515&orgId=9900039123&announcementTime=2026-04-23,2026-04-29 12:27:37+08:00
c240fd85f8cd2c37065eb43d72938eeee805c4722d530fc8a335a90d4f52e495,2,1,N,N,2026-04-23,688516.SH,奥特维,无锡奥特维科技股份有限公司董事会审计委员会2025年度履职报告,http://www.cninfo.com.cn/new/disclosure/detail?stockCode=688516&announcementId=1225145668&orgId=gfbj0836288&announcementTime=2026-04-23,2026-04-29 13:51:20+08:00
c240fd85f8cd2c37065eb43d72938eeee805c4722d530fc8a335a90d4f52e495,2,2,Y,Y,2026-04-23,688516.SH,奥特维,无锡奥特维科技股份有限公司董事会审计委员会2025年度履职报告,http://www.cninfo.com.cn/new/disclosure/detail?stockCode=688516&announcementId=1225145668&orgId=gfbj0836288&announcementTime=2026-04-23,2026-04-29 13:51:20+08:00
f9c385b306484c4d10a1688f01cd0aa6c55800cccecb0f5471822a4b73e35141,2,1,N,N,2026-04-23,688581.SH,安杰思,安杰思关于召开2025年年度股东会的通知,http://www.cninfo.com.cn/new/disclosure/detail?stockCode=688581&announcementId=1225155889&orgId=nssc1000268&announcementTime=2026-04-23,2026-04-29 13:51:20+08:00
f9c385b306484c4d10a1688f01cd0aa6c55800cccecb0f5471822a4b73e35141,2,2,Y,Y,2026-04-23,688581.SH,安杰思,安杰思关于召开2025年年度股东会的通知,http://www.cninfo.com.cn/new/disclosure/detail?stockCode=688581&announcementId=1225155889&orgId=nssc1000268&announcementTime=2026-04-23,2026-04-29 13:51:20+08:00
f70f444234ecbc4efe1946588f08890d28bf3ff88d49a018c86275eada94a4c5,2,1,N,N,2026-04-23,920078.BJ,族兴新材,2026年一季度报告,http://www.cninfo.com.cn/new/disclosure/detail?stockCode=920078&announcementId=1225173380&orgId=gfbj0830854&announcementTime=2026-04-23,2026-04-29 12:27:37+08:00
f70f444234ecbc4efe1946588f08890d28bf3ff88d49a018c86275eada94a4c5,2,2,Y,Y,2026-04-23,920078.BJ,族兴新材,2026年一季度报告,http://www.cninfo.com.cn/new/disclosure/detail?stockCode=920078&announcementId=1225173380&orgId=gfbj0830854&announcementTime=2026-04-23,2026-04-29 12:27:37+08:00
decdd4bf22ffd0b93c49d15a0d88b4d684955a64543e642d520b78fc50331966,2,1,N,N,2026-04-23,920351.BJ,华光源海,独立董事提名人声明与承诺（王林）,http://www.cninfo.com.cn/new/disclosure/detail?stockCode=920351&announcementId=1225168211&orgId=gfbj0872351&announcementTime=2026-04-23,2026-04-29 12:27:37+08:00
decdd4bf22ffd0b93c49d15a0d88b4d684955a64543e642d520b78fc50331966,2,2,Y,Y,2026-04-23,920351.BJ,华光源海,独立董事提名人声明与承诺（王林）,http://www.cninfo.com.cn/new/disclosure/detail?stockCode=920351&announcementId=1225168211&orgId=gfbj0872351&announcementTime=2026-04-23,2026-04-29 12:27:37+08:00
30e5cbb7d8040fe8c280ebc5c1a97ace3a046208e29cdc8f3108c4b29c0a629f,2,1,N,N,2026-04-24,000713.SZ,国投丰乐,2026年度财务预算报告,http://www.cninfo.com.cn/new/disclosure/detail?stockCode=000713&announcementId=1225170397&orgId=gssz0000713&announcementTime=2026-04-24,2026-04-29 13:10:26+08:00
30e5cbb7d8040fe8c280ebc5c1a97ace3a046208e29cdc8f3108c4b29c0a629f,2,2,Y,Y,2026-04-24,000713.SZ,国投丰乐,2026年度财务预算报告,http://www.cninfo.com.cn/new/disclosure/detail?stockCode=000713&announcementId=1225170397&orgId=gssz0000713&announcementTime=2026-04-24,2026-04-29 13:10:26+08:00
6eb5c7bf20a188590eb4e290c614c862c0d07fad8e98b64c3d1bbe8334ddacbf,2,1,N,N,2026-04-24,000713.SZ,国投丰乐,关于召开2025年年度股东会的通知,http://www.cninfo.com.cn/new/disclosure/detail?stockCode=000713&announcementId=1225170373&orgId=gssz0000713&announcementTime=2026-04-24,2026-04-29 13:10:26+08:00
6eb5c7bf20a188590eb4e290c614c862c0d07fad8e98b64c3d1bbe8334ddacbf,2,2,Y,Y,2026-04-24,000713.SZ,国投丰乐,关于召开2025年年度股东会的通知,http://www.cninfo.com.cn/new/disclosure/detail?stockCode=000713&announcementId=1225170373&orgId=gssz0000713&announcementTime=2026-04-24,2026-04-29 13:10:26+08:00
189d9ee4096b9a915b98dd2042dc05a439a74574676c7415f3edc2e2c21d4b40,2,1,N,N,2026-04-24,000713.SZ,国投丰乐,关于国投丰乐种业股份有限公司非经营性资金占用及其他关联资金往来情况专项说明,http://www.cninfo.com.cn/new/disclosure/detail?stockCode=000713&announcementId=1225170367&orgId=gssz0000713&announcementTime=2026-04-24,2026-04-29 13:10:26+08:00
189d9ee4096b9a915b98dd2042dc05a439a74574676c7415f3edc2e2c21d4b40,2,2,Y,Y,2026-04-24,000713.SZ,国投丰乐,关于国投丰乐种业股份有限公司非经营性资金占用及其他关联资金往来情况专项说明,http://www.cninfo.com.cn/new/disclosure/detail?stockCode=000713&announcementId=1225170367&orgId=gssz0000713&announcementTime=2026-04-24,2026-04-29 13:10:26+08:00
570401519227dc5e0eabe60cf6533e3c7fa383f95d873420a5a999027dab97f0,2,1,N,N,2026-04-24,000713.SZ,国投丰乐,关于对会计师事务所2025年度履职情况评估报告,http://www.cninfo.com.cn/new/disclosure/detail?stockCode=000713&announcementId=1225170369&orgId=gssz0000713&announcementTime=2026-04-24,2026-04-29 13:10:26+08:00
570401519227dc5e0eabe60cf6533e3c7fa383f95d873420a5a999027dab97f0,2,2,Y,Y,2026-04-24,000713.SZ,国投丰乐,关于对会计师事务所2025年度履职情况评估报告,http://www.cninfo.com.cn/new/disclosure/detail?stockCode=000713&announcementId=1225170369&orgId=gssz0000713&announcementTime=2026-04-24,2026-04-29 13:10:26+08:00
d9eda2ba2007c88eb5813b1818859906789cf042ffd71b66addf74a0b85bc7c7,2,1,N,N,2026-04-24,000713.SZ,国投丰乐,关于拟续聘公司2026年度审计机构的公告,http://www.cninfo.com.cn/new/disclosure/detail?stockCode=000713&announcementId=1225170400&orgId=gssz0000713&announcementTime=2026-04-24,2026-04-29 13:10:26+08:00
d9eda2ba2007c88eb5813b1818859906789cf042ffd71b66addf74a0b85bc7c7,2,2,Y,Y,2026-04-24,000713.SZ,国投丰乐,关于拟续聘公司2026年度审计机构的公告,http://www.cninfo.com.cn/new/disclosure/detail?stockCode=000713&announcementId=1225170400&orgId=gssz0000713&announcementTime=2026-04-24,2026-04-29 13:10:26+08:00
db858d74513bd7622d3f81c0580e86392dddb69c6407448bfb091540779204a7,2,1,N,N,2026-04-24,000713.SZ,国投丰乐,第七届董事会第十八次会议决议公告,http://www.cninfo.com.cn/new/disclosure/detail?stockCode=000713&announcementId=1225170371&orgId=gssz0000713&announcementTime=2026-04-24,2026-04-29 13:10:26+08:00
db858d74513bd7622d3f81c0580e86392dddb69c6407448bfb091540779204a7,2,2,Y,Y,2026-04-24,000713.SZ,国投丰乐,第七届董事会第十八次会议决议公告,http://www.cninfo.com.cn/new/disclosure/detail?stockCode=000713&announcementId=1225170371&orgId=gssz0000713&announcementTime=2026-04-24,2026-04-29 13:10:26+08:00
0e84da03e2de3e3a267915c09bee2a212e61661f25011becb749b5df4bf46ae9,2,1,N,N,2026-04-24,000951.SZ,中国重汽,第九届董事会2026年第二次临时会议决议公告,http://www.cninfo.com.cn/new/disclosure/detail?stockCode=000951&announcementId=1225163821&orgId=gssz0000951&announcementTime=2026-04-24,2026-04-29 14:46:55+08:00
0e84da03e2de3e3a267915c09bee2a212e61661f25011becb749b5df4bf46ae9,2,2,Y,Y,2026-04-24,000951.SZ,中国重汽,第九届董事会2026年第二次临时会议决议公告,http://www.cninfo.com.cn/new/disclosure/detail?stockCode=000951&announcementId=1225163821&orgId=gssz0000951&announcementTime=2026-04-24,2026-04-29 14:46:55+08:00
91a569437518e347c03896af1fdbc6e9ad0bf52e074d7e97c75368e7378c2ec8,2,1,N,N,2026-04-24,001319.SZ,铭科精技,2025年度独立董事述职报告（古范球）,http://www.cninfo.com.cn/new/disclosure/detail?stockCode=001319&announcementId=1225160597&orgId=9900047223&announcementTime=2026-04-24,2026-04-29 14:46:55+08:00
91a569437518e347c03896af1fdbc6e9ad0bf52e074d7e97c75368e7378c2ec8,2,2,Y,Y,2026-04-24,001319.SZ,铭科精技,2025年度独立董事述职报告（古范球）,http://www.cninfo.com.cn/new/disclosure/detail?stockCode=001319&announcementId=1225160597&orgId=9900047223&announcementTime=2026-04-24,2026-04-29 14:46:55+08:00
9907fda40a9dba8a9595a29074ab7a04a16ad7af017f6269e5a473e9dbed54a1,2,1,N,N,2026-04-24,001319.SZ,铭科精技,关于召开2025年年度股东会的通知公告,http://www.cninfo.com.cn/new/disclosure/detail?stockCode=001319&announcementId=1225160586&orgId=9900047223&announcementTime=2026-04-24,2026-04-29 14:46:55+08:00
9907fda40a9dba8a9595a29074ab7a04a16ad7af017f6269e5a473e9dbed54a1,2,2,Y,Y,2026-04-24,001319.SZ,铭科精技,关于召开2025年年度股东会的通知公告,http://www.cninfo.com.cn/new/disclosure/detail?stockCode=001319&announcementId=1225160586&orgId=9900047223&announcementTime=2026-04-24,2026-04-29 14:46:55+08:00
5ac2641b611f43355012e7ece383443d74dcd2baa49bf696628b8f845ba6d2b5,2,1,N,N,2026-04-24,001360.SZ,南矿集团,2025年度内部控制评价报告,http://www.cninfo.com.cn/new/disclosure/detail?stockCode=001360&announcementId=1225161931&orgId=9900055633&announcementTime=2026-04-24,2026-04-29 14:46:55+08:00
5ac2641b611f43355012e7ece383443d74dcd2baa49bf696628b8f845ba6d2b5,2,2,Y,Y,2026-04-24,001360.SZ,南矿集团,2025年度内部控制评价报告,http://www.cninfo.com.cn/new/disclosure/detail?stockCode=001360&announcementId=1225161931&orgId=9900055633&announcementTime=2026-04-24,2026-04-29 14:46:55+08:00
025075594649771373e97f1b91185c41b729a58f45a11548b4c0982d6343b2bd,2,1,N,N,2026-04-24,001379.SZ,腾达科技,关于2025年度利润分配预案及2026年中期现金分红事项的公告,http://www.cninfo.com.cn/new/disclosure/detail?stockCode=001379&announcementId=1225158589&orgId=9900048085&announcementTime=2026-04-24,2026-04-29 15:17:43+08:00
025075594649771373e97f1b91185c41b729a58f45a11548b4c0982d6343b2bd,2,2,Y,Y,2026-04-24,001379.SZ,腾达科技,关于2025年度利润分配预案及2026年中期现金分红事项的公告,http://www.cninfo.com.cn/new/disclosure/detail?stockCode=001379&announcementId=1225158589&orgId=9900048085&announcementTime=2026-04-24,2026-04-29 15:17:43+08:00
abcd45d08ef94c9102137cd205c44389a961aad888277778c4f2363c5338b509,2,1,N,N,2026-04-24,002019.SZ,亿帆医药,关于会计政策变更的公告,http://www.cninfo.com.cn/new/disclosure/detail?stockCode=002019&announcementId=1225163451&orgId=gssz0002019&announcementTime=2026-04-24,2026-04-29 14:46:55+08:00
abcd45d08ef94c9102137cd205c44389a961aad888277778c4f2363c5338b509,2,2,Y,Y,2026-04-24,002019.SZ,亿帆医药,关于会计政策变更的公告,http://www.cninfo.com.cn/new/disclosure/detail?stockCode=002019&announcementId=1225163451&orgId=gssz0002019&announcementTime=2026-04-24,2026-04-29 14:46:55+08:00
9e6624a437b6b792a4c5eca289e17592bbcdddaced3c506f8058ecac3e321ecc,2,1,N,N,2026-04-24,002019.SZ,亿帆医药,关于公司及控股公司向金融机构申请授信额度及公司合并报表范围内担保额度的公告,http://www.cninfo.com.cn/new/disclosure/detail?stockCode=002019&announcementId=1225163449&orgId=gssz0002019&announcementTime=2026-04-24,2026-04-29 14:46:55+08:00
9e6624a437b6b792a4c5eca289e17592bbcdddaced3c506f8058ecac3e321ecc,2,2,Y,Y,2026-04-24,002019.SZ,亿帆医药,关于公司及控股公司向金融机构申请授信额度及公司合并报表范围内担保额度的公告,http://www.cninfo.com.cn/new/disclosure/detail?stockCode=002019&announcementId=1225163449&orgId=gssz0002019&announcementTime=2026-04-24,2026-04-29 14:46:55+08:00
e0818556af76de1bb1f34ce0689fa28535f7373602c2d87e4a081cf46743d01f,2,1,N,N,2026-04-24,002019.SZ,亿帆医药,关于开展外汇套期保值业务的可行性分析报告,http://www.cninfo.com.cn/new/disclosure/detail?stockCode=002019&announcementId=1225163448&orgId=gssz0002019&announcementTime=2026-04-24,2026-04-29 14:46:55+08:00
e0818556af76de1bb1f34ce0689fa28535f7373602c2d87e4a081cf46743d01f,2,2,Y,Y,2026-04-24,002019.SZ,亿帆医药,关于开展外汇套期保值业务的可行性分析报告,http://www.cninfo.com.cn/new/disclosure/detail?stockCode=002019&announcementId=1225163448&orgId=gssz0002019&announcementTime=2026-04-24,2026-04-29 14:46:55+08:00
a7555c801f48af9e18abbeffdae0becbed70786282f6d2e5bfcac41837967d0a,2,1,N,N,2026-04-24,002100.SZ,天康生物,2026年第二次临时股东会之法律意见书,http://www.cninfo.com.cn/new/disclosure/detail?stockCode=002100&announcementId=1225160864&orgId=9900001641&announcementTime=2026-04-24,2026-04-29 12:38:48+08:00
a7555c801f48af9e18abbeffdae0becbed70786282f6d2e5bfcac41837967d0a,2,2,Y,Y,2026-04-24,002100.SZ,天康生物,2026年第二次临时股东会之法律意见书,http://www.cninfo.com.cn/new/disclosure/detail?stockCode=002100&announcementId=1225160864&orgId=9900001641&announcementTime=2026-04-24,2026-04-29 12:38:48+08:00
53dfc4c33a1c78654304f9fb5fafc2a216e9fbdbf625c4d9bd91b7067214410a,2,1,N,N,2026-04-24,002891.SZ,中宠股份,关于烟台中宠食品股份有限公司非经营性资金占用及其他关联资金往来情况的专项说明,http://www.cninfo.com.cn/new/disclosure/detail?stockCode=002891&announcementId=1225158882&orgId=9900032780&announcementTime=2026-04-24,2026-04-29 15:17:43+08:00
53dfc4c33a1c78654304f9fb5fafc2a216e9fbdbf625c4d9bd91b7067214410a,2,2,Y,Y,2026-04-24,002891.SZ,中宠股份,关于烟台中宠食品股份有限公司非经营性资金占用及其他关联资金往来情况的专项说明,http://www.cninfo.com.cn/new/disclosure/detail?stockCode=002891&announcementId=1225158882&orgId=9900032780&announcementTime=2026-04-24,2026-04-29 15:17:43+08:00
b280f5b6f9f4926542b4d03bd0f05d43e9e8443149d64940ebdb01e4f64d748e,2,1,N,N,2026-04-24,003036.SZ,泰坦股份,2025年年度审计报告,http://www.cninfo.com.cn/new/disclosure/detail?stockCode=003036&announcementId=1225160783&orgId=9900023478&announcementTime=2026-04-24,2026-04-29 14:46:55+08:00
b280f5b6f9f4926542b4d03bd0f05d43e9e8443149d64940ebdb01e4f64d748e,2,2,Y,Y,2026-04-24,003036.SZ,泰坦股份,2025年年度审计报告,http://www.cninfo.com.cn/new/disclosure/detail?stockCode=003036&announcementId=1225160783&orgId=9900023478&announcementTime=2026-04-24,2026-04-29 14:46:55+08:00
9a93aa02cd4ff1db6af8b5b4b43d4fcfd53784b286b5c30516835f463817e5b8,2,1,N,N,2026-04-24,003036.SZ,泰坦股份,年度募集资金年度使用鉴证报告,http://www.cninfo.com.cn/new/disclosure/detail?stockCode=003036&announcementId=1225160788&orgId=9900023478&announcementTime=2026-04-24,2026-04-29 14:46:55+08:00
9a93aa02cd4ff1db6af8b5b4b43d4fcfd53784b286b5c30516835f463817e5b8,2,2,Y,Y,2026-04-24,003036.SZ,泰坦股份,年度募集资金年度使用鉴证报告,http://www.cninfo.com.cn/new/disclosure/detail?stockCode=003036&announcementId=1225160788&orgId=9900023478&announcementTime=2026-04-24,2026-04-29 14:46:55+08:00
56459921f5a9ec0ac04e0ff2329724f1622d462b0ac0838182b971a81dc60140,2,1,N,N,2026-04-24,200992.SZ,中  鲁Ｂ,2025年度内部控制自我评价报告,http://www.cninfo.com.cn/new/disclosure/detail?stockCode=200992&announcementId=1225161846&orgId=gssz0200992&announcementTime=2026-04-24,2026-04-29 13:10:26+08:00
56459921f5a9ec0ac04e0ff2329724f1622d462b0ac0838182b971a81dc60140,2,2,Y,Y,2026-04-24,200992.SZ,中  鲁Ｂ,2025年度内部控制自我评价报告,http://www.cninfo.com.cn/new/disclosure/detail?stockCode=200992&announcementId=1225161846&orgId=gssz0200992&announcementTime=2026-04-24,2026-04-29 13:10:26+08:00
2c757c636f50b0f32ae807086558b746156d66ca4aef61897dc5c0fe6b26beeb,2,1,N,N,2026-04-24,200992.SZ,中  鲁Ｂ,关于参加2026年青岛辖区上市公司投资者网上集体接待日暨2025年度业绩说明会活动的公告,http://www.cninfo.com.cn/new/disclosure/detail?stockCode=200992&announcementId=1225161848&orgId=gssz0200992&announcementTime=2026-04-24,2026-04-29 13:10:26+08:00
2c757c636f50b0f32ae807086558b746156d66ca4aef61897dc5c0fe6b26beeb,2,2,Y,Y,2026-04-24,200992.SZ,中  鲁Ｂ,关于参加2026年青岛辖区上市公司投资者网上集体接待日暨2025年度业绩说明会活动的公告,http://www.cninfo.com.cn/new/disclosure/detail?stockCode=200992&announcementId=1225161848&orgId=gssz0200992&announcementTime=2026-04-24,2026-04-29 13:10:26+08:00
1317ec17e5136b9fa956498861695b34c4a8ef67372165eb448cbad7287f99ca,2,1,N,N,2026-04-24,200992.SZ,中  鲁Ｂ,关于召开2025年度股东会的通知,http://www.cninfo.com.cn/new/disclosure/detail?stockCode=200992&announcementId=1225161819&orgId=gssz0200992&announcementTime=2026-04-24,2026-04-29 13:10:26+08:00
1317ec17e5136b9fa956498861695b34c4a8ef67372165eb448cbad7287f99ca,2,2,Y,Y,2026-04-24,200992.SZ,中  鲁Ｂ,关于召开2025年度股东会的通知,http://www.cninfo.com.cn/new/disclosure/detail?stockCode=200992&announcementId=1225161819&orgId=gssz0200992&announcementTime=2026-04-24,2026-04-29 13:10:26+08:00
eb17e2c38ef3cb4e5b0446aeb846fda2f1689efb3f1c57de77002d7fa05a377d,2,1,N,N,2026-04-24,200992.SZ,中  鲁Ｂ,关于向银行申请综合授信额度的公告,http://www.cninfo.com.cn/new/disclosure/detail?stockCode=200992&announcementId=1225161821&orgId=gssz0200992&announcementTime=2026-04-24,2026-04-29 13:10:26+08:00
eb17e2c38ef3cb4e5b0446aeb846fda2f1689efb3f1c57de77002d7fa05a377d,2,2,Y,Y,2026-04-24,200992.SZ,中  鲁Ｂ,关于向银行申请综合授信额度的公告,http://www.cninfo.com.cn/new/disclosure/detail?stockCode=200992&announcementId=1225161821&orgId=gssz0200992&announcementTime=2026-04-24,2026-04-29 13:10:26+08:00
05431e832b2bea96dae969b8e014be7178f8e7ba44324ff3198aaadd8642406f,2,1,N,N,2026-04-24,200992.SZ,中  鲁Ｂ,子公司管理制度,http://www.cninfo.com.cn/new/disclosure/detail?stockCode=200992&announcementId=1225161824&orgId=gssz0200992&announcementTime=2026-04-24,2026-04-29 13:10:26+08:00
05431e832b2bea96dae969b8e014be7178f8e7ba44324ff3198aaadd8642406f,2,2,Y,Y,2026-04-24,200992.SZ,中  鲁Ｂ,子公司管理制度,http://www.cninfo.com.cn/new/disclosure/detail?stockCode=200992&announcementId=1225161824&orgId=gssz0200992&announcementTime=2026-04-24,2026-04-29 13:10:26+08:00
d5776422e042b6534db57342c7a27615f6c5e3d7d256d49366164ada158e90bf,2,1,N,N,2026-04-24,200992.SZ,中  鲁Ｂ,累积投票制度,http://www.cninfo.com.cn/new/disclosure/detail?stockCode=200992&announcementId=1225161836&orgId=gssz0200992&announcementTime=2026-04-24,2026-04-29 13:10:26+08:00
d5776422e042b6534db57342c7a27615f6c5e3d7d256d49366164ada158e90bf,2,2,Y,Y,2026-04-24,200992.SZ,中  鲁Ｂ,累积投票制度,http://www.cninfo.com.cn/new/disclosure/detail?stockCode=200992&announcementId=1225161836&orgId=gssz0200992&announcementTime=2026-04-24,2026-04-29 13:10:26+08:00
a8cb452e48720d2b8907057490f9ed2e520037524f71b8b9c16f910c7a3a09c8,2,1,N,N,2026-04-24,300872.SZ,天阳科技,关于会计政策变更的公告,http://www.cninfo.com.cn/new/disclosure/detail?stockCode=300872&announcementId=1225167113&orgId=gfbj0835713&announcementTime=2026-04-24,2026-04-29 13:32:21+08:00
a8cb452e48720d2b8907057490f9ed2e520037524f71b8b9c16f910c7a3a09c8,2,2,Y,Y,2026-04-24,300872.SZ,天阳科技,关于会计政策变更的公告,http://www.cninfo.com.cn/new/disclosure/detail?stockCode=300872&announcementId=1225167113&orgId=gfbj0835713&announcementTime=2026-04-24,2026-04-29 13:32:21+08:00
b883e243c054b56b21977fe508771971617d2619fa8db6b7370dadbc85958a2c,2,1,N,N,2026-04-24,300872.SZ,天阳科技,关于增加经营范围、修订《公司章程》并办理工商变更登记的公告,http://www.cninfo.com.cn/new/disclosure/detail?stockCode=300872&announcementId=1225167112&orgId=gfbj0835713&announcementTime=2026-04-24,2026-04-29 13:32:21+08:00
b883e243c054b56b21977fe508771971617d2619fa8db6b7370dadbc85958a2c,2,2,Y,Y,2026-04-24,300872.SZ,天阳科技,关于增加经营范围、修订《公司章程》并办理工商变更登记的公告,http://www.cninfo.com.cn/new/disclosure/detail?stockCode=300872&announcementId=1225167112&orgId=gfbj0835713&announcementTime=2026-04-24,2026-04-29 13:32:21+08:00
cf5b2f4393f4fe0e17cd99dae7ee4482c2cc69a40b2da5fd8e4779b3924b1892,2,1,N,N,2026-04-24,301117.SZ,佳缘科技,2025年度募集资金存放与使用情况鉴证报告,http://www.cninfo.com.cn/new/disclosure/detail?stockCode=301117&announcementId=1225167392&orgId=gfbj0837884&announcementTime=2026-04-24,2026-04-29 13:32:21+08:00
cf5b2f4393f4fe0e17cd99dae7ee4482c2cc69a40b2da5fd8e4779b3924b1892,2,2,Y,Y,2026-04-24,301117.SZ,佳缘科技,2025年度募集资金存放与使用情况鉴证报告,http://www.cninfo.com.cn/new/disclosure/detail?stockCode=301117&announcementId=1225167392&orgId=gfbj0837884&announcementTime=2026-04-24,2026-04-29 13:32:21+08:00
65ef45932c24c529617e02fcebaeefa7981609032e05cd0b0ae2e963b3c08bf8,2,1,N,N,2026-04-24,301117.SZ,佳缘科技,第四届董事会第六次会议决议公告,http://www.cninfo.com.cn/new/disclosure/detail?stockCode=301117&announcementId=1225167396&orgId=gfbj0837884&announcementTime=2026-04-24,2026-04-29 13:32:21+08:00
65ef45932c24c529617e02fcebaeefa7981609032e05cd0b0ae2e963b3c08bf8,2,2,Y,Y,2026-04-24,301117.SZ,佳缘科技,第四届董事会第六次会议决议公告,http://www.cninfo.com.cn/new/disclosure/detail?stockCode=301117&announcementId=1225167396&orgId=gfbj0837884&announcementTime=2026-04-24,2026-04-29 13:32:21+08:00
0f3054526619741eac1870ea9fa4dd4711cdf9167ea653c1da7be69216c2e83f,2,1,N,N,2026-04-24,601199.SH,江南水务,江南水务2025年度审计报告,http://www.cninfo.com.cn/new/disclosure/detail?stockCode=601199&announcementId=1225159017&orgId=9900018832&announcementTime=2026-04-24,2026-04-29 12:35:03+08:00
0f3054526619741eac1870ea9fa4dd4711cdf9167ea653c1da7be69216c2e83f,2,2,Y,Y,2026-04-24,601199.SH,江南水务,江南水务2025年度审计报告,http://www.cninfo.com.cn/new/disclosure/detail?stockCode=601199&announcementId=1225159017&orgId=9900018832&announcementTime=2026-04-24,2026-04-29 12:35:03+08:00
dbcd31c4ca7dac5ba070f1a00d5fbdac003531cca2d67baac4bc31f0763c5ea1,2,1,N,N,2026-04-24,688626.SH,翔宇医疗,翔宇医疗关于召开2025年年度股东会的通知,http://www.cninfo.com.cn/new/disclosure/detail?stockCode=688626&announcementId=1225170191&orgId=9900041530&announcementTime=2026-04-24,2026-04-29 14:11:40+08:00
dbcd31c4ca7dac5ba070f1a00d5fbdac003531cca2d67baac4bc31f0763c5ea1,2,2,Y,Y,2026-04-24,688626.SH,翔宇医疗,翔宇医疗关于召开2025年年度股东会的通知,http://www.cninfo.com.cn/new/disclosure/detail?stockCode=688626&announcementId=1225170191&orgId=9900041530&announcementTime=2026-04-24,2026-04-29 14:11:40+08:00
55d62f61dd943fb08e3595a652626c41ec1bda67e1caac51ef1cf64aa6fcd375,2,1,N,N,2026-04-25,000821.SZ,ST京机,关于2026年度日常关联交易预计的公告,http://www.cninfo.com.cn/new/disclosure/detail?stockCode=000821&announcementId=1225175545&orgId=gssz0000821&announcementTime=2026-04-25,2026-04-29 14:14:30+08:00
55d62f61dd943fb08e3595a652626c41ec1bda67e1caac51ef1cf64aa6fcd375,2,2,Y,Y,2026-04-25,000821.SZ,ST京机,关于2026年度日常关联交易预计的公告,http://www.cninfo.com.cn/new/disclosure/detail?stockCode=000821&announcementId=1225175545&orgId=gssz0000821&announcementTime=2026-04-25,2026-04-29 14:14:30+08:00
9a563f24d3b3ad2ad98d35a083fe8df4d269b81b3ea2ca8146d2c45a023dfd54,2,1,N,N,2026-04-25,002158.SZ,汉钟精机,2025年度非经营性资金占用情况表,http://www.cninfo.com.cn/new/disclosure/detail?stockCode=002158&announcementId=1225175845&orgId=9900003433&announcementTime=2026-04-25,2026-04-29 14:14:30+08:00
9a563f24d3b3ad2ad98d35a083fe8df4d269b81b3ea2ca8146d2c45a023dfd54,2,2,Y,Y,2026-04-25,002158.SZ,汉钟精机,2025年度非经营性资金占用情况表,http://www.cninfo.com.cn/new/disclosure/detail?stockCode=002158&announcementId=1225175845&orgId=9900003433&announcementTime=2026-04-25,2026-04-29 14:14:30+08:00
97c7666e5ca81bc1378ebe32e05d988e01cf14f3d30b5c9416b0e4b088102c78,2,1,N,N,2026-04-25,002158.SZ,汉钟精机,审计委员会对2025年度年审会计师履行监督职责情况报告,http://www.cninfo.com.cn/new/disclosure/detail?stockCode=002158&announcementId=1225175847&orgId=9900003433&announcementTime=2026-04-25,2026-04-29 14:14:30+08:00
97c7666e5ca81bc1378ebe32e05d988e01cf14f3d30b5c9416b0e4b088102c78,2,2,Y,Y,2026-04-25,002158.SZ,汉钟精机,审计委员会对2025年度年审会计师履行监督职责情况报告,http://www.cninfo.com.cn/new/disclosure/detail?stockCode=002158&announcementId=1225175847&orgId=9900003433&announcementTime=2026-04-25,2026-04-29 14:14:30+08:00
fa9ddb639c40b16499988a9e964a6c974164ad3a98e7f9483791c102c8192e36,2,1,N,N,2026-04-25,002695.SZ,煌上煌,关于召开2025年度股东会的通知,http://www.cninfo.com.cn/new/disclosure/detail?stockCode=002695&announcementId=1225176192&orgId=9900023215&announcementTime=2026-04-25,2026-04-29 14:14:30+08:00
fa9ddb639c40b16499988a9e964a6c974164ad3a98e7f9483791c102c8192e36,2,2,Y,Y,2026-04-25,002695.SZ,煌上煌,关于召开2025年度股东会的通知,http://www.cninfo.com.cn/new/disclosure/detail?stockCode=002695&announcementId=1225176192&orgId=9900023215&announcementTime=2026-04-25,2026-04-29 14:14:30+08:00
7b8730f2a2b323639a076f5debc81e1404b392a83b1fe7a0ab8f80ce8ae471e4,2,1,N,N,2026-04-25,301305.SZ,朗坤科技,深圳市朗坤科技股份有限公司向不特定对象发行可转换公司债券募集资金使用的可行性分析报告（修订稿）,http://www.cninfo.com.cn/new/disclosure/detail?stockCode=301305&announcementId=1225183812&orgId=gfbj0838520&announcementTime=2026-04-25,2026-04-29 13:24:40+08:00
7b8730f2a2b323639a076f5debc81e1404b392a83b1fe7a0ab8f80ce8ae471e4,2,2,Y,Y,2026-04-25,301305.SZ,朗坤科技,深圳市朗坤科技股份有限公司向不特定对象发行可转换公司债券募集资金使用的可行性分析报告（修订稿）,http://www.cninfo.com.cn/new/disclosure/detail?stockCode=301305&announcementId=1225183812&orgId=gfbj0838520&announcementTime=2026-04-25,2026-04-29 13:24:40+08:00
73540afdcd7cfd6f07ddc5bb3e7656f802a6df6187de0e6190e12186b0073564,2,1,N,N,2026-04-25,301519.SZ,舜禹股份,2025年年度审计报告,http://www.cninfo.com.cn/new/disclosure/detail?stockCode=301519&announcementId=1225184163&orgId=gfbj0837004&announcementTime=2026-04-25,2026-04-29 13:24:40+08:00
73540afdcd7cfd6f07ddc5bb3e7656f802a6df6187de0e6190e12186b0073564,2,2,Y,Y,2026-04-25,301519.SZ,舜禹股份,2025年年度审计报告,http://www.cninfo.com.cn/new/disclosure/detail?stockCode=301519&announcementId=1225184163&orgId=gfbj0837004&announcementTime=2026-04-25,2026-04-29 13:24:40+08:00
f50d1ef10888feb4a90c553220560b8b10d8d8bfa4d39c1f55e6ddbd967a8d6b,2,1,N,N,2026-04-25,600206.SH,有研新材,有研新材2025年度独立董事述职报告--陈磊,http://www.cninfo.com.cn/new/disclosure/detail?stockCode=600206&announcementId=1225177348&orgId=gssh0600206&announcementTime=2026-04-25,2026-04-29 15:09:52+08:00
f50d1ef10888feb4a90c553220560b8b10d8d8bfa4d39c1f55e6ddbd967a8d6b,2,2,Y,Y,2026-04-25,600206.SH,有研新材,有研新材2025年度独立董事述职报告--陈磊,http://www.cninfo.com.cn/new/disclosure/detail?stockCode=600206&announcementId=1225177348&orgId=gssh0600206&announcementTime=2026-04-25,2026-04-29 15:09:52+08:00
70809181c6f2b9373d645c2d7aebd63d9a5ff0b6a0279559aaa28e33db010f9f,2,1,N,N,2026-04-25,600409.SH,三友化工,关于唐山三友化工股份有限公司非经营性资金占用及其他关联资金往来情况汇总表的专项审核报告,http://www.cninfo.com.cn/new/disclosure/detail?stockCode=600409&announcementId=1225177705&orgId=gssh0600409&announcementTime=2026-04-25,2026-04-29 15:09:52+08:00
70809181c6f2b9373d645c2d7aebd63d9a5ff0b6a0279559aaa28e33db010f9f,2,2,Y,Y,2026-04-25,600409.SH,三友化工,关于唐山三友化工股份有限公司非经营性资金占用及其他关联资金往来情况汇总表的专项审核报告,http://www.cninfo.com.cn/new/disclosure/detail?stockCode=600409&announcementId=1225177705&orgId=gssh0600409&announcementTime=2026-04-25,2026-04-29 15:09:52+08:00
84409212d92c3d6c901b4e4106d032c336fe656178adc95d695dba22f5b47160,2,1,N,N,2026-04-25,600730.SH,中国高科,中国高科2025年度营业收入扣除情况的专项审核报告,http://www.cninfo.com.cn/new/disclosure/detail?stockCode=600730&announcementId=1225183189&orgId=gssh0600730&announcementTime=2026-04-25,2026-04-29 13:06:16+08:00
84409212d92c3d6c901b4e4106d032c336fe656178adc95d695dba22f5b47160,2,2,Y,Y,2026-04-25,600730.SH,中国高科,中国高科2025年度营业收入扣除情况的专项审核报告,http://www.cninfo.com.cn/new/disclosure/detail?stockCode=600730&announcementId=1225183189&orgId=gssh0600730&announcementTime=2026-04-25,2026-04-29 13:06:16+08:00
b4f52fd859a68bb3c33ed32e21b36b65d4c1cd3dcc44f1436d7187a93a1e5891,2,1,N,N,2026-04-25,600730.SH,中国高科,中国高科关于召开2025年年度股东会的通知,http://www.cninfo.com.cn/new/disclosure/detail?stockCode=600730&announcementId=1225183188&orgId=gssh0600730&announcementTime=2026-04-25,2026-04-29 13:06:16+08:00
b4f52fd859a68bb3c33ed32e21b36b65d4c1cd3dcc44f1436d7187a93a1e5891,2,2,Y,Y,2026-04-25,600730.SH,中国高科,中国高科关于召开2025年年度股东会的通知,http://www.cninfo.com.cn/new/disclosure/detail?stockCode=600730&announcementId=1225183188&orgId=gssh0600730&announcementTime=2026-04-25,2026-04-29 13:06:16+08:00
9e33850e31f2d3e54eae978adb33df66047e107f28a4bb9a64139b4499a3ff2e,2,1,N,N,2026-04-25,600730.SH,中国高科,中国高科董事会对独立董事独立性自查情况的专项报告,http://www.cninfo.com.cn/new/disclosure/detail?stockCode=600730&announcementId=1225183133&orgId=gssh0600730&announcementTime=2026-04-25,2026-04-29 13:06:16+08:00
9e33850e31f2d3e54eae978adb33df66047e107f28a4bb9a64139b4499a3ff2e,2,2,Y,Y,2026-04-25,600730.SH,中国高科,中国高科董事会对独立董事独立性自查情况的专项报告,http://www.cninfo.com.cn/new/disclosure/detail?stockCode=600730&announcementId=1225183133&orgId=gssh0600730&announcementTime=2026-04-25,2026-04-29 13:06:16+08:00
f49651553c070d351c79affbd6233cfba9bd5784ccad0ad2d30a52ea12a836c8,2,1,N,N,2026-04-25,603118.SH,共进股份,董事会关于独立董事独立性评估的专项意见,http://www.cninfo.com.cn/new/disclosure/detail?stockCode=603118&announcementId=1225187825&orgId=9900023687&announcementTime=2026-04-25,2026-04-29 15:09:52+08:00
f49651553c070d351c79affbd6233cfba9bd5784ccad0ad2d30a52ea12a836c8,2,2,Y,Y,2026-04-25,603118.SH,共进股份,董事会关于独立董事独立性评估的专项意见,http://www.cninfo.com.cn/new/disclosure/detail?stockCode=603118&announcementId=1225187825&orgId=9900023687&announcementTime=2026-04-25,2026-04-29 15:09:52+08:00
34b484f3ba6260f5d20980d34e7065b7754d1f18a00e6741351443779ac4d549,2,1,N,N,2026-04-25,603377.SH,ST东时,关于召开“东时转债”2026年第二次债券持有人会议的提示性通知,http://www.cninfo.com.cn/new/disclosure/detail?stockCode=603377&announcementId=1225177535&orgId=9900023616&announcementTime=2026-04-25,2026-04-29 13:06:16+08:00
34b484f3ba6260f5d20980d34e7065b7754d1f18a00e6741351443779ac4d549,2,2,Y,Y,2026-04-25,603377.SH,ST东时,关于召开“东时转债”2026年第二次债券持有人会议的提示性通知,http://www.cninfo.com.cn/new/disclosure/detail?stockCode=603377&announcementId=1225177535&orgId=9900023616&announcementTime=2026-04-25,2026-04-29 13:06:16+08:00
8279ce6e437175a341711837741e79f921bd539647579a28306257ecdbddfb53,2,1,N,N,2026-04-25,603931.SH,格林达,杭州格林达电子材料股份有限公司2025年年度报告摘要,http://www.cninfo.com.cn/new/disclosure/detail?stockCode=603931&announcementId=1225186176&orgId=9900039864&announcementTime=2026-04-25,2026-04-29 15:09:52+08:00
8279ce6e437175a341711837741e79f921bd539647579a28306257ecdbddfb53,2,2,Y,Y,2026-04-25,603931.SH,格林达,杭州格林达电子材料股份有限公司2025年年度报告摘要,http://www.cninfo.com.cn/new/disclosure/detail?stockCode=603931&announcementId=1225186176&orgId=9900039864&announcementTime=2026-04-25,2026-04-29 15:09:52+08:00
72dac500adadecea53d868bd1e60531b0f25a1f82f7fd084a33eaa33df95627a,2,1,N,N,2026-04-25,688053.SH,ST思科瑞,中国银河证券股份有限公司关于成都思科瑞微电子股份有限公司首次公开发行股票并在科创板上市持续督导保荐总结报告书,http://www.cninfo.com.cn/new/disclosure/detail?stockCode=688053&announcementId=1225187645&orgId=9900046510&announcementTime=2026-04-25,2026-04-29 13:06:16+08:00
72dac500adadecea53d868bd1e60531b0f25a1f82f7fd084a33eaa33df95627a,2,2,Y,Y,2026-04-25,688053.SH,ST思科瑞,中国银河证券股份有限公司关于成都思科瑞微电子股份有限公司首次公开发行股票并在科创板上市持续督导保荐总结报告书,http://www.cninfo.com.cn/new/disclosure/detail?stockCode=688053&announcementId=1225187645&orgId=9900046510&announcementTime=2026-04-25,2026-04-29 13:06:16+08:00
cb213c42f294b45323dc8162899d4e379e8e8bcb0b043555a15451f1fe7a00e5,2,1,N,N,2026-04-25,688053.SH,ST思科瑞,成都思科瑞微电子股份有限公司2025年度会计师事务所的履职情况评估报告,http://www.cninfo.com.cn/new/disclosure/detail?stockCode=688053&announcementId=1225187685&orgId=9900046510&announcementTime=2026-04-25,2026-04-29 13:06:16+08:00
cb213c42f294b45323dc8162899d4e379e8e8bcb0b043555a15451f1fe7a00e5,2,2,Y,Y,2026-04-25,688053.SH,ST思科瑞,成都思科瑞微电子股份有限公司2025年度会计师事务所的履职情况评估报告,http://www.cninfo.com.cn/new/disclosure/detail?stockCode=688053&announcementId=1225187685&orgId=9900046510&announcementTime=2026-04-25,2026-04-29 13:06:16+08:00
6181c30d0289893fb4125ecd3bf079b07818b9d87249035bc071b820438068a7,2,1,N,N,2026-04-25,688053.SH,ST思科瑞,成都思科瑞微电子股份有限公司关于2025年度董事、高级管理人员薪酬确认及2026年度薪酬方案的公告,http://www.cninfo.com.cn/new/disclosure/detail?stockCode=688053&announcementId=1225187647&orgId=9900046510&announcementTime=2026-04-25,2026-04-29 13:06:16+08:00
6181c30d0289893fb4125ecd3bf079b07818b9d87249035bc071b820438068a7,2,2,Y,Y,2026-04-25,688053.SH,ST思科瑞,成都思科瑞微电子股份有限公司关于2025年度董事、高级管理人员薪酬确认及2026年度薪酬方案的公告,http://www.cninfo.com.cn/new/disclosure/detail?stockCode=688053&announcementId=1225187647&orgId=9900046510&announcementTime=2026-04-25,2026-04-29 13:06:16+08:00
19b38aecd4c4ef5f8059d3416fc065d1d02891394e05063616823acffa526051,2,1,N,N,2026-04-25,688053.SH,ST思科瑞,成都思科瑞微电子股份有限公司年度募集资金存放、管理与实际使用情况鉴证报告,http://www.cninfo.com.cn/new/disclosure/detail?stockCode=688053&announcementId=1225187679&orgId=9900046510&announcementTime=2026-04-25,2026-04-29 13:06:16+08:00
19b38aecd4c4ef5f8059d3416fc065d1d02891394e05063616823acffa526051,2,2,Y,Y,2026-04-25,688053.SH,ST思科瑞,成都思科瑞微电子股份有限公司年度募集资金存放、管理与实际使用情况鉴证报告,http://www.cninfo.com.cn/new/disclosure/detail?stockCode=688053&announcementId=1225187679&orgId=9900046510&announcementTime=2026-04-25,2026-04-29 13:06:16+08:00
bfb7e2bb90f2e721066e18571c7592579845c441f2ffc5017279b44851e49162,2,1,N,N,2026-04-25,688163.SH,赛伦生物,赛伦生物：2025年度募集资金存放、管理与实际使用情况的专项报告,http://www.cninfo.com.cn/new/disclosure/detail?stockCode=688163&announcementId=1225190265&orgId=gfbj0835716&announcementTime=2026-04-25,2026-04-29 14:39:43+08:00
bfb7e2bb90f2e721066e18571c7592579845c441f2ffc5017279b44851e49162,2,2,Y,Y,2026-04-25,688163.SH,赛伦生物,赛伦生物：2025年度募集资金存放、管理与实际使用情况的专项报告,http://www.cninfo.com.cn/new/disclosure/detail?stockCode=688163&announcementId=1225190265&orgId=gfbj0835716&announcementTime=2026-04-25,2026-04-29 14:39:43+08:00
7c6d36e6eaa6bff7f50abf461cc2d549e89e7bfae1e84de586db2c5a31e83d07,2,1,N,N,2026-04-25,688302.SH,海创药业,2025年度募集资金存放、管理与实际使用情况鉴证报告,http://www.cninfo.com.cn/new/disclosure/detail?stockCode=688302&announcementId=1225190279&orgId=9900047618&announcementTime=2026-04-25,2026-04-29 14:39:43+08:00
7c6d36e6eaa6bff7f50abf461cc2d549e89e7bfae1e84de586db2c5a31e83d07,2,2,Y,Y,2026-04-25,688302.SH,海创药业,2025年度募集资金存放、管理与实际使用情况鉴证报告,http://www.cninfo.com.cn/new/disclosure/detail?stockCode=688302&announcementId=1225190279&orgId=9900047618&announcementTime=2026-04-25,2026-04-29 14:39:43+08:00
ac8211938e54d64a8f9db38d06310a47e463727170450e105177a20bf9e578d5,2,1,N,N,2026-04-25,688302.SH,海创药业,关于为公司及董事、高级管理人员购买责任保险的公告,http://www.cninfo.com.cn/new/disclosure/detail?stockCode=688302&announcementId=1225190292&orgId=9900047618&announcementTime=2026-04-25,2026-04-29 14:39:43+08:00
ac8211938e54d64a8f9db38d06310a47e463727170450e105177a20bf9e578d5,2,2,Y,Y,2026-04-25,688302.SH,海创药业,关于为公司及董事、高级管理人员购买责任保险的公告,http://www.cninfo.com.cn/new/disclosure/detail?stockCode=688302&announcementId=1225190292&orgId=9900047618&announcementTime=2026-04-25,2026-04-29 14:39:43+08:00
fcda1f59d1782151726006ab7b6fa93eca978db470ccc2d710607c0e95c5f2b3,2,1,N,N,2026-04-25,688395.SH,正弦电气,关于2026年度董事、高级管理人员薪酬方案的公告,http://www.cninfo.com.cn/new/disclosure/detail?stockCode=688395&announcementId=1225189737&orgId=gfbj0834933&announcementTime=2026-04-25,2026-04-29 14:39:43+08:00
fcda1f59d1782151726006ab7b6fa93eca978db470ccc2d710607c0e95c5f2b3,2,2,Y,Y,2026-04-25,688395.SH,正弦电气,关于2026年度董事、高级管理人员薪酬方案的公告,http://www.cninfo.com.cn/new/disclosure/detail?stockCode=688395&announcementId=1225189737&orgId=gfbj0834933&announcementTime=2026-04-25,2026-04-29 14:39:43+08:00
8028bab067ded47f10a6855348b038225675dfc361859723927ecb106f307ba7,2,1,N,N,2026-04-25,688395.SH,正弦电气,关于部分募投项目延期的公告,http://www.cninfo.com.cn/new/disclosure/detail?stockCode=688395&announcementId=1225190070&orgId=gfbj0834933&announcementTime=2026-04-25,2026-04-29 14:39:43+08:00
8028bab067ded47f10a6855348b038225675dfc361859723927ecb106f307ba7,2,2,Y,Y,2026-04-25,688395.SH,正弦电气,关于部分募投项目延期的公告,http://www.cninfo.com.cn/new/disclosure/detail?stockCode=688395&announcementId=1225190070&orgId=gfbj0834933&announcementTime=2026-04-25,2026-04-29 14:39:43+08:00
d2ea8d766181d48077002bc491d6a1ca04ac310826c4c7c9433a41fd07b73062,2,1,N,N,2026-04-25,688428.SH,诺诚健华,诺诚健华医药有限公司2026年科创板限制性股票激励计划激励对象名单,http://www.cninfo.com.cn/new/disclosure/detail?stockCode=688428&announcementId=1225190256&orgId=9900043455&announcementTime=2026-04-25,2026-04-29 14:39:43+08:00
d2ea8d766181d48077002bc491d6a1ca04ac310826c4c7c9433a41fd07b73062,2,2,Y,Y,2026-04-25,688428.SH,诺诚健华,诺诚健华医药有限公司2026年科创板限制性股票激励计划激励对象名单,http://www.cninfo.com.cn/new/disclosure/detail?stockCode=688428&announcementId=1225190256&orgId=9900043455&announcementTime=2026-04-25,2026-04-29 14:39:43+08:00
ae027c43ae08aeb82048fde511fbbe53cdc355e9e30940c1bc3caac0fe43b834,2,1,N,N,2026-04-25,688455.SH,科捷智能,关于 2025年“提质增效重回报”行动方案评估报告暨 2026年“提质增效重回报”行动方案的公告,http://www.cninfo.com.cn/new/disclosure/detail?stockCode=688455&announcementId=1225190781&orgId=9900048050&announcementTime=2026-04-25,2026-04-29 14:39:43+08:00
ae027c43ae08aeb82048fde511fbbe53cdc355e9e30940c1bc3caac0fe43b834,2,2,Y,Y,2026-04-25,688455.SH,科捷智能,关于 2025年“提质增效重回报”行动方案评估报告暨 2026年“提质增效重回报”行动方案的公告,http://www.cninfo.com.cn/new/disclosure/detail?stockCode=688455&announcementId=1225190781&orgId=9900048050&announcementTime=2026-04-25,2026-04-29 14:39:43+08:00
c0c5bc1a8bda2f717fd56f31a00c4cccbf75a7c3d7a41e9faf10faeda5fb4a8f,2,1,N,N,2026-04-25,688455.SH,科捷智能,关于2025年度计提资产减值准备及2026年第一季度转回资产减值准备的公告,http://www.cninfo.com.cn/new/disclosure/detail?stockCode=688455&announcementId=1225190787&orgId=9900048050&announcementTime=2026-04-25,2026-04-29 14:39:43+08:00
c0c5bc1a8bda2f717fd56f31a00c4cccbf75a7c3d7a41e9faf10faeda5fb4a8f,2,2,Y,Y,2026-04-25,688455.SH,科捷智能,关于2025年度计提资产减值准备及2026年第一季度转回资产减值准备的公告,http://www.cninfo.com.cn/new/disclosure/detail?stockCode=688455&announcementId=1225190787&orgId=9900048050&announcementTime=2026-04-25,2026-04-29 14:39:43+08:00
4372ce61b0d11fee1101dfa04b142d281102798d80f88f5d70a4dc3eb46989da,2,1,N,N,2026-04-25,688455.SH,科捷智能,关于使用闲置自有资金进行现金管理的公告,http://www.cninfo.com.cn/new/disclosure/detail?stockCode=688455&announcementId=1225190779&orgId=9900048050&announcementTime=2026-04-25,2026-04-29 14:39:43+08:00
4372ce61b0d11fee1101dfa04b142d281102798d80f88f5d70a4dc3eb46989da,2,2,Y,Y,2026-04-25,688455.SH,科捷智能,关于使用闲置自有资金进行现金管理的公告,http://www.cninfo.com.cn/new/disclosure/detail?stockCode=688455&announcementId=1225190779&orgId=9900048050&announcementTime=2026-04-25,2026-04-29 14:39:43+08:00
ce04ef69fa6fc42551d9a03d39cfc937210f53f810b50188bb8eae18e2405951,2,1,N,N,2026-04-25,688518.SH,联赢激光,深圳市联赢激光股份有限公司2025年度内部控制审计报告,http://www.cninfo.com.cn/new/disclosure/detail?stockCode=688518&announcementId=1225189975&orgId=gfbj0833684&announcementTime=2026-04-25,2026-04-29 14:39:43+08:00
ce04ef69fa6fc42551d9a03d39cfc937210f53f810b50188bb8eae18e2405951,2,2,Y,Y,2026-04-25,688518.SH,联赢激光,深圳市联赢激光股份有限公司2025年度内部控制审计报告,http://www.cninfo.com.cn/new/disclosure/detail?stockCode=688518&announcementId=1225189975&orgId=gfbj0833684&announcementTime=2026-04-25,2026-04-29 14:39:43+08:00
b51aee7a4f7b9e83a2cc7b3dbfb5c9a0aa5b83f40de1fbe04cc8948048a0a212,2,1,N,N,2026-04-25,688757.SH,胜科纳米,关于本次向特定对象发行A股股票不存在直接或通过利益相关方向参与认购的投资者提供财务资助或补偿事宜的公告,http://www.cninfo.com.cn/new/disclosure/detail?stockCode=688757&announcementId=1225193927&orgId=9900058815&announcementTime=2026-04-25,2026-04-29 13:06:16+08:00
b51aee7a4f7b9e83a2cc7b3dbfb5c9a0aa5b83f40de1fbe04cc8948048a0a212,2,2,Y,Y,2026-04-25,688757.SH,胜科纳米,关于本次向特定对象发行A股股票不存在直接或通过利益相关方向参与认购的投资者提供财务资助或补偿事宜的公告,http://www.cninfo.com.cn/new/disclosure/detail?stockCode=688757&announcementId=1225193927&orgId=9900058815&announcementTime=2026-04-25,2026-04-29 13:06:16+08:00
42ba0270c8981c3c5fa3a014deb33e4dc52eeb1c2a5d94845eecff3c40604d4b,2,1,N,N,2026-04-27,002737.SZ,葵花药业,2025年度董事会工作报告,http://www.cninfo.com.cn/new/disclosure/detail?stockCode=002737&announcementId=1225191535&orgId=9900023185&announcementTime=2026-04-27,2026-04-29 13:16:25+08:00
42ba0270c8981c3c5fa3a014deb33e4dc52eeb1c2a5d94845eecff3c40604d4b,2,2,Y,Y,2026-04-27,002737.SZ,葵花药业,2025年度董事会工作报告,http://www.cninfo.com.cn/new/disclosure/detail?stockCode=002737&announcementId=1225191535&orgId=9900023185&announcementTime=2026-04-27,2026-04-29 13:16:25+08:00
fb843684dbe658ad2422a1edb95fbcd2819bda93d6a3c955239fd9f401bbc0cc,2,1,N,N,2026-04-27,002737.SZ,葵花药业,未来三年（2026-2028年度）股东分红回报规划,http://www.cninfo.com.cn/new/disclosure/detail?stockCode=002737&announcementId=1225191531&orgId=9900023185&announcementTime=2026-04-27,2026-04-29 13:16:25+08:00
fb843684dbe658ad2422a1edb95fbcd2819bda93d6a3c955239fd9f401bbc0cc,2,2,Y,Y,2026-04-27,002737.SZ,葵花药业,未来三年（2026-2028年度）股东分红回报规划,http://www.cninfo.com.cn/new/disclosure/detail?stockCode=002737&announcementId=1225191531&orgId=9900023185&announcementTime=2026-04-27,2026-04-29 13:16:25+08:00
1d432619a0dfef06c7743c59b83575573b93c9f009f70e0ee71b7ef4b520f16a,2,1,N,N,2026-04-27,300266.SZ,兴源环境,2025年年度审计报告,http://www.cninfo.com.cn/new/disclosure/detail?stockCode=300266&announcementId=1225194530&orgId=9900021245&announcementTime=2026-04-27,2026-04-29 12:51:47+08:00
1d432619a0dfef06c7743c59b83575573b93c9f009f70e0ee71b7ef4b520f16a,2,2,Y,Y,2026-04-27,300266.SZ,兴源环境,2025年年度审计报告,http://www.cninfo.com.cn/new/disclosure/detail?stockCode=300266&announcementId=1225194530&orgId=9900021245&announcementTime=2026-04-27,2026-04-29 12:51:47+08:00
1443d927100e7b6fb2884c54e3bace496a6197f6c9f2c48ecfce5083d495dd10,2,1,N,N,2026-04-27,300266.SZ,兴源环境,2025年年度报告摘要,http://www.cninfo.com.cn/new/disclosure/detail?stockCode=300266&announcementId=1225194527&orgId=9900021245&announcementTime=2026-04-27,2026-04-29 12:51:47+08:00
1443d927100e7b6fb2884c54e3bace496a6197f6c9f2c48ecfce5083d495dd10,2,2,Y,Y,2026-04-27,300266.SZ,兴源环境,2025年年度报告摘要,http://www.cninfo.com.cn/new/disclosure/detail?stockCode=300266&announcementId=1225194527&orgId=9900021245&announcementTime=2026-04-27,2026-04-29 12:51:47+08:00
877ad8523579b83f84c97ee74a1458bcae9de71d64d7aca19a8e8c3e3d513220,2,1,N,N,2026-04-27,300266.SZ,兴源环境,会计师事务所履职情况评估报告,http://www.cninfo.com.cn/new/disclosure/detail?stockCode=300266&announcementId=1225194535&orgId=9900021245&announcementTime=2026-04-27,2026-04-29 12:51:47+08:00
877ad8523579b83f84c97ee74a1458bcae9de71d64d7aca19a8e8c3e3d513220,2,2,Y,Y,2026-04-27,300266.SZ,兴源环境,会计师事务所履职情况评估报告,http://www.cninfo.com.cn/new/disclosure/detail?stockCode=300266&announcementId=1225194535&orgId=9900021245&announcementTime=2026-04-27,2026-04-29 12:51:47+08:00
925f56010a2480bc8b3bc28499fe45e7553178058aac0af32e23a5f7e6d90db0,2,1,N,N,2026-04-27,300453.SZ,三鑫医疗,非经营性资金占用及其他关联资金往来情况汇总表的专项审计报告,http://www.cninfo.com.cn/new/disclosure/detail?stockCode=300453&announcementId=1225191201&orgId=9900023828&announcementTime=2026-04-27,2026-04-29 13:16:25+08:00
925f56010a2480bc8b3bc28499fe45e7553178058aac0af32e23a5f7e6d90db0,2,2,Y,Y,2026-04-27,300453.SZ,三鑫医疗,非经营性资金占用及其他关联资金往来情况汇总表的专项审计报告,http://www.cninfo.com.cn/new/disclosure/detail?stockCode=300453&announcementId=1225191201&orgId=9900023828&announcementTime=2026-04-27,2026-04-29 13:16:25+08:00
5272605ccd0d63c738e280a90315b3b7c2ae0cbd8fc9ae13b28132340a31d2bd,2,1,N,N,2026-04-27,300663.SZ,科蓝软件,法律意见书,http://www.cninfo.com.cn/new/disclosure/detail?stockCode=300663&announcementId=1225194526&orgId=9900031461&announcementTime=2026-04-27,2026-04-29 12:51:47+08:00
5272605ccd0d63c738e280a90315b3b7c2ae0cbd8fc9ae13b28132340a31d2bd,2,2,Y,Y,2026-04-27,300663.SZ,科蓝软件,法律意见书,http://www.cninfo.com.cn/new/disclosure/detail?stockCode=300663&announcementId=1225194526&orgId=9900031461&announcementTime=2026-04-27,2026-04-29 12:51:47+08:00
d31741cfb186b7a8533288f12e8c7c66d7bbbd092817267c5b6697b5d78f5c40,2,1,N,N,2026-04-27,300663.SZ,科蓝软件,独立董事述职报告（宁宇）,http://www.cninfo.com.cn/new/disclosure/detail?stockCode=300663&announcementId=1225194523&orgId=9900031461&announcementTime=2026-04-27,2026-04-29 12:51:47+08:00
d31741cfb186b7a8533288f12e8c7c66d7bbbd092817267c5b6697b5d78f5c40,2,2,Y,Y,2026-04-27,300663.SZ,科蓝软件,独立董事述职报告（宁宇）,http://www.cninfo.com.cn/new/disclosure/detail?stockCode=300663&announcementId=1225194523&orgId=9900031461&announcementTime=2026-04-27,2026-04-29 12:51:47+08:00
40755db5f254017e4b432232d447ca607b94d7266dd8a5516f5efda58e07242e,2,1,N,N,2026-04-27,300663.SZ,科蓝软件,独立董事述职报告（张子西）,http://www.cninfo.com.cn/new/disclosure/detail?stockCode=300663&announcementId=1225194520&orgId=9900031461&announcementTime=2026-04-27,2026-04-29 12:51:47+08:00
40755db5f254017e4b432232d447ca607b94d7266dd8a5516f5efda58e07242e,2,2,Y,Y,2026-04-27,300663.SZ,科蓝软件,独立董事述职报告（张子西）,http://www.cninfo.com.cn/new/disclosure/detail?stockCode=300663&announcementId=1225194520&orgId=9900031461&announcementTime=2026-04-27,2026-04-29 12:51:47+08:00
73276b3c36e9601545a345ef26345432e1214b6ea0608e004604aed6780dcaab,2,1,N,N,2026-04-27,300663.SZ,科蓝软件,董事会关于带强调事项段无保留意见内控审计报告涉及事项的专项说明,http://www.cninfo.com.cn/new/disclosure/detail?stockCode=300663&announcementId=1225194494&orgId=9900031461&announcementTime=2026-04-27,2026-04-29 12:51:47+08:00
73276b3c36e9601545a345ef26345432e1214b6ea0608e004604aed6780dcaab,2,2,Y,Y,2026-04-27,300663.SZ,科蓝软件,董事会关于带强调事项段无保留意见内控审计报告涉及事项的专项说明,http://www.cninfo.com.cn/new/disclosure/detail?stockCode=300663&announcementId=1225194494&orgId=9900031461&announcementTime=2026-04-27,2026-04-29 12:51:47+08:00
2488ef3b77b6d3ab25ecc5e304837aea4309249f92f3d9a60b800dddd0053c94,2,1,N,N,2026-04-27,300840.SZ,酷特智能,2025年度非经营性资金占用及其他关联方资金往来情况汇总表,http://www.cninfo.com.cn/new/disclosure/detail?stockCode=300840&announcementId=1225176657&orgId=9900038311&announcementTime=2026-04-27,2026-04-29 14:28:50+08:00
2488ef3b77b6d3ab25ecc5e304837aea4309249f92f3d9a60b800dddd0053c94,2,2,Y,Y,2026-04-27,300840.SZ,酷特智能,2025年度非经营性资金占用及其他关联方资金往来情况汇总表,http://www.cninfo.com.cn/new/disclosure/detail?stockCode=300840&announcementId=1225176657&orgId=9900038311&announcementTime=2026-04-27,2026-04-29 14:28:50+08:00
b7095349ce185b8e31b9c782520086ccf316a76de74df618cab4fe7cfef862ce,2,1,N,N,2026-04-27,300840.SZ,酷特智能,关于青岛酷特智能股份有限公司非经营性资金占用及其他关联方资金往来情况的专项说明,http://www.cninfo.com.cn/new/disclosure/detail?stockCode=300840&announcementId=1225176658&orgId=9900038311&announcementTime=2026-04-27,2026-04-29 14:28:50+08:00
b7095349ce185b8e31b9c782520086ccf316a76de74df618cab4fe7cfef862ce,2,2,Y,Y,2026-04-27,300840.SZ,酷特智能,关于青岛酷特智能股份有限公司非经营性资金占用及其他关联方资金往来情况的专项说明,http://www.cninfo.com.cn/new/disclosure/detail?stockCode=300840&announcementId=1225176658&orgId=9900038311&announcementTime=2026-04-27,2026-04-29 14:28:50+08:00
b7ad9f98b2e9f478dbfb2f093d48f5ea95021325dbeb87c33e8967fe744845e3,2,1,N,N,2026-04-27,301059.SZ,金三江,关于2026年度公司及子（孙）公司向银行申请综合授信额度并为子（孙）公司提供担保的公告,http://www.cninfo.com.cn/new/disclosure/detail?stockCode=301059&announcementId=1225176745&orgId=nssc1000589&announcementTime=2026-04-27,2026-04-29 14:28:50+08:00
b7ad9f98b2e9f478dbfb2f093d48f5ea95021325dbeb87c33e8967fe744845e3,2,2,Y,Y,2026-04-27,301059.SZ,金三江,关于2026年度公司及子（孙）公司向银行申请综合授信额度并为子（孙）公司提供担保的公告,http://www.cninfo.com.cn/new/disclosure/detail?stockCode=301059&announcementId=1225176745&orgId=nssc1000589&announcementTime=2026-04-27,2026-04-29 14:28:50+08:00
0cad0bc72c17fd9cc3a56f233abe9774bad1d9fc50bee1de4f964f19ee385b48,2,1,N,N,2026-04-27,301059.SZ,金三江,董事、高级管理人员薪酬管理制度,http://www.cninfo.com.cn/new/disclosure/detail?stockCode=301059&announcementId=1225176753&orgId=nssc1000589&announcementTime=2026-04-27,2026-04-29 14:28:50+08:00
0cad0bc72c17fd9cc3a56f233abe9774bad1d9fc50bee1de4f964f19ee385b48,2,2,Y,Y,2026-04-27,301059.SZ,金三江,董事、高级管理人员薪酬管理制度,http://www.cninfo.com.cn/new/disclosure/detail?stockCode=301059&announcementId=1225176753&orgId=nssc1000589&announcementTime=2026-04-27,2026-04-29 14:28:50+08:00
ee50930f15547e647baaf08518d0ac12fe675c6ca12c6b36ba0662ffbae06e07,2,1,N,N,2026-04-27,301059.SZ,金三江,董事会审计委员会对公司2025年度内部控制自我评价报告出具的审核意见,http://www.cninfo.com.cn/new/disclosure/detail?stockCode=301059&announcementId=1225176754&orgId=nssc1000589&announcementTime=2026-04-27,2026-04-29 14:28:50+08:00
ee50930f15547e647baaf08518d0ac12fe675c6ca12c6b36ba0662ffbae06e07,2,2,Y,Y,2026-04-27,301059.SZ,金三江,董事会审计委员会对公司2025年度内部控制自我评价报告出具的审核意见,http://www.cninfo.com.cn/new/disclosure/detail?stockCode=301059&announcementId=1225176754&orgId=nssc1000589&announcementTime=2026-04-27,2026-04-29 14:28:50+08:00
e34a2e1e887582c34427916dfda2c618182a6500fe7931ba0ad4393a64992f90,2,1,N,N,2026-04-27,301068.SZ,大地海洋,关于2025年度计提信用减值损失和资产减值损失的公告,http://www.cninfo.com.cn/new/disclosure/detail?stockCode=301068&announcementId=1225177089&orgId=9900039846&announcementTime=2026-04-27,2026-04-29 14:28:50+08:00
e34a2e1e887582c34427916dfda2c618182a6500fe7931ba0ad4393a64992f90,2,2,Y,Y,2026-04-27,301068.SZ,大地海洋,关于2025年度计提信用减值损失和资产减值损失的公告,http://www.cninfo.com.cn/new/disclosure/detail?stockCode=301068&announcementId=1225177089&orgId=9900039846&announcementTime=2026-04-27,2026-04-29 14:28:50+08:00
105ff620f1eba03a464a317cad9c7f990567c2c50e5c056441bce2a8ca518223,2,1,N,N,2026-04-27,301197.SZ,工大科雅,董事会审计委员会对会计师事务所2025年度履职情况评估及履行监督职责情况的报告,http://www.cninfo.com.cn/new/disclosure/detail?stockCode=301197&announcementId=1225193205&orgId=gfbj0836391&announcementTime=2026-04-27,2026-04-29 12:51:47+08:00
105ff620f1eba03a464a317cad9c7f990567c2c50e5c056441bce2a8ca518223,2,2,Y,Y,2026-04-27,301197.SZ,工大科雅,董事会审计委员会对会计师事务所2025年度履职情况评估及履行监督职责情况的报告,http://www.cninfo.com.cn/new/disclosure/detail?stockCode=301197&announcementId=1225193205&orgId=gfbj0836391&announcementTime=2026-04-27,2026-04-29 12:51:47+08:00
a7d38e8d9746e1b2eabe70a7328ee8334c27f13666fc597731bb474c149c040f,2,1,N,N,2026-04-27,301379.SZ,天山电子,2025年年度财务报告,http://www.cninfo.com.cn/new/disclosure/detail?stockCode=301379&announcementId=1225191164&orgId=9900041502&announcementTime=2026-04-27,2026-04-29 13:16:25+08:00
a7d38e8d9746e1b2eabe70a7328ee8334c27f13666fc597731bb474c149c040f,2,2,Y,Y,2026-04-27,301379.SZ,天山电子,2025年年度财务报告,http://www.cninfo.com.cn/new/disclosure/detail?stockCode=301379&announcementId=1225191164&orgId=9900041502&announcementTime=2026-04-27,2026-04-29 13:16:25+08:00
e8e2ca8428144197594f0628e6626a46b3c5128cfd28eb006e2adc9ab5907b3f,2,1,N,N,2026-04-27,301613.SZ,新铝时代,2026年一季度报告,http://www.cninfo.com.cn/new/disclosure/detail?stockCode=301613&announcementId=1225176461&orgId=nssc1000838&announcementTime=2026-04-27,2026-04-29 14:28:50+08:00
e8e2ca8428144197594f0628e6626a46b3c5128cfd28eb006e2adc9ab5907b3f,2,2,Y,Y,2026-04-27,301613.SZ,新铝时代,2026年一季度报告,http://www.cninfo.com.cn/new/disclosure/detail?stockCode=301613&announcementId=1225176461&orgId=nssc1000838&announcementTime=2026-04-27,2026-04-29 14:28:50+08:00
cfb6630d29a9467880df33ae1a53205de33ec14cadb8c437da5f79ea987cb8c9,2,1,N,N,2026-04-28,000004.SZ,*ST国华,2025年年度报告,http://www.cninfo.com.cn/new/disclosure/detail?stockCode=000004&announcementId=1225208850&orgId=gssz0000004&announcementTime=2026-04-28,2026-04-29 13:39:09+08:00
cfb6630d29a9467880df33ae1a53205de33ec14cadb8c437da5f79ea987cb8c9,2,2,Y,Y,2026-04-28,000004.SZ,*ST国华,2025年年度报告,http://www.cninfo.com.cn/new/disclosure/detail?stockCode=000004&announcementId=1225208850&orgId=gssz0000004&announcementTime=2026-04-28,2026-04-29 13:39:09+08:00
8443f8fa1b39b1bfb1fab0dee7a92d6e6e278320c899af5abfd515cefdbfa94c,2,1,N,N,2026-04-28,000004.SZ,*ST国华,2025年度内部控制评价报告,http://www.cninfo.com.cn/new/disclosure/detail?stockCode=000004&announcementId=1225208868&orgId=gssz0000004&announcementTime=2026-04-28,2026-04-29 13:39:09+08:00
8443f8fa1b39b1bfb1fab0dee7a92d6e6e278320c899af5abfd515cefdbfa94c,2,2,Y,Y,2026-04-28,000004.SZ,*ST国华,2025年度内部控制评价报告,http://www.cninfo.com.cn/new/disclosure/detail?stockCode=000004&announcementId=1225208868&orgId=gssz0000004&announcementTime=2026-04-28,2026-04-29 13:39:09+08:00
116c0463a5894edf92340939d5e1eb20e80d6d92387e05e49bcc43e47926e89b,2,1,N,N,2026-04-28,000004.SZ,*ST国华,2025年度董事会工作报告,http://www.cninfo.com.cn/new/disclosure/detail?stockCode=000004&announcementId=1225208874&orgId=gssz0000004&announcementTime=2026-04-28,2026-04-29 13:39:09+08:00
116c0463a5894edf92340939d5e1eb20e80d6d92387e05e49bcc43e47926e89b,2,2,Y,Y,2026-04-28,000004.SZ,*ST国华,2025年度董事会工作报告,http://www.cninfo.com.cn/new/disclosure/detail?stockCode=000004&announcementId=1225208874&orgId=gssz0000004&announcementTime=2026-04-28,2026-04-29 13:39:09+08:00
e4821d09dc3234547f1e9d374d55f98d911976b81ed7f029570697a0244f0d9f,2,1,N,N,2026-04-28,000004.SZ,*ST国华,关于公司股票存在可能因市值终止上市的第七次风险提示公告,http://www.cninfo.com.cn/new/disclosure/detail?stockCode=000004&announcementId=1225208847&orgId=gssz0000004&announcementTime=2026-04-28,2026-04-29 13:39:09+08:00
e4821d09dc3234547f1e9d374d55f98d911976b81ed7f029570697a0244f0d9f,2,2,Y,Y,2026-04-28,000004.SZ,*ST国华,关于公司股票存在可能因市值终止上市的第七次风险提示公告,http://www.cninfo.com.cn/new/disclosure/detail?stockCode=000004&announcementId=1225208847&orgId=gssz0000004&announcementTime=2026-04-28,2026-04-29 13:39:09+08:00
3c4465246ee242ce5b6c474f8b3d268101773994f16dbbd722017121ee0bcfa5,2,1,N,N,2026-04-28,000004.SZ,*ST国华,关于独立董事2025年度保持独立性情况的专项意见,http://www.cninfo.com.cn/new/disclosure/detail?stockCode=000004&announcementId=1225208853&orgId=gssz0000004&announcementTime=2026-04-28,2026-04-29 13:39:09+08:00
3c4465246ee242ce5b6c474f8b3d268101773994f16dbbd722017121ee0bcfa5,2,2,Y,Y,2026-04-28,000004.SZ,*ST国华,关于独立董事2025年度保持独立性情况的专项意见,http://www.cninfo.com.cn/new/disclosure/detail?stockCode=000004&announcementId=1225208853&orgId=gssz0000004&announcementTime=2026-04-28,2026-04-29 13:39:09+08:00
921512ef1fe708252fb217393971a31997cafdc3685ead1d64bb5a7251699d46,2,1,N,N,2026-04-28,000582.SZ,北部湾港,第十届董事会第二十六次会议决议公告,http://www.cninfo.com.cn/new/disclosure/detail?stockCode=000582&announcementId=1225209251&orgId=gssz0000582&announcementTime=2026-04-28,2026-04-29 13:07:34+08:00
921512ef1fe708252fb217393971a31997cafdc3685ead1d64bb5a7251699d46,2,2,Y,Y,2026-04-28,000582.SZ,北部湾港,第十届董事会第二十六次会议决议公告,http://www.cninfo.com.cn/new/disclosure/detail?stockCode=000582&announcementId=1225209251&orgId=gssz0000582&announcementTime=2026-04-28,2026-04-29 13:07:34+08:00
0c9dbc4f970d9c41c63b26193de9ae1eff9b2f9f7e7e757abd16e6549b397faa,2,1,N,N,2026-04-28,000819.SZ,岳阳兴长,2026年一季度报告,http://www.cninfo.com.cn/new/disclosure/detail?stockCode=000819&announcementId=1225198284&orgId=gssz0000819&announcementTime=2026-04-28,2026-04-29 14:15:10+08:00
0c9dbc4f970d9c41c63b26193de9ae1eff9b2f9f7e7e757abd16e6549b397faa,2,2,Y,Y,2026-04-28,000819.SZ,岳阳兴长,2026年一季度报告,http://www.cninfo.com.cn/new/disclosure/detail?stockCode=000819&announcementId=1225198284&orgId=gssz0000819&announcementTime=2026-04-28,2026-04-29 14:15:10+08:00
12f596c2c1c27ee7a6ab060b7d4a5f3303ca7a1c8709aca92d4d59786337a14c,2,1,N,N,2026-04-28,000917.SZ,电广传媒,独立董事述职报告（伍中信）,http://www.cninfo.com.cn/new/disclosure/detail?stockCode=000917&announcementId=1225218216&orgId=gssz0000917&announcementTime=2026-04-28,2026-04-29 13:39:09+08:00
12f596c2c1c27ee7a6ab060b7d4a5f3303ca7a1c8709aca92d4d59786337a14c,2,2,Y,Y,2026-04-28,000917.SZ,电广传媒,独立董事述职报告（伍中信）,http://www.cninfo.com.cn/new/disclosure/detail?stockCode=000917&announcementId=1225218216&orgId=gssz0000917&announcementTime=2026-04-28,2026-04-29 13:39:09+08:00
ca27f4a5eb9336e9c03ad82b2568640ea4e7f7e779d2300e1d7e86a800f94466,2,1,N,N,2026-04-28,001208.SZ,华菱线缆,2026年一季度报告,http://www.cninfo.com.cn/new/disclosure/detail?stockCode=001208&announcementId=1225198561&orgId=9900023198&announcementTime=2026-04-28,2026-04-29 14:15:10+08:00
ca27f4a5eb9336e9c03ad82b2568640ea4e7f7e779d2300e1d7e86a800f94466,2,2,Y,Y,2026-04-28,001208.SZ,华菱线缆,2026年一季度报告,http://www.cninfo.com.cn/new/disclosure/detail?stockCode=001208&announcementId=1225198561&orgId=9900023198&announcementTime=2026-04-28,2026-04-29 14:15:10+08:00
4625c35853de988284a2d565eb132c064757e9441b09de8d2bb043d42efeb799,2,1,N,N,2026-04-28,001227.SZ,兰州银行,2025年年度审计报告,http://www.cninfo.com.cn/new/disclosure/detail?stockCode=001227&announcementId=1225219122&orgId=9900021964&announcementTime=2026-04-28,2026-04-29 13:07:34+08:00
4625c35853de988284a2d565eb132c064757e9441b09de8d2bb043d42efeb799,2,2,Y,Y,2026-04-28,001227.SZ,兰州银行,2025年年度审计报告,http://www.cninfo.com.cn/new/disclosure/detail?stockCode=001227&announcementId=1225219122&orgId=9900021964&announcementTime=2026-04-28,2026-04-29 13:07:34+08:00
7e41474af8c82e92378b35af0c0fa2b0f210ee9c7da265729f96e72883f52ba6,2,1,N,N,2026-04-28,002023.SZ,海特高新,董事会审计委员会对会计师事务所履行监督职责情况的报告,http://www.cninfo.com.cn/new/disclosure/detail?stockCode=002023&announcementId=1225216309&orgId=gssz0002023&announcementTime=2026-04-28,2026-04-27 22:05:10+08:00
7e41474af8c82e92378b35af0c0fa2b0f210ee9c7da265729f96e72883f52ba6,2,2,Y,Y,2026-04-28,002023.SZ,海特高新,董事会审计委员会对会计师事务所履行监督职责情况的报告,http://www.cninfo.com.cn/new/disclosure/detail?stockCode=002023&announcementId=1225216309&orgId=gssz0002023&announcementTime=2026-04-28,2026-04-27 22:05:10+08:00
145cdf681e4a4b3c904a34a04b2f5428bc761adb35e566ca0cf038cb14dbc745,2,1,N,N,2026-04-28,002035.SZ,华帝股份,2025年度非经营性资金占用及其他关联资金往来情况专项说明,http://www.cninfo.com.cn/new/disclosure/detail?stockCode=002035&announcementId=1225216792&orgId=gssz0002035&announcementTime=2026-04-28,2026-05-13 11:52:15+08:00
145cdf681e4a4b3c904a34a04b2f5428bc761adb35e566ca0cf038cb14dbc745,2,2,Y,Y,2026-04-28,002035.SZ,华帝股份,2025年度非经营性资金占用及其他关联资金往来情况专项说明,http://www.cninfo.com.cn/new/disclosure/detail?stockCode=002035&announcementId=1225216792&orgId=gssz0002035&announcementTime=2026-04-28,2026-05-13 11:52:15+08:00
1400196587598b306ba19f5570e1140a348b9b73b0d2da7eccfe1a2baf34b489,2,1,N,N,2026-04-28,002035.SZ,华帝股份,关于控股子公司开展外汇衍生品交易的公告,http://www.cninfo.com.cn/new/disclosure/detail?stockCode=002035&announcementId=1225216800&orgId=gssz0002035&announcementTime=2026-04-28,2026-05-13 11:52:15+08:00
1400196587598b306ba19f5570e1140a348b9b73b0d2da7eccfe1a2baf34b489,2,2,Y,Y,2026-04-28,002035.SZ,华帝股份,关于控股子公司开展外汇衍生品交易的公告,http://www.cninfo.com.cn/new/disclosure/detail?stockCode=002035&announcementId=1225216800&orgId=gssz0002035&announcementTime=2026-04-28,2026-05-13 11:52:15+08:00
d85db8c7c963a31e82adad7006846b356ef69e3314282ec455c781c35d7b4ad3,2,1,N,N,2026-04-28,002253.SZ,*ST智胜,2025年年度报告,http://www.cninfo.com.cn/new/disclosure/detail?stockCode=002253&announcementId=1225218673&orgId=9900004911&announcementTime=2026-04-28,2026-04-29 13:39:09+08:00
d85db8c7c963a31e82adad7006846b356ef69e3314282ec455c781c35d7b4ad3,2,2,Y,Y,2026-04-28,002253.SZ,*ST智胜,2025年年度报告,http://www.cninfo.com.cn/new/disclosure/detail?stockCode=002253&announcementId=1225218673&orgId=9900004911&announcementTime=2026-04-28,2026-04-29 13:39:09+08:00
ed7ac2ba2eb40d4b1c12403e1174a817e515b1d707802e7bf55aa186a0689569,2,1,N,N,2026-04-28,002261.SZ,拓维信息,2025年度募集资金存放与实际使用情况的专项报告,http://www.cninfo.com.cn/new/disclosure/detail?stockCode=002261&announcementId=1225218121&orgId=9900005034&announcementTime=2026-04-28,2026-04-29 13:39:09+08:00
ed7ac2ba2eb40d4b1c12403e1174a817e515b1d707802e7bf55aa186a0689569,2,2,Y,Y,2026-04-28,002261.SZ,拓维信息,2025年度募集资金存放与实际使用情况的专项报告,http://www.cninfo.com.cn/new/disclosure/detail?stockCode=002261&announcementId=1225218121&orgId=9900005034&announcementTime=2026-04-28,2026-04-29 13:39:09+08:00
46a8daad0d6bd8dd92edf1d44028eddcaa8baca90c72af12d8cdde4187b2925b,2,1,N,N,2026-04-28,002261.SZ,拓维信息,关于召开2025年度股东会的通知,http://www.cninfo.com.cn/new/disclosure/detail?stockCode=002261&announcementId=1225218120&orgId=9900005034&announcementTime=2026-04-28,2026-04-29 13:39:09+08:00
46a8daad0d6bd8dd92edf1d44028eddcaa8baca90c72af12d8cdde4187b2925b,2,2,Y,Y,2026-04-28,002261.SZ,拓维信息,关于召开2025年度股东会的通知,http://www.cninfo.com.cn/new/disclosure/detail?stockCode=002261&announcementId=1225218120&orgId=9900005034&announcementTime=2026-04-28,2026-04-29 13:39:09+08:00
52e6487d9ab72f999c70384948f22c1f570c4420abebafff88c58c12dd08680d,2,1,N,N,2026-04-28,002261.SZ,拓维信息,关于注销部分股票期权的公告,http://www.cninfo.com.cn/new/disclosure/detail?stockCode=002261&announcementId=1225218124&orgId=9900005034&announcementTime=2026-04-28,2026-04-29 13:39:09+08:00
52e6487d9ab72f999c70384948f22c1f570c4420abebafff88c58c12dd08680d,2,2,Y,Y,2026-04-28,002261.SZ,拓维信息,关于注销部分股票期权的公告,http://www.cninfo.com.cn/new/disclosure/detail?stockCode=002261&announcementId=1225218124&orgId=9900005034&announcementTime=2026-04-28,2026-04-29 13:39:09+08:00
3fcb90d1592f49bb18b52384a16b4a877a8b7d9a580afb0954a6c4b53609c61c,2,1,N,N,2026-04-28,002698.SZ,博实股份,2025年度募集资金存放、管理与使用情况的专项报告,http://www.cninfo.com.cn/new/disclosure/detail?stockCode=002698&announcementId=1225198662&orgId=9900023192&announcementTime=2026-04-28,2026-04-29 14:15:10+08:00
3fcb90d1592f49bb18b52384a16b4a877a8b7d9a580afb0954a6c4b53609c61c,2,2,Y,Y,2026-04-28,002698.SZ,博实股份,2025年度募集资金存放、管理与使用情况的专项报告,http://www.cninfo.com.cn/new/disclosure/detail?stockCode=002698&announcementId=1225198662&orgId=9900023192&announcementTime=2026-04-28,2026-04-29 14:15:10+08:00
f1da1f96ebf07f34f0163767597c00b46211f537a5e7b748945239ba77d9a817,2,1,N,N,2026-04-28,002698.SZ,博实股份,董事会审计委员会对会计师事务所2025年度履职情况评估及履行监督职责情况的报告,http://www.cninfo.com.cn/new/disclosure/detail?stockCode=002698&announcementId=1225198659&orgId=9900023192&announcementTime=2026-04-28,2026-04-29 14:15:10+08:00
f1da1f96ebf07f34f0163767597c00b46211f537a5e7b748945239ba77d9a817,2,2,Y,Y,2026-04-28,002698.SZ,博实股份,董事会审计委员会对会计师事务所2025年度履职情况评估及履行监督职责情况的报告,http://www.cninfo.com.cn/new/disclosure/detail?stockCode=002698&announcementId=1225198659&orgId=9900023192&announcementTime=2026-04-28,2026-04-29 14:15:10+08:00
caf1ac507a66c4b3deb2e98a5805ff32a6f8f6f425b0ab15de523be00bd6a012,2,1,N,N,2026-04-28,002849.SZ,威星智能,2026年一季度报告,http://www.cninfo.com.cn/new/disclosure/detail?stockCode=002849&announcementId=1225202028&orgId=9900033359&announcementTime=2026-04-28,2026-05-13 12:53:40+08:00
caf1ac507a66c4b3deb2e98a5805ff32a6f8f6f425b0ab15de523be00bd6a012,2,2,Y,Y,2026-04-28,002849.SZ,威星智能,2026年一季度报告,http://www.cninfo.com.cn/new/disclosure/detail?stockCode=002849&announcementId=1225202028&orgId=9900033359&announcementTime=2026-04-28,2026-05-13 12:53:40+08:00
8fbde8582a3366eff4a6a0bef396c859ed45ab9b3a8d5b4f41536c87dd7b0d6d,2,1,N,N,2026-04-28,002849.SZ,威星智能,关于2026年度使用闲置自有资金进行委托理财的公告,http://www.cninfo.com.cn/new/disclosure/detail?stockCode=002849&announcementId=1225199488&orgId=9900033359&announcementTime=2026-04-28,2026-05-13 12:53:40+08:00
8fbde8582a3366eff4a6a0bef396c859ed45ab9b3a8d5b4f41536c87dd7b0d6d,2,2,Y,Y,2026-04-28,002849.SZ,威星智能,关于2026年度使用闲置自有资金进行委托理财的公告,http://www.cninfo.com.cn/new/disclosure/detail?stockCode=002849&announcementId=1225199488&orgId=9900033359&announcementTime=2026-04-28,2026-05-13 12:53:40+08:00
7cebfc80ad31ccc6b69b1e436114f0fde097d3af04c6ab8edc28be89c42a11c7,2,1,N,N,2026-04-28,002849.SZ,威星智能,第六届董事会第六次会议决议公告,http://www.cninfo.com.cn/new/disclosure/detail?stockCode=002849&announcementId=1225202031&orgId=9900033359&announcementTime=2026-04-28,2026-05-13 12:53:40+08:00
7cebfc80ad31ccc6b69b1e436114f0fde097d3af04c6ab8edc28be89c42a11c7,2,2,Y,Y,2026-04-28,002849.SZ,威星智能,第六届董事会第六次会议决议公告,http://www.cninfo.com.cn/new/disclosure/detail?stockCode=002849&announcementId=1225202031&orgId=9900033359&announcementTime=2026-04-28,2026-05-13 12:53:40+08:00
c9b3fe0c718f75b63f72463e321b9ee7154c935832ab1a08cf55075b7851d5f1,2,1,N,N,2026-04-28,002849.SZ,威星智能,股东会议事规则（2026年4月修订）,http://www.cninfo.com.cn/new/disclosure/detail?stockCode=002849&announcementId=1225202063&orgId=9900033359&announcementTime=2026-04-28,2026-05-13 12:53:40+08:00
c9b3fe0c718f75b63f72463e321b9ee7154c935832ab1a08cf55075b7851d5f1,2,2,Y,Y,2026-04-28,002849.SZ,威星智能,股东会议事规则（2026年4月修订）,http://www.cninfo.com.cn/new/disclosure/detail?stockCode=002849&announcementId=1225202063&orgId=9900033359&announcementTime=2026-04-28,2026-05-13 12:53:40+08:00
54e508e66e5aa9670dd5ca63a8f246b30b2ee880ab2b3e5ed5b679ed15f99807,2,1,N,N,2026-04-28,002849.SZ,威星智能,董事会审计委员会关于对会计师事务所2025年度履职情况评估报告暨履行监督职责情况的报告,http://www.cninfo.com.cn/new/disclosure/detail?stockCode=002849&announcementId=1225202026&orgId=9900033359&announcementTime=2026-04-28,2026-05-13 12:53:40+08:00
54e508e66e5aa9670dd5ca63a8f246b30b2ee880ab2b3e5ed5b679ed15f99807,2,2,Y,Y,2026-04-28,002849.SZ,威星智能,董事会审计委员会关于对会计师事务所2025年度履职情况评估报告暨履行监督职责情况的报告,http://www.cninfo.com.cn/new/disclosure/detail?stockCode=002849&announcementId=1225202026&orgId=9900033359&announcementTime=2026-04-28,2026-05-13 12:53:40+08:00
41fdb5965abe17975c11d711dffa9c90d0136010c7036bd0a219ded7c28ad8d0,2,1,N,N,2026-04-28,002864.SZ,盘龙药业,2026年一季度报告,http://www.cninfo.com.cn/new/disclosure/detail?stockCode=002864&announcementId=1225200001&orgId=9900034531&announcementTime=2026-04-28,2026-04-29 12:43:30+08:00
41fdb5965abe17975c11d711dffa9c90d0136010c7036bd0a219ded7c28ad8d0,2,2,Y,Y,2026-04-28,002864.SZ,盘龙药业,2026年一季度报告,http://www.cninfo.com.cn/new/disclosure/detail?stockCode=002864&announcementId=1225200001&orgId=9900034531&announcementTime=2026-04-28,2026-04-29 12:43:30+08:00
c9818c90b09e0d6cfe31d33168d7869471b4604d09b29fbdd55bf0252ce4865f,2,1,N,N,2026-04-28,002864.SZ,盘龙药业,关于2025年度利润分配及资本公积金转增股本预案的公告,http://www.cninfo.com.cn/new/disclosure/detail?stockCode=002864&announcementId=1225200003&orgId=9900034531&announcementTime=2026-04-28,2026-04-29 12:43:30+08:00
c9818c90b09e0d6cfe31d33168d7869471b4604d09b29fbdd55bf0252ce4865f,2,2,Y,Y,2026-04-28,002864.SZ,盘龙药业,关于2025年度利润分配及资本公积金转增股本预案的公告,http://www.cninfo.com.cn/new/disclosure/detail?stockCode=002864&announcementId=1225200003&orgId=9900034531&announcementTime=2026-04-28,2026-04-29 12:43:30+08:00
c8e235a77accbe039dfd68a99030c901c49fa778fc484e1d360d6e5e54da2e02,2,1,N,N,2026-04-28,002864.SZ,盘龙药业,第五届董事会第五次会议决议公告,http://www.cninfo.com.cn/new/disclosure/detail?stockCode=002864&announcementId=1225200004&orgId=9900034531&announcementTime=2026-04-28,2026-04-29 12:43:30+08:00
c8e235a77accbe039dfd68a99030c901c49fa778fc484e1d360d6e5e54da2e02,2,2,Y,Y,2026-04-28,002864.SZ,盘龙药业,第五届董事会第五次会议决议公告,http://www.cninfo.com.cn/new/disclosure/detail?stockCode=002864&announcementId=1225200004&orgId=9900034531&announcementTime=2026-04-28,2026-04-29 12:43:30+08:00
b8a5b77f5e7dc6d881e28cb4171c2e5c3a1a43f54ea0712b2f3dc8d580905d3f,2,1,N,N,2026-04-28,300538.SZ,同益股份,董事、高级管理人员薪酬管理制度,http://www.cninfo.com.cn/new/disclosure/detail?stockCode=300538&announcementId=1225216147&orgId=9900029011&announcementTime=2026-04-28,2026-04-27 22:05:10+08:00
b8a5b77f5e7dc6d881e28cb4171c2e5c3a1a43f54ea0712b2f3dc8d580905d3f,2,2,Y,Y,2026-04-28,300538.SZ,同益股份,董事、高级管理人员薪酬管理制度,http://www.cninfo.com.cn/new/disclosure/detail?stockCode=300538&announcementId=1225216147&orgId=9900029011&announcementTime=2026-04-28,2026-04-27 22:05:10+08:00
8dd0063a538dfda79eb9b093cac1f933e5030addb4c246676a283a8d346914bb,2,1,N,N,2026-04-28,300577.SZ,开润股份,2025年年度审计报告,http://www.cninfo.com.cn/new/disclosure/detail?stockCode=300577&announcementId=1225204902&orgId=9900030575&announcementTime=2026-04-28,2026-05-13 12:18:22+08:00
8dd0063a538dfda79eb9b093cac1f933e5030addb4c246676a283a8d346914bb,2,2,Y,Y,2026-04-28,300577.SZ,开润股份,2025年年度审计报告,http://www.cninfo.com.cn/new/disclosure/detail?stockCode=300577&announcementId=1225204902&orgId=9900030575&announcementTime=2026-04-28,2026-05-13 12:18:22+08:00
af6e1469a4568a51d3820da45adcedd078e29779aa06d9899c03b042af175b89,2,1,N,N,2026-04-28,300577.SZ,开润股份,2025年度内部控制审计报告,http://www.cninfo.com.cn/new/disclosure/detail?stockCode=300577&announcementId=1225204919&orgId=9900030575&announcementTime=2026-04-28,2026-05-13 12:18:22+08:00
af6e1469a4568a51d3820da45adcedd078e29779aa06d9899c03b042af175b89,2,2,Y,Y,2026-04-28,300577.SZ,开润股份,2025年度内部控制审计报告,http://www.cninfo.com.cn/new/disclosure/detail?stockCode=300577&announcementId=1225204919&orgId=9900030575&announcementTime=2026-04-28,2026-05-13 12:18:22+08:00
730edd597dc437ccb85be96160abd36ff1f009a4df0b37b23ee9384764edb1ca,2,1,N,N,2026-04-28,300577.SZ,开润股份,2025年度财务决算报告,http://www.cninfo.com.cn/new/disclosure/detail?stockCode=300577&announcementId=1225204926&orgId=9900030575&announcementTime=2026-04-28,2026-05-13 12:18:22+08:00
730edd597dc437ccb85be96160abd36ff1f009a4df0b37b23ee9384764edb1ca,2,2,Y,Y,2026-04-28,300577.SZ,开润股份,2025年度财务决算报告,http://www.cninfo.com.cn/new/disclosure/detail?stockCode=300577&announcementId=1225204926&orgId=9900030575&announcementTime=2026-04-28,2026-05-13 12:18:22+08:00
4436fd36bc654b9bd517d22a0461f18a22ff058e6a78e77f9a8e59e60dd731f5,2,1,N,N,2026-04-28,300577.SZ,开润股份,2026年一季度报告,http://www.cninfo.com.cn/new/disclosure/detail?stockCode=300577&announcementId=1225204911&orgId=9900030575&announcementTime=2026-04-28,2026-05-13 12:18:22+08:00
4436fd36bc654b9bd517d22a0461f18a22ff058e6a78e77f9a8e59e60dd731f5,2,2,Y,Y,2026-04-28,300577.SZ,开润股份,2026年一季度报告,http://www.cninfo.com.cn/new/disclosure/detail?stockCode=300577&announcementId=1225204911&orgId=9900030575&announcementTime=2026-04-28,2026-05-13 12:18:22+08:00
10bcc0bf60783b230c14a8beb7c2a4bdd99931cda2065e223464d95d4d98561d,2,1,N,N,2026-04-28,300577.SZ,开润股份,董事会关于独立董事独立性情况的专项意见,http://www.cninfo.com.cn/new/disclosure/detail?stockCode=300577&announcementId=1225204903&orgId=9900030575&announcementTime=2026-04-28,2026-05-13 12:18:22+08:00
10bcc0bf60783b230c14a8beb7c2a4bdd99931cda2065e223464d95d4d98561d,2,2,Y,Y,2026-04-28,300577.SZ,开润股份,董事会关于独立董事独立性情况的专项意见,http://www.cninfo.com.cn/new/disclosure/detail?stockCode=300577&announcementId=1225204903&orgId=9900030575&announcementTime=2026-04-28,2026-05-13 12:18:22+08:00
e4656a37f8f687a7e6a02c12bf47bf11b1507d65d39a9ea85798e2e21906f84e,2,1,N,N,2026-04-28,300577.SZ,开润股份,非经营性资金占用及其他关联资金往来情况专项说明,http://www.cninfo.com.cn/new/disclosure/detail?stockCode=300577&announcementId=1225204905&orgId=9900030575&announcementTime=2026-04-28,2026-05-13 12:18:22+08:00
e4656a37f8f687a7e6a02c12bf47bf11b1507d65d39a9ea85798e2e21906f84e,2,2,Y,Y,2026-04-28,300577.SZ,开润股份,非经营性资金占用及其他关联资金往来情况专项说明,http://www.cninfo.com.cn/new/disclosure/detail?stockCode=300577&announcementId=1225204905&orgId=9900030575&announcementTime=2026-04-28,2026-05-13 12:18:22+08:00
09ae89da96d36846ce69a62953652636fb5b7fced2331d94686de20c88760655,2,1,N,N,2026-04-28,600084.SH,中信尼雅,中信尼雅关于实施退市风险警示暨停牌的公告,http://www.cninfo.com.cn/new/disclosure/detail?stockCode=600084&announcementId=1225212709&orgId=gssh0600084&announcementTime=2026-04-28,2026-04-29 15:33:15+08:00
09ae89da96d36846ce69a62953652636fb5b7fced2331d94686de20c88760655,2,2,Y,Y,2026-04-28,600084.SH,中信尼雅,中信尼雅关于实施退市风险警示暨停牌的公告,http://www.cninfo.com.cn/new/disclosure/detail?stockCode=600084&announcementId=1225212709&orgId=gssh0600084&announcementTime=2026-04-28,2026-04-29 15:33:15+08:00
aa6e0db0c623d7f4555a961c533ba2a4c314945a5299a34bcca22f6db6ae527f,2,1,N,N,2026-04-28,600084.SH,中信尼雅,中信尼雅葡萄酒股份有限公司2025年年度报告,http://www.cninfo.com.cn/new/disclosure/detail?stockCode=600084&announcementId=1225212720&orgId=gssh0600084&announcementTime=2026-04-28,2026-04-29 15:33:15+08:00
aa6e0db0c623d7f4555a961c533ba2a4c314945a5299a34bcca22f6db6ae527f,2,2,Y,Y,2026-04-28,600084.SH,中信尼雅,中信尼雅葡萄酒股份有限公司2025年年度报告,http://www.cninfo.com.cn/new/disclosure/detail?stockCode=600084&announcementId=1225212720&orgId=gssh0600084&announcementTime=2026-04-28,2026-04-29 15:33:15+08:00
776e69fe55a11a20132df0fb5106bf21a9cc00a8e3778b3c07a04fd264f4d86d,2,1,N,N,2026-04-28,600278.SH,东方创业,东方创业2025年度ESG报告,http://www.cninfo.com.cn/new/disclosure/detail?stockCode=600278&announcementId=1225200444&orgId=gssh0600278&announcementTime=2026-04-28,2026-04-29 12:43:30+08:00
776e69fe55a11a20132df0fb5106bf21a9cc00a8e3778b3c07a04fd264f4d86d,2,2,Y,Y,2026-04-28,600278.SH,东方创业,东方创业2025年度ESG报告,http://www.cninfo.com.cn/new/disclosure/detail?stockCode=600278&announcementId=1225200444&orgId=gssh0600278&announcementTime=2026-04-28,2026-04-29 12:43:30+08:00
9608d69ac3b7dca7aabaa3dc49b84d3f0ca8101bb0cecac8819f67a35cf4cdef,2,1,N,N,2026-04-28,600537.SH,亿晶光电,亿晶光电科技股份有限公司2025年度审计报告,http://www.cninfo.com.cn/new/disclosure/detail?stockCode=600537&announcementId=1225208669&orgId=gssh0600537&announcementTime=2026-04-28,2026-04-29 15:33:15+08:00
9608d69ac3b7dca7aabaa3dc49b84d3f0ca8101bb0cecac8819f67a35cf4cdef,2,2,Y,Y,2026-04-28,600537.SH,亿晶光电,亿晶光电科技股份有限公司2025年度审计报告,http://www.cninfo.com.cn/new/disclosure/detail?stockCode=600537&announcementId=1225208669&orgId=gssh0600537&announcementTime=2026-04-28,2026-04-29 15:33:15+08:00
a554558c24dda22db462ee41a1b19a4370f3b989aff38e43fbfa10c770c31547,2,1,N,N,2026-04-28,600537.SH,亿晶光电,亿晶光电科技股份有限公司关于2025年度计提资产减值准备的公告,http://www.cninfo.com.cn/new/disclosure/detail?stockCode=600537&announcementId=1225208579&orgId=gssh0600537&announcementTime=2026-04-28,2026-04-29 15:33:15+08:00
a554558c24dda22db462ee41a1b19a4370f3b989aff38e43fbfa10c770c31547,2,2,Y,Y,2026-04-28,600537.SH,亿晶光电,亿晶光电科技股份有限公司关于2025年度计提资产减值准备的公告,http://www.cninfo.com.cn/new/disclosure/detail?stockCode=600537&announcementId=1225208579&orgId=gssh0600537&announcementTime=2026-04-28,2026-04-29 15:33:15+08:00
ec78c8a3890666564230adfaa5546c84b70c97c49d78e49402bdeb8eba6019e4,2,1,N,N,2026-04-28,600537.SH,亿晶光电,亿晶光电科技股份有限公司关于召开2025年年度股东会的通知,http://www.cninfo.com.cn/new/disclosure/detail?stockCode=600537&announcementId=1225208605&orgId=gssh0600537&announcementTime=2026-04-28,2026-04-29 15:33:15+08:00
ec78c8a3890666564230adfaa5546c84b70c97c49d78e49402bdeb8eba6019e4,2,2,Y,Y,2026-04-28,600537.SH,亿晶光电,亿晶光电科技股份有限公司关于召开2025年年度股东会的通知,http://www.cninfo.com.cn/new/disclosure/detail?stockCode=600537&announcementId=1225208605&orgId=gssh0600537&announcementTime=2026-04-28,2026-04-29 15:33:15+08:00
ef166aa4b068ace6d43a16674b677480adc174d01452d150d2353e8c285ca5ed,2,1,N,N,2026-04-28,603182.SH,嘉华股份,嘉华股份2025年度独立董事述职报告（陈洁）,http://www.cninfo.com.cn/new/disclosure/detail?stockCode=603182&announcementId=1225200378&orgId=gfbj0838891&announcementTime=2026-04-28,2026-04-29 15:06:06+08:00
ef166aa4b068ace6d43a16674b677480adc174d01452d150d2353e8c285ca5ed,2,2,Y,Y,2026-04-28,603182.SH,嘉华股份,嘉华股份2025年度独立董事述职报告（陈洁）,http://www.cninfo.com.cn/new/disclosure/detail?stockCode=603182&announcementId=1225200378&orgId=gfbj0838891&announcementTime=2026-04-28,2026-04-29 15:06:06+08:00
31abd3f694b7f3813b5d17fb3689a64fed338349250131acde4cb9edc3c09aed,2,1,N,N,2026-04-28,603272.SH,联翔股份,2025年度内部控制评价报告,http://www.cninfo.com.cn/new/disclosure/detail?stockCode=603272&announcementId=1225219242&orgId=nssc1000337&announcementTime=2026-04-28,2026-04-29 15:33:15+08:00
31abd3f694b7f3813b5d17fb3689a64fed338349250131acde4cb9edc3c09aed,2,2,Y,Y,2026-04-28,603272.SH,联翔股份,2025年度内部控制评价报告,http://www.cninfo.com.cn/new/disclosure/detail?stockCode=603272&announcementId=1225219242&orgId=nssc1000337&announcementTime=2026-04-28,2026-04-29 15:33:15+08:00
e704f23e6ed0e7a5db9f835296db57440748625c5bf9fcddc86092d6acbdbdea,2,1,N,N,2026-04-28,603272.SH,联翔股份,关于2025年度拟不进行利润分配的公告,http://www.cninfo.com.cn/new/disclosure/detail?stockCode=603272&announcementId=1225219205&orgId=nssc1000337&announcementTime=2026-04-28,2026-04-29 15:33:15+08:00
e704f23e6ed0e7a5db9f835296db57440748625c5bf9fcddc86092d6acbdbdea,2,2,Y,Y,2026-04-28,603272.SH,联翔股份,关于2025年度拟不进行利润分配的公告,http://www.cninfo.com.cn/new/disclosure/detail?stockCode=603272&announcementId=1225219205&orgId=nssc1000337&announcementTime=2026-04-28,2026-04-29 15:33:15+08:00
5051a4954cb199bd19e677f5089ee61d7217dcf7ad93bc955b8901b5825456cd,2,1,N,N,2026-04-28,603291.SH,联合水务,联合水务2025年度“提质增效重回报”行动方案评估报告暨2026年度“提质增效重回报”行动方案,http://www.cninfo.com.cn/new/disclosure/detail?stockCode=603291&announcementId=1225201064&orgId=9900047645&announcementTime=2026-04-28,2026-04-29 12:43:30+08:00
5051a4954cb199bd19e677f5089ee61d7217dcf7ad93bc955b8901b5825456cd,2,2,Y,Y,2026-04-28,603291.SH,联合水务,联合水务2025年度“提质增效重回报”行动方案评估报告暨2026年度“提质增效重回报”行动方案,http://www.cninfo.com.cn/new/disclosure/detail?stockCode=603291&announcementId=1225201064&orgId=9900047645&announcementTime=2026-04-28,2026-04-29 12:43:30+08:00
e202229f6716eefd762f8bdf1c7850e24e66859b0c67aaa91c5db8063107fb6c,2,1,N,N,2026-04-28,688072.SH,拓荆科技,2025年度环境、社会和公司治理（ESG）报告,http://www.cninfo.com.cn/new/disclosure/detail?stockCode=688072&announcementId=1225222231&orgId=9900048695&announcementTime=2026-04-28,2026-04-29 14:39:17+08:00
e202229f6716eefd762f8bdf1c7850e24e66859b0c67aaa91c5db8063107fb6c,2,2,Y,Y,2026-04-28,688072.SH,拓荆科技,2025年度环境、社会和公司治理（ESG）报告,http://www.cninfo.com.cn/new/disclosure/detail?stockCode=688072&announcementId=1225222231&orgId=9900048695&announcementTime=2026-04-28,2026-04-29 14:39:17+08:00
f35635f9c4531066cd127975824ea3a777eb221d8b06da49c095f21ee2f0643a,2,1,N,N,2026-04-28,688072.SH,拓荆科技,中信建投证券股份有限公司关于拓荆科技股份有限公司补充确认2025年度日常关联交易及新增2026年度日常关联交易预计额度的核查意见,http://www.cninfo.com.cn/new/disclosure/detail?stockCode=688072&announcementId=1225222250&orgId=9900048695&announcementTime=2026-04-28,2026-04-29 14:39:17+08:00
f35635f9c4531066cd127975824ea3a777eb221d8b06da49c095f21ee2f0643a,2,2,Y,Y,2026-04-28,688072.SH,拓荆科技,中信建投证券股份有限公司关于拓荆科技股份有限公司补充确认2025年度日常关联交易及新增2026年度日常关联交易预计额度的核查意见,http://www.cninfo.com.cn/new/disclosure/detail?stockCode=688072&announcementId=1225222250&orgId=9900048695&announcementTime=2026-04-28,2026-04-29 14:39:17+08:00
c316717719d7c310eeb61c4fd40889360aea2dbca8094f85b24067cc85d02372,2,1,N,N,2026-04-28,688072.SH,拓荆科技,天健会计师事务所（特殊普通合伙）关于拓荆科技股份有限公司非经营性资金占用及其他关联资金往来情况汇总表的专项审计说明,http://www.cninfo.com.cn/new/disclosure/detail?stockCode=688072&announcementId=1225222246&orgId=9900048695&announcementTime=2026-04-28,2026-04-29 14:39:17+08:00
c316717719d7c310eeb61c4fd40889360aea2dbca8094f85b24067cc85d02372,2,2,Y,Y,2026-04-28,688072.SH,拓荆科技,天健会计师事务所（特殊普通合伙）关于拓荆科技股份有限公司非经营性资金占用及其他关联资金往来情况汇总表的专项审计说明,http://www.cninfo.com.cn/new/disclosure/detail?stockCode=688072&announcementId=1225222246&orgId=9900048695&announcementTime=2026-04-28,2026-04-29 14:39:17+08:00
380737eac8da00470dd83522257ae8ba2c7cb6f2e22e321a8ad3376bfb26e2bd,2,1,N,N,2026-04-28,688072.SH,拓荆科技,董事会对独立董事独立性自查情况的专项报告,http://www.cninfo.com.cn/new/disclosure/detail?stockCode=688072&announcementId=1225222224&orgId=9900048695&announcementTime=2026-04-28,2026-04-29 14:39:17+08:00
380737eac8da00470dd83522257ae8ba2c7cb6f2e22e321a8ad3376bfb26e2bd,2,2,Y,Y,2026-04-28,688072.SH,拓荆科技,董事会对独立董事独立性自查情况的专项报告,http://www.cninfo.com.cn/new/disclosure/detail?stockCode=688072&announcementId=1225222224&orgId=9900048695&announcementTime=2026-04-28,2026-04-29 14:39:17+08:00
046a0ceef4bfb9201dd2441707617ef80bc84da4591ff4afc276b14ebeaaae45,2,1,N,N,2026-04-28,688187.SH,时代电气,株洲中车时代电气股份有限公司2026年第一季度报告,http://www.cninfo.com.cn/new/disclosure/detail?stockCode=688187&announcementId=1225200517&orgId=gshk0003898&announcementTime=2026-04-28,2026-04-29 15:06:06+08:00
046a0ceef4bfb9201dd2441707617ef80bc84da4591ff4afc276b14ebeaaae45,2,2,Y,Y,2026-04-28,688187.SH,时代电气,株洲中车时代电气股份有限公司2026年第一季度报告,http://www.cninfo.com.cn/new/disclosure/detail?stockCode=688187&announcementId=1225200517&orgId=gshk0003898&announcementTime=2026-04-28,2026-04-29 15:06:06+08:00
02d780dcb219165b33eed443d8887fcf9446d72bbe1abe91fdbe7daab952729e,2,1,N,N,2026-04-28,688261.SH,东微半导,中国国际金融股份有限公司关于苏州东微半导体股份有限公司使用部分超额募集资金永久补充流动资金的核查意见,http://www.cninfo.com.cn/new/disclosure/detail?stockCode=688261&announcementId=1225218889&orgId=9900048069&announcementTime=2026-04-28,2026-04-29 14:39:17+08:00
02d780dcb219165b33eed443d8887fcf9446d72bbe1abe91fdbe7daab952729e,2,2,Y,Y,2026-04-28,688261.SH,东微半导,中国国际金融股份有限公司关于苏州东微半导体股份有限公司使用部分超额募集资金永久补充流动资金的核查意见,http://www.cninfo.com.cn/new/disclosure/detail?stockCode=688261&announcementId=1225218889&orgId=9900048069&announcementTime=2026-04-28,2026-04-29 14:39:17+08:00
9b484ce6679e1a5ae201ff2e39149dbb908a00046a2da6a6d49543b3249dfea9,2,1,N,N,2026-04-28,688261.SH,东微半导,苏州东微半导体股份有限公司关于2026年度董事、高级管理人员薪酬方案的公告,http://www.cninfo.com.cn/new/disclosure/detail?stockCode=688261&announcementId=1225218875&orgId=9900048069&announcementTime=2026-04-28,2026-04-29 14:39:17+08:00
9b484ce6679e1a5ae201ff2e39149dbb908a00046a2da6a6d49543b3249dfea9,2,2,Y,Y,2026-04-28,688261.SH,东微半导,苏州东微半导体股份有限公司关于2026年度董事、高级管理人员薪酬方案的公告,http://www.cninfo.com.cn/new/disclosure/detail?stockCode=688261&announcementId=1225218875&orgId=9900048069&announcementTime=2026-04-28,2026-04-29 14:39:17+08:00
ae8de122507db5e22a4fb285992dd32c486981c7ce936c43c4baf90e264555aa,2,1,N,N,2026-04-28,688376.SH,美埃科技,2025年度可持续发展报告,http://www.cninfo.com.cn/new/disclosure/detail?stockCode=688376&announcementId=1225217708&orgId=nssc1000717&announcementTime=2026-04-28,2026-04-29 14:39:17+08:00
ae8de122507db5e22a4fb285992dd32c486981c7ce936c43c4baf90e264555aa,2,2,Y,Y,2026-04-28,688376.SH,美埃科技,2025年度可持续发展报告,http://www.cninfo.com.cn/new/disclosure/detail?stockCode=688376&announcementId=1225217708&orgId=nssc1000717&announcementTime=2026-04-28,2026-04-29 14:39:17+08:00
d03cd30fc102752a5d079e0408d0a1e7de5cbd7406c7998991638957c02d3de8,2,1,N,N,2026-04-28,688376.SH,美埃科技,关于使用剩余超募资金永久补充流动资金的公告,http://www.cninfo.com.cn/new/disclosure/detail?stockCode=688376&announcementId=1225217632&orgId=nssc1000717&announcementTime=2026-04-28,2026-04-29 14:39:17+08:00
d03cd30fc102752a5d079e0408d0a1e7de5cbd7406c7998991638957c02d3de8,2,2,Y,Y,2026-04-28,688376.SH,美埃科技,关于使用剩余超募资金永久补充流动资金的公告,http://www.cninfo.com.cn/new/disclosure/detail?stockCode=688376&announcementId=1225217632&orgId=nssc1000717&announcementTime=2026-04-28,2026-04-29 14:39:17+08:00
c0bbfef9ffeb571638e15086d6abc624d225d999264fa246d5dcc95752bcf834,2,1,N,N,2026-04-28,688577.SH,浙海德曼,浙海德曼2025年度募集资金存放、管理与使用情况鉴证报告,http://www.cninfo.com.cn/new/disclosure/detail?stockCode=688577&announcementId=1225214348&orgId=gfbj0837244&announcementTime=2026-04-28,2026-04-29 14:39:17+08:00
c0bbfef9ffeb571638e15086d6abc624d225d999264fa246d5dcc95752bcf834,2,2,Y,Y,2026-04-28,688577.SH,浙海德曼,浙海德曼2025年度募集资金存放、管理与使用情况鉴证报告,http://www.cninfo.com.cn/new/disclosure/detail?stockCode=688577&announcementId=1225214348&orgId=gfbj0837244&announcementTime=2026-04-28,2026-04-29 14:39:17+08:00
64eef74198195b00ca874992d07d8e7e18829c869531f5eec12c255f8772af18,2,1,N,N,2026-04-28,688583.SH,思看科技,关于续聘2026年度审计机构的公告,http://www.cninfo.com.cn/new/disclosure/detail?stockCode=688583&announcementId=1225211707&orgId=9900059081&announcementTime=2026-04-28,2026-04-29 14:39:17+08:00
64eef74198195b00ca874992d07d8e7e18829c869531f5eec12c255f8772af18,2,2,Y,Y,2026-04-28,688583.SH,思看科技,关于续聘2026年度审计机构的公告,http://www.cninfo.com.cn/new/disclosure/detail?stockCode=688583&announcementId=1225211707&orgId=9900059081&announcementTime=2026-04-28,2026-04-29 14:39:17+08:00
90a6253901a3c2afa97dddb217b5116720d55b84833d896b13759922e061bb75,2,1,N,N,2026-04-28,688785.SH,恒运昌,2025年度独立董事述职报告（刘彭义）,http://www.cninfo.com.cn/new/disclosure/detail?stockCode=688785&announcementId=1225214930&orgId=9900063107&announcementTime=2026-04-28,2026-04-29 14:39:17+08:00
90a6253901a3c2afa97dddb217b5116720d55b84833d896b13759922e061bb75,2,2,Y,Y,2026-04-28,688785.SH,恒运昌,2025年度独立董事述职报告（刘彭义）,http://www.cninfo.com.cn/new/disclosure/detail?stockCode=688785&announcementId=1225214930&orgId=9900063107&announcementTime=2026-04-28,2026-04-29 14:39:17+08:00
891f8b36ab3cb29c796e0b766ec9f31a606a69cc3ebd418f85101f59b0219934,2,1,N,N,2026-04-28,688785.SH,恒运昌,深圳市恒运昌真空技术股份有限公司董事、高级管理人员薪酬管理制度,http://www.cninfo.com.cn/new/disclosure/detail?stockCode=688785&announcementId=1225214871&orgId=9900063107&announcementTime=2026-04-28,2026-04-29 14:39:17+08:00
891f8b36ab3cb29c796e0b766ec9f31a606a69cc3ebd418f85101f59b0219934,2,2,Y,Y,2026-04-28,688785.SH,恒运昌,深圳市恒运昌真空技术股份有限公司董事、高级管理人员薪酬管理制度,http://www.cninfo.com.cn/new/disclosure/detail?stockCode=688785&announcementId=1225214871&orgId=9900063107&announcementTime=2026-04-28,2026-04-29 14:39:17+08:00
2d0a536207f3983de753942bdead4e8a1054683cc7883c5805b549a230e9b521,2,1,N,N,2026-04-28,920396.BJ,常辅股份,2025年年度报告,http://www.cninfo.com.cn/new/disclosure/detail?stockCode=920396&announcementId=1225252259&orgId=9900034929&announcementTime=2026-04-28,2026-05-13 11:52:15+08:00
2d0a536207f3983de753942bdead4e8a1054683cc7883c5805b549a230e9b521,2,2,Y,Y,2026-04-28,920396.BJ,常辅股份,2025年年度报告,http://www.cninfo.com.cn/new/disclosure/detail?stockCode=920396&announcementId=1225252259&orgId=9900034929&announcementTime=2026-04-28,2026-05-13 11:52:15+08:00
0326461456e3756c4f410e48307e86d24b8b6fbfca2c1ecdabf9bc08c6896b48,2,1,N,N,2026-04-28,920396.BJ,常辅股份,2025年度内部控制审计报告,http://www.cninfo.com.cn/new/disclosure/detail?stockCode=920396&announcementId=1225252263&orgId=9900034929&announcementTime=2026-04-28,2026-05-13 11:52:15+08:00
0326461456e3756c4f410e48307e86d24b8b6fbfca2c1ecdabf9bc08c6896b48,2,2,Y,Y,2026-04-28,920396.BJ,常辅股份,2025年度内部控制审计报告,http://www.cninfo.com.cn/new/disclosure/detail?stockCode=920396&announcementId=1225252263&orgId=9900034929&announcementTime=2026-04-28,2026-05-13 11:52:15+08:00
9bf3cb20da3f8a881b14ce1023b6dc32c6dfaaf742bd1425bf77d1f54df4452d,2,1,N,N,2026-04-28,920396.BJ,常辅股份,2026年一季度报告,http://www.cninfo.com.cn/new/disclosure/detail?stockCode=920396&announcementId=1225252242&orgId=9900034929&announcementTime=2026-04-28,2026-05-13 11:52:15+08:00
9bf3cb20da3f8a881b14ce1023b6dc32c6dfaaf742bd1425bf77d1f54df4452d,2,2,Y,Y,2026-04-28,920396.BJ,常辅股份,2026年一季度报告,http://www.cninfo.com.cn/new/disclosure/detail?stockCode=920396&announcementId=1225252242&orgId=9900034929&announcementTime=2026-04-28,2026-05-13 11:52:15+08:00
35971a9c9f79dd61ff8894b7b82f931b904d56ec2406397b06b4aa87645ea64f,2,1,N,N,2026-04-29,000561.SZ,烽火电子,2025年度独立董事履职报告（徐璋勇）,http://www.cninfo.com.cn/new/disclosure/detail?stockCode=000561&announcementId=1225250724&orgId=gssz0000561&announcementTime=2026-04-29,2026-04-29 15:13:55+08:00
35971a9c9f79dd61ff8894b7b82f931b904d56ec2406397b06b4aa87645ea64f,2,2,Y,Y,2026-04-29,000561.SZ,烽火电子,2025年度独立董事履职报告（徐璋勇）,http://www.cninfo.com.cn/new/disclosure/detail?stockCode=000561&announcementId=1225250724&orgId=gssz0000561&announcementTime=2026-04-29,2026-04-29 15:13:55+08:00
25547c031e453aae509c572d1211da8e3e41ec6418bd25e24bb7fc9168ee8cd4,2,1,N,N,2026-04-29,000564.SZ,供销大集,关于对供销集团财务有限公司2025年度的风险持续评估报告,http://www.cninfo.com.cn/new/disclosure/detail?stockCode=000564&announcementId=1225250370&orgId=gssz0000564&announcementTime=2026-04-29,2026-04-29 12:55:45+08:00
25547c031e453aae509c572d1211da8e3e41ec6418bd25e24bb7fc9168ee8cd4,2,2,Y,Y,2026-04-29,000564.SZ,供销大集,关于对供销集团财务有限公司2025年度的风险持续评估报告,http://www.cninfo.com.cn/new/disclosure/detail?stockCode=000564&announcementId=1225250370&orgId=gssz0000564&announcementTime=2026-04-29,2026-04-29 12:55:45+08:00
830bf5ec3142eb1947250fc6a6692f5c16413a116bd2ae5b6d80732a8ad10f51,2,1,N,N,2026-04-29,000564.SZ,供销大集,关于高级管理人员2025年度薪酬确认及2026年度薪酬与考核方案,http://www.cninfo.com.cn/new/disclosure/detail?stockCode=000564&announcementId=1225250389&orgId=gssz0000564&announcementTime=2026-04-29,2026-04-29 12:55:45+08:00
830bf5ec3142eb1947250fc6a6692f5c16413a116bd2ae5b6d80732a8ad10f51,2,2,Y,Y,2026-04-29,000564.SZ,供销大集,关于高级管理人员2025年度薪酬确认及2026年度薪酬与考核方案,http://www.cninfo.com.cn/new/disclosure/detail?stockCode=000564&announcementId=1225250389&orgId=gssz0000564&announcementTime=2026-04-29,2026-04-29 12:55:45+08:00
70f2d8f59b3c4d7ec17e515db1c6dda0d9e2ab6c2a7fc8ea80fb67d2b42ce914,2,1,N,N,2026-04-29,000720.SZ,新能泰山,2025年年度审计报告,http://www.cninfo.com.cn/new/disclosure/detail?stockCode=000720&announcementId=1225242360&orgId=gssz0000720&announcementTime=2026-04-29,2026-04-29 15:13:55+08:00
70f2d8f59b3c4d7ec17e515db1c6dda0d9e2ab6c2a7fc8ea80fb67d2b42ce914,2,2,Y,Y,2026-04-29,000720.SZ,新能泰山,2025年年度审计报告,http://www.cninfo.com.cn/new/disclosure/detail?stockCode=000720&announcementId=1225242360&orgId=gssz0000720&announcementTime=2026-04-29,2026-04-29 15:13:55+08:00
a69fe2e7bfc59fc038a0df1e0c0b523a01aff076ac2ac59ce3d643ef9727fbda,2,1,N,N,2026-04-29,000720.SZ,新能泰山,2026年一季度报告,http://www.cninfo.com.cn/new/disclosure/detail?stockCode=000720&announcementId=1225242367&orgId=gssz0000720&announcementTime=2026-04-29,2026-04-29 15:13:55+08:00
a69fe2e7bfc59fc038a0df1e0c0b523a01aff076ac2ac59ce3d643ef9727fbda,2,2,Y,Y,2026-04-29,000720.SZ,新能泰山,2026年一季度报告,http://www.cninfo.com.cn/new/disclosure/detail?stockCode=000720&announcementId=1225242367&orgId=gssz0000720&announcementTime=2026-04-29,2026-04-29 15:13:55+08:00
3ea4031b3683f523d86e6f172df99647a97648013f6d0506891256c4e87cc025,2,1,N,N,2026-04-29,000720.SZ,新能泰山,关于与能源交通公司、资产管理公司签订委托管理协议的关联交易公告,http://www.cninfo.com.cn/new/disclosure/detail?stockCode=000720&announcementId=1225242372&orgId=gssz0000720&announcementTime=2026-04-29,2026-05-13 12:08:40+08:00
3ea4031b3683f523d86e6f172df99647a97648013f6d0506891256c4e87cc025,2,2,Y,Y,2026-04-29,000720.SZ,新能泰山,关于与能源交通公司、资产管理公司签订委托管理协议的关联交易公告,http://www.cninfo.com.cn/new/disclosure/detail?stockCode=000720&announcementId=1225242372&orgId=gssz0000720&announcementTime=2026-04-29,2026-05-13 12:08:40+08:00
461af415a64f90cbd5997a84292b4d0971b41be9cc3513f362fef41d514cae3a,2,1,N,N,2026-04-29,000720.SZ,新能泰山,关于会计师事务所2025年度履职情况评估及审计委员会履行监督职责情况的报告,http://www.cninfo.com.cn/new/disclosure/detail?stockCode=000720&announcementId=1225242364&orgId=gssz0000720&announcementTime=2026-04-29,2026-04-29 15:13:55+08:00
461af415a64f90cbd5997a84292b4d0971b41be9cc3513f362fef41d514cae3a,2,2,Y,Y,2026-04-29,000720.SZ,新能泰山,关于会计师事务所2025年度履职情况评估及审计委员会履行监督职责情况的报告,http://www.cninfo.com.cn/new/disclosure/detail?stockCode=000720&announcementId=1225242364&orgId=gssz0000720&announcementTime=2026-04-29,2026-04-29 15:13:55+08:00
42f305f38d1a36656854a1d066f8fb7d3841651edb8e9a1d4276ad7b537f0368,2,1,N,N,2026-04-29,000720.SZ,新能泰山,独立董事候选人声明与承诺 （王汀汀）,http://www.cninfo.com.cn/new/disclosure/detail?stockCode=000720&announcementId=1225242380&orgId=gssz0000720&announcementTime=2026-04-29,2026-05-13 12:08:40+08:00
42f305f38d1a36656854a1d066f8fb7d3841651edb8e9a1d4276ad7b537f0368,2,2,Y,Y,2026-04-29,000720.SZ,新能泰山,独立董事候选人声明与承诺 （王汀汀）,http://www.cninfo.com.cn/new/disclosure/detail?stockCode=000720&announcementId=1225242380&orgId=gssz0000720&announcementTime=2026-04-29,2026-05-13 12:08:40+08:00
00f206ddcbba1c41a258fea2f4008a16c68bf1bdba3cb63cc108157b8c6fc78f,2,1,N,N,2026-04-29,000720.SZ,新能泰山,董事会关于独立董事独立性自查情况的专项意见,http://www.cninfo.com.cn/new/disclosure/detail?stockCode=000720&announcementId=1225242361&orgId=gssz0000720&announcementTime=2026-04-29,2026-04-29 15:13:55+08:00
00f206ddcbba1c41a258fea2f4008a16c68bf1bdba3cb63cc108157b8c6fc78f,2,2,Y,Y,2026-04-29,000720.SZ,新能泰山,董事会关于独立董事独立性自查情况的专项意见,http://www.cninfo.com.cn/new/disclosure/detail?stockCode=000720&announcementId=1225242361&orgId=gssz0000720&announcementTime=2026-04-29,2026-04-29 15:13:55+08:00
8c733463610b72f903b5800e15a8c1d970f5b158bc50150b963c2f3732da5014,2,1,N,N,2026-04-29,001337.SZ,四川黄金,2025年年度股东会决议公告,http://www.cninfo.com.cn/new/disclosure/detail?stockCode=001337&announcementId=1225236071&orgId=9900051539&announcementTime=2026-04-29,2026-04-29 12:55:45+08:00
8c733463610b72f903b5800e15a8c1d970f5b158bc50150b963c2f3732da5014,2,2,Y,Y,2026-04-29,001337.SZ,四川黄金,2025年年度股东会决议公告,http://www.cninfo.com.cn/new/disclosure/detail?stockCode=001337&announcementId=1225236071&orgId=9900051539&announcementTime=2026-04-29,2026-04-29 12:55:45+08:00
e5a80c9ac954f63cc34dded7df12f75bf32ad9220728bf01154513e40f605390,2,1,N,N,2026-04-29,001337.SZ,四川黄金,北京大成（成都）律师事务所关于四川黄金股份有限公司2025年年度股东会之法律意见书,http://www.cninfo.com.cn/new/disclosure/detail?stockCode=001337&announcementId=1225236072&orgId=9900051539&announcementTime=2026-04-29,2026-04-29 12:55:45+08:00
e5a80c9ac954f63cc34dded7df12f75bf32ad9220728bf01154513e40f605390,2,2,Y,Y,2026-04-29,001337.SZ,四川黄金,北京大成（成都）律师事务所关于四川黄金股份有限公司2025年年度股东会之法律意见书,http://www.cninfo.com.cn/new/disclosure/detail?stockCode=001337&announcementId=1225236072&orgId=9900051539&announcementTime=2026-04-29,2026-04-29 12:55:45+08:00
99958d2f4e88dbd8d10bd4b74b8315be2fa11f2951cc51eed82c1dc40e2356af,2,1,N,N,2026-04-29,002102.SZ,能特科技,第七届董事会第三十七次会议决议公告,http://www.cninfo.com.cn/new/disclosure/detail?stockCode=002102&announcementId=1225251599&orgId=9900001762&announcementTime=2026-04-29,2026-04-29 15:13:55+08:00
99958d2f4e88dbd8d10bd4b74b8315be2fa11f2951cc51eed82c1dc40e2356af,2,2,Y,Y,2026-04-29,002102.SZ,能特科技,第七届董事会第三十七次会议决议公告,http://www.cninfo.com.cn/new/disclosure/detail?stockCode=002102&announcementId=1225251599&orgId=9900001762&announcementTime=2026-04-29,2026-04-29 15:13:55+08:00
5401813777eb642cd6d3d48b9a289e6a44a3d7de7e6b79ee7d4730f37e8eb50e,2,1,N,N,2026-04-29,002102.SZ,能特科技,董事会对独立董事2025年度独立性自查情况的专项报告,http://www.cninfo.com.cn/new/disclosure/detail?stockCode=002102&announcementId=1225251588&orgId=9900001762&announcementTime=2026-04-29,2026-04-29 15:13:55+08:00
5401813777eb642cd6d3d48b9a289e6a44a3d7de7e6b79ee7d4730f37e8eb50e,2,2,Y,Y,2026-04-29,002102.SZ,能特科技,董事会对独立董事2025年度独立性自查情况的专项报告,http://www.cninfo.com.cn/new/disclosure/detail?stockCode=002102&announcementId=1225251588&orgId=9900001762&announcementTime=2026-04-29,2026-04-29 15:13:55+08:00
a2da886ddf25c855489be00bc7758a5cf5bfed0db51d0e48faf0c223cc16c6ae,2,1,N,N,2026-04-29,002387.SZ,维信诺,关于2026年度上市公司申请综合授信额度的公告,http://www.cninfo.com.cn/new/disclosure/detail?stockCode=002387&announcementId=1225232678&orgId=9900011728&announcementTime=2026-04-29,2026-04-29 12:40:20+08:00
a2da886ddf25c855489be00bc7758a5cf5bfed0db51d0e48faf0c223cc16c6ae,2,2,Y,Y,2026-04-29,002387.SZ,维信诺,关于2026年度上市公司申请综合授信额度的公告,http://www.cninfo.com.cn/new/disclosure/detail?stockCode=002387&announcementId=1225232678&orgId=9900011728&announcementTime=2026-04-29,2026-04-29 12:40:20+08:00
e9e4bf1970f58a67296763afd86aac77808ed341da2145c804c33d85a8f37f59,2,1,N,N,2026-04-29,002475.SZ,立讯精密,关于调整2022年股票期权激励计划行权数量及注销部分股票期权的公告,http://www.cninfo.com.cn/new/disclosure/detail?stockCode=002475&announcementId=1225249991&orgId=9900014448&announcementTime=2026-04-29,2026-05-13 12:43:11+08:00
e9e4bf1970f58a67296763afd86aac77808ed341da2145c804c33d85a8f37f59,2,2,Y,Y,2026-04-29,002475.SZ,立讯精密,关于调整2022年股票期权激励计划行权数量及注销部分股票期权的公告,http://www.cninfo.com.cn/new/disclosure/detail?stockCode=002475&announcementId=1225249991&orgId=9900014448&announcementTime=2026-04-29,2026-05-13 12:43:11+08:00
d9655bd079b1d181274c6304928e49b9a013d5818a99d05dd1fce8c00a67fb1f,2,1,N,N,2026-04-29,002638.SZ,勤上股份,《风险投资管理制度》（2026年4月）,http://www.cninfo.com.cn/new/disclosure/detail?stockCode=002638&announcementId=1225231109&orgId=9900021768&announcementTime=2026-04-29,2026-04-29 15:13:55+08:00
d9655bd079b1d181274c6304928e49b9a013d5818a99d05dd1fce8c00a67fb1f,2,2,Y,Y,2026-04-29,002638.SZ,勤上股份,《风险投资管理制度》（2026年4月）,http://www.cninfo.com.cn/new/disclosure/detail?stockCode=002638&announcementId=1225231109&orgId=9900021768&announcementTime=2026-04-29,2026-04-29 15:13:55+08:00
b373f9b927ce0dd041293c6ea9f1dbfddb0317a080e77e52352f1361c6808e69,2,1,N,N,2026-04-29,002694.SZ,顾地科技,2025年度独立董事述职报告（林来森）,http://www.cninfo.com.cn/new/disclosure/detail?stockCode=002694&announcementId=1225244022&orgId=9900023214&announcementTime=2026-04-29,2026-05-13 12:08:40+08:00
b373f9b927ce0dd041293c6ea9f1dbfddb0317a080e77e52352f1361c6808e69,2,2,Y,Y,2026-04-29,002694.SZ,顾地科技,2025年度独立董事述职报告（林来森）,http://www.cninfo.com.cn/new/disclosure/detail?stockCode=002694&announcementId=1225244022&orgId=9900023214&announcementTime=2026-04-29,2026-05-13 12:08:40+08:00
7cf437419802da03f367da17ef96126f64417184b1e42a27bda4f1dc174cf01c,2,1,N,N,2026-04-29,002694.SZ,顾地科技,2025年度独立董事述职报告（蒋海龙）,http://www.cninfo.com.cn/new/disclosure/detail?stockCode=002694&announcementId=1225244021&orgId=9900023214&announcementTime=2026-04-29,2026-05-13 12:08:40+08:00
7cf437419802da03f367da17ef96126f64417184b1e42a27bda4f1dc174cf01c,2,2,Y,Y,2026-04-29,002694.SZ,顾地科技,2025年度独立董事述职报告（蒋海龙）,http://www.cninfo.com.cn/new/disclosure/detail?stockCode=002694&announcementId=1225244021&orgId=9900023214&announcementTime=2026-04-29,2026-05-13 12:08:40+08:00
d66867a5a4b03ae82392b3b23dc0db2cf5d059c886a0148ff98e654099baffe9,2,1,N,N,2026-04-29,003042.SZ,中农联合,营业收入扣除情况表专项核查报告,http://www.cninfo.com.cn/new/disclosure/detail?stockCode=003042&announcementId=1225245042&orgId=gfbj0871103&announcementTime=2026-04-29,2026-05-12 12:14:28+08:00
d66867a5a4b03ae82392b3b23dc0db2cf5d059c886a0148ff98e654099baffe9,2,2,Y,Y,2026-04-29,003042.SZ,中农联合,营业收入扣除情况表专项核查报告,http://www.cninfo.com.cn/new/disclosure/detail?stockCode=003042&announcementId=1225245042&orgId=gfbj0871103&announcementTime=2026-04-29,2026-05-12 12:14:28+08:00
a731344027992b25de72d5008a597168d14b53e30b45b13207e4720c98a079a0,2,1,N,N,2026-04-29,300460.SZ,ST惠伦,2025年度内部控制自我评价报告,http://www.cninfo.com.cn/new/disclosure/detail?stockCode=300460&announcementId=1225250677&orgId=9900023837&announcementTime=2026-04-29,2026-04-29 12:55:45+08:00
a731344027992b25de72d5008a597168d14b53e30b45b13207e4720c98a079a0,2,2,Y,Y,2026-04-29,300460.SZ,ST惠伦,2025年度内部控制自我评价报告,http://www.cninfo.com.cn/new/disclosure/detail?stockCode=300460&announcementId=1225250677&orgId=9900023837&announcementTime=2026-04-29,2026-04-29 12:55:45+08:00
525137d07a86fd10b855f91a1e22a7166e17b3dec3f01315ae61bb00e21c65c1,2,1,N,N,2026-04-29,300469.SZ,信息发展,2025年年度报告摘要,http://www.cninfo.com.cn/new/disclosure/detail?stockCode=300469&announcementId=1225247025&orgId=9900023352&announcementTime=2026-04-29,2026-04-29 14:16:55+08:00
525137d07a86fd10b855f91a1e22a7166e17b3dec3f01315ae61bb00e21c65c1,2,2,Y,Y,2026-04-29,300469.SZ,信息发展,2025年年度报告摘要,http://www.cninfo.com.cn/new/disclosure/detail?stockCode=300469&announcementId=1225247025&orgId=9900023352&announcementTime=2026-04-29,2026-04-29 14:16:55+08:00
6f5d962444e4eca1027cb0094e25cd7bb5e7675705e0b0692658314440902535,2,1,N,N,2026-04-29,300469.SZ,信息发展,2025年度会计师事务所履职情况评估报告,http://www.cninfo.com.cn/new/disclosure/detail?stockCode=300469&announcementId=1225247033&orgId=9900023352&announcementTime=2026-04-29,2026-04-29 14:16:55+08:00
6f5d962444e4eca1027cb0094e25cd7bb5e7675705e0b0692658314440902535,2,2,Y,Y,2026-04-29,300469.SZ,信息发展,2025年度会计师事务所履职情况评估报告,http://www.cninfo.com.cn/new/disclosure/detail?stockCode=300469&announcementId=1225247033&orgId=9900023352&announcementTime=2026-04-29,2026-04-29 14:16:55+08:00
b0fa557f52432a35fd7e4c40a86c699d3a27661b68000a6a1c5d3033e4cc681f,2,1,N,N,2026-04-29,300499.SZ,高澜股份,2026年4月29日2025年度暨2026年第一季度网上业绩说明会投资者关系活动记录表,http://www.cninfo.com.cn/new/disclosure/detail?stockCode=300499&announcementId=1225262487&orgId=9900023095&announcementTime=2026-04-29,2026-04-29 22:03:59+08:00
b0fa557f52432a35fd7e4c40a86c699d3a27661b68000a6a1c5d3033e4cc681f,2,2,Y,Y,2026-04-29,300499.SZ,高澜股份,2026年4月29日2025年度暨2026年第一季度网上业绩说明会投资者关系活动记录表,http://www.cninfo.com.cn/new/disclosure/detail?stockCode=300499&announcementId=1225262487&orgId=9900023095&announcementTime=2026-04-29,2026-04-29 22:03:59+08:00
7fd304dd73bc2ce194c98f586f278ff185c98d067beeea50daadbb8ae38af190,2,1,N,N,2026-04-29,300623.SZ,捷捷微电,2025年度业绩网上说明会,http://www.cninfo.com.cn/new/disclosure/detail?stockCode=300623&announcementId=1225255081&orgId=9900023919&announcementTime=2026-04-29,2026-04-29 22:03:59+08:00
7fd304dd73bc2ce194c98f586f278ff185c98d067beeea50daadbb8ae38af190,2,2,Y,Y,2026-04-29,300623.SZ,捷捷微电,2025年度业绩网上说明会,http://www.cninfo.com.cn/new/disclosure/detail?stockCode=300623&announcementId=1225255081&orgId=9900023919&announcementTime=2026-04-29,2026-04-29 22:03:59+08:00
6facb42b284213855baa92c0ee33e435d2c7310a60beac0ecdf7a583e8f053bc,2,1,N,N,2026-04-29,300672.SZ,国科微,2025年年度审计报告,http://www.cninfo.com.cn/new/disclosure/detail?stockCode=300672&announcementId=1225245417&orgId=9900032800&announcementTime=2026-04-29,2026-05-12 12:14:28+08:00
6facb42b284213855baa92c0ee33e435d2c7310a60beac0ecdf7a583e8f053bc,2,2,Y,Y,2026-04-29,300672.SZ,国科微,2025年年度审计报告,http://www.cninfo.com.cn/new/disclosure/detail?stockCode=300672&announcementId=1225245417&orgId=9900032800&announcementTime=2026-04-29,2026-05-12 12:14:28+08:00
ac756f1525f751088d2ccaf66e84dc2677dc9578b5576959c7b7b035c207d8f7,2,1,N,N,2026-04-29,300672.SZ,国科微,2025年度营业收入扣除情况的专项审核意见,http://www.cninfo.com.cn/new/disclosure/detail?stockCode=300672&announcementId=1225245423&orgId=9900032800&announcementTime=2026-04-29,2026-05-12 12:14:28+08:00
ac756f1525f751088d2ccaf66e84dc2677dc9578b5576959c7b7b035c207d8f7,2,2,Y,Y,2026-04-29,300672.SZ,国科微,2025年度营业收入扣除情况的专项审核意见,http://www.cninfo.com.cn/new/disclosure/detail?stockCode=300672&announcementId=1225245423&orgId=9900032800&announcementTime=2026-04-29,2026-05-12 12:14:28+08:00
812c18e2acb6c37e397450e4687c47c4c1056f96052afa0918a50ad592068388,2,1,N,N,2026-04-29,300759.SZ,康龙化成,《公司章程》（2026年4月）,http://www.cninfo.com.cn/new/disclosure/detail?stockCode=300759&announcementId=1225225485&orgId=9900035581&announcementTime=2026-04-29,2026-04-29 13:41:34+08:00
812c18e2acb6c37e397450e4687c47c4c1056f96052afa0918a50ad592068388,2,2,Y,Y,2026-04-29,300759.SZ,康龙化成,《公司章程》（2026年4月）,http://www.cninfo.com.cn/new/disclosure/detail?stockCode=300759&announcementId=1225225485&orgId=9900035581&announcementTime=2026-04-29,2026-04-29 13:41:34+08:00
40d7cf22103429433f925dcd5c4d89a5a6c49cdb5482666cb9e2cdb89a746793,2,1,N,N,2026-04-29,300759.SZ,康龙化成,关于董事会换届选举的公告,http://www.cninfo.com.cn/new/disclosure/detail?stockCode=300759&announcementId=1225225476&orgId=9900035581&announcementTime=2026-04-29,2026-04-29 13:41:34+08:00
40d7cf22103429433f925dcd5c4d89a5a6c49cdb5482666cb9e2cdb89a746793,2,2,Y,Y,2026-04-29,300759.SZ,康龙化成,关于董事会换届选举的公告,http://www.cninfo.com.cn/new/disclosure/detail?stockCode=300759&announcementId=1225225476&orgId=9900035581&announcementTime=2026-04-29,2026-04-29 13:41:34+08:00
bf2849f3b3c928191f0d9b7798e73bdfabae19309154c34f836cd471c9e002d2,2,1,N,N,2026-04-29,300759.SZ,康龙化成,独立董事提名人声明与承诺（沈蓉）,http://www.cninfo.com.cn/new/disclosure/detail?stockCode=300759&announcementId=1225225481&orgId=9900035581&announcementTime=2026-04-29,2026-04-29 13:41:34+08:00
bf2849f3b3c928191f0d9b7798e73bdfabae19309154c34f836cd471c9e002d2,2,2,Y,Y,2026-04-29,300759.SZ,康龙化成,独立董事提名人声明与承诺（沈蓉）,http://www.cninfo.com.cn/new/disclosure/detail?stockCode=300759&announcementId=1225225481&orgId=9900035581&announcementTime=2026-04-29,2026-04-29 13:41:34+08:00
e3c3b385898c220bab2a6658b2a2e5f75526c2e3056abbe64523845d13cc629c,2,1,N,N,2026-04-29,300789.SZ,唐源电气,董事、高级管理人员薪酬管理制度（2026年4月修订）,http://www.cninfo.com.cn/new/disclosure/detail?stockCode=300789&announcementId=1225241639&orgId=9900036234&announcementTime=2026-04-29,2026-04-29 14:16:55+08:00
e3c3b385898c220bab2a6658b2a2e5f75526c2e3056abbe64523845d13cc629c,2,2,Y,Y,2026-04-29,300789.SZ,唐源电气,董事、高级管理人员薪酬管理制度（2026年4月修订）,http://www.cninfo.com.cn/new/disclosure/detail?stockCode=300789&announcementId=1225241639&orgId=9900036234&announcementTime=2026-04-29,2026-04-29 14:16:55+08:00
d7e476f2dbebde7bec2811e0316ec51f6cc1604a9fec397913ea08f8050077ff,2,1,N,N,2026-04-29,300792.SZ,壹网壹创,300792 壹网壹创投资者关系管理信息,http://www.cninfo.com.cn/new/disclosure/detail?stockCode=300792&announcementId=1225263893&orgId=gfbj0838942&announcementTime=2026-04-29,2026-04-29 22:03:59+08:00
d7e476f2dbebde7bec2811e0316ec51f6cc1604a9fec397913ea08f8050077ff,2,2,Y,Y,2026-04-29,300792.SZ,壹网壹创,300792 壹网壹创投资者关系管理信息,http://www.cninfo.com.cn/new/disclosure/detail?stockCode=300792&announcementId=1225263893&orgId=gfbj0838942&announcementTime=2026-04-29,2026-04-29 22:03:59+08:00
fc762276e202ec69222284d87a9154b0c032a9e2640f3fc85b57d80303df94af,2,1,N,N,2026-04-29,300830.SZ,金现代,2026年4月29日投资者关系活动记录表,http://www.cninfo.com.cn/new/disclosure/detail?stockCode=300830&announcementId=1225264864&orgId=gfbj0834903&announcementTime=2026-04-29,2026-04-29 22:03:59+08:00
fc762276e202ec69222284d87a9154b0c032a9e2640f3fc85b57d80303df94af,2,2,Y,Y,2026-04-29,300830.SZ,金现代,2026年4月29日投资者关系活动记录表,http://www.cninfo.com.cn/new/disclosure/detail?stockCode=300830&announcementId=1225264864&orgId=gfbj0834903&announcementTime=2026-04-29,2026-04-29 22:03:59+08:00
79cee2090d308347f12e99f7c6da92cefb39bb6c8a38b6f4bd2bfde21d083215,2,1,N,N,2026-04-29,300844.SZ,山水比德,关于2025年度募集资金存放、管理与使用情况的专项报告,http://www.cninfo.com.cn/new/disclosure/detail?stockCode=300844&announcementId=1225229316&orgId=nssc1000329&announcementTime=2026-04-29,2026-04-29 13:41:34+08:00
79cee2090d308347f12e99f7c6da92cefb39bb6c8a38b6f4bd2bfde21d083215,2,2,Y,Y,2026-04-29,300844.SZ,山水比德,关于2025年度募集资金存放、管理与使用情况的专项报告,http://www.cninfo.com.cn/new/disclosure/detail?stockCode=300844&announcementId=1225229316&orgId=nssc1000329&announcementTime=2026-04-29,2026-04-29 13:41:34+08:00
79e7be7b985a85f7bcf9979ddccf80df89459192bb913549c563a8c5b10bedda,2,1,N,N,2026-04-29,300844.SZ,山水比德,第四届董事会第三次会议决议公告,http://www.cninfo.com.cn/new/disclosure/detail?stockCode=300844&announcementId=1225229320&orgId=nssc1000329&announcementTime=2026-04-29,2026-04-29 13:41:34+08:00
79e7be7b985a85f7bcf9979ddccf80df89459192bb913549c563a8c5b10bedda,2,2,Y,Y,2026-04-29,300844.SZ,山水比德,第四届董事会第三次会议决议公告,http://www.cninfo.com.cn/new/disclosure/detail?stockCode=300844&announcementId=1225229320&orgId=nssc1000329&announcementTime=2026-04-29,2026-04-29 13:41:34+08:00
71d7003a551b2ca0672e2e39bac2338a30999bbafd9811bff9cc4923ec7dd93f,2,1,N,N,2026-04-29,300915.SZ,海融科技,关于使用闲置募集资金进行现金管理的公告,http://www.cninfo.com.cn/new/disclosure/detail?stockCode=300915&announcementId=1225235722&orgId=9900035512&announcementTime=2026-04-29,2026-04-29 12:55:45+08:00
71d7003a551b2ca0672e2e39bac2338a30999bbafd9811bff9cc4923ec7dd93f,2,2,Y,Y,2026-04-29,300915.SZ,海融科技,关于使用闲置募集资金进行现金管理的公告,http://www.cninfo.com.cn/new/disclosure/detail?stockCode=300915&announcementId=1225235722&orgId=9900035512&announcementTime=2026-04-29,2026-04-29 12:55:45+08:00
2c5ad51d5040d1d72aa574025af3c2c7bba93e2d8bdb3ea9630174f135f23084,2,1,N,N,2026-04-29,300915.SZ,海融科技,关于使用闲置自有资金进行现金管理的公告,http://www.cninfo.com.cn/new/disclosure/detail?stockCode=300915&announcementId=1225235725&orgId=9900035512&announcementTime=2026-04-29,2026-04-29 12:55:45+08:00
2c5ad51d5040d1d72aa574025af3c2c7bba93e2d8bdb3ea9630174f135f23084,2,2,Y,Y,2026-04-29,300915.SZ,海融科技,关于使用闲置自有资金进行现金管理的公告,http://www.cninfo.com.cn/new/disclosure/detail?stockCode=300915&announcementId=1225235725&orgId=9900035512&announcementTime=2026-04-29,2026-04-29 12:55:45+08:00
7708256f6e09d8fecd2278dc43646cdb152326186055938081131e56741e0867,2,1,N,N,2026-04-29,300980.SZ,祥源新材,2025年年度审计报告,http://www.cninfo.com.cn/new/disclosure/detail?stockCode=300980&announcementId=1225244845&orgId=gfbj0833942&announcementTime=2026-04-29,2026-05-12 12:14:28+08:00
7708256f6e09d8fecd2278dc43646cdb152326186055938081131e56741e0867,2,2,Y,Y,2026-04-29,300980.SZ,祥源新材,2025年年度审计报告,http://www.cninfo.com.cn/new/disclosure/detail?stockCode=300980&announcementId=1225244845&orgId=gfbj0833942&announcementTime=2026-04-29,2026-05-12 12:14:28+08:00
5e7f5d9f5ac9fcd688860717ce93843238c7c22e5b8beea7335a674596324af3,2,1,N,N,2026-04-29,301017.SZ,漱玉平民,2025年年度审计报告,http://www.cninfo.com.cn/new/disclosure/detail?stockCode=301017&announcementId=1225228073&orgId=9900034413&announcementTime=2026-04-29,2026-04-29 12:55:45+08:00
5e7f5d9f5ac9fcd688860717ce93843238c7c22e5b8beea7335a674596324af3,2,2,Y,Y,2026-04-29,301017.SZ,漱玉平民,2025年年度审计报告,http://www.cninfo.com.cn/new/disclosure/detail?stockCode=301017&announcementId=1225228073&orgId=9900034413&announcementTime=2026-04-29,2026-04-29 12:55:45+08:00
7fc97c396ed382f60fb9b6acfd46e00318e88cccb61dc2f7a985d437c7effd91,2,1,N,N,2026-04-29,301297.SZ,富乐德,2025年年度报告,http://www.cninfo.com.cn/new/disclosure/detail?stockCode=301297&announcementId=1225246085&orgId=9900052697&announcementTime=2026-04-29,2026-04-29 13:41:34+08:00
7fc97c396ed382f60fb9b6acfd46e00318e88cccb61dc2f7a985d437c7effd91,2,2,Y,Y,2026-04-29,301297.SZ,富乐德,2025年年度报告,http://www.cninfo.com.cn/new/disclosure/detail?stockCode=301297&announcementId=1225246085&orgId=9900052697&announcementTime=2026-04-29,2026-04-29 13:41:34+08:00
aae4ac96d0165ec2576841ef0d8f08734f5399f1550d65c71085e13de83ccb4e,2,1,N,N,2026-04-29,301297.SZ,富乐德,独立董事2025年度述职报告（ 黄继章）,http://www.cninfo.com.cn/new/disclosure/detail?stockCode=301297&announcementId=1225246118&orgId=9900052697&announcementTime=2026-04-29,2026-04-29 13:41:34+08:00
aae4ac96d0165ec2576841ef0d8f08734f5399f1550d65c71085e13de83ccb4e,2,2,Y,Y,2026-04-29,301297.SZ,富乐德,独立董事2025年度述职报告（ 黄继章）,http://www.cninfo.com.cn/new/disclosure/detail?stockCode=301297&announcementId=1225246118&orgId=9900052697&announcementTime=2026-04-29,2026-04-29 13:41:34+08:00
2cd59c8a62b94ca9e398d642ff7ad22e4383012f177edf1229a5133198b5d398,2,1,N,N,2026-04-29,301297.SZ,富乐德,董事会关于独立董事独立性情况的专项意见,http://www.cninfo.com.cn/new/disclosure/detail?stockCode=301297&announcementId=1225246088&orgId=9900052697&announcementTime=2026-04-29,2026-04-29 13:41:34+08:00
2cd59c8a62b94ca9e398d642ff7ad22e4383012f177edf1229a5133198b5d398,2,2,Y,Y,2026-04-29,301297.SZ,富乐德,董事会关于独立董事独立性情况的专项意见,http://www.cninfo.com.cn/new/disclosure/detail?stockCode=301297&announcementId=1225246088&orgId=9900052697&announcementTime=2026-04-29,2026-04-29 13:41:34+08:00
00eefb51f5f2083da6bc52279f1221294264e8cb4162a8eabdd87e503702625f,2,1,N,N,2026-04-29,301503.SZ,智迪科技,2025年度内部控制审计报告,http://www.cninfo.com.cn/new/disclosure/detail?stockCode=301503&announcementId=1225245403&orgId=9900032801&announcementTime=2026-04-29,2026-05-12 12:14:28+08:00
00eefb51f5f2083da6bc52279f1221294264e8cb4162a8eabdd87e503702625f,2,2,Y,Y,2026-04-29,301503.SZ,智迪科技,2025年度内部控制审计报告,http://www.cninfo.com.cn/new/disclosure/detail?stockCode=301503&announcementId=1225245403&orgId=9900032801&announcementTime=2026-04-29,2026-05-12 12:14:28+08:00
634bd9a90bbb2df64bc51c7b634329e8772349983d831fc587efc6aa5e589fb3,2,1,N,N,2026-04-29,301503.SZ,智迪科技,关于珠海市智迪科技股份有限公司募集资金年度存放与实际使用情况的鉴证报告,http://www.cninfo.com.cn/new/disclosure/detail?stockCode=301503&announcementId=1225245382&orgId=9900032801&announcementTime=2026-04-29,2026-05-12 12:14:28+08:00
634bd9a90bbb2df64bc51c7b634329e8772349983d831fc587efc6aa5e589fb3,2,2,Y,Y,2026-04-29,301503.SZ,智迪科技,关于珠海市智迪科技股份有限公司募集资金年度存放与实际使用情况的鉴证报告,http://www.cninfo.com.cn/new/disclosure/detail?stockCode=301503&announcementId=1225245382&orgId=9900032801&announcementTime=2026-04-29,2026-05-12 12:14:28+08:00
a04c92f4c86c504287d36f678c00905eb177425ad21075d2d8caf999ca00ca46,2,1,N,N,2026-04-29,301503.SZ,智迪科技,国泰海通证券股份有限公司关于珠海市智迪科技股份有限公司2025年度内部控制评价报告的核查意见,http://www.cninfo.com.cn/new/disclosure/detail?stockCode=301503&announcementId=1225245404&orgId=9900032801&announcementTime=2026-04-29,2026-05-12 12:14:28+08:00
a04c92f4c86c504287d36f678c00905eb177425ad21075d2d8caf999ca00ca46,2,2,Y,Y,2026-04-29,301503.SZ,智迪科技,国泰海通证券股份有限公司关于珠海市智迪科技股份有限公司2025年度内部控制评价报告的核查意见,http://www.cninfo.com.cn/new/disclosure/detail?stockCode=301503&announcementId=1225245404&orgId=9900032801&announcementTime=2026-04-29,2026-05-12 12:14:28+08:00
6e185f58747481a09fb5afa98a5737d41240ba86a9ecb0e14c1fd405fd09c11d,2,1,N,N,2026-04-29,301503.SZ,智迪科技,国泰海通证券股份有限公司关于珠海市智迪科技股份有限公司2025年度募集资金存放与使用情况的核查意见,http://www.cninfo.com.cn/new/disclosure/detail?stockCode=301503&announcementId=1225245413&orgId=9900032801&announcementTime=2026-04-29,2026-05-12 12:14:28+08:00
6e185f58747481a09fb5afa98a5737d41240ba86a9ecb0e14c1fd405fd09c11d,2,2,Y,Y,2026-04-29,301503.SZ,智迪科技,国泰海通证券股份有限公司关于珠海市智迪科技股份有限公司2025年度募集资金存放与使用情况的核查意见,http://www.cninfo.com.cn/new/disclosure/detail?stockCode=301503&announcementId=1225245413&orgId=9900032801&announcementTime=2026-04-29,2026-05-12 12:14:28+08:00
10067b7ff6c23e214a877ff96b48d163c638e1ae94125d79315e93648aa31571,2,1,N,N,2026-04-29,301503.SZ,智迪科技,国泰海通证券股份有限公司关于珠海市智迪科技股份有限公司开展外汇套期保值业务的核查意见,http://www.cninfo.com.cn/new/disclosure/detail?stockCode=301503&announcementId=1225245384&orgId=9900032801&announcementTime=2026-04-29,2026-05-12 12:14:28+08:00
10067b7ff6c23e214a877ff96b48d163c638e1ae94125d79315e93648aa31571,2,2,Y,Y,2026-04-29,301503.SZ,智迪科技,国泰海通证券股份有限公司关于珠海市智迪科技股份有限公司开展外汇套期保值业务的核查意见,http://www.cninfo.com.cn/new/disclosure/detail?stockCode=301503&announcementId=1225245384&orgId=9900032801&announcementTime=2026-04-29,2026-05-12 12:14:28+08:00
cbd645a54b627ae3fa1ba07413951beae459dac1473923980f7115b77f3b722a,2,1,N,N,2026-04-29,301636.SZ,泽润新能,2025年度内部控制评价报告,http://www.cninfo.com.cn/new/disclosure/detail?stockCode=301636&announcementId=1225247814&orgId=9900059008&announcementTime=2026-04-29,2026-04-29 12:55:45+08:00
cbd645a54b627ae3fa1ba07413951beae459dac1473923980f7115b77f3b722a,2,2,Y,Y,2026-04-29,301636.SZ,泽润新能,2025年度内部控制评价报告,http://www.cninfo.com.cn/new/disclosure/detail?stockCode=301636&announcementId=1225247814&orgId=9900059008&announcementTime=2026-04-29,2026-04-29 12:55:45+08:00
17a0bb91d350c550beb2a7453a74fed86910fd6c05006ec4cf936e96c9786dc2,2,1,N,N,2026-04-29,301636.SZ,泽润新能,关于2025年度拟不进行利润分配的专项说明,http://www.cninfo.com.cn/new/disclosure/detail?stockCode=301636&announcementId=1225247801&orgId=9900059008&announcementTime=2026-04-29,2026-04-29 12:55:45+08:00
17a0bb91d350c550beb2a7453a74fed86910fd6c05006ec4cf936e96c9786dc2,2,2,Y,Y,2026-04-29,301636.SZ,泽润新能,关于2025年度拟不进行利润分配的专项说明,http://www.cninfo.com.cn/new/disclosure/detail?stockCode=301636&announcementId=1225247801&orgId=9900059008&announcementTime=2026-04-29,2026-04-29 12:55:45+08:00
3ab5c6b389993c50feda4231bdcc279d695ac1e27f5fd8966d1b0bad1033d510,2,1,N,N,2026-04-29,600525.SH,ST长园,2025年度审计报告,http://www.cninfo.com.cn/new/disclosure/detail?stockCode=600525&announcementId=1225244906&orgId=gssh0600525&announcementTime=2026-04-29,2026-05-12 12:14:28+08:00
3ab5c6b389993c50feda4231bdcc279d695ac1e27f5fd8966d1b0bad1033d510,2,2,Y,Y,2026-04-29,600525.SH,ST长园,2025年度审计报告,http://www.cninfo.com.cn/new/disclosure/detail?stockCode=600525&announcementId=1225244906&orgId=gssh0600525&announcementTime=2026-04-29,2026-05-12 12:14:28+08:00
0a77230ff7b815fa4f29b399b0ea89a7c03fdfc0819c32219d9f61e7bc5b7169,2,1,N,N,2026-04-29,601318.SH,中国平安,中国平安关于召开2025年年度股东会的通知,http://www.cninfo.com.cn/new/disclosure/detail?stockCode=601318&announcementId=1225236136&orgId=9900002221&announcementTime=2026-04-29,2026-04-29 12:40:20+08:00
0a77230ff7b815fa4f29b399b0ea89a7c03fdfc0819c32219d9f61e7bc5b7169,2,2,Y,Y,2026-04-29,601318.SH,中国平安,中国平安关于召开2025年年度股东会的通知,http://www.cninfo.com.cn/new/disclosure/detail?stockCode=601318&announcementId=1225236136&orgId=9900002221&announcementTime=2026-04-29,2026-04-29 12:40:20+08:00
06c32451b080791df464f18b3456cd771c7ddd74b78f00115ff35cbf43e256aa,2,1,N,N,2026-04-29,603076.SH,乐惠国际,乐惠国际2025年度专项鉴证报告,http://www.cninfo.com.cn/new/disclosure/detail?stockCode=603076&announcementId=1225230034&orgId=9900032992&announcementTime=2026-04-29,2026-04-29 14:42:54+08:00
06c32451b080791df464f18b3456cd771c7ddd74b78f00115ff35cbf43e256aa,2,2,Y,Y,2026-04-29,603076.SH,乐惠国际,乐惠国际2025年度专项鉴证报告,http://www.cninfo.com.cn/new/disclosure/detail?stockCode=603076&announcementId=1225230034&orgId=9900032992&announcementTime=2026-04-29,2026-04-29 14:42:54+08:00
7aaf97f800a853160d90abc506b5ac73fabc23e36253f5e21ca1c370b53457cb,2,1,N,N,2026-04-29,603076.SH,乐惠国际,关于2026年度向银行申请综合授信额度的公告,http://www.cninfo.com.cn/new/disclosure/detail?stockCode=603076&announcementId=1225230089&orgId=9900032992&announcementTime=2026-04-29,2026-04-29 14:42:54+08:00
7aaf97f800a853160d90abc506b5ac73fabc23e36253f5e21ca1c370b53457cb,2,2,Y,Y,2026-04-29,603076.SH,乐惠国际,关于2026年度向银行申请综合授信额度的公告,http://www.cninfo.com.cn/new/disclosure/detail?stockCode=603076&announcementId=1225230089&orgId=9900032992&announcementTime=2026-04-29,2026-04-29 14:42:54+08:00
367b8dbc2598b4c4f2f4a5cf8904cdad99398f918ab08540c7ed4f6fec3a4cf8,2,1,N,N,2026-04-29,603181.SH,皇马科技,皇马科技2025年年度股东会会议资料,http://www.cninfo.com.cn/new/disclosure/detail?stockCode=603181&announcementId=1225230033&orgId=9900033001&announcementTime=2026-04-29,2026-04-29 14:42:54+08:00
367b8dbc2598b4c4f2f4a5cf8904cdad99398f918ab08540c7ed4f6fec3a4cf8,2,2,Y,Y,2026-04-29,603181.SH,皇马科技,皇马科技2025年年度股东会会议资料,http://www.cninfo.com.cn/new/disclosure/detail?stockCode=603181&announcementId=1225230033&orgId=9900033001&announcementTime=2026-04-29,2026-04-29 14:42:54+08:00
8e147b652d81cb147f07800a2a7f3aeb4970979e40f5abb4633d201b4e89fa1e,2,1,N,N,2026-04-29,603285.SH,键邦股份,2025年年度报告,http://www.cninfo.com.cn/new/disclosure/detail?stockCode=603285&announcementId=1225236305&orgId=9900053438&announcementTime=2026-04-29,2026-04-29 12:40:20+08:00
8e147b652d81cb147f07800a2a7f3aeb4970979e40f5abb4633d201b4e89fa1e,2,2,Y,Y,2026-04-29,603285.SH,键邦股份,2025年年度报告,http://www.cninfo.com.cn/new/disclosure/detail?stockCode=603285&announcementId=1225236305&orgId=9900053438&announcementTime=2026-04-29,2026-04-29 12:40:20+08:00
004890ecebe62757d25e943b86c94e283b26ee7d80fe823258625265a46aa8a3,2,1,N,N,2026-04-29,603733.SH,仙鹤股份,仙鹤股份有限公司关于2025年度利润分配方案的公告,http://www.cninfo.com.cn/new/disclosure/detail?stockCode=603733&announcementId=1225229955&orgId=9900034849&announcementTime=2026-04-29,2026-04-29 14:42:54+08:00
004890ecebe62757d25e943b86c94e283b26ee7d80fe823258625265a46aa8a3,2,2,Y,Y,2026-04-29,603733.SH,仙鹤股份,仙鹤股份有限公司关于2025年度利润分配方案的公告,http://www.cninfo.com.cn/new/disclosure/detail?stockCode=603733&announcementId=1225229955&orgId=9900034849&announcementTime=2026-04-29,2026-04-29 14:42:54+08:00
e8ffadc02f97c6535d8b001bed1f1af8e72f8a3bd93314b1d98e8aba797a9f88,2,1,N,N,2026-04-29,688130.SH,晶华微,晶华微市值管理制度,http://www.cninfo.com.cn/new/disclosure/detail?stockCode=688130&announcementId=1225241116&orgId=9900048061&announcementTime=2026-04-29,2026-04-29 13:27:49+08:00
e8ffadc02f97c6535d8b001bed1f1af8e72f8a3bd93314b1d98e8aba797a9f88,2,2,Y,Y,2026-04-29,688130.SH,晶华微,晶华微市值管理制度,http://www.cninfo.com.cn/new/disclosure/detail?stockCode=688130&announcementId=1225241116&orgId=9900048061&announcementTime=2026-04-29,2026-04-29 13:27:49+08:00
ee92337a357330970ee8649b63623bbc2cb4564b4269bb31ff0feb8e67f3cdca,2,1,N,N,2026-04-29,688135.SH,利扬芯片,2025年度内部控制评价报告,http://www.cninfo.com.cn/new/disclosure/detail?stockCode=688135&announcementId=1225236310&orgId=gfbj0833474&announcementTime=2026-04-29,2026-04-29 12:40:20+08:00
ee92337a357330970ee8649b63623bbc2cb4564b4269bb31ff0feb8e67f3cdca,2,2,Y,Y,2026-04-29,688135.SH,利扬芯片,2025年度内部控制评价报告,http://www.cninfo.com.cn/new/disclosure/detail?stockCode=688135&announcementId=1225236310&orgId=gfbj0833474&announcementTime=2026-04-29,2026-04-29 12:40:20+08:00
cb0028705a3bb228082e5de2ba7c6fb7afcb1a248a3bbcfaa8b852c8091ff095,2,1,N,N,2026-04-29,688135.SH,利扬芯片,董事会对独立董事独立性自查情况的专项报告,http://www.cninfo.com.cn/new/disclosure/detail?stockCode=688135&announcementId=1225236317&orgId=gfbj0833474&announcementTime=2026-04-29,2026-04-29 12:40:20+08:00
cb0028705a3bb228082e5de2ba7c6fb7afcb1a248a3bbcfaa8b852c8091ff095,2,2,Y,Y,2026-04-29,688135.SH,利扬芯片,董事会对独立董事独立性自查情况的专项报告,http://www.cninfo.com.cn/new/disclosure/detail?stockCode=688135&announcementId=1225236317&orgId=gfbj0833474&announcementTime=2026-04-29,2026-04-29 12:40:20+08:00
e90243560d1ef299f3b0dac94ad08ca66216881f282419bcf268d6d6fd9b2733,2,1,N,N,2026-04-29,688191.SH,智洋创新,关于召开2025年度暨2026第一季度业绩说明会的公告,http://www.cninfo.com.cn/new/disclosure/detail?stockCode=688191&announcementId=1225236513&orgId=gfbj0831681&announcementTime=2026-04-29,2026-04-29 13:27:49+08:00
e90243560d1ef299f3b0dac94ad08ca66216881f282419bcf268d6d6fd9b2733,2,2,Y,Y,2026-04-29,688191.SH,智洋创新,关于召开2025年度暨2026第一季度业绩说明会的公告,http://www.cninfo.com.cn/new/disclosure/detail?stockCode=688191&announcementId=1225236513&orgId=gfbj0831681&announcementTime=2026-04-29,2026-04-29 13:27:49+08:00
de0432ada4f8c17425d26d8e2c5411cc1aebf4b4986622a433ba54729020e9f7,2,1,N,N,2026-04-29,688246.SH,嘉和美康,2026年第一季度报告,http://www.cninfo.com.cn/new/disclosure/detail?stockCode=688246&announcementId=1225250298&orgId=nssc1000020&announcementTime=2026-04-29,2026-04-29 13:27:49+08:00
de0432ada4f8c17425d26d8e2c5411cc1aebf4b4986622a433ba54729020e9f7,2,2,Y,Y,2026-04-29,688246.SH,嘉和美康,2026年第一季度报告,http://www.cninfo.com.cn/new/disclosure/detail?stockCode=688246&announcementId=1225250298&orgId=nssc1000020&announcementTime=2026-04-29,2026-04-29 13:27:49+08:00
1eb20c3f6846ad63e4c22f456de9b27b1abbc8bef539a4ed82382c5a74da05a2,2,1,N,N,2026-04-29,688256.SH,寒武纪,中信证券股份有限公司关于中科寒武纪科技股份有限公司差异化权益分派特殊除权除息事项的核查意见,http://www.cninfo.com.cn/new/disclosure/detail?stockCode=688256&announcementId=1225239002&orgId=nssc1000595&announcementTime=2026-04-29,2026-04-29 13:27:49+08:00
1eb20c3f6846ad63e4c22f456de9b27b1abbc8bef539a4ed82382c5a74da05a2,2,2,Y,Y,2026-04-29,688256.SH,寒武纪,中信证券股份有限公司关于中科寒武纪科技股份有限公司差异化权益分派特殊除权除息事项的核查意见,http://www.cninfo.com.cn/new/disclosure/detail?stockCode=688256&announcementId=1225239002&orgId=nssc1000595&announcementTime=2026-04-29,2026-04-29 13:27:49+08:00
49d5b78175aa67f42961ff329245b3b8753a51c49df3aee02aed607449f5d58f,2,1,N,N,2026-04-29,688286.SH,敏芯股份,上海博爱方本律师事务所关于苏州敏芯微电子技术股份有限公司2022年股票期权激励计划注销部分已获授但尚未行权的股票期权及预留授予部分股票期权第二个行权期行权条件达成相关事项之法律意见书,http://www.cninfo.com.cn/new/disclosure/detail?stockCode=688286&announcementId=1225245236&orgId=gfbj0836736&announcementTime=2026-04-29,2026-05-12 12:14:28+08:00
49d5b78175aa67f42961ff329245b3b8753a51c49df3aee02aed607449f5d58f,2,2,Y,Y,2026-04-29,688286.SH,敏芯股份,上海博爱方本律师事务所关于苏州敏芯微电子技术股份有限公司2022年股票期权激励计划注销部分已获授但尚未行权的股票期权及预留授予部分股票期权第二个行权期行权条件达成相关事项之法律意见书,http://www.cninfo.com.cn/new/disclosure/detail?stockCode=688286&announcementId=1225245236&orgId=gfbj0836736&announcementTime=2026-04-29,2026-05-12 12:14:28+08:00
092ac14b7bb2f83be667f11bb3b42b3e27fad7a930083fc3f385ebb95f305006,2,1,N,N,2026-04-29,688286.SH,敏芯股份,国泰海通证券股份有限公司关于苏州敏芯微电子技术股份有限公司2025年度持续督导工作现场检查报告,http://www.cninfo.com.cn/new/disclosure/detail?stockCode=688286&announcementId=1225245260&orgId=gfbj0836736&announcementTime=2026-04-29,2026-05-12 12:14:28+08:00
092ac14b7bb2f83be667f11bb3b42b3e27fad7a930083fc3f385ebb95f305006,2,2,Y,Y,2026-04-29,688286.SH,敏芯股份,国泰海通证券股份有限公司关于苏州敏芯微电子技术股份有限公司2025年度持续督导工作现场检查报告,http://www.cninfo.com.cn/new/disclosure/detail?stockCode=688286&announcementId=1225245260&orgId=gfbj0836736&announcementTime=2026-04-29,2026-05-12 12:14:28+08:00
468196d374ae3049e282ada41d70a59d50145b828b3fc3899a1253f97766dfe6,2,1,N,N,2026-04-29,688691.SH,灿芯股份,2026年限制性股票激励计划调整及首次授予相关事项之法律意见书,http://www.cninfo.com.cn/new/disclosure/detail?stockCode=688691&announcementId=1225234079&orgId=9900050044&announcementTime=2026-04-29,2026-04-29 13:27:49+08:00
468196d374ae3049e282ada41d70a59d50145b828b3fc3899a1253f97766dfe6,2,2,Y,Y,2026-04-29,688691.SH,灿芯股份,2026年限制性股票激励计划调整及首次授予相关事项之法律意见书,http://www.cninfo.com.cn/new/disclosure/detail?stockCode=688691&announcementId=1225234079&orgId=9900050044&announcementTime=2026-04-29,2026-04-29 13:27:49+08:00
17792e604ac86eaf356a16985b7207bbb1a4e0063d4e4a7eaa7dbe766f9ffbd3,2,1,N,N,2026-04-30,301030.SZ,仕净科技,2025年年度审计报告,http://www.cninfo.com.cn/new/disclosure/detail?stockCode=301030&announcementId=1225268784&orgId=gfbj0835710&announcementTime=2026-04-30,2026-04-30 00:44:13+08:00
17792e604ac86eaf356a16985b7207bbb1a4e0063d4e4a7eaa7dbe766f9ffbd3,2,2,Y,Y,2026-04-30,301030.SZ,仕净科技,2025年年度审计报告,http://www.cninfo.com.cn/new/disclosure/detail?stockCode=301030&announcementId=1225268784&orgId=gfbj0835710&announcementTime=2026-04-30,2026-04-30 00:44:13+08:00
e7fc0228caf46d80b0070e96d3aaf07b10fb7419afc264eb808bfccf799874da,2,1,N,N,2026-04-30,301030.SZ,仕净科技,2025年年度报告,http://www.cninfo.com.cn/new/disclosure/detail?stockCode=301030&announcementId=1225268782&orgId=gfbj0835710&announcementTime=2026-04-30,2026-04-30 00:44:13+08:00
e7fc0228caf46d80b0070e96d3aaf07b10fb7419afc264eb808bfccf799874da,2,2,Y,Y,2026-04-30,301030.SZ,仕净科技,2025年年度报告,http://www.cninfo.com.cn/new/disclosure/detail?stockCode=301030&announcementId=1225268782&orgId=gfbj0835710&announcementTime=2026-04-30,2026-04-30 00:44:13+08:00
03819fe56cfd8c7dfd8826d1f72eb48e7bef66a652c55c11300e6d6d396a593e,2,1,N,N,2026-04-30,600305.SH,恒顺醋业,江苏恒顺醋业股份有限公司关于召开2025年年度股东会的通知,http://www.cninfo.com.cn/new/disclosure/detail?stockCode=600305&announcementId=1225256941&orgId=gssh0600305&announcementTime=2026-04-30,2026-04-29 18:10:00+08:00
03819fe56cfd8c7dfd8826d1f72eb48e7bef66a652c55c11300e6d6d396a593e,2,2,Y,Y,2026-04-30,600305.SH,恒顺醋业,江苏恒顺醋业股份有限公司关于召开2025年年度股东会的通知,http://www.cninfo.com.cn/new/disclosure/detail?stockCode=600305&announcementId=1225256941&orgId=gssh0600305&announcementTime=2026-04-30,2026-04-29 18:10:00+08:00
c05626692dd6cd4c763524075eefeb093076be1a994efe9259a9054a302a3571,2,1,N,N,2026-04-30,600400.SH,红豆股份,红豆股份2025年年度报告,http://www.cninfo.com.cn/new/disclosure/detail?stockCode=600400&announcementId=1225268532&orgId=gssh0600400&announcementTime=2026-04-30,2026-04-30 00:44:13+08:00
c05626692dd6cd4c763524075eefeb093076be1a994efe9259a9054a302a3571,2,2,Y,Y,2026-04-30,600400.SH,红豆股份,红豆股份2025年年度报告,http://www.cninfo.com.cn/new/disclosure/detail?stockCode=600400&announcementId=1225268532&orgId=gssh0600400&announcementTime=2026-04-30,2026-04-30 00:44:13+08:00
a952f1b8fe525ab4396b56ed78d48a7aec284f917d56207e0844e40fb8b244fa,2,1,N,N,2026-04-30,600400.SH,红豆股份,红豆股份董事、高级管理人员薪酬管理制度（2026年4月修订）,http://www.cninfo.com.cn/new/disclosure/detail?stockCode=600400&announcementId=1225268514&orgId=gssh0600400&announcementTime=2026-04-30,2026-04-30 00:44:13+08:00
a952f1b8fe525ab4396b56ed78d48a7aec284f917d56207e0844e40fb8b244fa,2,2,Y,Y,2026-04-30,600400.SH,红豆股份,红豆股份董事、高级管理人员薪酬管理制度（2026年4月修订）,http://www.cninfo.com.cn/new/disclosure/detail?stockCode=600400&announcementId=1225268514&orgId=gssh0600400&announcementTime=2026-04-30,2026-04-30 00:44:13+08:00
43e7449a085a8799b682a8b007af7b85e5faa97009bbe87e0779c0bc76627ce8,2,1,N,N,2026-04-30,600400.SH,红豆股份,红豆股份董事会审计委员会对会计师事务所2025年度履行监督职责情况报告,http://www.cninfo.com.cn/new/disclosure/detail?stockCode=600400&announcementId=1225268516&orgId=gssh0600400&announcementTime=2026-04-30,2026-04-30 00:44:13+08:00
43e7449a085a8799b682a8b007af7b85e5faa97009bbe87e0779c0bc76627ce8,2,2,Y,Y,2026-04-30,600400.SH,红豆股份,红豆股份董事会审计委员会对会计师事务所2025年度履行监督职责情况报告,http://www.cninfo.com.cn/new/disclosure/detail?stockCode=600400&announcementId=1225268516&orgId=gssh0600400&announcementTime=2026-04-30,2026-04-30 00:44:13+08:00
ecef85f6c1129b8a4eda192743e375487e2c28f924ff5771a0fd944a89cb775a,2,1,N,N,2026-04-30,600458.SH,时代新材,关于回购注销部分限制性股票通知债权人的公告,http://www.cninfo.com.cn/new/disclosure/detail?stockCode=600458&announcementId=1225256979&orgId=gssh0600458&announcementTime=2026-04-30,2026-04-29 18:10:00+08:00
ecef85f6c1129b8a4eda192743e375487e2c28f924ff5771a0fd944a89cb775a,2,2,Y,Y,2026-04-30,600458.SH,时代新材,关于回购注销部分限制性股票通知债权人的公告,http://www.cninfo.com.cn/new/disclosure/detail?stockCode=600458&announcementId=1225256979&orgId=gssh0600458&announcementTime=2026-04-30,2026-04-29 18:10:00+08:00
2970cc6a8d0ded6feb17f53fc337fcacaac3784ac5a7e9dce47b7b7fa58ee992,2,1,N,N,2026-04-30,600745.SH,闻泰科技,2025年年度报告摘要,http://www.cninfo.com.cn/new/disclosure/detail?stockCode=600745&announcementId=1225266551&orgId=gssh0600745&announcementTime=2026-04-30,2026-05-13 12:06:29+08:00
2970cc6a8d0ded6feb17f53fc337fcacaac3784ac5a7e9dce47b7b7fa58ee992,2,2,Y,Y,2026-04-30,600745.SH,闻泰科技,2025年年度报告摘要,http://www.cninfo.com.cn/new/disclosure/detail?stockCode=600745&announcementId=1225266551&orgId=gssh0600745&announcementTime=2026-04-30,2026-05-13 12:06:29+08:00
724df8a74f933ade5d2db4aa0f3af5bda98b00a35d5b7da49a3ea0b02f6f285c,2,1,N,N,2026-04-30,600745.SH,闻泰科技,2025年度募集资金存放、管理与实际使用情况的鉴证报告,http://www.cninfo.com.cn/new/disclosure/detail?stockCode=600745&announcementId=1225266548&orgId=gssh0600745&announcementTime=2026-04-30,2026-05-13 12:06:29+08:00
724df8a74f933ade5d2db4aa0f3af5bda98b00a35d5b7da49a3ea0b02f6f285c,2,2,Y,Y,2026-04-30,600745.SH,闻泰科技,2025年度募集资金存放、管理与实际使用情况的鉴证报告,http://www.cninfo.com.cn/new/disclosure/detail?stockCode=600745&announcementId=1225266548&orgId=gssh0600745&announcementTime=2026-04-30,2026-05-13 12:06:29+08:00
992b385a6624584cd0dbaac854bb183c6242740a61f77c205edf2bc173f7ce1a,2,1,N,N,2026-04-30,600745.SH,闻泰科技,关于2026年度担保计划的公告,http://www.cninfo.com.cn/new/disclosure/detail?stockCode=600745&announcementId=1225266539&orgId=gssh0600745&announcementTime=2026-04-30,2026-05-13 12:06:29+08:00
992b385a6624584cd0dbaac854bb183c6242740a61f77c205edf2bc173f7ce1a,2,2,Y,Y,2026-04-30,600745.SH,闻泰科技,关于2026年度担保计划的公告,http://www.cninfo.com.cn/new/disclosure/detail?stockCode=600745&announcementId=1225266539&orgId=gssh0600745&announcementTime=2026-04-30,2026-05-13 12:06:29+08:00
b1187316bbace65f578a4ceb08c63fb2d1677d80a25fe5452f627224b5e137f3,2,1,N,N,2026-04-30,600745.SH,闻泰科技,关于会计师事务所2025年度履职情况的评估报告,http://www.cninfo.com.cn/new/disclosure/detail?stockCode=600745&announcementId=1225266521&orgId=gssh0600745&announcementTime=2026-04-30,2026-05-13 12:06:29+08:00
b1187316bbace65f578a4ceb08c63fb2d1677d80a25fe5452f627224b5e137f3,2,2,Y,Y,2026-04-30,600745.SH,闻泰科技,关于会计师事务所2025年度履职情况的评估报告,http://www.cninfo.com.cn/new/disclosure/detail?stockCode=600745&announcementId=1225266521&orgId=gssh0600745&announcementTime=2026-04-30,2026-05-13 12:06:29+08:00
17b52ba56f8984eb4d02facab2e620cc55d1fdae66d44d32df0cc53066ef058a,2,1,N,N,2026-04-30,600745.SH,闻泰科技,关于公司股票被实施退市风险警示并叠加其他风险警示暨停牌的公告,http://www.cninfo.com.cn/new/disclosure/detail?stockCode=600745&announcementId=1225266560&orgId=gssh0600745&announcementTime=2026-04-30,2026-05-13 12:06:29+08:00
17b52ba56f8984eb4d02facab2e620cc55d1fdae66d44d32df0cc53066ef058a,2,2,Y,Y,2026-04-30,600745.SH,闻泰科技,关于公司股票被实施退市风险警示并叠加其他风险警示暨停牌的公告,http://www.cninfo.com.cn/new/disclosure/detail?stockCode=600745&announcementId=1225266560&orgId=gssh0600745&announcementTime=2026-04-30,2026-05-13 12:06:29+08:00
42e4c6579b1ed2b6ee0b0ba292fb01b35192501cd2f086a6f626098e43d593de,2,1,N,N,2026-04-30,600745.SH,闻泰科技,关于计提资产减值准备的公告,http://www.cninfo.com.cn/new/disclosure/detail?stockCode=600745&announcementId=1225266519&orgId=gssh0600745&announcementTime=2026-04-30,2026-05-13 12:06:29+08:00
42e4c6579b1ed2b6ee0b0ba292fb01b35192501cd2f086a6f626098e43d593de,2,2,Y,Y,2026-04-30,600745.SH,闻泰科技,关于计提资产减值准备的公告,http://www.cninfo.com.cn/new/disclosure/detail?stockCode=600745&announcementId=1225266519&orgId=gssh0600745&announcementTime=2026-04-30,2026-05-13 12:06:29+08:00
4f89a4e15cb1f94b544b9a2af25202f6824895fac0a5877ace1f9496f7ec35c6,2,1,N,N,2026-04-30,600745.SH,闻泰科技,华泰联合证券有限责任公司关于闻泰科技股份有限公司2025年度募集资金存放和使用情况的专项核查意见,http://www.cninfo.com.cn/new/disclosure/detail?stockCode=600745&announcementId=1225266558&orgId=gssh0600745&announcementTime=2026-04-30,2026-05-13 12:06:29+08:00
4f89a4e15cb1f94b544b9a2af25202f6824895fac0a5877ace1f9496f7ec35c6,2,2,Y,Y,2026-04-30,600745.SH,闻泰科技,华泰联合证券有限责任公司关于闻泰科技股份有限公司2025年度募集资金存放和使用情况的专项核查意见,http://www.cninfo.com.cn/new/disclosure/detail?stockCode=600745&announcementId=1225266558&orgId=gssh0600745&announcementTime=2026-04-30,2026-05-13 12:06:29+08:00
ab89a9a6f2676d56d69347a1e9f54f2e53d5e145506fd12e88ac16b443e83abf,2,1,N,N,2026-04-30,600745.SH,闻泰科技,董事会关于公司2025年度无法表示意见的审计报告的专项说明,http://www.cninfo.com.cn/new/disclosure/detail?stockCode=600745&announcementId=1225266554&orgId=gssh0600745&announcementTime=2026-04-30,2026-05-13 12:06:29+08:00
ab89a9a6f2676d56d69347a1e9f54f2e53d5e145506fd12e88ac16b443e83abf,2,2,Y,Y,2026-04-30,600745.SH,闻泰科技,董事会关于公司2025年度无法表示意见的审计报告的专项说明,http://www.cninfo.com.cn/new/disclosure/detail?stockCode=600745&announcementId=1225266554&orgId=gssh0600745&announcementTime=2026-04-30,2026-05-13 12:06:29+08:00
8792de8fdd2707f914ecbe538dd448aa79153c0037c8260f9558a9e9901b77ac,2,1,N,N,2026-04-30,600745.SH,闻泰科技,董事会对独立董事独立性自查情况的专项报告,http://www.cninfo.com.cn/new/disclosure/detail?stockCode=600745&announcementId=1225266545&orgId=gssh0600745&announcementTime=2026-04-30,2026-05-13 12:06:29+08:00
8792de8fdd2707f914ecbe538dd448aa79153c0037c8260f9558a9e9901b77ac,2,2,Y,Y,2026-04-30,600745.SH,闻泰科技,董事会对独立董事独立性自查情况的专项报告,http://www.cninfo.com.cn/new/disclosure/detail?stockCode=600745&announcementId=1225266545&orgId=gssh0600745&announcementTime=2026-04-30,2026-05-13 12:06:29+08:00
ca2ec5da9ed7a1b4bd0f0b1b639cda7140084d509ad9a9469b76cd0ca38634f9,2,1,N,N,2026-04-30,603389.SH,*ST亚振,会计差错调整的专项说明的鉴证报告-中审亚太审字（2026）006687号,http://www.cninfo.com.cn/new/disclosure/detail?stockCode=603389&announcementId=1225268818&orgId=9900026793&announcementTime=2026-04-30,2026-04-30 00:44:13+08:00
ca2ec5da9ed7a1b4bd0f0b1b639cda7140084d509ad9a9469b76cd0ca38634f9,2,2,Y,Y,2026-04-30,603389.SH,*ST亚振,会计差错调整的专项说明的鉴证报告-中审亚太审字（2026）006687号,http://www.cninfo.com.cn/new/disclosure/detail?stockCode=603389&announcementId=1225268818&orgId=9900026793&announcementTime=2026-04-30,2026-04-30 00:44:13+08:00
7d4b24a15c0f5cfdf33e73043fb92d90ec9e59feaa77adae1e24701aadae2b41,2,1,N,N,2026-04-30,603520.SH,司太立,司太立2026年一季度报告,http://www.cninfo.com.cn/new/disclosure/detail?stockCode=603520&announcementId=1225256878&orgId=9900024955&announcementTime=2026-04-30,2026-04-29 18:10:00+08:00
7d4b24a15c0f5cfdf33e73043fb92d90ec9e59feaa77adae1e24701aadae2b41,2,2,Y,Y,2026-04-30,603520.SH,司太立,司太立2026年一季度报告,http://www.cninfo.com.cn/new/disclosure/detail?stockCode=603520&announcementId=1225256878&orgId=9900024955&announcementTime=2026-04-30,2026-04-29 18:10:00+08:00
4322b0cb688ee2dd00e7731da3529fb407e233efd1fdfad9c76377d67138dc80,2,1,N,N,2026-04-30,603520.SH,司太立,浙江司太立制药股份有限公司独立董事候选人声明与承诺（章晓科）,http://www.cninfo.com.cn/new/disclosure/detail?stockCode=603520&announcementId=1225256881&orgId=9900024955&announcementTime=2026-04-30,2026-04-29 18:10:00+08:00
4322b0cb688ee2dd00e7731da3529fb407e233efd1fdfad9c76377d67138dc80,2,2,Y,Y,2026-04-30,603520.SH,司太立,浙江司太立制药股份有限公司独立董事候选人声明与承诺（章晓科）,http://www.cninfo.com.cn/new/disclosure/detail?stockCode=603520&announcementId=1225256881&orgId=9900024955&announcementTime=2026-04-30,2026-04-29 18:10:00+08:00
c79d61750aef3781aad00dde9a3a63e1ea1d4613bc95a616cd79a798ac112190,2,1,N,N,2026-04-30,603718.SH,海利生物,海利生物关于修订《公司章程》的公告,http://www.cninfo.com.cn/new/disclosure/detail?stockCode=603718&announcementId=1225261838&orgId=9900023467&announcementTime=2026-04-30,2026-04-29 19:57:52+08:00
c79d61750aef3781aad00dde9a3a63e1ea1d4613bc95a616cd79a798ac112190,2,2,Y,Y,2026-04-30,603718.SH,海利生物,海利生物关于修订《公司章程》的公告,http://www.cninfo.com.cn/new/disclosure/detail?stockCode=603718&announcementId=1225261838&orgId=9900023467&announcementTime=2026-04-30,2026-04-29 19:57:52+08:00
23c2010e7c2d77a24d5a375fe6b5ca84739d2009b359e11f4193cfcfc915c1cf,2,1,N,N,2026-04-30,603822.SH,ST嘉澳,2026年第一季度报告,http://www.cninfo.com.cn/new/disclosure/detail?stockCode=603822&announcementId=1225256900&orgId=9900023474&announcementTime=2026-04-30,2026-04-29 18:10:00+08:00
23c2010e7c2d77a24d5a375fe6b5ca84739d2009b359e11f4193cfcfc915c1cf,2,2,Y,Y,2026-04-30,603822.SH,ST嘉澳,2026年第一季度报告,http://www.cninfo.com.cn/new/disclosure/detail?stockCode=603822&announcementId=1225256900&orgId=9900023474&announcementTime=2026-04-30,2026-04-29 18:10:00+08:00
2328467e5fc73aeef850afd120e1a4da66ad0afbc33b0808351259968837bbe6,2,1,N,N,2026-04-30,688189.SH,南新制药,2025年年度股东会会议资料,http://www.cninfo.com.cn/new/disclosure/detail?stockCode=688189&announcementId=1225268724&orgId=9900039656&announcementTime=2026-04-30,2026-04-30 00:44:13+08:00
2328467e5fc73aeef850afd120e1a4da66ad0afbc33b0808351259968837bbe6,2,2,Y,Y,2026-04-30,688189.SH,南新制药,2025年年度股东会会议资料,http://www.cninfo.com.cn/new/disclosure/detail?stockCode=688189&announcementId=1225268724&orgId=9900039656&announcementTime=2026-04-30,2026-04-30 00:44:13+08:00
b7b7348e7c623181898e2b84ee0cdecbec66acafeec487dee626b82ccbf42ce7,2,1,N,N,2026-05-01,600089.SH,特变电工,北京市竞天公诚律师事务所关于特变电工股份有限公司向不特定对象发行可转换公司债券之补充法律意见书（一）（豁免版）,http://www.cninfo.com.cn/new/disclosure/detail?stockCode=600089&announcementId=1225271671&orgId=gssh0600089&announcementTime=2026-05-01,2026-04-30 18:58:20+08:00
b7b7348e7c623181898e2b84ee0cdecbec66acafeec487dee626b82ccbf42ce7,2,2,Y,Y,2026-05-01,600089.SH,特变电工,北京市竞天公诚律师事务所关于特变电工股份有限公司向不特定对象发行可转换公司债券之补充法律意见书（一）（豁免版）,http://www.cninfo.com.cn/new/disclosure/detail?stockCode=600089&announcementId=1225271671&orgId=gssh0600089&announcementTime=2026-05-01,2026-04-30 18:58:20+08:00
0be6bf6839d21eff2a7a6c4879e7708ce2cd29c21d6384eb1ff536da09405056,2,1,N,N,2026-05-01,600114.SH,东睦股份,东睦股份关于联营企业放弃深圳小象电动科技有限公司股权转让优先购买权及增资优先认购权的公告,http://www.cninfo.com.cn/new/disclosure/detail?stockCode=600114&announcementId=1225272029&orgId=gssh0600114&announcementTime=2026-05-01,2026-04-30 18:58:20+08:00
0be6bf6839d21eff2a7a6c4879e7708ce2cd29c21d6384eb1ff536da09405056,2,2,Y,Y,2026-05-01,600114.SH,东睦股份,东睦股份关于联营企业放弃深圳小象电动科技有限公司股权转让优先购买权及增资优先认购权的公告,http://www.cninfo.com.cn/new/disclosure/detail?stockCode=600114&announcementId=1225272029&orgId=gssh0600114&announcementTime=2026-05-01,2026-04-30 18:58:20+08:00
a2b574a262ae316958f56dcf5aa4bd8716c3b08bb67a88b3e7990de76a7287ba,2,1,N,N,2026-05-01,600660.SH,福耀玻璃,福耀玻璃股东会议事规则（2026年第一次修订）,http://www.cninfo.com.cn/new/disclosure/detail?stockCode=600660&announcementId=1225272051&orgId=gssh0600660&announcementTime=2026-05-01,2026-04-30 18:58:20+08:00
a2b574a262ae316958f56dcf5aa4bd8716c3b08bb67a88b3e7990de76a7287ba,2,2,Y,Y,2026-05-01,600660.SH,福耀玻璃,福耀玻璃股东会议事规则（2026年第一次修订）,http://www.cninfo.com.cn/new/disclosure/detail?stockCode=600660&announcementId=1225272051&orgId=gssh0600660&announcementTime=2026-05-01,2026-04-30 18:58:20+08:00
9070d1b81742faaf8d695016f68fc249746dec25e952c7f1883f00ad7ef052f3,2,1,N,N,2026-05-01,600703.SH,三安光电,三安光电股份有限公司关于控股股东股份被轮候冻结的公告,http://www.cninfo.com.cn/new/disclosure/detail?stockCode=600703&announcementId=1225272114&orgId=gssh0600703&announcementTime=2026-05-01,2026-04-30 18:58:20+08:00
9070d1b81742faaf8d695016f68fc249746dec25e952c7f1883f00ad7ef052f3,2,2,Y,Y,2026-05-01,600703.SH,三安光电,三安光电股份有限公司关于控股股东股份被轮候冻结的公告,http://www.cninfo.com.cn/new/disclosure/detail?stockCode=600703&announcementId=1225272114&orgId=gssh0600703&announcementTime=2026-05-01,2026-04-30 18:58:20+08:00
00a095690cb802386e5368a02717f0d1d7bcfa367cc4850897d2daf4867d0b0c,2,1,N,N,2026-05-01,688707.SH,振华新材,第七届董事会独立董事2026年第一次专门会议决议,http://www.cninfo.com.cn/new/disclosure/detail?stockCode=688707&announcementId=1225271814&orgId=gfbj0870341&announcementTime=2026-05-01,2026-04-30 18:58:20+08:00
00a095690cb802386e5368a02717f0d1d7bcfa367cc4850897d2daf4867d0b0c,2,2,Y,Y,2026-05-01,688707.SH,振华新材,第七届董事会独立董事2026年第一次专门会议决议,http://www.cninfo.com.cn/new/disclosure/detail?stockCode=688707&announcementId=1225271814&orgId=gfbj0870341&announcementTime=2026-05-01,2026-04-30 18:58:20+08:00
7cfcb8cdcd6ca97dd24e37f10cfd6e2659b19ad9d2ea9fc1494427288329bcb7,2,1,N,N,2026-05-07,688251.SH,井松智能,独立董事候选人声明与承诺——翟华,http://www.cninfo.com.cn/new/disclosure/detail?stockCode=688251&announcementId=1225280089&orgId=9900052695&announcementTime=2026-05-07,2026-05-06 18:42:46+08:00
7cfcb8cdcd6ca97dd24e37f10cfd6e2659b19ad9d2ea9fc1494427288329bcb7,2,2,Y,Y,2026-05-07,688251.SH,井松智能,独立董事候选人声明与承诺——翟华,http://www.cninfo.com.cn/new/disclosure/detail?stockCode=688251&announcementId=1225280089&orgId=9900052695&announcementTime=2026-05-07,2026-05-06 18:42:46+08:00
7180a0ecdf7f83012bad8ed448638cab7264d623b131b12fe7f3c8efd0b6a874,2,1,N,N,2026-05-08,600753.SH,*ST海钦,海钦股份2025年年度股东会法律意见书,http://www.cninfo.com.cn/new/disclosure/detail?stockCode=600753&announcementId=1225282476&orgId=gssh0600753&announcementTime=2026-05-08,2026-05-07 20:07:35+08:00
7180a0ecdf7f83012bad8ed448638cab7264d623b131b12fe7f3c8efd0b6a874,2,2,Y,Y,2026-05-08,600753.SH,*ST海钦,海钦股份2025年年度股东会法律意见书,http://www.cninfo.com.cn/new/disclosure/detail?stockCode=600753&announcementId=1225282476&orgId=gssh0600753&announcementTime=2026-05-08,2026-05-07 20:07:35+08:00
b22fbd1a32456b5fe4102755f20479f75ccb6999cae50f97805aa5976e0ef53f,2,1,N,N,2026-05-09,000531.SZ,穗恒运Ａ,2025年度股东会决议公告,http://www.cninfo.com.cn/new/disclosure/detail?stockCode=000531&announcementId=1225284945&orgId=gssz0000531&announcementTime=2026-05-09,2026-05-08 19:11:10+08:00
b22fbd1a32456b5fe4102755f20479f75ccb6999cae50f97805aa5976e0ef53f,2,2,Y,Y,2026-05-09,000531.SZ,穗恒运Ａ,2025年度股东会决议公告,http://www.cninfo.com.cn/new/disclosure/detail?stockCode=000531&announcementId=1225284945&orgId=gssz0000531&announcementTime=2026-05-09,2026-05-08 19:11:10+08:00
f1b1274a2d4d4fbc5244bdfdfb53ad54d3a93325be801d5c8ba38dfe7bd6eaa6,2,1,N,N,2026-05-09,002759.SZ,天际股份,2025年年度股东会决议公告,http://www.cninfo.com.cn/new/disclosure/detail?stockCode=002759&announcementId=1225285076&orgId=9900023778&announcementTime=2026-05-09,2026-05-08 19:11:10+08:00
f1b1274a2d4d4fbc5244bdfdfb53ad54d3a93325be801d5c8ba38dfe7bd6eaa6,2,2,Y,Y,2026-05-09,002759.SZ,天际股份,2025年年度股东会决议公告,http://www.cninfo.com.cn/new/disclosure/detail?stockCode=002759&announcementId=1225285076&orgId=9900023778&announcementTime=2026-05-09,2026-05-08 19:11:10+08:00
9d983096a90172d4ccedb3e0144b03d6ef07ecaaf133b2576f61469f6fee6379,2,1,N,N,2026-05-09,300575.SZ,中旗股份,2025年限制性股票激励计划（修订稿）,http://www.cninfo.com.cn/new/disclosure/detail?stockCode=300575&announcementId=1225284938&orgId=gfbj0831223&announcementTime=2026-05-09,2026-05-08 19:11:10+08:00
9d983096a90172d4ccedb3e0144b03d6ef07ecaaf133b2576f61469f6fee6379,2,2,Y,Y,2026-05-09,300575.SZ,中旗股份,2025年限制性股票激励计划（修订稿）,http://www.cninfo.com.cn/new/disclosure/detail?stockCode=300575&announcementId=1225284938&orgId=gfbj0831223&announcementTime=2026-05-09,2026-05-08 19:11:10+08:00
1f7885cac28d6a75f9792dffa880f1166541540a1b7f03884d1fef1989ff6873,2,1,N,N,2026-05-12,000726.SZ,鲁  泰Ａ,000726鲁  泰Ａ投资者关系管理信息20260512,http://www.cninfo.com.cn/new/disclosure/detail?stockCode=000726&announcementId=1225302567&orgId=gssz0000726&announcementTime=2026-05-12,2026-05-13 08:38:30+08:00
1f7885cac28d6a75f9792dffa880f1166541540a1b7f03884d1fef1989ff6873,2,2,Y,Y,2026-05-12,000726.SZ,鲁  泰Ａ,000726鲁  泰Ａ投资者关系管理信息20260512,http://www.cninfo.com.cn/new/disclosure/detail?stockCode=000726&announcementId=1225302567&orgId=gssz0000726&announcementTime=2026-05-12,2026-05-13 08:38:30+08:00
29174a7bbb916abdc523f76427911e568e3fe85545074b3957b6285eb8424433,2,1,N,N,2026-05-12,000766.SZ,通化金马,关于参加2026年吉林辖区上市公司投资者网上集体接待日活动的公告,http://www.cninfo.com.cn/new/disclosure/detail?stockCode=000766&announcementId=1225289201&orgId=gssz0000766&announcementTime=2026-05-12,2026-05-11 16:04:55+08:00
29174a7bbb916abdc523f76427911e568e3fe85545074b3957b6285eb8424433,2,2,Y,Y,2026-05-12,000766.SZ,通化金马,关于参加2026年吉林辖区上市公司投资者网上集体接待日活动的公告,http://www.cninfo.com.cn/new/disclosure/detail?stockCode=000766&announcementId=1225289201&orgId=gssz0000766&announcementTime=2026-05-12,2026-05-11 16:04:55+08:00
db042ab0cefa155a6b13f75373805ee9e8060098669be528e1e6f8900cb7ca85,2,1,N,N,2026-05-12,000990.SZ,诚志股份,关于参加江西辖区上市公司2026年投资者网上集体接待日活动的公告,http://www.cninfo.com.cn/new/disclosure/detail?stockCode=000990&announcementId=1225289198&orgId=gssz0000990&announcementTime=2026-05-12,2026-05-11 16:04:55+08:00
db042ab0cefa155a6b13f75373805ee9e8060098669be528e1e6f8900cb7ca85,2,2,Y,Y,2026-05-12,000990.SZ,诚志股份,关于参加江西辖区上市公司2026年投资者网上集体接待日活动的公告,http://www.cninfo.com.cn/new/disclosure/detail?stockCode=000990&announcementId=1225289198&orgId=gssz0000990&announcementTime=2026-05-12,2026-05-11 16:04:55+08:00
bc7db4c1fde49d333d7ba8b4972daf1ca499b1a9c63b386610d1bbb038a2e472,2,1,N,N,2026-05-12,001339.SZ,智微智能,2026年5月12日投资者关系活动记录表,http://www.cninfo.com.cn/new/disclosure/detail?stockCode=001339&announcementId=1225301163&orgId=9900049006&announcementTime=2026-05-12,2026-05-13 08:38:30+08:00
bc7db4c1fde49d333d7ba8b4972daf1ca499b1a9c63b386610d1bbb038a2e472,2,2,Y,Y,2026-05-12,001339.SZ,智微智能,2026年5月12日投资者关系活动记录表,http://www.cninfo.com.cn/new/disclosure/detail?stockCode=001339&announcementId=1225301163&orgId=9900049006&announcementTime=2026-05-12,2026-05-13 08:38:30+08:00
83c66edc69cc57b82d51169e94253cfad832b345fcd81d2bf66a76a739ad7040,2,1,N,N,2026-05-12,002015.SZ,协鑫能科,2026年5月12日投资者关系活动记录表,http://www.cninfo.com.cn/new/disclosure/detail?stockCode=002015&announcementId=1225302611&orgId=gssz0002015&announcementTime=2026-05-12,2026-05-13 08:38:30+08:00
83c66edc69cc57b82d51169e94253cfad832b345fcd81d2bf66a76a739ad7040,2,2,Y,Y,2026-05-12,002015.SZ,协鑫能科,2026年5月12日投资者关系活动记录表,http://www.cninfo.com.cn/new/disclosure/detail?stockCode=002015&announcementId=1225302611&orgId=gssz0002015&announcementTime=2026-05-12,2026-05-13 08:38:30+08:00
3018326fbabbd19ad5f47d48102539dd2312f45cd0cd336582fdc162ee7bfa43,2,1,N,N,2026-05-12,002270.SZ,华明装备,关于参加2026年山东辖区上市公司投资者网上集体接待日活动的公告,http://www.cninfo.com.cn/new/disclosure/detail?stockCode=002270&announcementId=1225289701&orgId=9900005198&announcementTime=2026-05-12,2026-05-11 16:04:55+08:00
3018326fbabbd19ad5f47d48102539dd2312f45cd0cd336582fdc162ee7bfa43,2,2,Y,Y,2026-05-12,002270.SZ,华明装备,关于参加2026年山东辖区上市公司投资者网上集体接待日活动的公告,http://www.cninfo.com.cn/new/disclosure/detail?stockCode=002270&announcementId=1225289701&orgId=9900005198&announcementTime=2026-05-12,2026-05-11 16:04:55+08:00
b6483298b458ec46da0e2daab67bbd6ef7b00a1e3d098fdca3dc489f02c57a56,2,1,N,N,2026-05-12,002347.SZ,泰尔股份,关于举办2025年度业绩网上说明会的公告,http://www.cninfo.com.cn/new/disclosure/detail?stockCode=002347&announcementId=1225289772&orgId=9900010349&announcementTime=2026-05-12,2026-05-11 16:04:55+08:00
b6483298b458ec46da0e2daab67bbd6ef7b00a1e3d098fdca3dc489f02c57a56,2,2,Y,Y,2026-05-12,002347.SZ,泰尔股份,关于举办2025年度业绩网上说明会的公告,http://www.cninfo.com.cn/new/disclosure/detail?stockCode=002347&announcementId=1225289772&orgId=9900010349&announcementTime=2026-05-12,2026-05-11 16:04:55+08:00
5a16b8d42eb8a5efdffc90afd9650b6ced51b46c8a758d9a6b207958d745849d,2,1,N,N,2026-05-12,002432.SZ,九安医疗,关于2021年股票期权激励计划部分已授予股票期权注销完成的公告,http://www.cninfo.com.cn/new/disclosure/detail?stockCode=002432&announcementId=1225289807&orgId=9900012876&announcementTime=2026-05-12,2026-05-11 16:04:55+08:00
5a16b8d42eb8a5efdffc90afd9650b6ced51b46c8a758d9a6b207958d745849d,2,2,Y,Y,2026-05-12,002432.SZ,九安医疗,关于2021年股票期权激励计划部分已授予股票期权注销完成的公告,http://www.cninfo.com.cn/new/disclosure/detail?stockCode=002432&announcementId=1225289807&orgId=9900012876&announcementTime=2026-05-12,2026-05-11 16:04:55+08:00
05f23376cdf2eea08ecf8cde59911e2551a6040df1e4cd51c4006bb9ea6238d9,2,1,N,N,2026-05-12,002840.SZ,华统股份,2026年4月畜禽销售情况简报,http://www.cninfo.com.cn/new/disclosure/detail?stockCode=002840&announcementId=1225289197&orgId=9900023469&announcementTime=2026-05-12,2026-05-11 16:04:55+08:00
05f23376cdf2eea08ecf8cde59911e2551a6040df1e4cd51c4006bb9ea6238d9,2,2,Y,Y,2026-05-12,002840.SZ,华统股份,2026年4月畜禽销售情况简报,http://www.cninfo.com.cn/new/disclosure/detail?stockCode=002840&announcementId=1225289197&orgId=9900023469&announcementTime=2026-05-12,2026-05-11 16:04:55+08:00
83f38bdfeb4a98b0f899e689c89b9afc9509d376bf53b10db009aa239f75f64e,2,1,N,N,2026-05-12,300236.SZ,上海新阳,300236上海新阳投资者关系管理信息20260512,http://www.cninfo.com.cn/new/disclosure/detail?stockCode=300236&announcementId=1225301766&orgId=9900019391&announcementTime=2026-05-12,2026-05-13 08:38:30+08:00
83f38bdfeb4a98b0f899e689c89b9afc9509d376bf53b10db009aa239f75f64e,2,2,Y,Y,2026-05-12,300236.SZ,上海新阳,300236上海新阳投资者关系管理信息20260512,http://www.cninfo.com.cn/new/disclosure/detail?stockCode=300236&announcementId=1225301766&orgId=9900019391&announcementTime=2026-05-12,2026-05-13 08:38:30+08:00
22ca93029a5fdbaec62ec0d3b3194334f5b3b87d1e5bc4a1226f1e90ce547e7d,2,1,N,N,2026-05-12,300957.SZ,贝泰妮,2026年5月12日投资者关系活动记录表,http://www.cninfo.com.cn/new/disclosure/detail?stockCode=300957&announcementId=1225302741&orgId=9900041876&announcementTime=2026-05-12,2026-05-13 08:38:30+08:00
22ca93029a5fdbaec62ec0d3b3194334f5b3b87d1e5bc4a1226f1e90ce547e7d,2,2,Y,Y,2026-05-12,300957.SZ,贝泰妮,2026年5月12日投资者关系活动记录表,http://www.cninfo.com.cn/new/disclosure/detail?stockCode=300957&announcementId=1225302741&orgId=9900041876&announcementTime=2026-05-12,2026-05-13 08:38:30+08:00
1dae7d3b1411c7a292ae387b939057f7dac09fa15d9105e951253204632f289e,2,1,N,N,2026-05-13,300393.SZ,中来股份,关于累计诉讼、仲裁案件情况的公告,http://www.cninfo.com.cn/new/disclosure/detail?stockCode=300393&announcementId=1225303119&orgId=9900023876&announcementTime=2026-05-13,2026-05-13 18:13:09+08:00
1dae7d3b1411c7a292ae387b939057f7dac09fa15d9105e951253204632f289e,2,2,Y,Y,2026-05-13,300393.SZ,中来股份,关于累计诉讼、仲裁案件情况的公告,http://www.cninfo.com.cn/new/disclosure/detail?stockCode=300393&announcementId=1225303119&orgId=9900023876&announcementTime=2026-05-13,2026-05-13 18:13:09+08:00
e51a5d26a90747f2d78cd9c79b599269afdbe9b22be398cbec2f0a0a63ac1a83,2,1,N,N,2026-05-13,300885.SZ,海昌新材,股东询价转让定价情况提示性公告,http://www.cninfo.com.cn/new/disclosure/detail?stockCode=300885&announcementId=1225303207&orgId=9900039762&announcementTime=2026-05-13,2026-05-13 18:13:09+08:00
e51a5d26a90747f2d78cd9c79b599269afdbe9b22be398cbec2f0a0a63ac1a83,2,2,Y,Y,2026-05-13,300885.SZ,海昌新材,股东询价转让定价情况提示性公告,http://www.cninfo.com.cn/new/disclosure/detail?stockCode=300885&announcementId=1225303207&orgId=9900039762&announcementTime=2026-05-13,2026-05-13 18:13:09+08:00
