trade_date,daily_rows,fund_daily_code_count,matched_basic_count,matched_exchange_basic_count,matched_listed_exchange_basic_count,codes_not_in_etf_basic,etf_basic_total,etf_basic_exchange_total,etf_basic_exchange_listed_total,coverage_of_all_basic_pct,coverage_of_exchange_basic_pct,coverage_of_listed_exchange_basic_pct,fund_daily_count_vs_exchange_basic_pct,total_vol,total_amount
2026-06-03,2003,2003,1541,1541,1541,462,3309,1727,1542,46.57,89.23,99.94,115.98,2000745362.8200,498402350.7340
2026-06-02,2007,2007,1541,1541,1541,466,3309,1727,1542,46.57,89.23,99.94,116.21,2332003582.0800,526655971.7158
2026-06-01,1999,1999,1540,1540,1540,459,3309,1727,1542,46.54,89.17,99.87,115.75,2122954012.4300,510310632.4922
2026-05-29,2011,2011,1538,1538,1538,473,3309,1727,1542,46.48,89.06,99.74,116.44,2363963191.1500,489079342.7063
2026-05-28,2002,2002,1534,1534,1534,468,3309,1727,1542,46.36,88.82,99.48,115.92,1995448915.8100,463853003.2120
2026-05-27,2003,2003,1532,1532,1532,471,3309,1727,1542,46.30,88.71,99.35,115.98,2022170684.0000,483331907.2040
2026-05-26,1996,1996,1532,1532,1532,464,3309,1727,1542,46.30,88.71,99.35,115.58,2121601776.0100,493396210.6060
2026-05-25,1997,1997,1529,1529,1529,468,3309,1727,1542,46.21,88.54,99.16,115.63,1577373139.1700,453250110.4230
2026-05-22,1991,1991,1527,1527,1527,464,3309,1727,1542,46.15,88.42,99.03,115.29,1886964543.2200,507456862.0450
2026-05-21,1996,1996,1525,1525,1525,471,3309,1727,1542,46.09,88.30,98.90,115.58,2310626264.2500,520355846.3290
2026-05-20,1985,1985,1521,1521,1521,464,3309,1727,1542,45.97,88.07,98.64,114.94,1751632166.3200,441288019.6820
2026-05-19,1980,1980,1518,1518,1518,462,3309,1727,1542,45.87,87.90,98.44,114.65,1917662687.1500,473044061.0660
2026-05-18,1977,1977,1518,1518,1518,459,3309,1727,1542,45.87,87.90,98.44,114.48,1884805630.6100,485457458.8390
2026-05-15,1990,1990,1518,1518,1518,472,3309,1727,1542,45.87,87.90,98.44,115.23,2222674920.9400,564037089.6260
2026-05-14,1985,1985,1513,1513,1513,472,3309,1727,1542,45.72,87.61,98.12,114.94,2074779449.8100,495593917.8550
2026-05-13,1979,1979,1510,1510,1510,469,3309,1727,1542,45.63,87.43,97.92,114.59,1775705889.7000,513833908.6440
2026-05-12,1974,1974,1506,1506,1506,468,3309,1727,1542,45.51,87.20,97.67,114.30,1886821859.3300,512443763.5210
2026-05-11,1974,1974,1504,1504,1504,470,3309,1727,1542,45.45,87.09,97.54,114.30,2028842576.6200,619387475.9870
2026-05-08,1971,1971,1503,1503,1503,468,3309,1727,1542,45.42,87.03,97.47,114.13,1605828672.3300,443436189.0010
2026-05-07,1972,1972,1499,1499,1499,473,3309,1727,1542,45.30,86.80,97.21,114.19,1871882813.6800,475698755.4420
2026-05-06,1967,1967,1499,1499,1499,468,3309,1727,1542,45.30,86.80,97.21,113.90,2008642709.0200,478138322.9770
2026-04-30,1965,1965,1498,1498,1497,467,3309,1727,1542,45.27,86.74,97.08,113.78,1769932761.6200,498635444.2450
2026-04-29,1963,1963,1493,1493,1492,470,3309,1727,1542,45.12,86.45,96.76,113.67,1593256417.4300,509052714.6130
2026-04-28,1960,1960,1494,1494,1493,466,3309,1727,1542,45.15,86.51,96.82,113.49,1682106939.7000,480886644.3680
2026-04-27,1951,1951,1490,1490,1489,461,3309,1727,1542,45.03,86.28,96.56,112.97,1517080006.5700,428910182.5280
2026-04-24,1948,1948,1488,1488,1487,460,3309,1727,1542,44.97,86.16,96.43,112.80,1823612203.4200,519630252.6220
2026-04-23,1947,1947,1484,1484,1483,463,3309,1727,1542,44.85,85.93,96.17,112.74,1886305950.0600,457754670.0580
2026-04-22,1952,1952,1483,1483,1482,469,3309,1727,1542,44.82,85.87,96.11,113.03,1550994201.4600,485933050.9830
2026-04-21,1952,1952,1483,1483,1482,469,3309,1727,1542,44.82,85.87,96.11,113.03,1401228681.1600,416415011.2500
2026-04-20,1954,1954,1482,1482,1481,472,3309,1727,1542,44.79,85.81,96.04,113.14,1622123232.9700,450536575.7230
2026-04-17,1946,1946,1482,1482,1481,464,3309,1727,1542,44.79,85.81,96.04,112.68,1523831497.2500,455310354.0840
2026-04-16,1942,1942,1479,1479,1478,463,3309,1727,1542,44.70,85.64,95.85,112.45,1798660413.7600,468987197.1500
2026-04-15,1941,1941,1478,1478,1477,463,3309,1727,1542,44.67,85.58,95.78,112.39,1961135115.7200,535286078.5910
2026-04-14,1943,1943,1477,1477,1476,466,3309,1727,1542,44.64,85.52,95.72,112.51,1693049256.2000,449783147.7210
2026-04-13,1940,1940,1476,1476,1475,464,3309,1727,1542,44.61,85.47,95.65,112.33,1562539186.4300,425819022.3140
2026-04-10,1946,1946,1478,1478,1477,468,3309,1727,1542,44.67,85.58,95.78,112.68,2042389077.8300,495448999.5400
2026-04-09,1935,1935,1476,1476,1475,459,3309,1727,1542,44.61,85.47,95.65,112.04,1764698859.4300,472056359.7130
2026-04-08,1955,1955,1475,1475,1474,480,3309,1727,1542,44.58,85.41,95.59,113.20,2483664008.0700,574110681.5380
2026-04-07,1930,1930,1475,1475,1474,455,3309,1727,1542,44.58,85.41,95.59,111.75,1253801290.0900,434842776.9260
2026-04-03,1935,1935,1475,1475,1474,460,3309,1727,1542,44.58,85.41,95.59,112.04,1386597217.7800,469904760.0220
2026-04-02,1922,1922,1470,1470,1469,452,3309,1727,1542,44.42,85.12,95.27,111.29,2133258178.7900,584849178.9790
2026-04-01,1918,1918,1463,1463,1462,455,3309,1727,1542,44.21,84.71,94.81,111.06,2247214145.4100,576143904.9260
2026-03-31,1915,1915,1460,1460,1459,455,3309,1727,1542,44.12,84.54,94.62,110.89,2148867766.9900,489228935.7170
2026-03-30,1909,1909,1461,1461,1460,448,3309,1727,1542,44.15,84.60,94.68,110.54,2090175433.0100,471517609.3280
2026-03-27,1912,1912,1459,1459,1458,453,3309,1727,1542,44.09,84.48,94.55,110.71,2105304586.2500,508674065.1490
2026-03-26,1917,1917,1458,1458,1457,459,3309,1727,1542,44.06,84.42,94.49,111.00,1821358666.2000,471588621.4320
2026-03-25,1918,1918,1456,1456,1455,462,3309,1727,1542,44.00,84.31,94.36,111.06,2389751680.2500,563210938.4940
2026-03-24,1922,1922,1456,1456,1455,466,3309,1727,1542,44.00,84.31,94.36,111.29,2536589557.7800,619766101.4340
2026-03-23,1922,1922,1455,1455,1454,467,3309,1727,1542,43.97,84.25,94.29,111.29,2752170952.0200,604145926.5790
2026-03-20,1919,1919,1455,1455,1454,464,3309,1727,1542,43.97,84.25,94.29,111.12,2254308437.1400,537921282.8190
2026-03-19,1920,1920,1452,1452,1451,468,3309,1727,1542,43.88,84.08,94.10,111.18,2033408170.3400,540841096.9290
2026-03-18,1904,1904,1447,1447,1446,457,3309,1727,1542,43.73,83.79,93.77,110.25,2025534376.4500,503026296.8190
2026-03-17,1912,1912,1445,1445,1444,467,3309,1727,1542,43.67,83.67,93.64,110.71,2214647299.2900,561211315.1900
2026-03-16,1913,1913,1446,1446,1445,467,3309,1727,1542,43.70,83.73,93.71,110.77,2086320018.7600,520464989.0280
2026-03-13,1895,1895,1445,1445,1444,450,3309,1727,1542,43.67,83.67,93.64,109.73,1731013586.8500,529171381.6670
2026-03-12,1904,1904,1445,1445,1444,459,3309,1727,1542,43.67,83.67,93.64,110.25,1759294457.6500,519851624.0040
2026-03-11,1913,1913,1443,1443,1442,470,3309,1727,1542,43.61,83.56,93.51,110.77,1831176364.7400,554052929.1750
2026-03-10,1912,1912,1445,1445,1444,467,3309,1727,1542,43.67,83.67,93.64,110.71,2002139283.6100,557663667.5980
2026-03-09,1914,1914,1445,1445,1444,469,3309,1727,1542,43.67,83.67,93.64,110.83,2477090353.2900,593478329.6690
2026-03-06,1917,1917,1445,1445,1444,472,3309,1727,1542,43.67,83.67,93.64,111.00,2022173304.9600,574376909.5240
2026-03-05,1914,1914,1444,1444,1443,470,3309,1727,1542,43.64,83.61,93.58,110.83,2257493074.4400,597101341.4850
2026-03-04,1919,1919,1442,1442,1441,477,3309,1727,1542,43.58,83.50,93.45,111.12,2529256303.2400,593381500.5930
2026-03-03,1914,1914,1439,1439,1438,475,3309,1727,1542,43.49,83.32,93.26,110.83,2728506625.5100,659029344.3770
2026-03-02,1916,1916,1441,1441,1439,475,3309,1727,1542,43.55,83.44,93.32,110.94,2220836847.1500,513085968.9970
2026-02-27,1902,1902,1439,1439,1437,463,3309,1727,1542,43.49,83.32,93.19,110.13,1695257350.4200,529797627.8690
2026-02-26,1906,1906,1437,1437,1435,469,3309,1727,1542,43.43,83.21,93.06,110.36,1802943757.3400,454106991.7710
2026-02-25,1911,1911,1436,1436,1434,475,3309,1727,1542,43.40,83.15,93.00,110.65,1742606524.0600,456265290.5530
2026-02-24,1904,1904,1436,1436,1434,468,3309,1727,1542,43.40,83.15,93.00,110.25,1617970049.5300,488296179.5060
2026-02-13,1900,1900,1435,1435,1433,465,3309,1727,1542,43.37,83.09,92.93,110.02,1714642882.5700,389437891.6760
2026-02-12,1907,1907,1436,1436,1433,471,3309,1727,1542,43.40,83.15,92.93,110.42,1675117336.0300,458182450.4340
2026-02-11,1899,1899,1430,1430,1427,469,3309,1727,1542,43.22,82.80,92.54,109.96,1447661211.3600,478710722.2280
2026-02-10,1901,1901,1428,1428,1425,473,3309,1727,1542,43.16,82.69,92.41,110.08,1613727957.4400,405762092.3690
2026-02-09,1900,1900,1427,1427,1424,473,3309,1727,1542,43.12,82.63,92.35,110.02,1777581694.5800,545536244.5600
2026-02-06,1895,1895,1424,1424,1421,471,3309,1727,1542,43.03,82.46,92.15,109.73,1975327231.5700,615798972.0860
2026-02-05,1891,1891,1419,1419,1416,472,3309,1727,1542,42.88,82.17,91.83,109.50,2141824591.9300,590477360.5230
2026-02-04,1896,1896,1419,1419,1416,477,3309,1727,1542,42.88,82.17,91.83,109.79,2182193178.4400,583711838.5200
2026-02-03,1898,1898,1419,1419,1416,479,3309,1727,1542,42.88,82.17,91.83,109.90,2529699374.9400,647931895.1440
2026-02-02,1894,1894,1417,1417,1414,477,3309,1727,1542,42.82,82.05,91.70,109.67,2478072247.7800,682107591.9490
2026-01-30,1890,1890,1414,1414,1411,476,3309,1727,1542,42.73,81.88,91.50,109.44,2312957216.4200,657759198.2440
2026-01-29,1888,1888,1413,1413,1410,475,3309,1727,1542,42.70,81.82,91.44,109.32,2565544600.3400,681157653.8910
2026-01-28,1885,1885,1412,1412,1409,473,3309,1727,1542,42.67,81.76,91.37,109.15,2484535830.1900,771918986.2730
2026-01-27,1880,1880,1412,1412,1409,468,3309,1727,1542,42.67,81.76,91.37,108.86,2004163357.9300,545847225.8840
2026-01-26,1881,1881,1408,1408,1405,473,3309,1727,1542,42.55,81.53,91.12,108.92,2121320340.8600,563067054.4290
2026-01-23,1878,1878,1407,1407,1404,471,3309,1727,1542,42.52,81.47,91.05,108.74,2188960783.0400,702834794.4950
2026-01-22,1871,1871,1405,1405,1402,466,3309,1727,1542,42.46,81.35,90.92,108.34,1947994726.7000,601520686.2060
2026-01-21,1878,1878,1405,1405,1402,473,3309,1727,1542,42.46,81.35,90.92,108.74,2203929367.3000,679492926.5540
2026-01-20,1872,1872,1404,1404,1401,468,3309,1727,1542,42.43,81.30,90.86,108.40,2204793501.3600,633560248.5570
2026-01-19,1871,1871,1402,1402,1399,469,3309,1727,1542,42.37,81.18,90.73,108.34,1982201094.5100,601374967.5970
2026-01-16,1870,1870,1399,1399,1396,471,3309,1727,1542,42.28,81.01,90.53,108.28,2332335278.9400,755349255.7920
2026-01-15,1869,1869,1399,1399,1396,470,3309,1727,1542,42.28,81.01,90.53,108.22,2458245750.9200,753282113.6600
2026-01-14,1873,1873,1398,1398,1395,475,3309,1727,1542,42.25,80.95,90.47,108.45,2982177199.0400,719801777.4060
2026-01-13,1870,1870,1396,1396,1393,474,3309,1727,1542,42.19,80.83,90.34,108.28,2486842492.4700,469069133.7390
2026-01-12,1869,1869,1394,1394,1391,475,3309,1727,1542,42.13,80.72,90.21,108.22,2246849468.7100,431329870.2760
2026-01-09,1858,1858,1391,1391,1388,467,3309,1727,1542,42.04,80.54,90.01,107.59,2128144599.6500,560442853.0200
2026-01-08,1861,1861,1390,1390,1387,471,3309,1727,1542,42.01,80.49,89.95,107.76,2042264769.5200,582692193.5750
2026-01-07,1856,1856,1386,1386,1383,470,3309,1727,1542,41.89,80.25,89.69,107.47,2185031349.2900,484718495.0060
2026-01-06,1862,1862,1387,1387,1384,475,3309,1727,1542,41.92,80.31,89.75,107.82,2370901441.9200,501996392.9190
2026-01-05,1863,1863,1385,1385,1382,478,3309,1727,1542,41.86,80.20,89.62,107.87,2355220301.2600,484649876.5170
2025-12-31,1848,1848,1380,1380,1377,468,3309,1727,1542,41.70,79.91,89.30,107.01,1585557613.7800,399215797.7520
2025-12-30,1850,1850,1381,1381,1378,469,3309,1727,1542,41.73,79.97,89.36,107.12,1756089263.2500,450043848.4010
2025-12-29,1841,1841,1380,1380,1377,461,3309,1727,1542,41.70,79.91,89.30,106.60,1860835916.2000,382220440.2910
2025-12-26,1834,1834,1378,1378,1375,456,3309,1727,1542,41.64,79.79,89.17,106.20,1536519437.5100,446477695.5830
2025-12-25,1842,1842,1379,1379,1376,463,3309,1727,1542,41.67,79.85,89.23,106.66,1332828604.1000,386859817.0730
2025-12-24,1834,1834,1377,1377,1374,457,3309,1727,1542,41.61,79.73,89.11,106.20,1537531041.9000,459524886.6890
2025-12-23,1827,1827,1376,1376,1373,451,3309,1727,1542,41.58,79.68,89.04,105.79,1625874097.8600,483476149.4160
2025-12-22,1831,1831,1374,1374,1371,457,3309,1727,1542,41.52,79.56,88.91,106.02,1609670603.1900,457212282.3150
2025-12-19,1821,1821,1373,1373,1370,448,3309,1727,1542,41.49,79.50,88.85,105.44,1644519820.0400,461040465.9990
2025-12-18,1818,1818,1371,1371,1368,447,3309,1727,1542,41.43,79.39,88.72,105.27,1501150081.0000,436378140.2840
2025-12-17,1823,1823,1370,1370,1367,453,3309,1727,1542,41.40,79.33,88.65,105.56,1825134979.8900,480751976.9670
2025-12-16,1819,1819,1369,1369,1366,450,3309,1727,1542,41.37,79.27,88.59,105.33,1721733710.5000,496142784.7000
2025-12-15,1819,1819,1370,1370,1367,449,3309,1727,1542,41.40,79.33,88.65,105.33,1489739939.5000,432708973.8980
2025-12-12,1817,1817,1369,1369,1366,448,3309,1727,1542,41.37,79.27,88.59,105.21,1582841752.5400,435940151.4170
2025-12-11,1819,1819,1368,1368,1365,451,3309,1727,1542,41.34,79.21,88.52,105.33,1406609117.3200,441754159.7430
2025-12-10,1822,1822,1365,1365,1362,457,3309,1727,1542,41.25,79.04,88.33,105.50,1506645457.8000,443885489.8700
2025-12-09,1818,1818,1367,1367,1364,451,3309,1727,1542,41.31,79.15,88.46,105.27,1521366784.0600,425671096.9940
2025-12-08,1835,1835,1365,1365,1362,470,3309,1727,1542,41.25,79.04,88.33,106.25,1717191412.1000,459072022.3920
2025-12-05,1816,1816,1365,1365,1362,451,3309,1727,1542,41.25,79.04,88.33,105.15,1587739412.1500,437975555.0570
2025-12-04,1807,1807,1362,1362,1359,445,3309,1727,1542,41.16,78.87,88.13,104.63,1380770194.7800,319077586.1340
2025-12-03,1811,1811,1365,1365,1362,446,3309,1727,1542,41.25,79.04,88.33,104.86,1296261843.8500,356063928.5610
2025-12-02,1805,1805,1364,1364,1361,441,3309,1727,1542,41.22,78.98,88.26,104.52,1225490145.3900,379035982.9940
2025-12-01,1817,1817,1364,1364,1361,453,3309,1727,1542,41.22,78.98,88.26,105.21,1391589097.7900,431583484.0740
2025-11-28,1816,1816,1363,1363,1360,453,3309,1727,1542,41.19,78.92,88.20,105.15,1220579420.7100,402704603.6510
2025-11-27,1815,1815,1361,1361,1358,454,3309,1727,1542,41.13,78.81,88.07,105.10,1528296594.5500,416168843.4850
2025-11-26,1816,1816,1359,1359,1356,457,3309,1727,1542,41.07,78.69,87.94,105.15,1563605641.9100,372310445.1680
2025-11-25,1816,1816,1360,1360,1357,456,3309,1727,1542,41.10,78.75,88.00,105.15,1746997173.0100,455205540.2360
2025-11-24,1812,1812,1357,1357,1354,455,3309,1727,1542,41.01,78.58,87.81,104.92,1803813453.9200,461328870.6170
2025-11-21,1816,1816,1355,1355,1352,461,3309,1727,1542,40.95,78.46,87.68,105.15,2261756965.8300,517101215.3180
2025-11-20,1799,1799,1354,1354,1351,445,3309,1727,1542,40.92,78.40,87.61,104.17,1663771976.7300,474442285.5690
2025-11-19,1816,1816,1353,1353,1350,463,3309,1727,1542,40.89,78.34,87.55,105.15,1519694453.1100,447522675.9260
2025-11-18,1811,1811,1353,1353,1350,458,3309,1727,1542,40.89,78.34,87.55,104.86,1632907484.8800,465387507.6920
2025-11-17,1805,1805,1351,1351,1348,454,3309,1727,1542,40.83,78.23,87.42,104.52,1559634332.5100,424091311.5220
2025-11-14,1808,1808,1351,1351,1348,457,3309,1727,1542,40.83,78.23,87.42,104.69,1654396956.5600,413933313.7480
2025-11-13,1815,1815,1348,1348,1345,467,3309,1727,1542,40.74,78.05,87.22,105.10,1752555971.4000,459832192.9420
2025-11-12,1803,1803,1342,1342,1339,461,3309,1727,1542,40.56,77.71,86.84,104.40,1622424532.9300,450262932.3660
2025-11-11,1796,1796,1342,1342,1339,454,3309,1727,1542,40.56,77.71,86.84,104.00,1401194212.6500,457483260.0780
2025-11-10,1802,1802,1341,1341,1338,461,3309,1727,1542,40.53,77.65,86.77,104.34,1669902341.7300,481862457.9740
2025-11-07,1800,1800,1340,1340,1337,460,3309,1727,1542,40.50,77.59,86.71,104.23,1415558888.0100,434788878.5170
2025-11-06,1800,1800,1337,1337,1334,463,3309,1727,1542,40.40,77.42,86.51,104.23,1609201127.9900,439591673.6780
2025-11-05,1790,1790,1337,1337,1334,453,3309,1727,1542,40.40,77.42,86.51,103.65,1821624846.9100,499697840.9820
2025-11-04,1787,1787,1334,1334,1331,453,3309,1727,1542,40.31,77.24,86.32,103.47,1690698439.9000,502281125.3520
2025-11-03,1788,1788,1334,1334,1331,454,3309,1727,1542,40.31,77.24,86.32,103.53,1852838679.3900,561146306.3010
2025-10-31,1787,1787,1330,1330,1327,457,3309,1727,1542,40.19,77.01,86.06,103.47,1976279277.5700,580673477.5720
2025-10-30,1790,1790,1329,1329,1326,461,3309,1727,1542,40.16,76.95,85.99,103.65,2086067629.5800,569595610.1420
2025-10-29,1788,1788,1328,1328,1325,460,3309,1727,1542,40.13,76.90,85.93,103.53,1515654663.1200,491966540.3280
2025-10-28,1787,1787,1327,1327,1324,460,3309,1727,1542,40.10,76.84,85.86,103.47,1710882249.0900,577700054.6670
2025-10-27,1794,1794,1327,1327,1324,467,3309,1727,1542,40.10,76.84,85.86,103.88,1984103745.4700,570056272.8940
2025-10-24,1788,1788,1328,1328,1325,460,3309,1727,1542,40.13,76.90,85.93,103.53,1773408036.8800,528425095.0990
2025-10-23,1784,1784,1327,1327,1324,457,3309,1727,1542,40.10,76.84,85.86,103.30,1734978157.5400,487994479.5340
2025-10-22,1783,1783,1327,1327,1324,456,3309,1727,1542,40.10,76.84,85.86,103.24,1576941988.7900,515145702.6640
2025-10-21,1783,1783,1324,1324,1321,459,3309,1727,1542,40.01,76.66,85.67,103.24,1919386857.7500,565672050.1770
2025-10-20,1781,1781,1325,1325,1322,456,3309,1727,1542,40.04,76.72,85.73,103.13,1815697022.1200,568492432.3120
2025-10-17,1781,1781,1324,1324,1321,457,3309,1727,1542,40.01,76.66,85.67,103.13,2021374704.8000,598601286.5130
2025-10-16,1776,1776,1319,1319,1316,457,3309,1727,1542,39.86,76.38,85.34,102.84,1893292581.0800,552320164.6740
2025-10-15,1781,1781,1321,1321,1318,460,3309,1727,1542,39.92,76.49,85.47,103.13,2120786805.3000,586390287.8940
2025-10-14,1782,1782,1319,1319,1316,463,3309,1727,1542,39.86,76.38,85.34,103.18,2624100118.3500,644835675.5590
2025-10-13,1776,1776,1318,1318,1315,458,3309,1727,1542,39.83,76.32,85.28,102.84,2360020650.1300,566227198.6930
2025-10-10,1777,1777,1317,1317,1314,460,3309,1727,1542,39.80,76.26,85.21,102.90,2254240135.2900,587771264.3830
2025-10-09,1778,1778,1315,1315,1312,463,3309,1727,1542,39.74,76.14,85.08,102.95,2344575296.1500,583156433.6870
2025-09-30,1774,1774,1314,1314,1311,460,3309,1727,1542,39.71,76.09,85.02,102.72,1997985169.4200,556709746.3650
2025-09-29,1771,1771,1312,1312,1309,459,3309,1727,1542,39.65,75.97,84.89,102.55,2239627113.5400,568484446.3140
2025-09-26,1773,1773,1310,1310,1307,463,3309,1727,1542,39.59,75.85,84.76,102.66,1743719306.1200,466850311.0640
2025-09-25,1769,1769,1307,1307,1304,462,3309,1727,1542,39.50,75.68,84.57,102.43,1905512179.0600,430097451.8530
2025-09-24,1768,1768,1306,1306,1303,462,3309,1727,1542,39.47,75.62,84.50,102.37,2056143812.4800,502360320.2450
2025-09-23,1748,1748,1292,1292,1289,456,3309,1727,1542,39.05,74.81,83.59,101.22,2068587955.7500,448997408.1720
2025-09-22,1745,1745,1292,1292,1289,453,3309,1727,1542,39.05,74.81,83.59,101.04,1775814922.2700,410247752.7310
2025-09-19,1740,1740,1289,1289,1286,451,3309,1727,1542,38.95,74.64,83.40,100.75,2027973047.4300,433623195.3520
2025-09-18,1747,1747,1287,1287,1284,460,3309,1727,1542,38.89,74.52,83.27,101.16,2986026597.4900,585446965.5220
2025-09-17,1740,1740,1286,1286,1283,454,3309,1727,1542,38.86,74.46,83.20,100.75,2035919821.3800,450849633.1590
2025-09-16,1736,1736,1282,1282,1279,454,3309,1727,1542,38.74,74.23,82.94,100.52,1854749143.0300,439065897.5210
2025-09-15,1733,1733,1283,1283,1280,450,3309,1727,1542,38.77,74.29,83.01,100.35,1831329666.2100,442521576.3250
2025-09-12,1745,1745,1281,1281,1278,464,3309,1727,1542,38.71,74.17,82.88,101.04,2039460856.8800,455669384.0910
2025-09-11,1737,1737,1277,1277,1274,460,3309,1727,1542,38.59,73.94,82.62,100.58,2372831979.5000,486705160.1110
2025-09-10,1734,1734,1277,1277,1274,457,3309,1727,1542,38.59,73.94,82.62,100.41,1886212551.1600,372284034.8630
2025-09-09,1738,1738,1277,1277,1274,461,3309,1727,1542,38.59,73.94,82.62,100.64,1919283096.4800,449174859.1710
2025-09-08,1748,1748,1278,1278,1275,470,3309,1727,1542,38.62,74.00,82.68,101.22,2003866672.4700,442680035.0140
2025-09-05,1745,1745,1277,1277,1274,468,3309,1727,1542,38.59,73.94,82.62,101.04,2104474404.0100,429064694.0210
2025-09-04,1734,1734,1275,1275,1272,459,3309,1727,1542,38.53,73.83,82.49,100.41,2433345232.0900,513392739.5310
2025-09-03,1727,1727,1273,1273,1270,454,3309,1727,1542,38.47,73.71,82.36,100.00,2020626302.7000,455343244.8340
2025-09-02,1735,1735,1271,1271,1268,464,3309,1727,1542,38.41,73.60,82.23,100.46,2310363161.2500,510891858.7180
2025-09-01,1732,1732,1268,1268,1265,464,3309,1727,1542,38.32,73.42,82.04,100.29,2160747899.5400,489984265.9310
2025-08-29,1728,1728,1266,1266,1263,462,3309,1727,1542,38.26,73.31,81.91,100.06,2378618802.8800,536575466.9880
2025-08-28,1725,1725,1263,1263,1260,462,3309,1727,1542,38.17,73.13,81.71,99.88,2630175965.2100,513828017.1140
2025-08-27,1732,1732,1262,1262,1259,470,3309,1727,1542,38.14,73.07,81.65,100.29,2534489585.4400,509163963.9520
2025-08-26,1731,1731,1260,1260,1257,471,3309,1727,1542,38.08,72.96,81.52,100.23,1872396797.1900,426044226.6340
2025-08-25,1729,1729,1259,1259,1256,470,3309,1727,1542,38.05,72.90,81.45,100.12,2600832052.5800,558058508.0340
2025-08-22,1724,1724,1259,1259,1256,465,3309,1727,1542,38.05,72.90,81.45,99.83,2210353748.8800,462137688.5320
2025-08-21,1721,1721,1258,1258,1255,463,3309,1727,1542,38.02,72.84,81.39,99.65,1771002222.7100,379866466.0960
2025-08-20,1712,1712,1257,1257,1254,455,3309,1727,1542,37.99,72.79,81.32,99.13,1888273582.4900,407527483.3650
2025-08-19,1719,1719,1253,1253,1250,466,3309,1727,1542,37.87,72.55,81.06,99.54,1832002181.6200,450495686.3430
2025-08-18,1714,1714,1254,1254,1251,460,3309,1727,1542,37.90,72.61,81.13,99.25,2164355268.3900,421205294.3750
2025-08-15,1708,1708,1251,1251,1248,457,3309,1727,1542,37.81,72.44,80.93,98.90,1959269409.0400,494648600.9740
2025-08-14,1709,1709,1251,1251,1248,458,3309,1727,1542,37.81,72.44,80.93,98.96,1960382035.1000,436757004.3500
2025-08-13,1709,1709,1250,1250,1247,459,3309,1727,1542,37.78,72.38,80.87,98.96,1908642912.8300,412248430.1720
2025-08-12,1703,1703,1248,1248,1245,455,3309,1727,1542,37.72,72.26,80.74,98.61,1526233864.5700,286481806.3120
2025-08-11,1707,1707,1248,1248,1245,459,3309,1727,1542,37.72,72.26,80.74,98.84,1424822699.2200,318775686.5740
2025-08-08,1694,1694,1245,1245,1242,449,3309,1727,1542,37.62,72.09,80.54,98.09,1297361910.2700,348077978.6110
2025-08-07,1700,1700,1244,1244,1241,456,3309,1727,1542,37.59,72.03,80.48,98.44,1519496877.3900,375734101.8180
2025-08-06,1698,1698,1242,1242,1239,456,3309,1727,1542,37.53,71.92,80.35,98.32,1325137092.3200,332716993.7120
2025-08-05,1699,1699,1242,1242,1239,457,3309,1727,1542,37.53,71.92,80.35,98.38,1457435217.4900,393678344.5530
2025-08-04,1693,1693,1242,1242,1238,451,3309,1727,1542,37.53,71.92,80.29,98.03,1458507736.6600,355639794.9880
2025-08-01,1687,1687,1240,1240,1236,447,3309,1727,1542,37.47,71.80,80.16,97.68,1668985088.3200,427635393.7660
2025-07-31,1686,1686,1233,1233,1229,453,3309,1727,1542,37.26,71.40,79.70,97.63,2112500319.0700,430650077.0230
2025-07-30,1683,1683,1232,1232,1228,451,3309,1727,1542,37.23,71.34,79.64,97.45,2055559255.3300,368784029.4830
2025-07-29,1682,1682,1233,1233,1229,449,3309,1727,1542,37.26,71.40,79.70,97.39,1714441055.2200,404245475.8750
2025-07-28,1687,1687,1234,1234,1230,453,3309,1727,1542,37.29,71.45,79.77,97.68,1524048329.3600,396871782.3730
2025-07-25,1679,1679,1230,1230,1226,449,3309,1727,1542,37.17,71.22,79.51,97.22,1672451975.3200,346507674.1450
2025-07-24,1673,1673,1226,1226,1222,447,3309,1727,1542,37.05,70.99,79.25,96.87,1735092820.2900,381730719.1730
2025-07-23,1676,1676,1223,1223,1219,453,3309,1727,1542,36.96,70.82,79.05,97.05,1985579670.3100,360737399.7940
2025-07-22,1675,1675,1223,1223,1219,452,3309,1727,1542,36.96,70.82,79.05,96.99,1726770205.1300,447843401.9450
2025-07-21,1674,1674,1223,1223,1219,451,3309,1727,1542,36.96,70.82,79.05,96.93,1441059050.9000,387294918.0140
2025-07-18,1677,1677,1222,1222,1218,455,3309,1727,1542,36.93,70.76,78.99,97.10,1479388450.4800,407676491.0320
2025-07-17,1664,1664,1220,1220,1216,444,3309,1727,1542,36.87,70.64,78.86,96.35,1534547777.7800,342152675.3230
2025-07-16,1657,1657,1210,1210,1206,447,3309,1727,1542,36.57,70.06,78.21,95.95,1515380545.7300,284524284.1890
2025-07-15,1658,1658,1211,1211,1207,447,3309,1727,1542,36.60,70.12,78.27,96.00,1785993976.1000,338990927.8390
2025-07-14,1653,1653,1210,1210,1206,443,3309,1727,1542,36.57,70.06,78.21,95.72,1265400007.7100,246366042.4990
2025-07-11,1670,1670,1210,1210,1206,460,3309,1727,1542,36.57,70.06,78.21,96.70,1883681045.9100,338023857.3400
2025-07-10,1653,1653,1210,1210,1206,443,3309,1727,1542,36.57,70.06,78.21,95.72,1292044007.3500,250160033.8700
2025-07-09,1647,1647,1205,1205,1201,442,3309,1727,1542,36.42,69.77,77.89,95.37,1307274814.1100,257360705.4230
2025-07-08,1650,1650,1208,1208,1204,442,3309,1727,1542,36.51,69.95,78.08,95.54,1347325258.3200,281362137.6600
2025-07-07,1639,1639,1205,1205,1201,434,3309,1727,1542,36.42,69.77,77.89,94.90,1016595310.3400,239813924.2890
2025-07-04,1654,1654,1202,1202,1198,452,3309,1727,1542,36.33,69.60,77.69,95.77,1602527823.6800,322205444.0030
2025-07-03,1644,1644,1200,1200,1196,444,3309,1727,1542,36.26,69.48,77.56,95.19,1308558524.0600,278197144.2230
2025-07-02,1638,1638,1200,1200,1196,438,3309,1727,1542,36.26,69.48,77.56,94.85,1193358736.0300,260911165.7210
2025-07-01,1635,1635,1195,1195,1191,440,3309,1727,1542,36.11,69.20,77.24,94.67,1005024370.6300,239828127.2390
2025-06-30,1633,1633,1194,1194,1190,439,3309,1727,1542,36.08,69.14,77.17,94.56,1341241822.7900,308184222.0060
2025-06-27,1634,1634,1192,1192,1188,442,3309,1727,1542,36.02,69.02,77.04,94.61,1556228318.0600,320216064.6090
2025-06-26,1632,1632,1191,1191,1187,441,3309,1727,1542,35.99,68.96,76.98,94.50,1505354170.7900,315078103.6150
2025-06-25,1641,1641,1190,1190,1186,451,3309,1727,1542,35.96,68.91,76.91,95.02,1749023954.6600,359867764.0570
2025-06-24,1631,1631,1190,1190,1186,441,3309,1727,1542,35.96,68.91,76.91,94.44,1510805081.5800,321966650.9450
2025-06-23,1619,1619,1190,1190,1186,429,3309,1727,1542,35.96,68.91,76.91,93.75,1234428317.1100,258424799.7430
2025-06-20,1608,1608,1189,1189,1185,419,3309,1727,1542,35.93,68.85,76.85,93.11,1024963236.9800,244530908.2000
2025-06-19,1629,1629,1192,1192,1186,437,3309,1727,1542,36.02,69.02,76.91,94.33,1281092815.9100,273933228.0150
2025-06-18,1620,1620,1189,1189,1183,431,3309,1727,1542,35.93,68.85,76.72,93.80,1042662154.0300,211193011.2060
2025-06-17,1613,1613,1187,1187,1181,426,3309,1727,1542,35.87,68.73,76.59,93.40,1142693182.3300,259904576.3460
2025-06-16,1614,1614,1187,1187,1181,427,3309,1727,1542,35.87,68.73,76.59,93.46,1165654659.5100,253585190.3670
2025-06-13,1619,1619,1184,1184,1178,435,3309,1727,1542,35.78,68.56,76.39,93.75,1542879558.6100,312148798.5590
2025-06-12,1626,1626,1183,1183,1177,443,3309,1727,1542,35.75,68.50,76.33,94.15,1231871451.5600,250971897.8060
2025-06-11,1620,1620,1184,1184,1178,436,3309,1727,1542,35.78,68.56,76.39,93.80,1235753854.8400,268922786.4140
2025-06-10,1625,1625,1182,1182,1176,443,3309,1727,1542,35.72,68.44,76.26,94.09,1537328419.7000,291772493.5900
2025-06-09,1619,1619,1182,1182,1176,437,3309,1727,1542,35.72,68.44,76.26,93.75,1249868614.2300,271885652.6700
2025-06-06,1599,1599,1177,1177,1171,422,3309,1727,1542,35.57,68.15,75.94,92.59,1014159768.9600,223987320.9160
2025-06-05,1628,1628,1178,1178,1172,450,3309,1727,1542,35.60,68.21,76.01,94.27,1274345777.8700,218451975.5880
2025-06-04,1619,1619,1176,1176,1170,443,3309,1727,1542,35.54,68.09,75.88,93.75,1096940004.8800,210154639.5230
2025-06-03,1605,1605,1173,1173,1167,432,3309,1727,1542,35.45,67.92,75.68,92.94,1024529420.5400,203912422.1220
2025-05-30,1593,1593,1173,1173,1167,420,3309,1727,1542,35.45,67.92,75.68,92.24,1088954246.6300,233888957.0140
2025-05-29,1600,1600,1168,1168,1162,432,3309,1727,1542,35.30,67.63,75.36,92.65,1329072690.6100,233654902.7690
2025-05-28,1575,1575,1164,1164,1158,411,3309,1727,1542,35.18,67.40,75.10,91.20,836683690.6900,177050038.4080
2025-05-27,1578,1578,1163,1163,1157,415,3309,1727,1542,35.15,67.34,75.03,91.37,1096976664.9300,225538816.6550
2025-05-26,1576,1576,1164,1164,1158,412,3309,1727,1542,35.18,67.40,75.10,91.26,1027567770.6000,204022352.0560
2025-05-23,1592,1592,1164,1164,1158,428,3309,1727,1542,35.18,67.40,75.10,92.18,1254367482.2800,229701213.7250
2025-05-22,1587,1587,1163,1163,1157,424,3309,1727,1542,35.15,67.34,75.03,91.89,1122238846.1500,206816479.6970
2025-05-21,1592,1592,1161,1161,1155,431,3309,1727,1542,35.09,67.23,74.90,92.18,1124202692.9500,207503963.7480
2025-05-20,1585,1585,1161,1161,1155,424,3309,1727,1542,35.09,67.23,74.90,91.78,1143604718.6400,215722121.6940
2025-05-19,1582,1582,1161,1161,1155,421,3309,1727,1542,35.09,67.23,74.90,91.60,1114460529.7200,223154356.2350
2025-05-16,1565,1565,1161,1161,1155,404,3309,1727,1542,35.09,67.23,74.90,90.62,1170513407.8400,241377981.3470
2025-05-15,1581,1581,1155,1155,1149,426,3309,1727,1542,34.90,66.88,74.51,91.55,1333918044.0600,252943746.1470
2025-05-14,1591,1591,1155,1155,1149,436,3309,1727,1542,34.90,66.88,74.51,92.13,1722492551.6200,289016184.8850
2025-05-13,1595,1595,1152,1152,1146,443,3309,1727,1542,34.81,66.71,74.32,92.36,1350903148.1400,231054557.9410
2025-05-12,1593,1593,1151,1151,1145,442,3309,1727,1542,34.78,66.65,74.25,92.24,1441873934.3900,233594223.1190
2025-05-09,1578,1578,1143,1143,1137,435,3309,1727,1542,34.54,66.18,73.74,91.37,1155683237.7700,223867346.4240
2025-05-08,1595,1595,1145,1145,1139,450,3309,1727,1542,34.60,66.30,73.87,92.36,1231752858.5800,223969251.8210
2025-05-07,1583,1583,1145,1145,1139,438,3309,1727,1542,34.60,66.30,73.87,91.66,1561791235.7400,260210481.0030
2025-05-06,1579,1579,1145,1145,1139,434,3309,1727,1542,34.60,66.30,73.87,91.43,1304882389.7000,222242701.6240
2025-04-30,1553,1553,1142,1142,1136,411,3309,1727,1542,34.51,66.13,73.67,89.92,1166823944.1700,204558841.7270
2025-04-29,1548,1548,1139,1139,1133,409,3309,1727,1542,34.42,65.95,73.48,89.64,1083883089.7700,182727339.0140
2025-04-28,1556,1556,1137,1137,1131,419,3309,1727,1542,34.36,65.84,73.35,90.10,1128426480.1400,208527855.8700
2025-04-25,1554,1554,1137,1137,1131,417,3309,1727,1542,34.36,65.84,73.35,89.98,1425452459.5900,238090133.6040
2025-04-24,1549,1549,1136,1136,1130,413,3309,1727,1542,34.33,65.78,73.28,89.69,1352024618.2400,231252090.1240
2025-04-23,1557,1557,1132,1132,1126,425,3309,1727,1542,34.21,65.55,73.02,90.16,1514293299.5600,256398938.7250
2025-04-22,1553,1553,1132,1132,1126,421,3309,1727,1542,34.21,65.55,73.02,89.92,1500728902.7300,243511392.3710
2025-04-21,1550,1550,1134,1134,1127,416,3309,1727,1542,34.27,65.66,73.09,89.75,961050217.0400,189847097.8260
2025-04-18,1532,1532,1133,1133,1126,399,3309,1727,1542,34.24,65.61,73.02,88.71,923681796.5100,195766424.0450
2025-04-17,1550,1550,1132,1132,1125,418,3309,1727,1542,34.21,65.55,72.96,89.75,1502261162.3300,263842026.8060
2025-04-16,1550,1550,1129,1129,1122,421,3309,1727,1542,34.12,65.37,72.76,89.75,1523758883.6400,272779734.1710
2025-04-15,1546,1546,1127,1127,1120,419,3309,1727,1542,34.06,65.26,72.63,89.52,1364860529.6800,227825851.6640
2025-04-14,1562,1562,1126,1126,1119,436,3309,1727,1542,34.03,65.20,72.57,90.45,1618506536.6900,251218660.9960
2025-04-11,1557,1557,1122,1122,1115,435,3309,1727,1542,33.91,64.97,72.31,90.16,2305274315.4300,316571311.1240
2025-04-10,1562,1562,1120,1120,1113,442,3309,1727,1542,33.85,64.85,72.18,90.45,2622962240.3200,350027876.0860
2025-04-09,1561,1561,1121,1121,1114,440,3309,1727,1542,33.88,64.91,72.24,90.39,3026218133.7900,376639879.7210
2025-04-08,1561,1561,1116,1116,1109,445,3309,1727,1542,33.73,64.62,71.92,90.39,2820216588.5400,416259011.8090
2025-04-07,1569,1569,1116,1116,1109,453,3309,1727,1542,33.73,64.62,71.92,90.85,2094855393.7100,337865462.8740
2025-04-03,1536,1536,1111,1111,1104,425,3309,1727,1542,33.58,64.33,71.60,88.94,1761737692.5700,263366920.1740
2025-04-02,1542,1542,1108,1108,1101,434,3309,1727,1542,33.48,64.16,71.40,89.29,1404125101.5900,227676723.4370
2025-04-01,1534,1534,1107,1107,1100,427,3309,1727,1542,33.45,64.10,71.34,88.82,1690609651.5300,259219685.4210
2025-03-31,1534,1534,1107,1107,1100,427,3309,1727,1542,33.45,64.10,71.34,88.82,1672669217.8900,260698591.1590
2025-03-28,1515,1515,1107,1107,1100,408,3309,1727,1542,33.45,64.10,71.34,87.72,1706933221.4300,249025279.5510
2025-03-27,1539,1539,1107,1107,1100,432,3309,1727,1542,33.45,64.10,71.34,89.11,1654227899.9600,241485222.6560
2025-03-26,1525,1525,1105,1105,1098,420,3309,1727,1542,33.39,63.98,71.21,88.30,1310246479.6100,218698408.0570
2025-03-25,1525,1525,1103,1103,1096,422,3309,1727,1542,33.33,63.87,71.08,88.30,1401389552.7400,224778065.4690
2025-03-24,1546,1546,1103,1103,1096,443,3309,1727,1542,33.33,63.87,71.08,89.52,1519110835.4900,235521558.6950
2025-03-21,1535,1535,1101,1101,1094,434,3309,1727,1542,33.27,63.75,70.95,88.88,1855029405.0600,277751740.9940
2025-03-20,1533,1533,1098,1098,1091,435,3309,1727,1542,33.18,63.58,70.75,88.77,1489373874.9600,241893733.5470
2025-03-19,1529,1529,1100,1100,1093,429,3309,1727,1542,33.24,63.69,70.88,88.54,1364533168.1600,213559811.6720
2025-03-18,1533,1533,1100,1100,1093,433,3309,1727,1542,33.24,63.69,70.88,88.77,1466673643.5900,240656135.1190
2025-03-17,1539,1539,1100,1100,1093,439,3309,1727,1542,33.24,63.69,70.88,89.11,1408546540.8300,232810753.4570
2025-03-14,1551,1551,1099,1099,1092,452,3309,1727,1542,33.21,63.64,70.82,89.81,2140237439.6200,327720535.3630
2025-03-13,1523,1523,1096,1096,1089,427,3309,1727,1542,33.12,63.46,70.62,88.19,1706890410.9900,252235048.2900
2025-03-12,1533,1533,1095,1095,1088,438,3309,1727,1542,33.09,63.40,70.56,88.77,1590912412.5600,234673333.9350
2025-03-11,1524,1524,1095,1095,1088,429,3309,1727,1542,33.09,63.40,70.56,88.25,1839731379.8100,261397803.1360
2025-03-10,1527,1527,1094,1094,1086,433,3309,1727,1542,33.06,63.35,70.43,88.42,1645367865.8800,243037260.2860
2025-03-07,1530,1530,1094,1094,1086,436,3309,1727,1542,33.06,63.35,70.43,88.59,2120794296.0000,291003203.7250
2025-03-06,1530,1530,1092,1092,1084,438,3309,1727,1542,33.00,63.23,70.30,88.59,2082461117.3800,304061848.7520
2025-03-05,1510,1510,1091,1091,1083,419,3309,1727,1542,32.97,63.17,70.23,87.43,1732574428.1100,252492089.0320
2025-03-04,1498,1498,1083,1083,1075,415,3309,1727,1542,32.73,62.71,69.71,86.74,1769137306.2800,243552226.3950
2025-03-03,1523,1523,1082,1082,1074,441,3309,1727,1542,32.70,62.65,69.65,88.19,1925521428.5800,277395128.7100
2025-02-28,1524,1524,1081,1081,1073,443,3309,1727,1542,32.67,62.59,69.58,88.25,2203382566.9700,294644371.2710
2025-02-27,1514,1514,1080,1080,1072,434,3309,1727,1542,32.64,62.54,69.52,87.67,2306440955.1300,315608944.7450
2025-02-26,1515,1515,1078,1078,1070,437,3309,1727,1542,32.58,62.42,69.39,87.72,1899999585.8900,273612297.4890
2025-02-25,1518,1518,1078,1078,1070,440,3309,1727,1542,32.58,62.42,69.39,87.90,1837458533.6600,255649975.5400
2025-02-24,1520,1520,1077,1077,1069,443,3309,1727,1542,32.55,62.36,69.33,88.01,2022884541.6400,288746237.9320
2025-02-21,1529,1529,1078,1078,1069,451,3309,1727,1542,32.58,62.42,69.33,88.54,2265732661.1800,310839153.5370
2025-02-20,1505,1505,1077,1077,1068,428,3309,1727,1542,32.55,62.36,69.26,87.15,1764131429.2300,250203067.5580
2025-02-19,1515,1515,1077,1077,1068,438,3309,1727,1542,32.55,62.36,69.26,87.72,1876016583.1200,279513435.2110
2025-02-18,1507,1507,1076,1076,1067,431,3309,1727,1542,32.52,62.30,69.20,87.26,2085845333.6100,287985943.5570
2025-02-17,1519,1519,1076,1076,1067,443,3309,1727,1542,32.52,62.30,69.20,87.96,2212732190.7700,294456901.7500
2025-02-14,1514,1514,1076,1076,1067,438,3309,1727,1542,32.52,62.30,69.20,87.67,2029057124.5700,277452772.8980
2025-02-13,1502,1502,1073,1073,1064,429,3309,1727,1542,32.43,62.13,69.00,86.97,1990122187.6500,278987435.3780
2025-02-12,1505,1505,1073,1073,1064,432,3309,1727,1542,32.43,62.13,69.00,87.15,1697699671.7200,240379240.0740
2025-02-11,1491,1491,1070,1070,1061,421,3309,1727,1542,32.34,61.96,68.81,86.33,1531006997.1100,223252902.5440
2025-02-10,1500,1500,1070,1070,1061,430,3309,1727,1542,32.34,61.96,68.81,86.86,1795265322.7300,257272389.9630
2025-02-07,1516,1516,1069,1069,1060,447,3309,1727,1542,32.31,61.90,68.74,87.78,2148855430.8300,309193222.5640
2025-02-06,1494,1494,1065,1065,1056,429,3309,1727,1542,32.18,61.67,68.48,86.51,1591524683.6600,241346098.0140
2025-02-05,1474,1474,1054,1054,1045,420,3309,1727,1542,31.85,61.03,67.77,85.35,1639146061.2200,230887196.9670
2025-01-27,1478,1478,1062,1062,1053,416,3309,1727,1542,32.09,61.49,68.29,85.58,1353258117.1200,217158356.2370
2025-01-24,1459,1459,1053,1053,1044,406,3309,1727,1542,31.82,60.97,67.70,84.48,1458092602.2400,239056437.6460
2025-01-23,1468,1468,1044,1044,1035,424,3309,1727,1542,31.55,60.45,67.12,85.00,1642787904.5100,245693456.6840
2025-01-22,1445,1445,1042,1042,1033,403,3309,1727,1542,31.49,60.34,66.99,83.67,1286923228.2900,200539376.7590
2025-01-21,1454,1454,1040,1040,1031,414,3309,1727,1542,31.43,60.22,66.86,84.19,1435020288.2000,211529333.9220
2025-01-20,1475,1475,1045,1045,1036,430,3309,1727,1542,31.58,60.51,67.19,85.41,1521841083.6500,210236767.1400
2025-01-17,1461,1461,1040,1040,1031,421,3309,1727,1542,31.43,60.22,66.86,84.60,1359206994.1800,201933564.7100
2025-01-16,1476,1476,1043,1043,1034,433,3309,1727,1542,31.52,60.39,67.06,85.47,1600761213.4000,227690115.1480
2025-01-15,1450,1450,1040,1040,1032,410,3309,1727,1542,31.43,60.22,66.93,83.96,1290278853.0700,195456445.5270
2025-01-14,1483,1483,1044,1044,1035,439,3309,1727,1542,31.55,60.45,67.12,85.87,1883563975.1800,270362694.0670
2025-01-13,1448,1448,1042,1042,1034,406,3309,1727,1542,31.49,60.34,67.06,83.84,1354785291.4200,202943919.7980
2025-01-10,1445,1445,1036,1036,1027,409,3309,1727,1542,31.31,59.99,66.60,83.67,1475108653.2700,213050634.4450
2025-01-09,1444,1444,1034,1034,1026,410,3309,1727,1542,31.25,59.87,66.54,83.61,1234636995.1700,187648265.1380
2025-01-08,1455,1455,1035,1035,1026,420,3309,1727,1542,31.28,59.93,66.54,84.25,1566111391.7900,224699532.3620
2025-01-07,1458,1458,1031,1031,1023,427,3309,1727,1542,31.16,59.70,66.34,84.42,1486309498.3800,211822434.8560
2025-01-06,1456,1456,1032,1032,1022,424,3309,1727,1542,31.19,59.76,66.28,84.31,1317884954.7100,203875421.0010
2025-01-03,1453,1453,1030,1030,1020,423,3309,1727,1542,31.13,59.64,66.15,84.13,1547628888.8300,213991480.6440
2025-01-02,1452,1452,1030,1030,1020,422,3309,1727,1542,31.13,59.64,66.15,84.08,1644712026.8500,251963653.8710
2024-12-31,1452,1452,1029,1029,1019,423,3309,1727,1542,31.10,59.58,66.08,84.08,1423124118.5800,233320930.7300
2024-12-30,1446,1446,1029,1029,1020,417,3309,1727,1542,31.10,59.58,66.15,83.73,1252106746.6500,209506145.4620
2024-12-27,1450,1450,1032,1032,1022,418,3309,1727,1542,31.19,59.76,66.28,83.96,1413870119.3700,234193068.6410
2024-12-26,1444,1444,1026,1026,1016,418,3309,1727,1542,31.01,59.41,65.89,83.61,973830465.9200,180197296.2530
2024-12-25,1434,1434,1023,1023,1013,411,3309,1727,1542,30.92,59.24,65.69,83.03,1032005807.4400,175466200.0610
2024-12-24,1451,1451,1022,1022,1012,429,3309,1727,1542,30.89,59.18,65.63,84.02,1261768871.9500,226009739.0380
2024-12-23,1428,1428,1019,1019,1009,409,3309,1727,1542,30.79,59.00,65.43,82.69,1279301946.5300,215105634.2420
2024-12-20,1444,1444,1024,1024,1014,420,3309,1727,1542,30.95,59.29,65.76,83.61,1368047499.0600,220260040.3650
2024-12-19,1438,1438,1019,1019,1009,419,3309,1727,1542,30.79,59.00,65.43,83.27,1282134704.9000,241853842.8370
2024-12-18,1438,1438,1019,1019,1009,419,3309,1727,1542,30.79,59.00,65.43,83.27,1142913654.7300,185904343.3010
2024-12-17,1446,1446,1020,1020,1010,426,3309,1727,1542,30.83,59.06,65.50,83.73,1365634606.8200,226269643.7650
2024-12-16,1432,1432,1017,1017,1007,415,3309,1727,1542,30.73,58.89,65.30,82.92,1147609416.4200,189921598.7350
2024-12-13,1450,1450,1023,1023,1013,427,3309,1727,1542,30.92,59.24,65.69,83.96,1470049034.2800,228812312.2730
2024-12-12,1454,1454,1018,1018,1008,436,3309,1727,1542,30.76,58.95,65.37,84.19,1462548437.1800,238172414.0800
2024-12-11,1448,1448,1019,1019,1009,429,3309,1727,1542,30.79,59.00,65.43,83.84,1252044527.5700,199764418.2700
2024-12-10,1466,1466,1021,1021,1011,445,3309,1727,1542,30.86,59.12,65.56,84.89,2156786391.6000,331255373.0290
2024-12-09,1445,1445,1018,1018,1008,427,3309,1727,1542,30.76,58.95,65.37,83.67,1172476770.4400,195225224.1900
2024-12-06,1459,1459,1020,1020,1010,439,3309,1727,1542,30.83,59.06,65.50,84.48,1563015872.0300,239806326.3440
2024-12-05,1432,1432,1015,1015,1006,417,3309,1727,1542,30.67,58.77,65.24,82.92,1012513032.5500,184120685.9170
2024-12-04,1434,1434,1016,1016,1007,418,3309,1727,1542,30.70,58.83,65.30,83.03,1207184613.0200,196842783.2200
2024-12-03,1447,1447,1018,1018,1008,429,3309,1727,1542,30.76,58.95,65.37,83.79,1316040025.7000,203688377.5240
2024-12-02,1461,1461,1014,1014,1004,447,3309,1727,1542,30.64,58.71,65.11,84.60,1382786118.9400,227446153.7820
2024-11-29,1450,1450,1015,1015,1005,435,3309,1727,1542,30.67,58.77,65.18,83.96,1656033944.2500,264332146.8800
2024-11-28,1435,1435,1007,1007,998,428,3309,1727,1542,30.43,58.31,64.72,83.09,1178860788.4400,198428062.5570
2024-11-27,1443,1443,1010,1010,1000,433,3309,1727,1542,30.52,58.48,64.85,83.56,1423584825.1800,202815459.1490
2024-11-26,1433,1433,1010,1010,1001,423,3309,1727,1542,30.52,58.48,64.92,82.98,1080512378.1800,174796842.3980
2024-11-25,1436,1436,1011,1011,1001,425,3309,1727,1542,30.55,58.54,64.92,83.15,1323303079.4200,209073345.6440
2024-11-22,1432,1432,1011,1011,1001,421,3309,1727,1542,30.55,58.54,64.92,82.92,1485561868.5900,215534120.8370
2024-11-21,1427,1427,1007,1007,997,420,3309,1727,1542,30.43,58.31,64.66,82.63,1175132849.6200,176371886.5940
2024-11-20,1427,1427,1010,1010,1000,417,3309,1727,1542,30.52,58.48,64.85,82.63,1391775161.6200,194207016.1480
2024-11-19,1432,1432,1005,1005,995,427,3309,1727,1542,30.37,58.19,64.53,82.92,1465893841.0800,203387049.3520
2024-11-18,1438,1438,1008,1008,998,430,3309,1727,1542,30.46,58.37,64.72,83.27,1581363630.1800,220073879.0340
2024-11-15,1435,1435,1008,1008,998,427,3309,1727,1542,30.46,58.37,64.72,83.09,1627690563.4600,229737046.2530
2024-11-14,1436,1436,1005,1005,995,431,3309,1727,1542,30.37,58.19,64.53,83.15,1542832419.8100,212329066.0860
2024-11-13,1431,1431,1002,1002,992,429,3309,1727,1542,30.28,58.02,64.33,82.86,1595147216.5700,232140059.6360
2024-11-12,1439,1439,1002,1002,992,437,3309,1727,1542,30.28,58.02,64.33,83.32,2088215899.5200,274707311.1740
2024-11-11,1447,1447,1004,1004,994,443,3309,1727,1542,30.34,58.14,64.46,83.79,1868834956.1800,251644793.7420
2024-11-08,1443,1443,1003,1003,993,440,3309,1727,1542,30.31,58.08,64.40,83.56,2171382949.2300,311398737.4750
2024-11-07,1438,1438,999,999,989,439,3309,1727,1542,30.19,57.85,64.14,83.27,2181774536.5000,293093381.6670
2024-11-06,1446,1446,1000,1000,990,446,3309,1727,1542,30.22,57.90,64.20,83.73,2156119011.0200,298253902.5090
2024-11-05,1446,1446,998,998,988,448,3309,1727,1542,30.16,57.79,64.07,83.73,2042813048.5400,287538235.2010
2024-11-04,1415,1415,994,994,984,421,3309,1727,1542,30.04,57.56,63.81,81.93,1144837173.3000,165196040.8400
2024-11-01,1432,1432,999,999,989,433,3309,1727,1542,30.19,57.85,64.14,82.92,1486442625.9700,200288468.3930
2024-10-31,1425,1425,996,996,986,429,3309,1727,1542,30.10,57.67,63.94,82.51,1604275043.6300,232803423.2570
2024-10-30,1423,1423,995,995,986,428,3309,1727,1542,30.07,57.61,63.94,82.40,1451349893.9200,197136647.4690
2024-10-29,1428,1428,999,999,989,429,3309,1727,1542,30.19,57.85,64.14,82.69,1641829786.4900,229696935.1460
2024-10-28,1437,1437,998,998,988,439,3309,1727,1542,30.16,57.79,64.07,83.21,1384096938.0300,192362445.3230
2024-10-25,1442,1442,999,999,989,443,3309,1727,1542,30.19,57.85,64.14,83.50,1719550808.4300,228544293.1430
2024-10-24,1421,1421,996,996,986,425,3309,1727,1542,30.10,57.67,63.94,82.28,1344512698.8100,195193203.5770
2024-10-23,1437,1437,995,995,985,442,3309,1727,1542,30.07,57.61,63.88,83.21,1853612420.1000,239356956.6230
2024-10-22,1430,1430,996,996,987,434,3309,1727,1542,30.10,57.67,64.01,82.80,1785039820.6300,237958520.4410
2024-10-21,1434,1434,997,997,988,437,3309,1727,1542,30.13,57.73,64.07,83.03,2645979029.9000,331894923.1210
2024-10-18,1437,1437,998,998,988,439,3309,1727,1542,30.16,57.79,64.07,83.21,3290461656.4300,399799050.6280
2024-10-17,1424,1424,996,996,986,428,3309,1727,1542,30.10,57.67,63.94,82.46,1698456905.1900,229164615.1300
2024-10-16,1429,1429,996,996,986,433,3309,1727,1542,30.10,57.67,63.94,82.74,1856306296.1300,248624437.3900
2024-10-15,1429,1429,996,996,986,433,3309,1727,1542,30.10,57.67,63.94,82.74,1948985651.3600,278861143.6700
2024-10-14,1425,1425,986,986,976,439,3309,1727,1542,29.80,57.09,63.29,82.51,2313033381.0800,288743038.2090
2024-10-11,1416,1416,985,985,975,431,3309,1727,1542,29.77,57.04,63.23,81.99,1912450848.5500,261224458.5460
2024-10-10,1423,1423,986,986,976,437,3309,1727,1542,29.80,57.09,63.29,82.40,2989662326.2800,378941414.3870
2024-10-09,1428,1428,986,986,976,442,3309,1727,1542,29.80,57.09,63.29,82.69,4580125949.3400,547750817.2850
2024-10-08,1434,1434,985,985,975,449,3309,1727,1542,29.77,57.04,63.23,83.03,4685633396.1700,602399894.8440
2024-09-30,1431,1431,984,984,974,447,3309,1727,1542,29.74,56.98,63.16,82.86,3385809631.9800,427052841.2930
2024-09-27,1426,1426,983,983,973,443,3309,1727,1542,29.71,56.92,63.10,82.57,1468199441.6700,184377645.1370
2024-09-26,1408,1408,980,980,970,428,3309,1727,1542,29.62,56.75,62.91,81.53,1689016076.4800,232205534.7730
2024-09-25,1409,1409,981,981,971,428,3309,1727,1542,29.65,56.80,62.97,81.59,1430362133.0100,208110007.0510
2024-09-24,1407,1407,980,980,970,427,3309,1727,1542,29.62,56.75,62.91,81.47,1417696414.3700,207589447.7520
2024-09-23,1368,1368,980,980,970,388,3309,1727,1542,29.62,56.75,62.91,79.21,703694433.2200,113553524.2190
2024-09-20,1357,1357,980,980,970,377,3309,1727,1542,29.62,56.75,62.91,78.58,922707592.7000,137392994.9100
2024-09-19,1363,1363,974,974,965,389,3309,1727,1542,29.43,56.40,62.58,78.92,891933811.9800,126750817.5330
2024-09-18,1360,1360,971,971,963,389,3309,1727,1542,29.34,56.22,62.45,78.75,503693250.7700,102697576.3390
2024-09-13,1350,1350,978,978,969,372,3309,1727,1542,29.56,56.63,62.84,78.17,581595227.1100,94015301.0790
2024-09-12,1346,1346,967,967,959,379,3309,1727,1542,29.22,55.99,62.19,77.94,657194975.2500,104601607.3770
2024-09-11,1350,1350,973,973,964,377,3309,1727,1542,29.40,56.34,62.52,78.17,612341859.0800,109245238.6800
2024-09-10,1345,1345,968,968,959,377,3309,1727,1542,29.25,56.05,62.19,77.88,644309861.1700,107778428.4130
2024-09-09,1358,1358,974,974,965,384,3309,1727,1542,29.43,56.40,62.58,78.63,576615141.5600,105403911.0820
2024-09-06,1345,1345,973,973,963,372,3309,1727,1542,29.40,56.34,62.45,77.88,504778292.8700,96931763.0610
2024-09-05,1340,1340,968,968,959,372,3309,1727,1542,29.25,56.05,62.19,77.59,606523067.9700,111707495.2720
2024-09-04,1338,1338,965,965,956,373,3309,1727,1542,29.16,55.88,62.00,77.48,630344257.8100,96630598.0850
2024-09-03,1335,1335,968,968,959,367,3309,1727,1542,29.25,56.05,62.19,77.30,643987226.6700,109423548.9830
2024-09-02,1363,1363,973,973,963,390,3309,1727,1542,29.40,56.34,62.45,78.92,680324767.8900,120108299.4700
2024-08-30,1381,1381,971,971,961,410,3309,1727,1542,29.34,56.22,62.32,79.97,1001013368.2400,152903024.5470
2024-08-29,1349,1349,966,966,956,383,3309,1727,1542,29.19,55.94,62.00,78.11,736295978.1400,118829152.0670
2024-08-28,1328,1328,963,963,954,365,3309,1727,1542,29.10,55.76,61.87,76.90,572136955.2900,110175243.9710
2024-08-27,1327,1327,958,958,948,369,3309,1727,1542,28.95,55.47,61.48,76.84,585525024.6500,108724819.7040
2024-08-26,1339,1339,973,973,963,366,3309,1727,1542,29.40,56.34,62.45,77.53,554480975.2200,92699850.2670
2024-08-23,1346,1346,974,974,963,372,3309,1727,1542,29.43,56.40,62.45,77.94,554509061.7300,97149602.7930
2024-08-22,1346,1346,967,967,956,379,3309,1727,1542,29.22,55.99,62.00,77.94,637565967.1600,111784613.1390
2024-08-21,1333,1333,966,966,955,367,3309,1727,1542,29.19,55.94,61.93,77.19,567990364.6500,93962140.1280
2024-08-20,1350,1350,965,965,954,385,3309,1727,1542,29.16,55.88,61.87,78.17,598932027.5400,117437656.8530
2024-08-19,1344,1344,973,973,961,371,3309,1727,1542,29.40,56.34,62.32,77.82,597006721.0400,111063113.2160
2024-08-16,1341,1341,970,970,958,371,3309,1727,1542,29.31,56.17,62.13,77.65,733757936.2400,120617687.4830
2024-08-15,1351,1351,966,966,954,385,3309,1727,1542,29.19,55.94,61.87,78.23,808280920.6400,131640976.8310
2024-08-14,1321,1321,963,963,951,358,3309,1727,1542,29.10,55.76,61.67,76.49,549626205.8500,96234672.1220
2024-08-13,1340,1340,970,970,958,370,3309,1727,1542,29.31,56.17,62.13,77.59,606404352.0300,105331710.2010
2024-08-12,1335,1335,967,967,956,368,3309,1727,1542,29.22,55.99,62.00,77.30,560452601.1800,97112517.3120
2024-08-09,1338,1338,968,968,954,370,3309,1727,1542,29.25,56.05,61.87,77.48,658392750.6300,102912048.3320
2024-08-08,1330,1330,963,963,950,367,3309,1727,1542,29.10,55.76,61.61,77.01,752088457.8400,109073758.2310
2024-08-07,1338,1338,967,967,954,371,3309,1727,1542,29.22,55.99,61.87,77.48,758287344.3100,123367087.2310
2024-08-06,1349,1349,962,962,949,387,3309,1727,1542,29.07,55.70,61.54,78.11,917880754.3000,136623181.9650
2024-08-05,1364,1364,969,969,955,395,3309,1727,1542,29.28,56.11,61.93,78.98,1199854687.5600,157230427.9050
2024-08-02,1350,1350,968,968,954,382,3309,1727,1542,29.25,56.05,61.87,78.17,851027074.4300,120611384.2230
2024-08-01,1364,1364,965,965,952,399,3309,1727,1542,29.16,55.88,61.74,78.98,748807672.9200,131017057.8100
2024-07-31,1387,1387,967,967,953,420,3309,1727,1542,29.22,55.99,61.80,80.31,1061152185.5200,171383729.1370
2024-07-30,1341,1341,961,961,947,380,3309,1727,1542,29.04,55.65,61.41,77.65,680410802.5000,120421765.5780
2024-07-29,1350,1350,963,963,950,387,3309,1727,1542,29.10,55.76,61.61,78.17,613084239.3800,104182270.3640
2024-07-26,1358,1358,969,969,955,389,3309,1727,1542,29.28,56.11,61.93,78.63,743572395.0800,118083281.2580
2024-07-25,1364,1364,967,967,953,397,3309,1727,1542,29.22,55.99,61.80,78.98,788213255.5500,129497448.8450
2024-07-24,1348,1348,965,965,951,383,3309,1727,1542,29.16,55.88,61.67,78.05,778684488.3400,120456879.8120
2024-07-23,1371,1371,962,962,947,409,3309,1727,1542,29.07,55.70,61.41,79.39,706727246.1100,115652772.7170
2024-07-22,1352,1352,964,964,950,388,3309,1727,1542,29.13,55.82,61.61,78.29,807583418.6500,123016581.2320
2024-07-19,1364,1364,966,966,952,398,3309,1727,1542,29.19,55.94,61.74,78.98,982785702.3200,156219327.2260
2024-07-18,1364,1364,964,964,950,400,3309,1727,1542,29.13,55.82,61.61,78.98,1007483695.1500,153586109.4270
2024-07-17,1364,1364,964,964,950,400,3309,1727,1542,29.13,55.82,61.61,78.98,850510074.4600,138977457.0590
2024-07-16,1345,1345,961,961,948,384,3309,1727,1542,29.04,55.65,61.48,77.88,787029515.9100,137957174.4980
2024-07-15,1343,1343,959,959,945,384,3309,1727,1542,28.98,55.53,61.28,77.76,644213723.5100,128003964.3030
2024-07-12,1342,1342,963,963,949,379,3309,1727,1542,29.10,55.76,61.54,77.71,750759667.3800,123310384.8510
2024-07-11,1367,1367,961,961,946,406,3309,1727,1542,29.04,55.65,61.35,79.15,829545084.1200,141277027.3730
2024-07-10,1346,1346,960,960,945,386,3309,1727,1542,29.01,55.59,61.28,77.94,698421814.5700,116143675.7140
2024-07-09,1373,1373,960,960,944,413,3309,1727,1542,29.01,55.59,61.22,79.50,852238308.2000,137888736.7720
2024-07-08,1351,1351,961,961,945,390,3309,1727,1542,29.04,55.65,61.28,78.23,654181590.9100,118071962.1210
2024-07-05,1355,1355,964,964,947,391,3309,1727,1542,29.13,55.82,61.41,78.46,798880297.7300,129019756.7630
2024-07-04,1348,1348,959,959,942,389,3309,1727,1542,28.98,55.53,61.09,78.05,734304698.9000,132074139.4940
2024-07-03,1332,1332,956,956,939,376,3309,1727,1542,28.89,55.36,60.89,77.13,714247610.1000,115094552.4250
2024-07-02,1347,1347,962,962,943,385,3309,1727,1542,29.07,55.70,61.15,78.00,667874917.4300,114581792.2050
2024-07-01,1355,1355,962,962,943,393,3309,1727,1542,29.07,55.70,61.15,78.46,570113012.5800,100523323.6200
2024-06-28,1360,1360,963,963,945,397,3309,1727,1542,29.10,55.76,61.28,78.75,754314326.2600,141090907.3180
2024-06-27,1350,1350,961,961,942,389,3309,1727,1542,29.04,55.65,61.09,78.17,675722090.6600,134998145.0710
2024-06-26,1341,1341,959,959,940,382,3309,1727,1542,28.98,55.53,60.96,77.65,765943211.7800,136220047.3090
2024-06-25,1337,1337,959,959,941,378,3309,1727,1542,28.98,55.53,61.02,77.42,795134700.7600,135981194.0930
2024-06-24,1355,1355,961,961,942,394,3309,1727,1542,29.04,55.65,61.09,78.46,723689824.4900,133102148.8550
2024-06-21,1342,1342,959,959,941,383,3309,1727,1542,28.98,55.53,61.02,77.71,713393323.9400,126883612.7200
2024-06-20,1353,1353,959,959,940,394,3309,1727,1542,28.98,55.53,60.96,78.34,730466123.0600,117579081.1280
2024-06-19,1332,1332,960,960,941,372,3309,1727,1542,29.01,55.59,61.02,77.13,707715080.2100,119610386.6350
2024-06-18,1357,1357,959,959,940,398,3309,1727,1542,28.98,55.53,60.96,78.58,649525100.7600,122601676.1120
2024-06-17,1336,1336,955,955,936,381,3309,1727,1542,28.86,55.30,60.70,77.36,629621289.7300,114183753.2940
2024-06-14,1352,1352,959,959,940,393,3309,1727,1542,28.98,55.53,60.96,78.29,709212672.9200,120952266.1980
2024-06-13,1345,1345,951,951,933,394,3309,1727,1542,28.74,55.07,60.51,77.88,702001272.9900,112957299.6200
2024-06-12,1340,1340,954,954,936,386,3309,1727,1542,28.83,55.24,60.70,77.59,670401904.3900,103990852.1500
2024-06-11,1344,1344,956,956,937,388,3309,1727,1542,28.89,55.36,60.77,77.82,762552794.7700,111735824.8500
2024-06-07,1347,1347,956,956,937,391,3309,1727,1542,28.89,55.36,60.77,78.00,751363468.2000,121811378.3210
2024-06-06,1346,1346,953,953,933,393,3309,1727,1542,28.80,55.18,60.51,77.94,812188412.9900,117782360.3290
2024-06-05,1346,1346,948,948,928,398,3309,1727,1542,28.65,54.89,60.18,77.94,694445578.1100,102690616.2920
2024-06-04,1344,1344,949,949,929,395,3309,1727,1542,28.68,54.95,60.25,77.82,691890462.6500,105318885.1750
2024-06-03,1341,1341,948,948,928,393,3309,1727,1542,28.65,54.89,60.18,77.65,751713689.4300,110935560.7550
2024-05-31,1330,1330,947,947,927,383,3309,1727,1542,28.62,54.83,60.12,77.01,693702863.4700,103594827.7750
2024-05-30,1337,1337,948,948,927,389,3309,1727,1542,28.65,54.89,60.12,77.42,724855670.1000,108309194.0560
2024-05-29,1336,1336,948,948,926,388,3309,1727,1542,28.65,54.89,60.05,77.36,672053585.6700,102085545.3510
2024-05-28,1331,1331,948,948,926,383,3309,1727,1542,28.65,54.89,60.05,77.07,708097449.4500,106187297.7340
2024-05-27,1356,1356,948,948,926,408,3309,1727,1542,28.65,54.89,60.05,78.52,801739544.7000,111257000.8650
2024-05-24,1349,1349,949,949,927,400,3309,1727,1542,28.68,54.95,60.12,78.11,868269599.4800,120435744.0220
2024-05-23,1356,1356,950,950,928,406,3309,1727,1542,28.71,55.01,60.18,78.52,742625079.5900,120138119.3950
2024-05-22,1339,1339,945,945,923,394,3309,1727,1542,28.56,54.72,59.86,77.53,740179187.9100,105159157.4700
2024-05-21,1341,1341,945,945,923,396,3309,1727,1542,28.56,54.72,59.86,77.65,691882401.5400,114448175.7710
2024-05-20,1359,1359,943,943,921,416,3309,1727,1542,28.50,54.60,59.73,78.69,816051666.5700,130592744.1850
2024-05-17,1340,1340,941,941,920,399,3309,1727,1542,28.44,54.49,59.66,77.59,861482111.1500,126895191.6440
2024-05-16,1336,1336,944,944,922,392,3309,1727,1542,28.53,54.66,59.79,77.36,873957783.8100,125529627.8660
2024-05-15,1336,1336,942,942,920,394,3309,1727,1542,28.47,54.55,59.66,77.36,542734011.5300,96751773.8530
2024-05-14,1337,1337,943,943,921,394,3309,1727,1542,28.50,54.60,59.73,77.42,744573504.6900,101154991.8630
2024-05-13,1347,1347,940,940,918,407,3309,1727,1542,28.41,54.43,59.53,78.00,842009104.6400,112148177.9070
2024-05-10,1346,1346,941,941,919,405,3309,1727,1542,28.44,54.49,59.60,77.94,912872239.1600,134985228.3570
2024-05-09,1347,1347,937,937,916,410,3309,1727,1542,28.32,54.26,59.40,78.00,828081578.7100,122324400.2260
2024-05-08,1331,1331,936,936,915,395,3309,1727,1542,28.29,54.20,59.34,77.07,759615209.0500,111179962.9910
2024-05-07,1352,1352,936,936,915,416,3309,1727,1542,28.29,54.20,59.34,78.29,718570125.7600,104175507.6480
2024-05-06,1359,1359,937,937,916,422,3309,1727,1542,28.32,54.26,59.40,78.69,964680071.5300,140902597.0430
2024-04-30,1334,1334,937,937,916,397,3309,1727,1542,28.32,54.26,59.40,77.24,736764784.9600,131359978.2790
2024-04-29,1363,1363,933,933,912,430,3309,1727,1542,28.20,54.02,59.14,78.92,1110498878.0300,160487995.0730
2024-04-26,1340,1340,932,932,911,408,3309,1727,1542,28.17,53.97,59.08,77.59,1031115277.1600,159375063.2620
2024-04-25,1324,1324,928,928,908,396,3309,1727,1542,28.04,53.73,58.88,76.66,734239190.5000,124087631.5900
2024-04-24,1318,1318,925,925,904,393,3309,1727,1542,27.95,53.56,58.63,76.32,768787269.4200,117474424.2900
2024-04-23,1331,1331,925,925,904,406,3309,1727,1542,27.95,53.56,58.63,77.07,769786510.4900,108796411.5110
2024-04-22,1318,1318,925,925,904,393,3309,1727,1542,27.95,53.56,58.63,76.32,727972245.3000,112077253.8060
2024-04-19,1312,1312,925,925,904,387,3309,1727,1542,27.95,53.56,58.63,75.97,827036716.3400,130188165.2370
2024-04-18,1331,1331,924,924,903,407,3309,1727,1542,27.92,53.50,58.56,77.07,816654441.5400,128236561.9550
2024-04-17,1321,1321,922,922,902,399,3309,1727,1542,27.86,53.39,58.50,76.49,836876251.5600,140764846.4580
2024-04-16,1323,1323,921,921,900,402,3309,1727,1542,27.83,53.33,58.37,76.61,791952107.8100,125594475.8560
2024-04-15,1330,1330,920,920,899,410,3309,1727,1542,27.80,53.27,58.30,77.01,783149292.5100,121497909.5370
2024-04-12,1311,1311,920,920,899,391,3309,1727,1542,27.80,53.27,58.30,75.91,671187806.2600,113828419.2340
2024-04-11,1307,1307,917,917,896,390,3309,1727,1542,27.71,53.10,58.11,75.68,690419856.1600,118553858.4400
2024-04-10,1305,1305,916,916,895,389,3309,1727,1542,27.68,53.04,58.04,75.56,761755098.5000,115256717.9860
2024-04-09,1304,1304,915,915,895,389,3309,1727,1542,27.65,52.98,58.04,75.51,617332983.7000,119235020.7810
2024-04-08,1314,1314,918,918,896,396,3309,1727,1542,27.74,53.16,58.11,76.09,727933981.4600,116296619.6320
2024-04-03,1296,1296,918,918,897,378,3309,1727,1542,27.74,53.16,58.17,75.04,637335200.9700,102395943.9140
2024-04-02,1311,1311,916,916,894,395,3309,1727,1542,27.68,53.04,57.98,75.91,688073055.4700,113022559.6070
2024-04-01,1326,1326,917,917,895,409,3309,1727,1542,27.71,53.10,58.04,76.78,645843846.1800,119950261.1520
2024-03-29,1299,1299,915,915,893,384,3309,1727,1542,27.65,52.98,57.91,75.22,527308801.9000,105286716.8750
2024-03-28,1302,1302,915,915,893,387,3309,1727,1542,27.65,52.98,57.91,75.39,865641556.8600,119602737.8080
2024-03-27,1304,1304,917,917,896,387,3309,1727,1542,27.71,53.10,58.11,75.51,768303825.8600,115873567.3960
2024-03-26,1305,1305,915,915,893,390,3309,1727,1542,27.65,52.98,57.91,75.56,773576430.8900,120151487.4830
2024-03-25,1309,1309,912,912,890,397,3309,1727,1542,27.56,52.81,57.72,75.80,777845702.4200,109313974.7050
2024-03-22,1318,1318,918,918,895,400,3309,1727,1542,27.74,53.16,58.04,76.32,938824315.2100,131514592.6360
2024-03-21,1313,1313,914,914,891,399,3309,1727,1542,27.62,52.92,57.78,76.03,820122487.9200,116453889.6960
2024-03-20,1302,1302,912,912,889,390,3309,1727,1542,27.56,52.81,57.65,75.39,682083122.8200,105646232.6270
2024-03-19,1317,1317,914,914,891,403,3309,1727,1542,27.62,52.92,57.78,76.26,746742978.6800,107534194.1660
2024-03-18,1326,1326,914,914,891,412,3309,1727,1542,27.62,52.92,57.78,76.78,953096142.8000,135960801.4990
2024-03-15,1306,1306,910,910,887,396,3309,1727,1542,27.50,52.69,57.52,75.62,767590417.4100,110655433.6140
2024-03-14,1306,1306,904,904,881,402,3309,1727,1542,27.32,52.35,57.13,75.62,882980536.9800,128532733.1090
2024-03-13,1306,1306,904,904,882,402,3309,1727,1542,27.32,52.35,57.20,75.62,849127957.6500,127129205.7000
2024-03-12,1311,1311,904,904,882,407,3309,1727,1542,27.32,52.35,57.20,75.91,1075765053.7600,140617840.1980
2024-03-11,1315,1315,904,904,881,411,3309,1727,1542,27.32,52.35,57.13,76.14,898286004.3900,131673248.1810
2024-03-08,1306,1306,906,906,883,400,3309,1727,1542,27.38,52.46,57.26,75.62,768135127.6500,110624933.9190
2024-03-07,1302,1302,900,900,877,402,3309,1727,1542,27.20,52.11,56.87,75.39,861977648.6500,113916353.1710
2024-03-06,1306,1306,901,901,878,405,3309,1727,1542,27.23,52.17,56.94,75.62,947274533.3200,124482861.9230
2024-03-05,1307,1307,903,903,880,404,3309,1727,1542,27.29,52.29,57.07,75.68,1085494150.5100,161935703.8040
2024-03-04,1308,1308,903,903,880,405,3309,1727,1542,27.29,52.29,57.07,75.74,941760919.6200,119795764.9450
2024-03-01,1314,1314,903,903,879,411,3309,1727,1542,27.29,52.29,57.00,76.09,1063822507.6200,148451991.4690
2024-02-29,1307,1307,902,902,878,405,3309,1727,1542,27.26,52.23,56.94,75.68,1077847851.0500,153971597.7280
2024-02-28,1322,1322,904,904,880,418,3309,1727,1542,27.32,52.35,57.07,76.55,1195096795.7000,158914118.1240
2024-02-27,1319,1319,903,903,879,416,3309,1727,1542,27.29,52.29,57.00,76.38,947945789.2800,124439940.1970
2024-02-26,1314,1314,902,902,878,412,3309,1727,1542,27.26,52.23,56.94,76.09,819883839.0200,117479119.1660
2024-02-23,1306,1306,904,904,879,402,3309,1727,1542,27.32,52.35,57.00,75.62,830076206.2800,121053053.1830
2024-02-22,1309,1309,900,900,874,409,3309,1727,1542,27.20,52.11,56.68,75.80,825822460.0100,119337594.9100
2024-02-21,1315,1315,902,902,876,413,3309,1727,1542,27.26,52.23,56.81,76.14,1162958374.8900,163030715.2780
2024-02-20,1300,1300,902,902,877,398,3309,1727,1542,27.26,52.23,56.87,75.28,779433306.6300,117889635.7110
2024-02-19,1313,1313,902,902,876,411,3309,1727,1542,27.26,52.23,56.81,76.03,1065506851.4700,181716388.6970
2024-02-08,1314,1314,904,904,878,410,3309,1727,1542,27.32,52.35,56.94,76.09,1279150207.9300,213422368.5910
2024-02-07,1303,1303,901,901,875,402,3309,1727,1542,27.23,52.17,56.74,75.45,1473175964.3800,217217412.1400
2024-02-06,1313,1313,901,901,875,412,3309,1727,1542,27.23,52.17,56.74,76.03,1536298043.3700,181477202.9120
2024-02-05,1305,1305,900,900,874,405,3309,1727,1542,27.20,52.11,56.68,75.56,1576006387.2700,196747126.3960
2024-02-02,1294,1294,901,901,875,393,3309,1727,1542,27.23,52.17,56.74,74.93,1347439754.9700,155341265.9390
2024-02-01,1284,1284,897,897,871,387,3309,1727,1542,27.11,51.94,56.49,74.35,1206012406.4800,149988546.9440
2024-01-31,1285,1285,897,897,871,388,3309,1727,1542,27.11,51.94,56.49,74.41,1128206915.8900,143692476.0240
2024-01-30,1283,1283,896,896,871,387,3309,1727,1542,27.08,51.88,56.49,74.29,906707326.4400,120127729.6640
2024-01-29,1271,1271,895,895,869,376,3309,1727,1542,27.05,51.82,56.36,73.60,982687732.4700,121978060.4450
2024-01-26,1289,1289,898,898,872,391,3309,1727,1542,27.14,52.00,56.55,74.64,1174989468.8800,159699786.7280
2024-01-25,1307,1307,896,896,870,411,3309,1727,1542,27.08,51.88,56.42,75.68,1169174145.5700,149967336.9930
2024-01-24,1306,1306,895,895,870,411,3309,1727,1542,27.05,51.82,56.42,75.62,1277950793.0700,162024503.9040
2024-01-23,1287,1287,896,896,870,391,3309,1727,1542,27.08,51.88,56.42,74.52,1295339218.1700,155708555.1820
2024-01-22,1302,1302,896,896,870,406,3309,1727,1542,27.08,51.88,56.42,75.39,1174333938.4900,154776243.1810
2024-01-19,1274,1274,895,895,869,379,3309,1727,1542,27.05,51.82,56.36,73.77,971049166.6300,142219994.5690
2024-01-18,1302,1302,892,892,866,410,3309,1727,1542,26.96,51.65,56.16,75.39,1233799708.7600,163468540.0200
2024-01-17,1290,1290,896,896,869,394,3309,1727,1542,27.08,51.88,56.36,74.70,930230551.8900,128037244.1030
2024-01-16,1275,1275,894,894,867,381,3309,1727,1542,27.02,51.77,56.23,73.83,892746964.2200,129428728.3090
2024-01-15,1262,1262,893,893,868,369,3309,1727,1542,26.99,51.71,56.29,73.07,669279518.9400,95772860.2480
2024-01-12,1276,1276,894,894,867,382,3309,1727,1542,27.02,51.77,56.23,73.89,652757100.2500,98718830.6870
2024-01-11,1273,1273,895,895,868,378,3309,1727,1542,27.05,51.82,56.29,73.71,847646656.8200,122351292.4800
2024-01-10,1264,1264,893,893,866,371,3309,1727,1542,26.99,51.71,56.16,73.19,699662516.1700,99382434.4750
2024-01-09,1271,1271,892,892,865,379,3309,1727,1542,26.96,51.65,56.10,73.60,801347102.0100,105153046.5200
2024-01-08,1275,1275,892,892,865,383,3309,1727,1542,26.96,51.65,56.10,73.83,736093367.4200,115214263.5190
2024-01-05,1274,1274,892,892,865,382,3309,1727,1542,26.96,51.65,56.10,73.77,765161621.0400,103594277.1970
2024-01-04,1272,1272,888,888,861,384,3309,1727,1542,26.84,51.42,55.84,73.65,680623167.4000,93608065.6930
2024-01-03,1259,1259,888,888,861,371,3309,1727,1542,26.84,51.42,55.84,72.90,659522150.5300,109406877.8550
2024-01-02,1254,1254,888,888,861,366,3309,1727,1542,26.84,51.42,55.84,72.61,650408019.5100,113025362.5320
2023-12-29,1278,1278,887,887,860,391,3309,1727,1542,26.81,51.36,55.77,74.00,735062269.2600,136874542.9170
2023-12-28,1288,1288,884,884,857,404,3309,1727,1542,26.72,51.19,55.58,74.58,1020071093.5700,168150431.5480
2023-12-27,1262,1262,881,881,854,381,3309,1727,1542,26.62,51.01,55.38,73.07,703350463.0000,124758001.6690
2023-12-26,1258,1258,881,881,854,377,3309,1727,1542,26.62,51.01,55.38,72.84,523083944.4900,117944014.4960
2023-12-25,1252,1252,882,882,854,370,3309,1727,1542,26.65,51.07,55.38,72.50,493784124.7800,117509945.9010
2023-12-22,1263,1263,884,884,856,379,3309,1727,1542,26.72,51.19,55.51,73.13,1096542742.9500,168541914.4890
2023-12-21,1269,1269,880,880,852,389,3309,1727,1542,26.59,50.96,55.25,73.48,807403571.3200,152526465.5290
2023-12-20,1254,1254,878,878,850,376,3309,1727,1542,26.53,50.84,55.12,72.61,639089605.4500,138213837.0510
2023-12-19,1249,1249,880,880,852,369,3309,1727,1542,26.59,50.96,55.25,72.32,648876153.8300,131283232.7420
2023-12-18,1251,1251,882,882,854,369,3309,1727,1542,26.65,51.07,55.38,72.44,631712773.8100,125122684.6350
2023-12-15,1259,1259,883,883,855,376,3309,1727,1542,26.68,51.13,55.45,72.90,871970172.3700,150105430.6910
2023-12-14,1248,1248,878,878,850,370,3309,1727,1542,26.53,50.84,55.12,72.26,700886146.2500,127186245.8970
2023-12-13,1244,1244,874,874,849,370,3309,1727,1542,26.41,50.61,55.06,72.03,638052395.3300,113186328.3330
2023-12-12,1243,1243,879,879,852,364,3309,1727,1542,26.56,50.90,55.25,71.97,656579805.1300,119718295.0610
2023-12-11,1273,1273,876,876,849,397,3309,1727,1542,26.47,50.72,55.06,73.71,872665629.5100,145911060.7080
2023-12-08,1242,1242,872,872,845,370,3309,1727,1542,26.35,50.49,54.80,71.92,738102977.2700,126371706.3090
2023-12-07,1246,1246,866,866,839,380,3309,1727,1542,26.17,50.14,54.41,72.15,636112953.2500,111155023.3000
2023-12-06,1231,1231,865,865,838,366,3309,1727,1542,26.14,50.09,54.35,71.28,766361280.5900,122430119.4470
2023-12-05,1249,1249,870,870,843,379,3309,1727,1542,26.29,50.38,54.67,72.32,759653526.6700,116345154.3740
2023-12-04,1236,1236,870,870,843,366,3309,1727,1542,26.29,50.38,54.67,71.57,692028602.5300,112682557.7960
2023-12-01,1241,1241,867,867,840,374,3309,1727,1542,26.20,50.20,54.47,71.86,700491859.6600,122261368.1400
2023-11-30,1229,1229,861,861,834,368,3309,1727,1542,26.02,49.86,54.09,71.16,617625982.0500,107011505.9630
2023-11-29,1218,1218,861,861,834,357,3309,1727,1542,26.02,49.86,54.09,70.53,670347454.0300,109810354.6800
2023-11-28,1230,1230,865,865,839,365,3309,1727,1542,26.14,50.09,54.41,71.22,587055306.0400,93002903.6840
2023-11-27,1244,1244,864,864,837,380,3309,1727,1542,26.11,50.03,54.28,72.03,585772114.9200,93965566.5710
2023-11-24,1221,1221,864,864,836,357,3309,1727,1542,26.11,50.03,54.22,70.70,563472057.8100,99127109.3520
2023-11-23,1236,1236,863,863,835,373,3309,1727,1542,26.08,49.97,54.15,71.57,629577371.9900,99420695.9070
2023-11-22,1229,1229,863,863,836,366,3309,1727,1542,26.08,49.97,54.22,71.16,631282998.3800,101730645.1020
2023-11-21,1255,1255,863,863,835,392,3309,1727,1542,26.08,49.97,54.15,72.67,729030673.2800,106959522.1570
2023-11-20,1257,1257,862,862,834,395,3309,1727,1542,26.05,49.91,54.09,72.79,696238760.6900,106413520.4740
2023-11-17,1221,1221,863,863,836,358,3309,1727,1542,26.08,49.97,54.22,70.70,678539985.7100,107155515.7510
2023-11-16,1228,1228,861,861,833,367,3309,1727,1542,26.02,49.86,54.02,71.11,758408327.5500,106276154.1470
2023-11-15,1254,1254,856,856,828,398,3309,1727,1542,25.87,49.57,53.70,72.61,743397140.0500,111245650.8560
2023-11-14,1229,1229,857,857,829,372,3309,1727,1542,25.90,49.62,53.76,71.16,634234695.4000,100662025.7110
2023-11-13,1217,1217,857,857,827,360,3309,1727,1542,25.90,49.62,53.63,70.47,599630392.6900,94756663.7750
2023-11-10,1216,1216,857,857,827,359,3309,1727,1542,25.90,49.62,53.63,70.41,632851535.5000,99651339.2760
2023-11-09,1229,1229,858,858,827,371,3309,1727,1542,25.93,49.68,53.63,71.16,629893240.4900,103035567.7100
2023-11-08,1245,1245,858,858,827,387,3309,1727,1542,25.93,49.68,53.63,72.09,774374870.7100,120289361.3480
2023-11-07,1236,1236,858,858,827,378,3309,1727,1542,25.93,49.68,53.63,71.57,684051793.2300,110030838.1970
2023-11-06,1264,1264,857,857,826,407,3309,1727,1542,25.90,49.62,53.57,73.19,958463478.8100,154463220.1740
2023-11-03,1243,1243,856,856,825,387,3309,1727,1542,25.87,49.57,53.50,71.97,738770310.8800,127921899.5660
2023-11-02,1235,1235,854,854,823,381,3309,1727,1542,25.81,49.45,53.37,71.51,631372243.5500,100061821.6690
2023-11-01,1229,1229,850,850,819,379,3309,1727,1542,25.69,49.22,53.11,71.16,640734201.4500,111303096.4330
2023-10-31,1221,1221,851,851,820,370,3309,1727,1542,25.72,49.28,53.18,70.70,650140757.4500,107274896.9960
2023-10-30,1252,1252,851,851,820,401,3309,1727,1542,25.72,49.28,53.18,72.50,949839060.2300,133117500.8070
2023-10-27,1259,1259,853,853,822,406,3309,1727,1542,25.78,49.39,53.31,72.90,932499057.6600,136259150.4700
2023-10-26,1234,1234,848,848,817,386,3309,1727,1542,25.63,49.10,52.98,71.45,674687134.8700,110519029.9800
2023-10-25,1253,1253,847,847,816,406,3309,1727,1542,25.60,49.04,52.92,72.55,831534219.3500,129661876.9370
2023-10-24,1256,1256,852,852,821,404,3309,1727,1542,25.75,49.33,53.24,72.73,768743499.2900,127127387.3990
2023-10-23,1250,1250,853,853,822,397,3309,1727,1542,25.78,49.39,53.31,72.38,589587765.3900,110631983.7630
2023-10-20,1248,1248,853,853,822,395,3309,1727,1542,25.78,49.39,53.31,72.26,647065347.8200,109348343.1750
2023-10-19,1262,1262,850,850,819,412,3309,1727,1542,25.69,49.22,53.11,73.07,694584029.6100,115988403.4410
2023-10-18,1230,1230,850,850,820,380,3309,1727,1542,25.69,49.22,53.18,71.22,601452080.9600,101691794.4400
2023-10-17,1216,1216,848,848,816,368,3309,1727,1542,25.63,49.10,52.92,70.41,532746310.1400,91951823.4740
2023-10-16,1234,1234,849,849,817,385,3309,1727,1542,25.66,49.16,52.98,71.45,607913973.4300,97246718.4410
2023-10-13,1225,1225,849,849,818,376,3309,1727,1542,25.66,49.16,53.05,70.93,586519696.4800,99432183.6670
2023-10-12,1229,1229,847,847,816,382,3309,1727,1542,25.60,49.04,52.92,71.16,584356968.0500,104164382.0270
2023-10-11,1231,1231,844,844,813,387,3309,1727,1542,25.51,48.87,52.72,71.28,696318207.9500,114877774.9380
2023-10-10,1215,1215,845,845,814,370,3309,1727,1542,25.54,48.93,52.79,70.35,588035882.4400,112729675.8640
2023-10-09,1232,1232,845,845,815,387,3309,1727,1542,25.54,48.93,52.85,71.34,574937520.9300,116132025.9580
2023-09-28,1226,1226,844,844,814,382,3309,1727,1542,25.51,48.87,52.79,70.99,619674208.9800,118890093.5690
2023-09-27,1220,1220,839,839,808,381,3309,1727,1542,25.36,48.58,52.40,70.64,663215305.4500,123747705.3000
2023-09-26,1206,1206,840,840,811,366,3309,1727,1542,25.39,48.64,52.59,69.83,517755972.3300,103963832.1330
2023-09-25,1224,1224,844,844,813,380,3309,1727,1542,25.51,48.87,52.72,70.87,554582717.2800,112287088.0530
2023-09-22,1237,1237,842,842,811,395,3309,1727,1542,25.45,48.76,52.59,71.63,848489247.5800,140061474.4130
2023-09-21,1220,1220,840,840,809,380,3309,1727,1542,25.39,48.64,52.46,70.64,601233619.5000,102478566.6460
2023-09-20,1218,1218,829,829,798,389,3309,1727,1542,25.05,48.00,51.75,70.53,524718279.4300,93553872.0290
2023-09-19,1204,1204,831,831,801,373,3309,1727,1542,25.11,48.12,51.95,69.72,534528079.8000,99141971.1920
2023-09-18,1216,1216,830,830,799,386,3309,1727,1542,25.08,48.06,51.82,70.41,621554966.7100,109702464.7160
2023-09-15,1212,1212,832,832,801,380,3309,1727,1542,25.14,48.18,51.95,70.18,740061782.9800,119309765.0600
2023-09-14,1211,1211,822,822,792,389,3309,1727,1542,24.84,47.60,51.36,70.12,577299506.8300,110659720.7940
2023-09-13,1197,1197,821,821,790,376,3309,1727,1542,24.81,47.54,51.23,69.31,616252861.2000,109041566.3680
2023-09-12,1196,1196,824,824,793,372,3309,1727,1542,24.90,47.71,51.43,69.25,494121295.2200,92968547.9160
2023-09-11,1218,1218,823,823,792,395,3309,1727,1542,24.87,47.65,51.36,70.53,761234122.8000,118482521.9830
2023-09-08,1195,1195,820,820,789,375,3309,1727,1542,24.78,47.48,51.17,69.20,498306887.2200,111522323.7100
2023-09-07,1200,1200,818,818,787,382,3309,1727,1542,24.72,47.37,51.04,69.48,691042148.7400,110274364.3010
2023-09-06,1202,1202,819,819,788,383,3309,1727,1542,24.75,47.42,51.10,69.60,642175046.9200,112161615.2700
2023-09-05,1203,1203,821,821,791,382,3309,1727,1542,24.81,47.54,51.30,69.66,589134710.8300,106365387.2490
2023-09-04,1225,1225,822,822,791,403,3309,1727,1542,24.84,47.60,51.30,70.93,734133763.4000,118767849.6880
2023-09-01,1208,1208,823,823,792,385,3309,1727,1542,24.87,47.65,51.36,69.95,483143803.6900,101804608.8810
2023-08-31,1203,1203,816,816,785,387,3309,1727,1542,24.66,47.25,50.91,69.66,755542997.5400,128190295.1960
2023-08-30,1217,1217,817,817,786,400,3309,1727,1542,24.69,47.31,50.97,70.47,905189411.7600,148289834.3630
2023-08-29,1214,1214,816,816,785,398,3309,1727,1542,24.66,47.25,50.91,70.30,1002403442.3600,179723137.8270
2023-08-28,1239,1239,818,818,787,421,3309,1727,1542,24.72,47.37,51.04,71.74,1178511667.9400,203939939.0200
2023-08-25,1215,1215,819,819,788,396,3309,1727,1542,24.75,47.42,51.10,70.35,771245164.5300,131912571.2360
2023-08-24,1219,1219,813,813,782,406,3309,1727,1542,24.57,47.08,50.71,70.58,886317362.9200,139233554.5420
2023-08-23,1209,1209,814,814,783,395,3309,1727,1542,24.60,47.13,50.78,70.01,731452828.5300,120051039.8540
2023-08-22,1219,1219,815,815,784,404,3309,1727,1542,24.63,47.19,50.84,70.58,947781586.8900,139003840.7760
2023-08-21,1213,1213,816,816,785,397,3309,1727,1542,24.66,47.25,50.91,70.24,754459782.6600,119169751.8540
2023-08-18,1212,1212,815,815,784,397,3309,1727,1542,24.63,47.19,50.84,70.18,792436155.8300,122105990.9280
2023-08-17,1212,1212,813,813,783,399,3309,1727,1542,24.57,47.08,50.78,70.18,869783179.1600,135047831.6980
2023-08-16,1212,1212,814,814,783,398,3309,1727,1542,24.60,47.13,50.78,70.18,690641350.1800,104875813.9840
2023-08-15,1192,1192,808,808,779,384,3309,1727,1542,24.42,46.79,50.52,69.02,766014344.6400,112673543.6240
2023-08-14,1215,1215,811,811,781,404,3309,1727,1542,24.51,46.96,50.65,70.35,755942490.7900,117069142.9470
2023-08-11,1207,1207,814,814,783,393,3309,1727,1542,24.60,47.13,50.78,69.89,741283379.9300,124687906.3550
2023-08-10,1186,1186,808,808,778,378,3309,1727,1542,24.42,46.79,50.45,68.67,608086460.2300,107371185.3530
2023-08-09,1186,1186,811,811,781,375,3309,1727,1542,24.51,46.96,50.65,68.67,722732041.7300,109842282.0670
2023-08-08,1182,1182,806,806,775,376,3309,1727,1542,24.36,46.67,50.26,68.44,715972454.7400,109448113.1930
2023-08-07,1200,1200,804,804,773,396,3309,1727,1542,24.30,46.55,50.13,69.48,758701610.6400,117333066.5530
2023-08-04,1217,1217,807,807,777,410,3309,1727,1542,24.39,46.73,50.39,70.47,884330833.3600,141366190.2790
2023-08-03,1202,1202,802,802,771,400,3309,1727,1542,24.24,46.44,50.00,69.60,760534317.7300,121314014.8220
2023-08-02,1197,1197,803,803,773,394,3309,1727,1542,24.27,46.50,50.13,69.31,744345863.7400,121006317.0270
2023-08-01,1234,1234,807,807,776,427,3309,1727,1542,24.39,46.73,50.32,71.45,824875848.3400,138920246.3510
2023-07-31,1217,1217,805,805,775,412,3309,1727,1542,24.33,46.61,50.26,70.47,1054879513.2900,167981937.8720
2023-07-28,1217,1217,807,807,776,410,3309,1727,1542,24.39,46.73,50.32,70.47,955597998.6800,157056703.1130
2023-07-27,1204,1204,802,802,771,402,3309,1727,1542,24.24,46.44,50.00,69.72,683134679.4800,118154610.3570
2023-07-26,1200,1200,803,803,772,397,3309,1727,1542,24.27,46.50,50.06,69.48,598090064.2400,111860773.1590
2023-07-25,1220,1220,802,802,771,418,3309,1727,1542,24.24,46.44,50.00,70.64,870738630.4200,149383581.3140
2023-07-24,1178,1178,799,799,769,379,3309,1727,1542,24.15,46.27,49.87,68.21,586434331.9600,90435035.8530
2023-07-21,1188,1188,800,800,770,388,3309,1727,1542,24.18,46.32,49.94,68.79,613195481.4800,105343268.4560
2023-07-20,1193,1193,801,801,770,392,3309,1727,1542,24.21,46.38,49.94,69.08,652644884.7400,107643223.5020
2023-07-19,1171,1171,797,797,768,374,3309,1727,1542,24.09,46.15,49.81,67.81,619368828.0700,99057171.9480
2023-07-18,1176,1176,794,794,764,382,3309,1727,1542,24.00,45.98,49.55,68.09,481243365.0700,89819006.4100
2023-07-17,1171,1171,795,795,766,376,3309,1727,1542,24.03,46.03,49.68,67.81,378225052.8200,103540439.2000
2023-07-14,1175,1175,798,798,768,377,3309,1727,1542,24.12,46.21,49.81,68.04,534040330.5000,92631137.0420
2023-07-13,1216,1216,798,798,768,418,3309,1727,1542,24.12,46.21,49.81,70.41,750355317.0900,123906390.4380
2023-07-12,1191,1191,797,797,767,394,3309,1727,1542,24.09,46.15,49.74,68.96,569107324.6900,94888696.7840
2023-07-11,1188,1188,795,795,765,393,3309,1727,1542,24.03,46.03,49.61,68.79,520257502.5900,93919988.0760
2023-07-10,1181,1181,796,796,767,385,3309,1727,1542,24.06,46.09,49.74,68.38,527088969.2000,91315622.5590
2023-07-07,1189,1189,797,797,767,392,3309,1727,1542,24.09,46.15,49.74,68.85,619139564.6800,100045611.8290
2023-07-06,1186,1186,796,796,766,390,3309,1727,1542,24.06,46.09,49.68,68.67,603932293.7700,95450651.7090
2023-07-05,1181,1181,788,788,758,393,3309,1727,1542,23.81,45.63,49.16,68.38,498180432.7800,88263448.9150
2023-07-04,1188,1188,794,794,762,394,3309,1727,1542,24.00,45.98,49.42,68.79,637346258.0100,93264648.4290
2023-07-03,1206,1206,795,795,763,411,3309,1727,1542,24.03,46.03,49.48,69.83,698722100.4800,117660138.6410
2023-06-30,1198,1198,795,795,763,403,3309,1727,1542,24.03,46.03,49.48,69.37,648674940.1000,124084578.5200
2023-06-29,1197,1197,793,793,761,404,3309,1727,1542,23.96,45.92,49.35,69.31,544664647.7000,109261527.6840
2023-06-28,1175,1175,795,795,762,380,3309,1727,1542,24.03,46.03,49.42,68.04,669839324.1400,116407814.7490
2023-06-27,1195,1195,793,793,760,402,3309,1727,1542,23.96,45.92,49.29,69.20,619239004.3400,109188575.4770
2023-06-26,1200,1200,795,795,762,405,3309,1727,1542,24.03,46.03,49.42,69.48,727258427.2100,128947325.9960
2023-06-21,1191,1191,794,794,761,397,3309,1727,1542,24.00,45.98,49.35,68.96,710168336.7200,127012922.5250
2023-06-20,1181,1181,789,789,756,392,3309,1727,1542,23.84,45.69,49.03,68.38,646310879.5400,115358696.0160
2023-06-19,1185,1185,790,790,757,395,3309,1727,1542,23.87,45.74,49.09,68.62,631324146.1300,113050794.2080
2023-06-16,1203,1203,790,790,757,413,3309,1727,1542,23.87,45.74,49.09,69.66,748574528.8400,132689290.6680
2023-06-15,1210,1210,794,794,761,416,3309,1727,1542,24.00,45.98,49.35,70.06,782873828.8500,130168917.8180
2023-06-14,1195,1195,789,789,756,406,3309,1727,1542,23.84,45.69,49.03,69.20,658904978.2200,113099907.6390
2023-06-13,1184,1184,787,787,754,397,3309,1727,1542,23.78,45.57,48.90,68.56,662790310.3400,107463643.9970
2023-06-12,1181,1181,788,788,755,393,3309,1727,1542,23.81,45.63,48.96,68.38,544474329.5400,101989758.7620
2023-06-09,1187,1187,789,789,755,398,3309,1727,1542,23.84,45.69,48.96,68.73,600276243.8000,109525305.2130
2023-06-08,1182,1182,785,785,752,397,3309,1727,1542,23.72,45.45,48.77,68.44,642450796.6000,107813288.7940
2023-06-07,1168,1168,784,784,750,384,3309,1727,1542,23.69,45.40,48.64,67.63,598168797.3000,100067013.8400
2023-06-06,1182,1182,787,787,753,395,3309,1727,1542,23.78,45.57,48.83,68.44,681967371.1200,99062265.2780
2023-06-05,1167,1167,786,786,752,381,3309,1727,1542,23.75,45.51,48.77,67.57,604598685.0800,99575983.1570
2023-06-02,1189,1189,788,788,754,401,3309,1727,1542,23.81,45.63,48.90,68.85,676600512.7400,111512945.8140
2023-06-01,1188,1188,784,784,750,404,3309,1727,1542,23.69,45.40,48.64,68.79,752116565.8700,117703125.2030
2023-05-31,1166,1166,784,784,750,382,3309,1727,1542,23.69,45.40,48.64,67.52,658803641.9500,116569857.2910
2023-05-30,1184,1184,787,787,753,397,3309,1727,1542,23.78,45.57,48.83,68.56,699982337.6100,110192894.1290
2023-05-29,1173,1173,785,785,750,388,3309,1727,1542,23.72,45.45,48.64,67.92,641846783.8300,103181426.4990
2023-05-26,1165,1165,784,784,751,381,3309,1727,1542,23.69,45.40,48.70,67.46,496250127.5600,98791156.9800
2023-05-25,1196,1196,787,787,752,409,3309,1727,1542,23.78,45.57,48.77,69.25,689312603.0700,111422623.6260
2023-05-24,1195,1195,787,787,752,408,3309,1727,1542,23.78,45.57,48.77,69.20,586007042.5800,108245911.7020
2023-05-23,1172,1172,785,785,750,387,3309,1727,1542,23.72,45.45,48.64,67.86,541348325.8100,95089687.1740
2023-05-22,1171,1171,784,784,749,387,3309,1727,1542,23.69,45.40,48.57,67.81,626212002.0200,103591059.2980
2023-05-19,1172,1172,782,782,747,390,3309,1727,1542,23.63,45.28,48.44,67.86,592972657.1600,99808387.7580
2023-05-18,1176,1176,779,779,745,397,3309,1727,1542,23.54,45.11,48.31,68.09,581777246.1400,101192364.6000
2023-05-17,1168,1168,784,784,749,384,3309,1727,1542,23.69,45.40,48.57,67.63,520326006.4100,97296089.6870
2023-05-16,1175,1175,783,783,748,392,3309,1727,1542,23.66,45.34,48.51,68.04,535208386.8100,91712427.8230
2023-05-15,1193,1193,783,783,749,410,3309,1727,1542,23.66,45.34,48.57,69.08,719695789.0500,107568221.0590
2023-05-12,1176,1176,788,788,753,388,3309,1727,1542,23.81,45.63,48.83,68.09,628819986.3600,105685303.6630
2023-05-11,1193,1193,780,780,745,413,3309,1727,1542,23.57,45.17,48.31,69.08,560974202.3700,99299644.7640
2023-05-10,1183,1183,782,782,747,401,3309,1727,1542,23.63,45.28,48.44,68.50,678484868.3800,120959294.2390
2023-05-09,1194,1194,783,783,748,411,3309,1727,1542,23.66,45.34,48.51,69.14,764718494.4100,117389715.9540
2023-05-08,1195,1195,783,783,748,412,3309,1727,1542,23.66,45.34,48.51,69.20,673675332.6800,105969269.8650
2023-05-05,1188,1188,781,781,745,407,3309,1727,1542,23.60,45.22,48.31,68.79,673606221.6300,104999407.9330
2023-05-04,1193,1193,781,781,746,412,3309,1727,1542,23.60,45.22,48.38,69.08,629157565.0500,109564727.4430
2023-04-28,1194,1194,783,783,747,411,3309,1727,1542,23.66,45.34,48.44,69.14,674670190.0100,131078124.7700
2023-04-27,1181,1181,775,775,740,406,3309,1727,1542,23.42,44.88,47.99,68.38,641872304.5200,119940275.0670
2023-04-26,1190,1190,778,778,742,412,3309,1727,1542,23.51,45.05,48.12,68.91,794611367.4700,134609876.2710
2023-04-25,1193,1193,780,780,744,413,3309,1727,1542,23.57,45.17,48.25,69.08,855430826.9700,132432162.3100
2023-04-24,1198,1198,778,778,742,420,3309,1727,1542,23.51,45.05,48.12,69.37,724724939.8300,120795649.2770
2023-04-21,1196,1196,780,780,744,416,3309,1727,1542,23.57,45.17,48.25,69.25,745105955.4900,126543255.7780
2023-04-20,1174,1174,773,773,737,401,3309,1727,1542,23.36,44.76,47.80,67.98,679566868.1500,115936791.5190
2023-04-19,1188,1188,774,774,738,414,3309,1727,1542,23.39,44.82,47.86,68.79,599794595.2900,100924157.2570
2023-04-18,1187,1187,772,772,736,415,3309,1727,1542,23.33,44.70,47.73,68.73,659520916.2200,110288900.6050
2023-04-17,1176,1176,770,770,733,406,3309,1727,1542,23.27,44.59,47.54,68.09,740419621.2900,112443840.3370
2023-04-14,1177,1177,771,771,734,406,3309,1727,1542,23.30,44.64,47.60,68.15,747122202.1800,119514531.1580
2023-04-13,1169,1169,768,768,731,401,3309,1727,1542,23.21,44.47,47.41,67.69,736504125.7700,117512992.4950
2023-04-12,1177,1177,770,770,735,407,3309,1727,1542,23.27,44.59,47.67,68.15,646383893.4400,114448495.0320
2023-04-11,1172,1172,768,768,732,404,3309,1727,1542,23.21,44.47,47.47,67.86,728096059.0400,120434177.2790
2023-04-10,1167,1167,772,772,736,395,3309,1727,1542,23.33,44.70,47.73,67.57,591089616.7100,115825804.8920
2023-04-07,1181,1181,773,773,736,408,3309,1727,1542,23.36,44.76,47.73,68.38,605014298.6400,115866798.3910
2023-04-06,1177,1177,768,768,732,409,3309,1727,1542,23.21,44.47,47.47,68.15,747442956.8500,124554466.5030
2023-04-04,1173,1173,768,768,731,405,3309,1727,1542,23.21,44.47,47.41,67.92,808660897.3300,130191064.8000
2023-04-03,1188,1188,771,771,734,417,3309,1727,1542,23.30,44.64,47.60,68.79,814703934.3600,157685243.7310
2023-03-31,1176,1176,766,766,729,410,3309,1727,1542,23.15,44.35,47.28,68.09,659630921.7900,114673962.5700
2023-03-30,1170,1170,766,766,729,404,3309,1727,1542,23.15,44.35,47.28,67.75,692585995.9800,111790393.1240
2023-03-29,1160,1160,765,765,728,395,3309,1727,1542,23.12,44.30,47.21,67.17,745348922.7500,122951532.2860
2023-03-28,1162,1162,761,761,725,401,3309,1727,1542,23.00,44.06,47.02,67.28,649879949.3300,107682665.8650
2023-03-27,1165,1165,763,763,727,402,3309,1727,1542,23.06,44.18,47.15,67.46,790760116.0900,118615685.7770
2023-03-24,1165,1165,765,765,728,400,3309,1727,1542,23.12,44.30,47.21,67.46,744715587.3600,107232425.1490
2023-03-23,1165,1165,764,764,727,401,3309,1727,1542,23.09,44.24,47.15,67.46,815462111.2100,119936396.7070
2023-03-22,1173,1173,764,764,726,409,3309,1727,1542,23.09,44.24,47.08,67.92,632828866.6800,97490750.1450
2023-03-21,1166,1166,763,763,725,403,3309,1727,1542,23.06,44.18,47.02,67.52,680043082.3800,106301888.3430
2023-03-20,1170,1170,766,766,728,404,3309,1727,1542,23.15,44.35,47.21,67.75,715500091.0800,113715095.5530
2023-03-17,1184,1184,766,766,728,418,3309,1727,1542,23.15,44.35,47.21,68.56,835662545.2600,136845531.1160
2023-03-16,1168,1168,763,763,725,405,3309,1727,1542,23.06,44.18,47.02,67.63,719206214.8900,107876475.9180
2023-03-15,1164,1164,762,762,724,402,3309,1727,1542,23.03,44.12,46.95,67.40,684303097.7200,107832591.1130
2023-03-14,1165,1165,758,758,720,407,3309,1727,1542,22.91,43.89,46.69,67.46,776573411.1900,105300533.6430
2023-03-13,1151,1151,762,762,724,389,3309,1727,1542,23.03,44.12,46.95,66.65,757849973.3900,107336738.4100
2023-03-10,1173,1173,762,762,723,411,3309,1727,1542,23.03,44.12,46.89,67.92,715239686.9300,108512784.8120
2023-03-09,1156,1156,759,759,720,397,3309,1727,1542,22.94,43.95,46.69,66.94,529897508.7300,88121485.3480
2023-03-08,1160,1160,758,758,719,402,3309,1727,1542,22.91,43.89,46.63,67.17,596518789.2800,93469544.7470
2023-03-07,1163,1163,757,757,718,406,3309,1727,1542,22.88,43.83,46.56,67.34,774095027.3600,111465449.3820
2023-03-06,1158,1158,758,758,719,400,3309,1727,1542,22.91,43.89,46.63,67.05,625966865.9400,104690025.9600
2023-03-03,1163,1163,757,757,720,406,3309,1727,1542,22.88,43.83,46.69,67.34,648498198.2100,109592519.6200
2023-03-02,1163,1163,757,757,718,406,3309,1727,1542,22.88,43.83,46.56,67.34,618976326.6800,100797189.3570
2023-03-01,1167,1167,758,758,719,409,3309,1727,1542,22.91,43.89,46.63,67.57,811426686.2500,122832048.3870
2023-02-28,1168,1168,759,759,720,409,3309,1727,1542,22.94,43.95,46.69,67.63,583960849.4400,99076821.7190
2023-02-27,1151,1151,759,759,720,392,3309,1727,1542,22.94,43.95,46.69,66.65,605896624.3900,101025975.3860
2023-02-24,1145,1145,760,760,721,385,3309,1727,1542,22.97,44.01,46.76,66.30,555531270.2200,92404641.2500
2023-02-23,1153,1153,752,752,714,401,3309,1727,1542,22.73,43.54,46.30,66.76,587289773.5100,93095387.6270
2023-02-22,1148,1148,755,755,716,393,3309,1727,1542,22.82,43.72,46.43,66.47,577561428.9900,89527356.4760
2023-02-21,1176,1176,757,757,718,419,3309,1727,1542,22.88,43.83,46.56,68.09,663342969.3200,101123136.6050
2023-02-20,1176,1176,759,759,720,417,3309,1727,1542,22.94,43.95,46.69,68.09,698264117.2500,120960285.9200
2023-02-17,1165,1165,759,759,720,406,3309,1727,1542,22.94,43.95,46.69,67.46,630168499.4000,115754279.0350
2023-02-16,1175,1175,758,758,719,417,3309,1727,1542,22.91,43.89,46.63,68.04,810157070.4000,139054617.7930
2023-02-15,1164,1164,758,758,719,406,3309,1727,1542,22.91,43.89,46.63,67.40,534285099.6900,91076947.1320
2023-02-14,1158,1158,757,757,718,401,3309,1727,1542,22.88,43.83,46.56,67.05,453117007.8300,85148240.2540
2023-02-13,1172,1172,757,757,718,415,3309,1727,1542,22.88,43.83,46.56,67.86,619575442.9000,109177136.8560
2023-02-10,1160,1160,754,754,715,406,3309,1727,1542,22.79,43.66,46.37,67.17,611498239.8100,117140312.8400
2023-02-09,1172,1172,755,755,716,417,3309,1727,1542,22.82,43.72,46.43,67.86,674497645.4800,123764975.2930
2023-02-08,1158,1158,752,752,713,406,3309,1727,1542,22.73,43.54,46.24,67.05,556527156.1300,95555541.8230
2023-02-07,1156,1156,749,749,710,407,3309,1727,1542,22.64,43.37,46.04,66.94,580278143.5100,111079571.0860
2023-02-06,1167,1167,749,749,710,418,3309,1727,1542,22.64,43.37,46.04,67.57,690128658.9400,107052520.3610
2023-02-03,1174,1174,751,751,713,423,3309,1727,1542,22.70,43.49,46.24,67.98,648953353.7900,119064333.2530
2023-02-02,1180,1180,752,752,713,428,3309,1727,1542,22.73,43.54,46.24,68.33,647637527.8200,115905822.7120
2023-02-01,1171,1171,753,753,714,418,3309,1727,1542,22.76,43.60,46.30,67.81,692715934.6400,116552686.7250
2023-01-31,1170,1170,757,757,716,413,3309,1727,1542,22.88,43.83,46.43,67.75,639221070.8500,112064614.9300
2023-01-30,1183,1183,758,758,716,425,3309,1727,1542,22.91,43.89,46.43,68.50,768905116.0200,146531931.0090
2023-01-20,1173,1173,759,759,715,414,3309,1727,1542,22.94,43.95,46.37,67.92,546801371.3800,130313988.6410
2023-01-19,1186,1186,759,759,715,427,3309,1727,1542,22.94,43.95,46.37,68.67,535197089.0700,107736528.8380
2023-01-18,1158,1158,757,757,713,401,3309,1727,1542,22.88,43.83,46.24,67.05,477280736.9600,92272679.1640
2023-01-17,1157,1157,755,755,711,402,3309,1727,1542,22.82,43.72,46.11,66.99,593861602.6200,108590044.6710
2023-01-16,1181,1181,755,755,710,426,3309,1727,1542,22.82,43.72,46.04,68.38,807110798.7300,139389151.7370
2023-01-13,1153,1153,754,754,710,399,3309,1727,1542,22.79,43.66,46.04,66.76,577800817.3800,106383061.0620
2023-01-12,1146,1146,755,755,713,391,3309,1727,1542,22.82,43.72,46.24,66.36,607248433.8100,109467746.7880
2023-01-11,1146,1146,754,754,710,392,3309,1727,1542,22.79,43.66,46.04,66.36,568561071.8300,108019288.5280
2023-01-10,1150,1150,750,750,706,400,3309,1727,1542,22.67,43.43,45.78,66.59,552340713.2300,99961139.8000
2023-01-09,1163,1163,751,751,708,412,3309,1727,1542,22.70,43.49,45.91,67.34,632859374.8000,108981381.5270
2023-01-06,1162,1162,752,752,709,410,3309,1727,1542,22.73,43.54,45.98,67.28,703721048.4200,118806560.1170
2023-01-05,1158,1158,749,749,706,409,3309,1727,1542,22.64,43.37,45.78,67.05,776344853.6100,129052672.7180
2023-01-04,1148,1148,745,745,703,403,3309,1727,1542,22.51,43.14,45.59,66.47,671981575.5200,114918906.9290
2023-01-03,1151,1151,746,746,702,405,3309,1727,1542,22.54,43.20,45.53,66.65,681120846.7200,123479484.6780
2022-12-30,1137,1137,747,747,703,390,3309,1727,1542,22.57,43.25,45.59,65.84,506148550.1500,115202621.0880
2022-12-29,1135,1135,743,743,699,392,3309,1727,1542,22.45,43.02,45.33,65.72,531363969.7700,109972913.6040
2022-12-28,1116,1116,739,739,697,377,3309,1727,1542,22.33,42.79,45.20,64.62,524834344.5600,106993437.3270
2022-12-27,1135,1135,742,742,697,393,3309,1727,1542,22.42,42.96,45.20,65.72,394985376.3400,108889685.1020
2022-12-26,1133,1133,743,743,698,390,3309,1727,1542,22.45,43.02,45.27,65.61,369293064.4900,105286968.3590
2022-12-23,1129,1129,741,741,699,388,3309,1727,1542,22.39,42.91,45.33,65.37,546089163.8200,119849670.0630
2022-12-22,1152,1152,745,745,701,407,3309,1727,1542,22.51,43.14,45.46,66.71,600675842.1200,108276289.4470
2022-12-21,1124,1124,742,742,698,382,3309,1727,1542,22.42,42.96,45.27,65.08,495680295.1900,103109373.8910
2022-12-20,1144,1144,744,744,699,400,3309,1727,1542,22.48,43.08,45.33,66.24,653115119.6700,121321964.3090
2022-12-19,1150,1150,744,744,699,406,3309,1727,1542,22.48,43.08,45.33,66.59,664204325.3400,117738170.0070
2022-12-16,1140,1140,744,744,700,396,3309,1727,1542,22.48,43.08,45.40,66.01,665722805.3200,119422518.6210
2022-12-15,1137,1137,740,740,698,397,3309,1727,1542,22.36,42.85,45.27,65.84,578088732.0500,97465397.5850
2022-12-14,1147,1147,742,742,700,405,3309,1727,1542,22.42,42.96,45.40,66.42,644710214.0400,103399311.7010
2022-12-13,1147,1147,739,739,696,408,3309,1727,1542,22.33,42.79,45.14,66.42,657887741.3900,105954213.1700
2022-12-12,1159,1159,742,742,698,417,3309,1727,1542,22.42,42.96,45.27,67.11,660566608.3800,107642265.7760
2022-12-09,1156,1156,740,740,695,416,3309,1727,1542,22.36,42.85,45.07,66.94,821911147.5700,130468591.4820
2022-12-08,1149,1149,738,738,696,411,3309,1727,1542,22.30,42.73,45.14,66.53,728040885.6700,119855531.9730
2022-12-07,1152,1152,742,742,696,410,3309,1727,1542,22.42,42.96,45.14,66.71,905792129.4300,135487923.7340
2022-12-06,1154,1154,741,741,695,413,3309,1727,1542,22.39,42.91,45.07,66.82,795337650.2500,132668103.3980
2022-12-05,1153,1153,741,741,696,412,3309,1727,1542,22.39,42.91,45.14,66.76,856223389.7000,137183202.8790
2022-12-02,1150,1150,741,741,694,409,3309,1727,1542,22.39,42.91,45.01,66.59,616633914.4900,121283929.2360
2022-12-01,1159,1159,739,739,694,420,3309,1727,1542,22.33,42.79,45.01,67.11,912577513.0000,149999626.7250
2022-11-30,1170,1170,736,736,691,434,3309,1727,1542,22.24,42.62,44.81,67.75,667635878.5300,128737230.9470
2022-11-29,1151,1151,738,738,692,413,3309,1727,1542,22.30,42.73,44.88,66.65,888205099.4300,144865031.1500
2022-11-28,1144,1144,737,737,690,407,3309,1727,1542,22.27,42.68,44.75,66.24,699042221.9800,121293010.9200
2022-11-25,1127,1127,736,736,690,391,3309,1727,1542,22.24,42.62,44.75,65.26,551945704.9100,101892216.1680
2022-11-24,1131,1131,728,728,685,403,3309,1727,1542,22.00,42.15,44.42,65.49,542917084.9900,104405161.8920
2022-11-23,1124,1124,731,731,686,393,3309,1727,1542,22.09,42.33,44.49,65.08,742824829.1200,120433330.7480
2022-11-22,1134,1134,738,738,691,396,3309,1727,1542,22.30,42.73,44.81,65.66,778942920.4100,118587412.0360
2022-11-21,1128,1128,736,736,688,392,3309,1727,1542,22.24,42.62,44.62,65.32,657578678.3300,108180479.1450
2022-11-18,1144,1144,733,733,685,411,3309,1727,1542,22.15,42.44,44.42,66.24,858427839.1100,131451702.5020
2022-11-17,1137,1137,735,735,688,402,3309,1727,1542,22.21,42.56,44.62,65.84,821582613.4300,129862465.0890
2022-11-16,1156,1156,737,737,687,419,3309,1727,1542,22.27,42.68,44.55,66.94,891242707.6700,134673572.0680
2022-11-15,1153,1153,738,738,687,415,3309,1727,1542,22.30,42.73,44.55,66.76,1094052863.6500,142590333.0340
2022-11-14,1151,1151,737,737,689,414,3309,1727,1542,22.27,42.68,44.68,66.65,961330316.6100,141888361.7830
2022-11-11,1146,1146,740,740,688,406,3309,1727,1542,22.36,42.85,44.62,66.36,1128820694.9100,159333754.7090
2022-11-10,1122,1122,736,736,687,386,3309,1727,1542,22.24,42.62,44.55,64.97,692556845.7900,111220487.8870
2022-11-09,1136,1136,738,738,687,398,3309,1727,1542,22.30,42.73,44.55,65.78,663136687.0300,99096795.7690
2022-11-08,1134,1134,735,735,686,399,3309,1727,1542,22.21,42.56,44.49,65.66,694119979.0300,114218129.7570
2022-11-07,1149,1149,740,740,689,409,3309,1727,1542,22.36,42.85,44.68,66.53,953472931.3300,133958894.8570
2022-11-04,1153,1153,741,741,689,412,3309,1727,1542,22.39,42.91,44.68,66.76,1177855918.1300,154153887.9610
2022-11-03,1125,1125,734,734,685,391,3309,1727,1542,22.18,42.50,44.42,65.14,703153320.2000,114903698.5020
2022-11-02,1144,1144,737,737,687,407,3309,1727,1542,22.27,42.68,44.55,66.24,994170671.6900,136692466.4740
2022-11-01,1133,1133,732,732,682,401,3309,1727,1542,22.12,42.39,44.23,65.61,1044101544.1000,138376829.4500
2022-10-31,1147,1147,738,738,686,409,3309,1727,1542,22.30,42.73,44.49,66.42,839869811.0400,114835713.5940
2022-10-28,1141,1141,738,738,685,403,3309,1727,1542,22.30,42.73,44.42,66.07,789016781.7600,120146855.2980
2022-10-27,1124,1124,733,733,680,391,3309,1727,1542,22.15,42.44,44.10,65.08,779822878.7000,121108355.1400
2022-10-26,1144,1144,734,734,682,410,3309,1727,1542,22.18,42.50,44.23,66.24,934572168.9400,143251159.3630
2022-10-25,1127,1127,728,728,675,399,3309,1727,1542,22.00,42.15,43.77,65.26,995422247.4500,121197221.7360
2022-10-24,1136,1136,727,727,674,409,3309,1727,1542,21.97,42.10,43.71,65.78,947224268.5000,122577245.9650
2022-10-21,1113,1113,722,722,672,391,3309,1727,1542,21.82,41.81,43.58,64.45,566241824.5100,90380308.3460
2022-10-20,1130,1130,724,724,672,406,3309,1727,1542,21.88,41.92,43.58,65.43,787210706.6200,108455275.3600
2022-10-19,1107,1107,720,720,667,387,3309,1727,1542,21.76,41.69,43.26,64.10,544404748.0400,93215716.1600
2022-10-18,1124,1124,725,725,674,399,3309,1727,1542,21.91,41.98,43.71,65.08,642169463.7700,98689464.2950
2022-10-17,1135,1135,727,727,672,408,3309,1727,1542,21.97,42.10,43.58,65.72,616293889.4700,90245440.4830
2022-10-14,1157,1157,732,732,676,425,3309,1727,1542,22.12,42.39,43.84,66.99,766071450.9900,112966138.6170
2022-10-13,1133,1133,727,727,671,406,3309,1727,1542,21.97,42.10,43.51,65.61,580754483.6000,92715936.9400
2022-10-12,1139,1139,729,729,674,410,3309,1727,1542,22.03,42.21,43.71,65.95,727865916.4500,106315877.1600
2022-10-11,1120,1120,728,728,672,392,3309,1727,1542,22.00,42.15,43.58,64.85,512745164.0600,88615896.2080
2022-10-10,1134,1134,729,729,674,405,3309,1727,1542,22.03,42.21,43.71,65.66,522976690.0600,90536591.5360
2022-09-30,1118,1118,726,726,671,392,3309,1727,1542,21.94,42.04,43.51,64.74,546790227.6500,98517993.9770
2022-09-29,1119,1119,726,726,673,393,3309,1727,1542,21.94,42.04,43.64,64.79,565678900.2300,109175577.6810
2022-09-28,1121,1121,727,727,670,394,3309,1727,1542,21.97,42.10,43.45,64.91,504631707.0300,97347108.9740
2022-09-27,1117,1117,724,724,670,393,3309,1727,1542,21.88,41.92,43.45,64.68,555088920.9000,96760029.4480
2022-09-26,1122,1122,726,726,672,396,3309,1727,1542,21.94,42.04,43.58,64.97,553963493.3800,100838763.7620
2022-09-23,1124,1124,726,726,670,398,3309,1727,1542,21.94,42.04,43.45,65.08,490118446.5700,91768729.7930
2022-09-22,1098,1098,719,719,664,379,3309,1727,1542,21.73,41.63,43.06,63.58,486566863.4700,83693376.9380
2022-09-21,1111,1111,727,727,670,384,3309,1727,1542,21.97,42.10,43.45,64.33,482021881.5000,80604662.2640
2022-09-20,1104,1104,720,720,666,384,3309,1727,1542,21.76,41.69,43.19,63.93,452610708.3900,82524409.1050
2022-09-19,1119,1119,728,728,671,391,3309,1727,1542,22.00,42.15,43.51,64.79,504657603.6900,85329147.4250
2022-09-16,1131,1131,728,728,670,403,3309,1727,1542,22.00,42.15,43.45,65.49,554269273.1400,99842859.4390
2022-09-15,1131,1131,724,724,667,407,3309,1727,1542,21.88,41.92,43.26,65.49,534453524.3200,96630380.1360
2022-09-14,1119,1119,727,727,672,392,3309,1727,1542,21.97,42.10,43.58,64.79,477371148.9700,91366100.5500
2022-09-13,1132,1132,725,725,668,407,3309,1727,1542,21.91,41.98,43.32,65.55,442527916.2200,90506860.6840
2022-09-09,1118,1118,726,726,670,392,3309,1727,1542,21.94,42.04,43.45,64.74,571475143.8700,102803352.7300
2022-09-08,1107,1107,714,714,661,393,3309,1727,1542,21.58,41.34,42.87,64.10,425349973.3900,84271298.1850
2022-09-07,1125,1125,722,722,666,403,3309,1727,1542,21.82,41.81,43.19,65.14,519445272.2200,86266980.4660
2022-09-06,1127,1127,720,720,666,407,3309,1727,1542,21.76,41.69,43.19,65.26,488667154.3200,95454874.5720
2022-09-05,1113,1113,721,721,665,392,3309,1727,1542,21.79,41.75,43.13,64.45,520081980.4500,84818496.2270
2022-09-02,1114,1114,721,721,665,393,3309,1727,1542,21.79,41.75,43.13,64.50,496120101.7000,87196206.3660
2022-09-01,1111,1111,715,715,661,396,3309,1727,1542,21.61,41.40,42.87,64.33,546450669.8000,95865722.1560
2022-08-31,1115,1115,721,721,665,394,3309,1727,1542,21.79,41.75,43.13,64.56,633377542.0100,100351565.7880
2022-08-30,1097,1097,711,711,657,386,3309,1727,1542,21.49,41.17,42.61,63.52,501517262.5200,94027972.1270
2022-08-29,1110,1110,716,716,662,394,3309,1727,1542,21.64,41.46,42.93,64.27,499549622.7100,94842082.3730
2022-08-26,1115,1115,721,721,664,394,3309,1727,1542,21.79,41.75,43.06,64.56,528374925.0200,96354108.3570
2022-08-25,1125,1125,717,717,660,408,3309,1727,1542,21.67,41.52,42.80,65.14,563020908.5100,99997144.7950
2022-08-24,1132,1132,717,717,661,415,3309,1727,1542,21.67,41.52,42.87,65.55,587690861.3600,105199347.9700
2022-08-23,1124,1124,716,716,661,408,3309,1727,1542,21.64,41.46,42.87,65.08,464888508.3200,87032179.3310
2022-08-22,1123,1123,715,715,659,408,3309,1727,1542,21.61,41.40,42.74,65.03,480814034.1800,92967694.9910
2022-08-19,1117,1117,717,717,663,400,3309,1727,1542,21.67,41.52,43.00,64.68,502755517.6500,91480968.7390
2022-08-18,1118,1118,714,714,660,404,3309,1727,1542,21.58,41.34,42.80,64.74,478948685.5400,84283859.5560
2022-08-17,1115,1115,714,714,661,401,3309,1727,1542,21.58,41.34,42.87,64.56,521666176.4400,84753580.7210
2022-08-16,1119,1119,716,716,660,403,3309,1727,1542,21.64,41.46,42.80,64.79,522897235.1000,99191376.4930
2022-08-15,1119,1119,716,716,661,403,3309,1727,1542,21.64,41.46,42.87,64.79,477714991.1400,87525245.5920
2022-08-12,1117,1117,716,716,659,401,3309,1727,1542,21.64,41.46,42.74,64.68,494784129.7800,90289118.1640
2022-08-11,1133,1133,718,718,660,415,3309,1727,1542,21.70,41.57,42.80,65.61,612129521.5600,103851827.1470
2022-08-10,1107,1107,712,712,655,395,3309,1727,1542,21.52,41.23,42.48,64.10,532575743.7100,78894251.4340
2022-08-09,1118,1118,712,712,657,406,3309,1727,1542,21.52,41.23,42.61,64.74,511460757.0600,80599322.3630
2022-08-08,1099,1099,715,715,658,384,3309,1727,1542,21.61,41.40,42.67,63.64,539889141.4900,83488053.6080
2022-08-05,1122,1122,717,717,661,405,3309,1727,1542,21.67,41.52,42.87,64.97,628476374.0800,92703648.4710
2022-08-04,1115,1115,710,710,654,405,3309,1727,1542,21.46,41.11,42.41,64.56,609876612.7200,96545866.7140
2022-08-03,1106,1106,707,707,651,399,3309,1727,1542,21.37,40.94,42.22,64.04,636685769.4300,109497801.5610
2022-08-02,1112,1112,708,708,651,404,3309,1727,1542,21.40,41.00,42.22,64.39,621346987.4100,105646293.5630
2022-08-01,1114,1114,709,709,651,405,3309,1727,1542,21.43,41.05,42.22,64.50,532188011.5800,85462748.5050
2022-07-29,1102,1102,704,704,649,398,3309,1727,1542,21.28,40.76,42.09,63.81,668160856.9200,94634415.5150
2022-07-28,1112,1112,706,706,649,406,3309,1727,1542,21.34,40.88,42.09,64.39,522509999.7100,94555692.1600
2022-07-27,1090,1090,701,701,647,389,3309,1727,1542,21.18,40.59,41.96,63.12,423814674.6900,71869916.9670
2022-07-26,1100,1100,704,704,649,396,3309,1727,1542,21.28,40.76,42.09,63.69,462966980.7100,78951487.9240
2022-07-25,1091,1091,701,701,646,390,3309,1727,1542,21.18,40.59,41.89,63.17,471232681.2000,75230199.2110
2022-07-22,1102,1102,706,706,651,396,3309,1727,1542,21.34,40.88,42.22,63.81,493397435.0700,86611164.8890
2022-07-21,1110,1110,704,704,646,406,3309,1727,1542,21.28,40.76,41.89,64.27,506668753.1000,81242659.1170
2022-07-20,1104,1104,697,697,642,407,3309,1727,1542,21.06,40.36,41.63,63.93,444473112.9700,78001586.9920
2022-07-19,1103,1103,700,700,643,403,3309,1727,1542,21.15,40.53,41.70,63.87,475308768.5700,77275356.2850
2022-07-18,1101,1101,696,696,639,405,3309,1727,1542,21.03,40.30,41.44,63.75,535211742.8200,95049775.0010
2022-07-15,1106,1106,695,695,639,411,3309,1727,1542,21.00,40.24,41.44,64.04,519097699.4500,94566530.3880
2022-07-14,1094,1094,692,692,635,402,3309,1727,1542,20.91,40.07,41.18,63.35,514491990.1800,87141353.7740
2022-07-13,1096,1096,695,695,638,401,3309,1727,1542,21.00,40.24,41.37,63.46,505910753.8700,85378095.5130
2022-07-12,1104,1104,695,695,638,409,3309,1727,1542,21.00,40.24,41.37,63.93,575404416.9900,86468852.1540
2022-07-11,1100,1100,689,689,632,411,3309,1727,1542,20.82,39.90,40.99,63.69,554366686.1200,87411824.2510
2022-07-08,1101,1101,689,689,633,412,3309,1727,1542,20.82,39.90,41.05,63.75,520968306.2900,85877620.1260
2022-07-07,1086,1086,686,686,628,400,3309,1727,1542,20.73,39.72,40.73,62.88,540121392.3300,88817121.5230
2022-07-06,1102,1102,686,686,630,416,3309,1727,1542,20.73,39.72,40.86,63.81,625036722.2500,93827384.0330
2022-07-05,1096,1096,687,687,631,409,3309,1727,1542,20.76,39.78,40.92,63.46,599360462.5000,100395767.0830
2022-07-04,1100,1100,686,686,629,414,3309,1727,1542,20.73,39.72,40.79,63.69,587442212.5900,98731681.4320
2022-07-01,1088,1088,691,691,635,397,3309,1727,1542,20.88,40.01,41.18,63.00,399633184.8600,92826119.0380
2022-06-30,1098,1098,684,684,630,414,3309,1727,1542,20.67,39.61,40.86,63.58,645863826.0700,124598908.6990
2022-06-29,1112,1112,692,692,634,420,3309,1727,1542,20.91,40.07,41.12,64.39,653469809.8800,118728189.0330
2022-06-28,1103,1103,689,689,631,414,3309,1727,1542,20.82,39.90,40.92,63.87,636759991.1900,107203201.9380
2022-06-27,1107,1107,688,688,630,419,3309,1727,1542,20.79,39.84,40.86,64.10,700482098.4500,119888078.6910
2022-06-24,1100,1100,686,686,629,414,3309,1727,1542,20.73,39.72,40.79,63.69,598733338.5600,103831676.6380
2022-06-23,1092,1092,683,683,626,409,3309,1727,1542,20.64,39.55,40.60,63.23,590298561.2200,105749129.5030
2022-06-22,1093,1093,684,684,627,409,3309,1727,1542,20.67,39.61,40.66,63.29,521421233.6300,94945595.9490
2022-06-21,1094,1094,686,686,628,408,3309,1727,1542,20.73,39.72,40.73,63.35,569772518.0700,95747225.8900
2022-06-20,1100,1100,687,687,628,413,3309,1727,1542,20.76,39.78,40.73,63.69,597926489.6400,101563921.9710
2022-06-17,1094,1094,686,686,629,408,3309,1727,1542,20.73,39.72,40.79,63.35,650217672.9800,106282978.7330
2022-06-16,1089,1089,685,685,628,404,3309,1727,1542,20.70,39.66,40.73,63.06,632411237.9900,104488740.1440
2022-06-15,1106,1106,686,686,629,420,3309,1727,1542,20.73,39.72,40.79,64.04,743985255.5900,122645331.8680
2022-06-14,1099,1099,686,686,629,413,3309,1727,1542,20.73,39.72,40.79,63.64,659206975.5400,100032455.6220
2022-06-13,1087,1087,685,685,627,402,3309,1727,1542,20.70,39.66,40.66,62.94,575573355.6900,98546305.0540
2022-06-10,1089,1089,687,687,627,402,3309,1727,1542,20.76,39.78,40.66,63.06,568065186.0200,103639318.9270
2022-06-09,1090,1090,686,686,627,404,3309,1727,1542,20.73,39.72,40.66,63.12,612244602.9500,92611570.7450
2022-06-08,1090,1090,687,687,627,403,3309,1727,1542,20.76,39.78,40.66,63.12,644122550.5200,98033426.0670
2022-06-07,1096,1096,685,685,625,411,3309,1727,1542,20.70,39.66,40.53,63.46,574280693.3900,91287424.0500
2022-06-06,1107,1107,687,687,628,420,3309,1727,1542,20.76,39.78,40.73,64.10,570717255.9200,102626601.9500
2022-06-02,1092,1092,685,685,627,407,3309,1727,1542,20.70,39.66,40.66,63.23,457788989.3500,86382201.5130
2022-06-01,1079,1079,684,684,628,395,3309,1727,1542,20.67,39.61,40.73,62.48,439130276.2700,84381855.1220
2022-05-31,1089,1089,682,682,623,407,3309,1727,1542,20.61,39.49,40.40,63.06,551266803.7600,87285557.8970
2022-05-30,1091,1091,682,682,623,409,3309,1727,1542,20.61,39.49,40.40,63.17,426693064.1600,76470857.5850
2022-05-27,1090,1090,685,685,627,405,3309,1727,1542,20.70,39.66,40.66,63.12,496834774.4000,88864648.7730
2022-05-26,1079,1079,683,683,624,396,3309,1727,1542,20.64,39.55,40.47,62.48,476429866.5900,76128366.9450
2022-05-25,1070,1070,681,681,623,389,3309,1727,1542,20.58,39.43,40.40,61.96,419945884.7400,70259139.4480
2022-05-24,1094,1094,680,680,622,414,3309,1727,1542,20.55,39.37,40.34,63.35,496984515.9500,77093629.8590
2022-05-23,1072,1072,678,678,620,394,3309,1727,1542,20.49,39.26,40.21,62.07,423755540.1900,72179510.0440
2022-05-20,1097,1097,685,685,625,412,3309,1727,1542,20.70,39.66,40.53,63.52,508759215.3800,87374781.4820
2022-05-19,1076,1076,679,679,621,397,3309,1727,1542,20.52,39.32,40.27,62.30,495996324.1100,80309447.3300
2022-05-18,1084,1084,682,682,623,402,3309,1727,1542,20.61,39.49,40.40,62.77,471547954.4600,70412914.6340
2022-05-17,1071,1071,681,681,622,390,3309,1727,1542,20.58,39.43,40.34,62.02,479325043.8200,70437830.4530
2022-05-16,1080,1080,675,675,619,405,3309,1727,1542,20.40,39.09,40.14,62.54,456788331.7000,72250181.3370
2022-05-13,1084,1084,679,679,619,405,3309,1727,1542,20.52,39.32,40.14,62.77,458337405.7900,82079116.9770
2022-05-12,1067,1067,674,674,615,393,3309,1727,1542,20.37,39.03,39.88,61.78,513243533.4900,73592063.0010
2022-05-11,1100,1100,680,680,619,420,3309,1727,1542,20.55,39.37,40.14,63.69,695920379.5800,103127795.7640
2022-05-10,1073,1073,675,675,616,398,3309,1727,1542,20.40,39.09,39.95,62.13,566169013.7400,89602645.5900
2022-05-09,1062,1062,673,673,615,389,3309,1727,1542,20.34,38.97,39.88,61.49,318324045.2500,63601051.7680
2022-05-06,1066,1066,676,676,616,390,3309,1727,1542,20.43,39.14,39.95,61.73,496959771.9800,81975757.2570
2022-05-05,1087,1087,679,679,619,408,3309,1727,1542,20.52,39.32,40.14,62.94,494201374.8700,91399961.0770
2022-04-29,1092,1092,681,681,620,411,3309,1727,1542,20.58,39.43,40.21,63.23,722703278.3700,121376904.0990
2022-04-28,1078,1078,677,677,618,401,3309,1727,1542,20.46,39.20,40.08,62.42,550367586.2700,98920983.5410
2022-04-27,1084,1084,677,677,618,407,3309,1727,1542,20.46,39.20,40.08,62.77,681096296.0700,109261937.3190
2022-04-26,1081,1081,678,678,617,403,3309,1727,1542,20.49,39.26,40.01,62.59,591135941.5500,96329980.4030
2022-04-25,1092,1092,676,676,617,416,3309,1727,1542,20.43,39.14,40.01,63.23,590536691.1800,103164576.1720
2022-04-22,1086,1086,677,677,618,409,3309,1727,1542,20.46,39.20,40.08,62.88,498760056.3400,87174508.7080
2022-04-21,1080,1080,671,671,610,409,3309,1727,1542,20.28,38.85,39.56,62.54,505650525.6000,81396094.9030
2022-04-20,1077,1077,670,670,612,407,3309,1727,1542,20.25,38.80,39.69,62.36,436044157.8100,73903181.0050
2022-04-19,1063,1063,670,670,612,393,3309,1727,1542,20.25,38.80,39.69,61.55,378444960.8100,71286642.9710
2022-04-18,1081,1081,674,674,615,407,3309,1727,1542,20.37,39.03,39.88,62.59,349405120.0600,71210342.0740
2022-04-15,1078,1078,673,673,615,405,3309,1727,1542,20.34,38.97,39.88,62.42,361318926.6100,74645737.1730
2022-04-14,1085,1085,674,674,615,411,3309,1727,1542,20.37,39.03,39.88,62.83,454278318.7800,87711936.0000
2022-04-13,1076,1076,673,673,615,403,3309,1727,1542,20.34,38.97,39.88,62.30,420459775.3400,75908121.5680
2022-04-12,1081,1081,670,670,613,411,3309,1727,1542,20.25,38.80,39.75,62.59,553545401.5700,98698292.5410
2022-04-11,1088,1088,675,675,615,413,3309,1727,1542,20.40,39.09,39.88,63.00,467777548.9200,78850178.3820
2022-04-08,1088,1088,675,675,616,413,3309,1727,1542,20.40,39.09,39.95,63.00,415501425.4000,71553842.4150
2022-04-07,1080,1080,672,672,614,408,3309,1727,1542,20.31,38.91,39.82,62.54,425130227.2100,72677239.1840
2022-04-06,1074,1074,671,671,613,403,3309,1727,1542,20.28,38.85,39.75,62.19,418523497.0000,73400578.6470
2022-04-01,1068,1068,674,674,615,394,3309,1727,1542,20.37,39.03,39.88,61.84,442005338.0400,82706891.9560
2022-03-31,1072,1072,669,669,611,403,3309,1727,1542,20.22,38.74,39.62,62.07,388698762.4400,71034090.7860
2022-03-30,1086,1086,673,673,612,413,3309,1727,1542,20.34,38.97,39.69,62.88,503964233.9400,86603556.2770
2022-03-29,1068,1068,672,672,612,396,3309,1727,1542,20.31,38.91,39.69,61.84,442069233.3600,74254409.3870
2022-03-28,1077,1077,669,669,610,408,3309,1727,1542,20.22,38.74,39.56,62.36,544720996.9300,87650781.5490
2022-03-25,1092,1092,671,671,612,421,3309,1727,1542,20.28,38.85,39.69,63.23,559025635.5100,83994958.6020
2022-03-24,1065,1065,670,670,611,395,3309,1727,1542,20.25,38.80,39.62,61.67,483528580.0200,75839190.7280
2022-03-23,1072,1072,668,668,611,404,3309,1727,1542,20.19,38.68,39.62,62.07,579149372.3900,89437803.9010
2022-03-22,1082,1082,669,669,610,413,3309,1727,1542,20.22,38.74,39.56,62.65,483973008.1900,77266011.5000
2022-03-21,1089,1089,667,667,609,422,3309,1727,1542,20.16,38.62,39.49,63.06,535746573.3600,86253645.3850
2022-03-18,1078,1078,668,668,609,410,3309,1727,1542,20.19,38.68,39.49,62.42,719409831.1800,100793302.1900
2022-03-17,1080,1080,667,667,610,413,3309,1727,1542,20.16,38.62,39.56,62.54,594150475.0900,115472244.9610
2022-03-16,1090,1090,667,667,610,423,3309,1727,1542,20.16,38.62,39.56,63.12,824263673.1400,125203645.9050
2022-03-15,1086,1086,663,663,608,423,3309,1727,1542,20.04,38.39,39.43,62.88,865238839.0300,109298936.1180
2022-03-14,1066,1066,661,661,607,405,3309,1727,1542,19.98,38.27,39.36,61.73,583331613.8200,82150808.0710
2022-03-11,1064,1064,658,658,605,406,3309,1727,1542,19.89,38.10,39.23,61.61,596211657.0300,89691056.0670
2022-03-10,1075,1075,660,660,604,415,3309,1727,1542,19.95,38.22,39.17,62.25,531608768.0100,97194464.3420
2022-03-09,1084,1084,661,661,606,423,3309,1727,1542,19.98,38.27,39.30,62.77,621588157.7200,101884983.4380
2022-03-08,1082,1082,660,660,605,422,3309,1727,1542,19.95,38.22,39.23,62.65,577832473.4300,96315930.3290
2022-03-07,1075,1075,659,659,604,416,3309,1727,1542,19.92,38.16,39.17,62.25,529239574.4300,84251345.2510
2022-03-04,1059,1059,658,658,604,401,3309,1727,1542,19.89,38.10,39.17,61.32,447525915.6100,78237502.0410
2022-03-03,1061,1061,658,658,603,403,3309,1727,1542,19.89,38.10,39.11,61.44,373985029.0200,74666472.2330
2022-03-02,1048,1048,655,655,601,393,3309,1727,1542,19.79,37.93,38.98,60.68,350051837.7500,65876171.5180
2022-03-01,1063,1063,658,658,603,405,3309,1727,1542,19.89,38.10,39.11,61.55,356438771.2500,72896659.0400
2022-02-28,1061,1061,656,656,604,405,3309,1727,1542,19.82,37.98,39.17,61.44,374886151.4700,76104310.8910
2022-02-25,1071,1071,660,660,605,411,3309,1727,1542,19.95,38.22,39.23,62.02,413219795.4800,91609489.4170
2022-02-24,1071,1071,660,660,605,411,3309,1727,1542,19.95,38.22,39.23,62.02,545730165.5000,93438068.6330
2022-02-23,1068,1068,657,657,603,411,3309,1727,1542,19.85,38.04,39.11,61.84,387430044.0800,74267044.8090
2022-02-22,1050,1050,657,657,602,393,3309,1727,1542,19.85,38.04,39.04,60.80,407186294.4200,70807561.2280
2022-02-21,1051,1051,653,653,600,398,3309,1727,1542,19.73,37.81,38.91,60.86,356905025.1600,71337542.6720
2022-02-18,1058,1058,658,658,605,400,3309,1727,1542,19.89,38.10,39.23,61.26,307924899.7800,69276534.4460
2022-02-17,1058,1058,653,653,599,405,3309,1727,1542,19.73,37.81,38.85,61.26,347694231.1100,74011110.4780
2022-02-16,1057,1057,655,655,600,402,3309,1727,1542,19.79,37.93,38.91,61.20,318919429.6900,63659899.9570
2022-02-15,1061,1061,653,653,598,408,3309,1727,1542,19.73,37.81,38.78,61.44,409943691.1800,74368560.2080
2022-02-14,1066,1066,648,648,594,418,3309,1727,1542,19.58,37.52,38.52,61.73,378311838.9700,69581183.0910
2022-02-11,1072,1072,650,650,596,422,3309,1727,1542,19.64,37.64,38.65,62.07,404743509.7800,77519661.2940
2022-02-10,1061,1061,648,648,593,413,3309,1727,1542,19.58,37.52,38.46,61.44,372057418.6600,77667990.3320
2022-02-09,1073,1073,649,649,594,424,3309,1727,1542,19.61,37.58,38.52,62.13,388569775.2600,79419128.7640
2022-02-08,1061,1061,647,647,592,414,3309,1727,1542,19.55,37.46,38.39,61.44,396723524.4100,76371263.7460
2022-02-07,1055,1055,643,643,588,412,3309,1727,1542,19.43,37.23,38.13,61.09,361587142.0700,79368002.5870
2022-01-28,1057,1057,647,647,591,410,3309,1727,1542,19.55,37.46,38.33,61.20,416928992.9800,96895732.8590
2022-01-27,1054,1054,643,643,589,411,3309,1727,1542,19.43,37.23,38.20,61.03,450080694.8300,90611443.6990
2022-01-26,1050,1050,641,641,587,409,3309,1727,1542,19.37,37.12,38.07,60.80,389299202.4300,81634296.9580
2022-01-25,1052,1052,639,639,584,413,3309,1727,1542,19.31,37.00,37.87,60.91,421758381.6000,87122469.2120
2022-01-24,1046,1046,637,637,584,409,3309,1727,1542,19.25,36.88,37.87,60.57,365420878.5900,77143681.9240
2022-01-21,1045,1045,639,639,587,406,3309,1727,1542,19.31,37.00,38.07,60.51,413278963.4200,86924206.7800
2022-01-20,1054,1054,634,634,581,420,3309,1727,1542,19.16,36.71,37.68,61.03,423342144.3200,84786690.3890
2022-01-19,1051,1051,637,637,582,414,3309,1727,1542,19.25,36.88,37.74,60.86,385022629.7900,85057508.3260
2022-01-18,1052,1052,639,639,584,413,3309,1727,1542,19.31,37.00,37.87,60.91,370253953.8800,78540083.4310
2022-01-17,1045,1045,635,635,583,410,3309,1727,1542,19.19,36.77,37.81,60.51,348591129.8400,75063608.0350
2022-01-14,1041,1041,637,637,583,404,3309,1727,1542,19.25,36.88,37.81,60.28,384147096.4100,78325476.6250
2022-01-13,1036,1036,631,631,578,405,3309,1727,1542,19.07,36.54,37.48,59.99,384742369.0400,80991604.5550
2022-01-12,1051,1051,638,638,582,413,3309,1727,1542,19.28,36.94,37.74,60.86,427939436.2300,82205199.5130
2022-01-11,1041,1041,634,634,581,407,3309,1727,1542,19.16,36.71,37.68,60.28,377020131.4200,77679724.1850
2022-01-10,1050,1050,633,633,579,417,3309,1727,1542,19.13,36.65,37.55,60.80,382370265.4900,73764895.3200
2022-01-07,1051,1051,631,631,576,420,3309,1727,1542,19.07,36.54,37.35,60.86,397481069.4600,77916815.3810
2022-01-06,1036,1036,628,628,574,408,3309,1727,1542,18.98,36.36,37.22,59.99,420813604.6900,89621968.0520
2022-01-05,1042,1042,626,626,574,416,3309,1727,1542,18.92,36.25,37.22,60.34,451039623.4100,88603381.8650
2022-01-04,1039,1039,624,624,572,415,3309,1727,1542,18.86,36.13,37.09,60.16,393934167.8800,95288818.5640
2021-12-31,1053,1053,625,625,573,428,3309,1727,1542,18.89,36.19,37.16,60.97,353571881.3900,93050509.4080
2021-12-30,1034,1034,622,622,571,412,3309,1727,1542,18.80,36.02,37.03,59.87,354653281.9100,91203546.0920
2021-12-29,1036,1036,625,625,572,411,3309,1727,1542,18.89,36.19,37.09,59.99,352292606.0600,88977307.0450
2021-12-28,1027,1027,619,619,565,408,3309,1727,1542,18.71,35.84,36.64,59.47,344931330.3000,92715867.4070
2021-12-27,1018,1018,617,617,562,401,3309,1727,1542,18.65,35.73,36.45,58.95,283247809.5100,93531679.8130
2021-12-24,1031,1031,617,617,560,414,3309,1727,1542,18.65,35.73,36.32,59.70,326436873.7100,84472404.6840
2021-12-23,1036,1036,615,615,561,421,3309,1727,1542,18.59,35.61,36.38,59.99,332701666.1600,90576483.9910
2021-12-22,1023,1023,612,612,558,411,3309,1727,1542,18.50,35.44,36.19,59.24,330525861.0400,101104507.5160
2021-12-21,1022,1022,610,610,557,412,3309,1727,1542,18.43,35.32,36.12,59.18,357951740.3000,92345919.6770
2021-12-20,1018,1018,609,609,555,409,3309,1727,1542,18.40,35.26,35.99,58.95,453249094.6500,102207269.8560
2021-12-17,1038,1038,611,611,556,427,3309,1727,1542,18.46,35.38,36.06,60.10,386539948.9900,97379124.5100
2021-12-16,1021,1021,604,604,551,417,3309,1727,1542,18.25,34.97,35.73,59.12,349530718.0700,91851583.8380
2021-12-15,1009,1009,605,605,552,404,3309,1727,1542,18.28,35.03,35.80,58.43,347980177.6600,82594745.5490
2021-12-14,1010,1010,606,606,550,404,3309,1727,1542,18.31,35.09,35.67,58.48,342598918.3000,84214913.8690
2021-12-13,1022,1022,610,610,554,412,3309,1727,1542,18.43,35.32,35.93,59.18,417592058.6400,107016996.4610
2021-12-10,1020,1020,606,606,551,414,3309,1727,1542,18.31,35.09,35.73,59.06,346495936.5200,96693864.3890
2021-12-09,1015,1015,600,600,545,415,3309,1727,1542,18.13,34.74,35.34,58.77,440001444.5100,107958395.8570
2021-12-08,1014,1014,603,603,548,411,3309,1727,1542,18.22,34.92,35.54,58.71,379693753.9100,90030862.1770
2021-12-07,1014,1014,601,601,545,413,3309,1727,1542,18.16,34.80,35.34,58.71,406414948.5800,95411693.7030
2021-12-06,1021,1021,601,601,546,420,3309,1727,1542,18.16,34.80,35.41,59.12,437367509.5100,93180319.4940
2021-12-03,1012,1012,602,602,548,410,3309,1727,1542,18.19,34.86,35.54,58.60,378523194.2700,85538501.1380
2021-12-02,1008,1008,599,599,545,409,3309,1727,1542,18.10,34.68,35.34,58.37,331004291.4200,81398247.4620
2021-12-01,1003,1003,595,595,541,408,3309,1727,1542,17.98,34.45,35.08,58.08,312526068.8900,84389614.5650
2021-11-30,1007,1007,595,595,540,412,3309,1727,1542,17.98,34.45,35.02,58.31,363047315.2800,85800191.0400
2021-11-29,1003,1003,596,596,540,407,3309,1727,1542,18.01,34.51,35.02,58.08,368429116.1300,92414624.3590
2021-11-26,995,995,591,591,538,404,3309,1727,1542,17.86,34.22,34.89,57.61,336360909.7300,77512938.6790
2021-11-25,996,996,594,594,540,402,3309,1727,1542,17.95,34.39,35.02,57.67,313952854.0400,69994730.9010
2021-11-24,995,995,592,592,538,403,3309,1727,1542,17.89,34.28,34.89,57.61,350197635.7800,81944773.0110
2021-11-23,1001,1001,589,589,536,412,3309,1727,1542,17.80,34.11,34.76,57.96,337144721.7700,79820221.7750
2021-11-22,1007,1007,591,591,536,416,3309,1727,1542,17.86,34.22,34.76,58.31,389171439.6000,86222309.6460
2021-11-19,992,992,593,593,538,399,3309,1727,1542,17.92,34.34,34.89,57.44,368722805.8600,81039269.9770
2021-11-18,977,977,587,587,534,390,3309,1727,1542,17.74,33.99,34.63,56.57,339452267.6300,77663927.5940
2021-11-17,974,974,586,586,536,388,3309,1727,1542,17.71,33.93,34.76,56.40,315108923.3500,72408935.3880
2021-11-16,988,988,587,587,533,401,3309,1727,1542,17.74,33.99,34.57,57.21,393385150.7500,78129715.9130
2021-11-15,989,989,588,588,536,401,3309,1727,1542,17.77,34.05,34.76,57.27,339604391.5100,71935057.9070
2021-11-12,987,987,590,590,536,397,3309,1727,1542,17.83,34.16,34.76,57.15,347372817.2900,78883171.1750
2021-11-11,991,991,588,588,533,403,3309,1727,1542,17.77,34.05,34.57,57.38,420393099.9700,87152530.3780
2021-11-10,970,970,583,583,530,387,3309,1727,1542,17.62,33.76,34.37,56.17,384546929.0100,84431415.1360
2021-11-09,971,971,586,586,533,385,3309,1727,1542,17.71,33.93,34.57,56.22,351716651.3100,79090577.9680
2021-11-08,984,984,584,584,533,400,3309,1727,1542,17.65,33.82,34.57,56.98,355168962.0100,86756538.2200
2021-11-05,985,985,584,584,529,401,3309,1727,1542,17.65,33.82,34.31,57.04,251651568.8700,71529053.0580
2021-11-04,983,983,580,580,523,403,3309,1727,1542,17.53,33.58,33.92,56.92,251336321.7200,74837168.2010
2021-11-03,977,977,581,581,525,396,3309,1727,1542,17.56,33.64,34.05,56.57,260880109.8900,71067836.9330
2021-11-02,976,976,576,576,522,400,3309,1727,1542,17.41,33.35,33.85,56.51,328513369.4400,87587258.1930
2021-11-01,976,976,578,578,524,398,3309,1727,1542,17.47,33.47,33.98,56.51,286582336.0800,80860695.9450
2021-10-29,983,983,579,579,523,404,3309,1727,1542,17.50,33.53,33.92,56.92,289772379.5200,78793817.0980
2021-10-28,972,972,575,575,521,397,3309,1727,1542,17.38,33.29,33.79,56.28,246566221.2100,73545654.1590
2021-10-27,968,968,576,576,522,392,3309,1727,1542,17.41,33.35,33.85,56.05,266662730.3600,68557160.4450
2021-10-26,983,983,579,579,523,404,3309,1727,1542,17.50,33.53,33.92,56.92,250205869.0500,75235359.9030
2021-10-25,977,977,577,577,523,400,3309,1727,1542,17.44,33.41,33.92,56.57,266945114.3400,76067327.5850
2021-10-22,978,978,579,579,523,399,3309,1727,1542,17.50,33.53,33.92,56.63,261919868.4000,81042571.9580
2021-10-21,969,969,571,571,518,398,3309,1727,1542,17.26,33.06,33.59,56.11,254948115.5200,72135782.1890
2021-10-20,978,978,574,574,519,404,3309,1727,1542,17.35,33.24,33.66,56.63,256219320.8400,76171312.7390
2021-10-19,981,981,577,577,521,404,3309,1727,1542,17.44,33.41,33.79,56.80,260621776.6900,75393323.1550
2021-10-18,973,973,572,572,517,401,3309,1727,1542,17.29,33.12,33.53,56.34,287370069.6500,77097084.1110
2021-10-15,979,979,574,574,518,405,3309,1727,1542,17.35,33.24,33.59,56.69,283963818.0700,67425982.2170
2021-10-14,967,967,565,565,514,402,3309,1727,1542,17.07,32.72,33.33,55.99,225606581.2200,64451989.6870
2021-10-13,971,971,569,569,514,402,3309,1727,1542,17.20,32.95,33.33,56.22,273466803.7100,75248937.2250
2021-10-12,981,981,570,570,515,411,3309,1727,1542,17.23,33.01,33.40,56.80,321798349.8300,76296492.5600
2021-10-11,985,985,571,571,514,414,3309,1727,1542,17.26,33.06,33.33,57.04,303151235.8400,81089807.7740
2021-10-08,979,979,570,570,516,409,3309,1727,1542,17.23,33.01,33.46,56.69,282800800.1900,82855973.9320
2021-09-30,976,976,570,570,515,406,3309,1727,1542,17.23,33.01,33.40,56.51,272143305.7900,85160989.9020
2021-09-29,966,966,565,565,512,401,3309,1727,1542,17.07,32.72,33.20,55.94,326665629.2500,100420105.8300
2021-09-28,966,966,560,560,506,406,3309,1727,1542,16.92,32.43,32.81,55.94,276903703.0400,85235587.1500
2021-09-27,973,973,564,564,509,409,3309,1727,1542,17.04,32.66,33.01,56.34,368863439.4900,100079968.8120
2021-09-24,974,974,558,558,507,416,3309,1727,1542,16.86,32.31,32.88,56.40,299473096.0800,92441099.3590
2021-09-23,976,976,561,561,506,415,3309,1727,1542,16.95,32.48,32.81,56.51,280547888.8900,89846352.0580
2021-09-22,976,976,557,557,502,419,3309,1727,1542,16.83,32.25,32.56,56.51,249065057.1900,80677507.6960
2021-09-17,983,983,559,559,507,424,3309,1727,1542,16.89,32.37,32.88,56.92,336767166.0000,99135490.2880
2021-09-16,972,972,559,559,503,413,3309,1727,1542,16.89,32.37,32.62,56.28,341740498.5900,84218071.3850
2021-09-15,964,964,559,559,504,405,3309,1727,1542,16.89,32.37,32.68,55.82,285963410.5200,72632262.6960
2021-09-14,968,968,557,557,502,411,3309,1727,1542,16.83,32.25,32.56,56.05,314122287.3100,80721049.7200
2021-09-13,965,965,555,555,501,410,3309,1727,1542,16.77,32.14,32.49,55.88,298315530.4900,78031567.8670
2021-09-10,966,966,555,555,500,411,3309,1727,1542,16.77,32.14,32.43,55.94,327549185.7600,77008777.7900
2021-09-09,967,967,555,555,499,412,3309,1727,1542,16.77,32.14,32.36,55.99,279177572.2300,72375500.5470
2021-09-08,965,965,551,551,495,414,3309,1727,1542,16.65,31.91,32.10,55.88,306413995.4800,72309707.7640
2021-09-07,965,965,550,550,494,415,3309,1727,1542,16.62,31.85,32.04,55.88,323784113.7800,80035538.5880
2021-09-06,975,975,553,553,498,422,3309,1727,1542,16.71,32.02,32.30,56.46,352423005.3700,80231300.8770
2021-09-03,966,966,554,554,499,412,3309,1727,1542,16.74,32.08,32.36,55.94,356897100.3700,90600790.9530
2021-09-02,960,960,548,548,494,412,3309,1727,1542,16.56,31.73,32.04,55.59,343128504.0400,79942004.0040
2021-09-01,976,976,553,553,497,423,3309,1727,1542,16.71,32.02,32.23,56.51,406629733.6000,93105533.6470
2021-08-31,965,965,548,548,493,417,3309,1727,1542,16.56,31.73,31.97,55.88,337072102.7000,84074949.0330
2021-08-30,968,968,549,549,495,419,3309,1727,1542,16.59,31.79,32.10,56.05,309731214.8300,82934373.5970
2021-08-27,960,960,551,551,496,409,3309,1727,1542,16.65,31.91,32.17,55.59,261216671.4500,68088612.1890
2021-08-26,961,961,548,548,493,413,3309,1727,1542,16.56,31.73,31.97,55.65,295989922.4400,76280901.7750
2021-08-25,966,966,547,547,492,419,3309,1727,1542,16.53,31.67,31.91,55.94,295428670.9100,73461219.4300
2021-08-24,953,953,545,545,489,408,3309,1727,1542,16.47,31.56,31.71,55.18,361140418.1400,90974231.8770
2021-08-23,951,951,545,545,490,406,3309,1727,1542,16.47,31.56,31.78,55.07,322487604.9000,83750812.8420
2021-08-20,943,943,541,541,485,402,3309,1727,1542,16.35,31.33,31.45,54.60,389090236.3500,85396743.1540
2021-08-19,942,942,539,539,485,403,3309,1727,1542,16.29,31.21,31.45,54.55,324115127.7500,78003859.6040
2021-08-18,942,942,538,538,484,404,3309,1727,1542,16.26,31.15,31.39,54.55,348478463.3000,80980129.2830
2021-08-17,948,948,535,535,481,413,3309,1727,1542,16.17,30.98,31.19,54.89,346465511.1500,81280319.8620
2021-08-16,937,937,534,534,478,403,3309,1727,1542,16.14,30.92,31.00,54.26,283237283.6400,73546523.1150
2021-08-13,946,946,534,534,479,412,3309,1727,1542,16.14,30.92,31.06,54.78,276012567.6600,65302668.6680
2021-08-12,945,945,533,533,478,412,3309,1727,1542,16.11,30.86,31.00,54.72,256426921.7700,69124451.0380
2021-08-11,941,941,531,531,476,410,3309,1727,1542,16.05,30.75,30.87,54.49,266098793.4700,70284995.9540
2021-08-10,942,942,530,530,475,412,3309,1727,1542,16.02,30.69,30.80,54.55,323449994.5100,76981235.4830
2021-08-09,946,946,529,529,474,417,3309,1727,1542,15.99,30.63,30.74,54.78,302773870.2400,76831212.3020
2021-08-06,929,929,527,527,473,402,3309,1727,1542,15.93,30.52,30.67,53.79,265583657.1000,68819606.9230
2021-08-05,921,921,521,521,467,400,3309,1727,1542,15.74,30.17,30.29,53.33,283324872.6400,72102223.7610
2021-08-04,927,927,524,524,470,403,3309,1727,1542,15.84,30.34,30.48,53.68,327235098.8000,79343179.1660
2021-08-03,938,938,522,522,469,416,3309,1727,1542,15.78,30.23,30.42,54.31,334463244.8200,80728966.1580
2021-08-02,940,940,525,525,470,415,3309,1727,1542,15.87,30.40,30.48,54.43,364176940.0800,93916321.7270
2021-07-30,944,944,525,525,469,419,3309,1727,1542,15.87,30.40,30.42,54.66,312795592.1200,87413743.1550
2021-07-29,927,927,523,523,467,404,3309,1727,1542,15.81,30.28,30.29,53.68,371380306.1000,100144112.1220
2021-07-28,932,932,522,522,466,410,3309,1727,1542,15.78,30.23,30.22,53.97,409220139.0000,111578039.2610
2021-07-27,934,934,520,520,464,414,3309,1727,1542,15.71,30.11,30.09,54.08,426401842.3200,100077134.2320
2021-07-26,934,934,518,518,462,416,3309,1727,1542,15.65,29.99,29.96,54.08,415426849.8000,100892559.3340
2021-07-23,929,929,519,519,463,410,3309,1727,1542,15.68,30.05,30.03,53.79,304504580.1600,78332190.0750
2021-07-22,922,922,515,515,460,407,3309,1727,1542,15.56,29.82,29.83,53.39,281945857.1100,74427526.1580
2021-07-21,919,919,518,518,463,401,3309,1727,1542,15.65,29.99,30.03,53.21,320051727.2200,76118071.9370
2021-07-20,913,913,512,512,456,401,3309,1727,1542,15.47,29.65,29.57,52.87,226853011.1700,63001597.6750
2021-07-19,925,925,514,514,458,411,3309,1727,1542,15.53,29.76,29.70,53.56,240471569.2200,66857427.8930
2021-07-16,916,916,508,508,455,408,3309,1727,1542,15.35,29.42,29.51,53.04,279142411.7000,71593904.3860
2021-07-15,917,917,506,506,452,411,3309,1727,1542,15.29,29.30,29.31,53.10,257175548.9500,72747454.7730
2021-07-14,911,911,508,508,453,403,3309,1727,1542,15.35,29.42,29.38,52.75,252204109.6100,71807367.6180
2021-07-13,921,921,507,507,452,414,3309,1727,1542,15.32,29.36,29.31,53.33,280739006.7600,69681068.5830
2021-07-12,924,924,508,508,454,416,3309,1727,1542,15.35,29.42,29.44,53.50,313185680.5400,76409111.7590
2021-07-09,921,921,509,509,454,412,3309,1727,1542,15.38,29.47,29.44,53.33,301574797.7100,70277713.7300
2021-07-08,910,910,507,507,454,403,3309,1727,1542,15.32,29.36,29.44,52.69,314048226.0100,73485431.1760
2021-07-07,913,913,503,503,451,410,3309,1727,1542,15.20,29.13,29.25,52.87,313817695.4500,74103933.5520
2021-07-06,910,910,503,503,451,407,3309,1727,1542,15.20,29.13,29.25,52.69,302120878.4900,71027696.0500
2021-07-05,900,900,502,502,448,398,3309,1727,1542,15.17,29.07,29.05,52.11,255244295.1400,64789901.7220
2021-07-02,894,894,494,494,440,400,3309,1727,1542,14.93,28.60,28.53,51.77,245709713.9100,63606811.8520
2021-07-01,897,897,489,489,436,408,3309,1727,1542,14.78,28.31,28.27,51.94,237865571.4200,71178123.1350
2021-06-30,876,876,482,482,429,394,3309,1727,1542,14.57,27.91,27.82,50.72,214416033.2600,76360528.7190
2021-06-29,880,880,481,481,430,399,3309,1727,1542,14.54,27.85,27.89,50.96,201318480.5100,76183356.0620
2021-06-28,888,888,485,485,432,403,3309,1727,1542,14.66,28.08,28.02,51.42,224836287.7300,80960905.2150
2021-06-25,888,888,481,481,428,407,3309,1727,1542,14.54,27.85,27.76,51.42,270236887.5400,78861738.4370
2021-06-24,879,879,479,479,426,400,3309,1727,1542,14.48,27.74,27.63,50.90,206527002.5700,71685066.7570
2021-06-23,883,883,477,477,424,406,3309,1727,1542,14.42,27.62,27.50,51.13,237649598.6400,71357693.2130
2021-06-22,882,882,479,479,424,403,3309,1727,1542,14.48,27.74,27.50,51.07,209956607.4600,71285442.6960
2021-06-21,874,874,480,480,426,394,3309,1727,1542,14.51,27.79,27.63,50.61,231572649.1400,72968277.3610
2021-06-18,864,864,475,475,423,389,3309,1727,1542,14.35,27.50,27.43,50.03,232926665.5900,73946326.7580
2021-06-17,864,864,470,470,418,394,3309,1727,1542,14.20,27.21,27.11,50.03,212347090.1400,71416020.8400
2021-06-16,865,865,472,472,420,393,3309,1727,1542,14.26,27.33,27.24,50.09,216270234.5600,70126736.9030
2021-06-15,854,854,469,469,418,385,3309,1727,1542,14.17,27.16,27.11,49.45,189788709.5800,67658579.0330
2021-06-11,857,857,470,470,417,387,3309,1727,1542,14.20,27.21,27.04,49.62,210999666.1300,68698831.5830
2021-06-10,854,854,468,468,415,386,3309,1727,1542,14.14,27.10,26.91,49.45,226340328.5200,70827902.0070
2021-06-09,847,847,469,469,417,378,3309,1727,1542,14.17,27.16,27.04,49.04,180320966.6800,64678094.1300
2021-06-08,866,866,471,471,418,395,3309,1727,1542,14.23,27.27,27.11,50.14,215376152.5100,68939407.8580
2021-06-07,854,854,463,463,413,391,3309,1727,1542,13.99,26.81,26.78,49.45,193631700.5100,60642708.3920
2021-06-04,861,861,467,467,415,394,3309,1727,1542,14.11,27.04,26.91,49.86,231055362.7700,77093395.5460
2021-06-03,858,858,463,463,411,395,3309,1727,1542,13.99,26.81,26.65,49.68,209080509.7900,68999407.0560
2021-06-02,854,854,465,465,411,389,3309,1727,1542,14.05,26.93,26.65,49.45,229875717.3300,70893388.3520
2021-06-01,862,862,465,465,411,397,3309,1727,1542,14.05,26.93,26.65,49.91,250060189.9500,69216305.3700
2021-05-31,867,867,465,465,411,402,3309,1727,1542,14.05,26.93,26.65,50.20,223046545.7100,59779597.0190
2021-05-28,872,872,463,463,410,409,3309,1727,1542,13.99,26.81,26.59,50.49,249802540.0400,66390624.6090
2021-05-27,864,864,461,461,409,403,3309,1727,1542,13.93,26.69,26.52,50.03,225448332.3100,65397773.3730
2021-05-26,870,870,460,460,406,410,3309,1727,1542,13.90,26.64,26.33,50.38,229622109.0400,61753272.9660
2021-05-25,867,867,459,459,406,408,3309,1727,1542,13.87,26.58,26.33,50.20,318311198.9800,86296722.9250
2021-05-24,852,852,453,453,401,399,3309,1727,1542,13.69,26.23,26.01,49.33,186056269.4900,58167518.9120
2021-05-21,841,841,456,456,404,385,3309,1727,1542,13.78,26.40,26.20,48.70,176538247.7600,60064129.9360
2021-05-20,837,837,453,453,400,384,3309,1727,1542,13.69,26.23,25.94,48.47,182165710.9200,58900224.5990
2021-05-19,842,842,453,453,401,389,3309,1727,1542,13.69,26.23,26.01,48.76,168932228.2700,64723858.7350
2021-05-18,849,849,451,451,397,398,3309,1727,1542,13.63,26.11,25.75,49.16,173543381.7200,60462970.8600
2021-05-17,855,855,450,450,399,405,3309,1727,1542,13.60,26.06,25.88,49.51,253252220.4200,76337817.1110
2021-05-14,840,840,449,449,397,391,3309,1727,1542,13.57,26.00,25.75,48.64,293804836.4000,78835814.4860
2021-05-13,835,835,450,450,397,385,3309,1727,1542,13.60,26.06,25.75,48.35,166323399.4300,58799721.7100
2021-05-12,837,837,450,450,397,387,3309,1727,1542,13.60,26.06,25.75,48.47,163466301.8700,56025818.1410
2021-05-11,839,839,447,447,394,392,3309,1727,1542,13.51,25.88,25.55,48.58,199284979.6000,64955494.2110
2021-05-10,839,839,447,447,395,392,3309,1727,1542,13.51,25.88,25.62,48.58,189379250.0200,63550496.2330
2021-05-07,846,846,449,449,395,397,3309,1727,1542,13.57,26.00,25.62,48.99,203734835.4800,57993909.8600
2021-05-06,841,841,446,446,393,395,3309,1727,1542,13.48,25.83,25.49,48.70,188409687.3300,63995803.2130
2021-04-30,845,845,448,448,394,397,3309,1727,1542,13.54,25.94,25.55,48.93,202916095.2200,62341398.7240
2021-04-29,845,845,447,447,393,398,3309,1727,1542,13.51,25.88,25.49,48.93,195521126.1900,64174725.4560
2021-04-28,840,840,444,444,392,396,3309,1727,1542,13.42,25.71,25.42,48.64,163957814.3400,57286967.8660
2021-04-27,830,830,441,441,389,389,3309,1727,1542,13.33,25.54,25.23,48.06,160971568.9400,52735650.9460
2021-04-26,848,848,444,444,390,404,3309,1727,1542,13.42,25.71,25.29,49.10,210766875.7300,68480745.6150
2021-04-23,840,840,442,442,388,398,3309,1727,1542,13.36,25.59,25.16,48.64,158330586.0600,48482329.1470
2021-04-22,824,824,440,440,387,384,3309,1727,1542,13.30,25.48,25.10,47.71,160285019.6000,48993260.1590
2021-04-21,830,830,441,441,388,389,3309,1727,1542,13.33,25.54,25.16,48.06,159110536.7500,54956570.2010
2021-04-20,832,832,442,442,389,390,3309,1727,1542,13.36,25.59,25.23,48.18,178185276.3900,65341655.7270
2021-04-19,843,843,439,439,387,404,3309,1727,1542,13.27,25.42,25.10,48.81,221602606.5200,64501729.6200
2021-04-16,837,837,440,440,388,397,3309,1727,1542,13.30,25.48,25.16,48.47,155879505.9000,51029561.5320
2021-04-15,824,824,439,439,387,385,3309,1727,1542,13.27,25.42,25.10,47.71,151450805.5700,54917833.8590
2021-04-14,831,831,440,440,389,391,3309,1727,1542,13.30,25.48,25.23,48.12,158936903.8400,59150557.6270
2021-04-13,827,827,438,438,386,389,3309,1727,1542,13.24,25.36,25.03,47.89,162689256.3100,57051361.0630
2021-04-12,841,841,442,442,388,399,3309,1727,1542,13.36,25.59,25.16,48.70,188431902.1700,68280378.3310
2021-04-09,835,835,440,440,388,395,3309,1727,1542,13.30,25.48,25.16,48.35,146414186.1400,55279458.7300
2021-04-08,816,816,434,434,381,382,3309,1727,1542,13.12,25.13,24.71,47.25,160357550.7200,53302179.1240
2021-04-07,828,828,438,438,385,390,3309,1727,1542,13.24,25.36,24.97,47.94,155241852.6600,58242248.8650
2021-04-06,828,828,435,435,382,393,3309,1727,1542,13.15,25.19,24.77,47.94,145018468.3700,53455470.7030
2021-04-02,832,832,439,439,384,393,3309,1727,1542,13.27,25.42,24.90,48.18,192545997.2700,61773780.8290
2021-04-01,832,832,433,433,379,399,3309,1727,1542,13.09,25.07,24.58,48.18,183373298.1900,56980839.8390
2021-03-31,812,812,432,432,379,380,3309,1727,1542,13.06,25.01,24.58,47.02,150368930.8900,53156529.0070
2021-03-30,820,820,428,428,377,392,3309,1727,1542,12.93,24.78,24.45,47.48,171499370.2800,59501890.4180
2021-03-29,826,826,429,429,376,397,3309,1727,1542,12.96,24.84,24.38,47.83,202484408.5700,75254174.6930
2021-03-26,828,828,430,430,376,398,3309,1727,1542,12.99,24.90,24.38,47.94,229352238.7500,69302520.5530
2021-03-25,811,811,428,428,375,383,3309,1727,1542,12.93,24.78,24.32,46.96,183012695.4300,55918119.7390
2021-03-24,822,822,427,427,374,395,3309,1727,1542,12.90,24.72,24.25,47.60,229152685.0000,67360863.2850
2021-03-23,806,806,424,424,372,382,3309,1727,1542,12.81,24.55,24.12,46.67,190406762.1400,58243961.7080
2021-03-22,823,823,423,423,371,400,3309,1727,1542,12.78,24.49,24.06,47.65,178532111.2600,61749787.1510
2021-03-19,815,815,420,420,369,395,3309,1727,1542,12.69,24.32,23.93,47.19,191640388.4200,56138919.9810
2021-03-18,805,805,413,413,364,392,3309,1727,1542,12.48,23.91,23.61,46.61,177992615.4700,56055301.3910
2021-03-17,814,814,418,418,367,396,3309,1727,1542,12.63,24.20,23.80,47.13,192457861.1500,58035551.4810
2021-03-16,810,810,417,417,365,393,3309,1727,1542,12.60,24.15,23.67,46.90,184856065.9000,56816066.4770
2021-03-15,820,820,418,418,365,402,3309,1727,1542,12.63,24.20,23.67,47.48,247609778.8200,65006168.4500
2021-03-12,811,811,419,419,365,392,3309,1727,1542,12.66,24.26,23.67,46.96,218669793.0800,60120980.0020
2021-03-11,820,820,416,416,362,404,3309,1727,1542,12.57,24.09,23.48,47.48,260362317.6000,73848767.9570
2021-03-10,810,810,413,413,360,397,3309,1727,1542,12.48,23.91,23.35,46.90,239330326.5900,70617486.1980
2021-03-09,804,804,414,414,360,390,3309,1727,1542,12.51,23.97,23.35,46.55,342760160.9200,93878965.2430
2021-03-08,810,810,412,412,358,398,3309,1727,1542,12.45,23.86,23.22,46.90,323200710.5800,79885452.7830
2021-03-05,805,805,410,410,357,395,3309,1727,1542,12.39,23.74,23.15,46.61,281970081.7700,74518961.6960
2021-03-04,798,798,404,404,350,394,3309,1727,1542,12.21,23.39,22.70,46.21,301614063.9700,79447008.9490
2021-03-03,805,805,403,403,350,402,3309,1727,1542,12.18,23.34,22.70,46.61,215191615.3900,63626795.6450
2021-03-02,792,792,403,403,349,389,3309,1727,1542,12.18,23.34,22.63,45.86,253613663.8300,71216611.4950
2021-03-01,793,793,401,401,346,392,3309,1727,1542,12.12,23.22,22.44,45.92,239892604.4100,69488477.4350
2021-02-26,792,792,397,397,343,395,3309,1727,1542,12.00,22.99,22.24,45.86,292921539.7200,81229775.5940
2021-02-25,784,784,391,391,336,393,3309,1727,1542,11.82,22.64,21.79,45.40,273399503.3400,72359655.9030
2021-02-24,785,785,391,391,338,394,3309,1727,1542,11.82,22.64,21.92,45.45,361908445.3900,90418347.8870
2021-02-23,780,780,391,391,338,389,3309,1727,1542,11.82,22.64,21.92,45.17,255168474.7200,73655304.5180
2021-02-22,789,789,392,392,337,397,3309,1727,1542,11.85,22.70,21.85,45.69,336680810.0700,88387692.1510
2021-02-19,789,789,390,390,335,399,3309,1727,1542,11.79,22.58,21.73,45.69,276178251.0500,78324811.5600
2021-02-18,792,792,387,387,333,405,3309,1727,1542,11.70,22.41,21.60,45.86,316946019.6400,91527726.6160
2021-02-10,791,791,386,386,333,405,3309,1727,1542,11.67,22.35,21.60,45.80,243538443.3400,71155755.0220
2021-02-09,791,791,385,385,331,406,3309,1727,1542,11.63,22.29,21.47,45.80,256560057.9800,72244680.5720
2021-02-08,778,778,382,382,330,396,3309,1727,1542,11.54,22.12,21.40,45.05,228245956.7400,64082206.3760
2021-02-05,779,779,381,381,327,398,3309,1727,1542,11.51,22.06,21.21,45.11,239584098.0200,68052119.2440
2021-02-04,760,760,375,375,324,385,3309,1727,1542,11.33,21.71,21.01,44.01,272374138.9500,73519019.8690
2021-02-03,770,770,376,376,322,394,3309,1727,1542,11.36,21.77,20.88,44.59,239801721.7100,68824870.3830
2021-02-02,760,760,376,376,323,384,3309,1727,1542,11.36,21.77,20.95,44.01,241466351.2500,70040509.0390
2021-02-01,754,754,377,377,324,377,3309,1727,1542,11.39,21.83,21.01,43.66,225973071.6900,68834751.1450
2021-01-29,757,757,379,379,324,378,3309,1727,1542,11.45,21.95,21.01,43.83,283601513.4400,77355097.3850
2021-01-28,759,759,375,375,322,384,3309,1727,1542,11.33,21.71,20.88,43.95,283745958.1700,72579121.2600
2021-01-27,754,754,376,376,322,378,3309,1727,1542,11.36,21.77,20.88,43.66,243770633.4600,67994408.2330
2021-01-26,756,756,375,375,322,381,3309,1727,1542,11.33,21.71,20.88,43.78,315700986.9600,76014934.9090
2021-01-25,762,762,375,375,321,387,3309,1727,1542,11.33,21.71,20.82,44.12,319093223.4100,79498724.4550
2021-01-22,755,755,374,374,321,381,3309,1727,1542,11.30,21.66,20.82,43.72,292366408.6900,72832257.9310
2021-01-21,747,747,374,374,321,373,3309,1727,1542,11.30,21.66,20.82,43.25,324329826.9700,82261903.5540
2021-01-20,745,745,376,376,322,369,3309,1727,1542,11.36,21.77,20.88,43.14,336836394.4200,77420987.2630
2021-01-19,732,732,372,372,318,360,3309,1727,1542,11.24,21.54,20.62,42.39,331003534.4200,78809699.4920
2021-01-18,731,731,373,373,320,358,3309,1727,1542,11.27,21.60,20.75,42.33,299451985.4900,82628780.4590
2021-01-15,704,704,370,370,317,334,3309,1727,1542,11.18,21.42,20.56,40.76,287036251.1800,77510875.5870
2021-01-14,703,703,372,372,319,331,3309,1727,1542,11.24,21.54,20.69,40.71,305529427.8200,83786797.2860
2021-01-13,705,705,371,371,318,334,3309,1727,1542,11.21,21.48,20.62,40.82,312349460.3700,80031938.5700
2021-01-12,714,714,371,371,316,343,3309,1727,1542,11.21,21.48,20.49,41.34,315403581.1600,79126125.5040
2021-01-11,707,707,369,369,315,338,3309,1727,1542,11.15,21.37,20.43,40.94,321859387.4200,83612412.6970
2021-01-08,705,705,368,368,314,337,3309,1727,1542,11.12,21.31,20.36,40.82,277519501.5900,79450919.4880
2021-01-07,697,697,363,363,310,334,3309,1727,1542,10.97,21.02,20.10,40.36,283129186.1300,73633972.2110
2021-01-06,705,705,364,364,310,341,3309,1727,1542,11.00,21.08,20.10,40.82,274279147.9800,74062210.3140
2021-01-05,706,706,366,366,312,340,3309,1727,1542,11.06,21.19,20.23,40.88,326098178.7900,88256767.4710
2021-01-04,694,694,367,367,313,327,3309,1727,1542,11.09,21.25,20.30,40.19,309575046.8700,81319680.1170
2020-12-31,818,818,363,363,310,455,3309,1727,1542,10.97,21.02,20.10,47.37,310194325.5100,87896303.2430
2020-12-30,814,814,363,363,308,451,3309,1727,1542,10.97,21.02,19.97,47.13,231505632.2900,67298643.5440
2020-12-29,806,806,361,361,307,445,3309,1727,1542,10.91,20.90,19.91,46.67,240585538.4300,72137637.8890
2020-12-28,817,817,362,362,308,455,3309,1727,1542,10.94,20.96,19.97,47.31,214769556.4900,69125316.2980
2020-12-25,806,806,364,364,309,442,3309,1727,1542,11.00,21.08,20.04,46.67,200765072.1900,67539517.6820
2020-12-24,801,801,362,362,308,439,3309,1727,1542,10.94,20.96,19.97,46.38,202429936.1200,69064560.2290
2020-12-23,804,804,364,364,309,440,3309,1727,1542,11.00,21.08,20.04,46.55,231463295.3300,78379359.3440
2020-12-22,810,810,361,361,308,449,3309,1727,1542,10.91,20.90,19.97,46.90,249915231.9600,77712653.9220
2020-12-21,822,822,364,364,310,458,3309,1727,1542,11.00,21.08,20.10,47.60,256907069.6400,76314746.3000
2020-12-18,800,800,364,364,309,436,3309,1727,1542,11.00,21.08,20.04,46.32,189158041.4700,71786577.1710
2020-12-17,796,796,362,362,306,434,3309,1727,1542,10.94,20.96,19.84,46.09,217670785.3700,75341759.1590
2020-12-16,770,770,363,363,308,407,3309,1727,1542,10.97,21.02,19.97,44.59,151541992.9800,55355524.5580
2020-12-15,799,799,358,358,304,441,3309,1727,1542,10.82,20.73,19.71,46.27,164412002.0000,58032359.4670
2020-12-14,787,787,361,361,308,426,3309,1727,1542,10.91,20.90,19.97,45.57,157263886.5400,53879789.2670
2020-12-11,787,787,358,358,306,429,3309,1727,1542,10.82,20.73,19.84,45.57,190054823.4900,60851243.4770
2020-12-10,794,794,358,358,303,436,3309,1727,1542,10.82,20.73,19.65,45.98,169442426.5100,57055517.2210
2020-12-09,788,788,361,361,306,427,3309,1727,1542,10.91,20.90,19.84,45.63,200634211.3400,64444082.4260
2020-12-08,786,786,360,360,305,426,3309,1727,1542,10.88,20.85,19.78,45.51,149494416.8700,54959664.2310
2020-12-07,802,802,363,363,306,439,3309,1727,1542,10.97,21.02,19.84,46.44,178624031.0800,59966690.1830
2020-12-04,786,786,362,362,306,424,3309,1727,1542,10.94,20.96,19.84,45.51,187059127.4000,60260857.9530
2020-12-03,791,791,359,359,303,432,3309,1727,1542,10.85,20.79,19.65,45.80,199577068.9600,64337099.7990
2020-12-02,784,784,363,363,306,421,3309,1727,1542,10.97,21.02,19.84,45.40,237558115.8000,67927150.6740
2020-12-01,792,792,363,363,304,429,3309,1727,1542,10.97,21.02,19.71,45.86,256348234.6900,71921663.9470
2020-11-30,808,808,364,364,306,444,3309,1727,1542,11.00,21.08,19.84,46.79,278232002.3700,81219957.6500
2020-11-27,804,804,361,361,305,443,3309,1727,1542,10.91,20.90,19.78,46.55,180946844.7100,57119526.0260
2020-11-26,802,802,362,362,304,440,3309,1727,1542,10.94,20.96,19.71,46.44,173335973.4000,55671216.6820
2020-11-25,812,812,363,363,306,449,3309,1727,1542,10.97,21.02,19.84,47.02,215885779.1500,62441343.4060
2020-11-24,825,825,363,363,306,462,3309,1727,1542,10.97,21.02,19.84,47.77,185253159.7900,55588787.2730
2020-11-23,842,842,363,363,306,479,3309,1727,1542,10.97,21.02,19.84,48.76,231420622.3400,67464038.1320
2020-11-20,821,821,361,361,306,460,3309,1727,1542,10.91,20.90,19.84,47.54,168909636.5000,52210035.9570
2020-11-19,815,815,362,362,305,453,3309,1727,1542,10.94,20.96,19.78,47.19,181674076.8100,53351356.0970
2020-11-18,810,810,360,360,303,450,3309,1727,1542,10.88,20.85,19.65,46.90,198915732.5700,61693354.2710
2020-11-17,805,805,359,359,304,446,3309,1727,1542,10.85,20.79,19.71,46.61,215854625.8400,62056213.0420
2020-11-16,810,810,360,360,303,450,3309,1727,1542,10.88,20.85,19.65,46.90,185535718.7400,58762340.0580
2020-11-13,809,809,358,358,303,451,3309,1727,1542,10.82,20.73,19.65,46.84,170824117.7300,56327196.9320
2020-11-12,807,807,358,358,302,449,3309,1727,1542,10.82,20.73,19.58,46.73,156934946.1000,51604328.4010
2020-11-11,808,808,355,355,299,453,3309,1727,1542,10.73,20.56,19.39,46.79,203983804.3600,59919408.2950
2020-11-10,824,824,358,358,300,466,3309,1727,1542,10.82,20.73,19.46,47.71,228249842.9900,70893196.2920
2020-11-09,833,833,358,358,301,475,3309,1727,1542,10.82,20.73,19.52,48.23,307635517.1700,88586083.7190
2020-11-06,830,830,358,358,301,472,3309,1727,1542,10.82,20.73,19.52,48.06,197222884.8100,56556474.8730
2020-11-05,842,842,361,361,302,481,3309,1727,1542,10.91,20.90,19.58,48.76,203058451.1800,62676891.1230
2020-11-04,832,832,357,357,301,475,3309,1727,1542,10.79,20.67,19.52,48.18,172452042.6900,61127204.5670
2020-11-03,817,817,357,357,300,460,3309,1727,1542,10.79,20.67,19.46,47.31,183349866.2800,58026117.6420
2020-11-02,810,810,353,353,296,457,3309,1727,1542,10.67,20.44,19.20,46.90,169581994.7400,57632974.5570
2020-10-30,800,800,356,356,299,444,3309,1727,1542,10.76,20.61,19.39,46.32,194748923.9100,59142623.5730
2020-10-29,756,756,356,356,299,400,3309,1727,1542,10.76,20.61,19.39,43.78,171382974.0500,57994131.6520
2020-10-28,792,792,352,352,296,440,3309,1727,1542,10.64,20.38,19.20,45.86,145663970.3700,48209483.8690
2020-10-27,786,786,352,352,295,434,3309,1727,1542,10.64,20.38,19.13,45.51,130396688.4000,45205767.6030
2020-10-26,792,792,353,353,297,439,3309,1727,1542,10.67,20.44,19.26,45.86,155462123.6600,51604636.5870
2020-10-23,807,807,353,353,299,454,3309,1727,1542,10.67,20.44,19.39,46.73,169545666.0400,54550335.5200
2020-10-22,803,803,348,348,295,455,3309,1727,1542,10.52,20.15,19.13,46.50,143901066.2600,48010741.2630
2020-10-21,804,804,349,349,295,455,3309,1727,1542,10.55,20.21,19.13,46.55,154762197.8900,48735712.6030
2020-10-20,812,812,350,350,296,462,3309,1727,1542,10.58,20.27,19.20,47.02,142610800.1100,46671254.0500
2020-10-19,814,814,349,349,294,465,3309,1727,1542,10.55,20.21,19.07,47.13,165203402.2500,54978665.4630
2020-10-16,812,812,351,351,296,461,3309,1727,1542,10.61,20.32,19.20,47.02,145240294.7800,48239423.1160
2020-10-15,825,825,353,353,297,472,3309,1727,1542,10.67,20.44,19.26,47.77,139207222.2600,48339366.2860
2020-10-14,825,825,352,352,297,473,3309,1727,1542,10.64,20.38,19.26,47.77,143724499.1400,49419171.8950
2020-10-13,849,849,354,354,298,495,3309,1727,1542,10.70,20.50,19.33,49.16,162185376.6500,53603051.6670
2020-10-12,848,848,355,355,298,493,3309,1727,1542,10.73,20.56,19.33,49.10,231404848.4200,74074387.5950
2020-10-09,824,824,351,351,296,473,3309,1727,1542,10.61,20.32,19.20,47.71,148850271.6500,55746546.0410
2020-09-30,804,804,352,352,297,452,3309,1727,1542,10.64,20.38,19.26,46.55,130770163.1800,54999573.1850
2020-09-29,807,807,348,348,294,459,3309,1727,1542,10.52,20.15,19.07,46.73,132436806.9900,51648938.3770
2020-09-28,795,795,349,349,294,446,3309,1727,1542,10.55,20.21,19.07,46.03,115600836.1500,49896946.7290
2020-09-25,792,792,348,348,294,444,3309,1727,1542,10.52,20.15,19.07,45.86,139653083.8200,51848693.5120
2020-09-24,776,776,345,345,290,431,3309,1727,1542,10.43,19.98,18.81,44.93,156036888.6700,53276899.2010
2020-09-23,778,778,347,347,292,431,3309,1727,1542,10.49,20.09,18.94,45.05,150727670.0700,52235205.3700
2020-09-22,795,795,348,348,292,447,3309,1727,1542,10.52,20.15,18.94,46.03,164757977.7000,56634859.9120
2020-09-21,795,795,344,344,288,451,3309,1727,1542,10.40,19.92,18.68,46.03,169601388.7600,50079987.6490
2020-09-18,825,825,347,347,291,478,3309,1727,1542,10.49,20.09,18.87,47.77,197686020.0300,62541785.4630
2020-09-17,799,799,345,345,291,454,3309,1727,1542,10.43,19.98,18.87,46.27,154185191.4500,47215569.5380
2020-09-16,802,802,346,346,290,456,3309,1727,1542,10.46,20.03,18.81,46.44,123544856.7400,38844727.1880
2020-09-15,808,808,349,349,292,459,3309,1727,1542,10.55,20.21,18.94,46.79,139306501.9100,46252565.3790
2020-09-14,798,798,348,348,292,450,3309,1727,1542,10.52,20.15,18.94,46.21,143592359.7300,46817468.4110
2020-09-11,794,794,349,349,293,445,3309,1727,1542,10.55,20.21,19.00,45.98,150040611.7800,46954339.1170
2020-09-10,810,810,350,350,294,460,3309,1727,1542,10.58,20.27,19.07,46.90,176137102.1800,52735583.5180
2020-09-09,804,804,345,345,289,459,3309,1727,1542,10.43,19.98,18.74,46.55,213588967.7700,56672468.7690
2020-09-08,812,812,347,347,292,465,3309,1727,1542,10.49,20.09,18.94,47.02,192786091.2100,55102862.2940
2020-09-07,808,808,348,348,292,460,3309,1727,1542,10.52,20.15,18.94,46.79,192151072.8600,54313647.2950
2020-09-04,804,804,346,346,291,458,3309,1727,1542,10.46,20.03,18.87,46.55,162485695.9700,53004721.6620
2020-09-03,810,810,341,341,287,469,3309,1727,1542,10.31,19.75,18.61,46.90,156808786.8700,48751672.0880
2020-09-02,819,819,344,344,288,475,3309,1727,1542,10.40,19.92,18.68,47.42,170839820.6800,53879924.3410
2020-09-01,825,825,346,346,290,479,3309,1727,1542,10.46,20.03,18.81,47.77,157182378.7500,49359967.4390
2020-08-31,827,827,345,345,289,482,3309,1727,1542,10.43,19.98,18.74,47.89,205013519.0100,65284896.6510
2020-08-28,826,826,347,347,291,479,3309,1727,1542,10.49,20.09,18.87,47.83,193997298.9300,60538448.3280
2020-08-27,797,797,343,343,287,454,3309,1727,1542,10.37,19.86,18.61,46.15,165207016.3200,53749480.2760
2020-08-26,827,827,345,345,289,482,3309,1727,1542,10.43,19.98,18.74,47.89,190143693.5500,53853113.9620
2020-08-25,812,812,344,344,288,468,3309,1727,1542,10.40,19.92,18.68,47.02,158915613.0200,49030549.4960
2020-08-24,808,808,345,345,288,463,3309,1727,1542,10.43,19.98,18.68,46.79,177235154.2400,52105682.4870
2020-08-21,809,809,344,344,288,465,3309,1727,1542,10.40,19.92,18.68,46.84,170188228.1300,52523002.7910
2020-08-20,832,832,341,341,285,491,3309,1727,1542,10.31,19.75,18.48,48.18,177655274.4500,51280670.1120
2020-08-19,822,822,342,342,286,480,3309,1727,1542,10.34,19.80,18.55,47.60,188536308.0200,55288252.1100
2020-08-18,837,837,343,343,287,494,3309,1727,1542,10.37,19.86,18.61,48.47,187799342.8500,54214511.8330
2020-08-17,845,845,341,341,286,504,3309,1727,1542,10.31,19.75,18.55,48.93,293176307.7700,78354873.6510
2020-08-14,816,816,338,338,283,478,3309,1727,1542,10.21,19.57,18.35,47.25,182369379.9700,53947067.8490
2020-08-13,812,812,338,338,284,474,3309,1727,1542,10.21,19.57,18.42,47.02,167751782.5700,47799484.8570
2020-08-12,823,823,340,340,285,483,3309,1727,1542,10.28,19.69,18.48,47.65,247641385.3500,61799961.7170
2020-08-11,823,823,338,338,284,485,3309,1727,1542,10.21,19.57,18.42,47.65,233432540.8200,57845709.1400
2020-08-10,824,824,337,337,284,487,3309,1727,1542,10.18,19.51,18.42,47.71,247324846.2500,59128244.7480
2020-08-07,835,835,338,338,286,497,3309,1727,1542,10.21,19.57,18.55,48.35,280334009.2600,69318864.2430
2020-08-06,831,831,337,337,284,494,3309,1727,1542,10.18,19.51,18.42,48.12,271391397.1900,65383976.3170
2020-08-05,823,823,337,337,285,486,3309,1727,1542,10.18,19.51,18.48,47.65,233613183.3600,60671349.9080
2020-08-04,842,842,337,337,284,505,3309,1727,1542,10.18,19.51,18.42,48.76,260759536.4600,68124456.9340
2020-08-03,854,854,337,337,284,517,3309,1727,1542,10.18,19.51,18.42,49.45,251444773.5800,67641457.4530
2020-07-31,824,824,336,336,284,488,3309,1727,1542,10.15,19.46,18.42,47.71,261961786.7100,77366296.4560
2020-07-30,822,822,332,332,281,490,3309,1727,1542,10.03,19.22,18.22,47.60,199720556.3100,59021117.8350
2020-07-29,838,838,335,335,284,503,3309,1727,1542,10.12,19.40,18.42,48.52,260427751.1200,72788382.6830
2020-07-28,817,817,333,333,284,484,3309,1727,1542,10.06,19.28,18.42,47.31,197054646.0300,53852194.4240
2020-07-27,810,810,331,331,281,479,3309,1727,1542,10.00,19.17,18.22,46.90,229146152.2800,61236460.5640
2020-07-24,829,829,331,331,280,498,3309,1727,1542,10.00,19.17,18.16,48.00,342444609.0100,85255240.0840
2020-07-23,835,835,329,329,278,506,3309,1727,1542,9.94,19.05,18.03,48.35,287218741.4400,71099383.3640
2020-07-22,840,840,332,332,281,508,3309,1727,1542,10.03,19.22,18.22,48.64,295978800.3000,79380722.1130
2020-07-21,837,837,333,333,281,504,3309,1727,1542,10.06,19.28,18.22,48.47,249969430.5500,67176681.9730
2020-07-20,844,844,334,334,283,510,3309,1727,1542,10.09,19.34,18.35,48.87,323203932.9000,79903223.1170
2020-07-17,831,831,333,333,282,498,3309,1727,1542,10.06,19.28,18.29,48.12,324803240.3600,81287693.8010
2020-07-16,842,842,331,331,281,511,3309,1727,1542,10.00,19.17,18.22,48.76,394455310.9900,96094520.6650
2020-07-15,837,837,332,332,282,505,3309,1727,1542,10.03,19.22,18.29,48.47,348845978.6600,79458154.4760
2020-07-14,862,862,331,331,281,531,3309,1727,1542,10.00,19.17,18.22,49.91,387772628.0000,89768262.8120
2020-07-13,851,851,330,330,279,521,3309,1727,1542,9.97,19.11,18.09,49.28,343007907.2900,82779473.8140
2020-07-10,844,844,330,330,279,514,3309,1727,1542,9.97,19.11,18.09,48.87,328475091.1300,77278150.6010
2020-07-09,859,859,332,332,281,527,3309,1727,1542,10.03,19.22,18.22,49.74,384352214.8900,86898902.8820
2020-07-08,845,845,329,329,279,516,3309,1727,1542,9.94,19.05,18.09,48.93,365839677.3300,86126163.8530
2020-07-07,864,864,333,333,281,531,3309,1727,1542,10.06,19.28,18.22,50.03,471027144.7100,111011643.1900
2020-07-06,878,878,332,332,281,546,3309,1727,1542,10.03,19.22,18.22,50.84,464073647.6600,112644313.2130
2020-07-03,852,852,332,332,280,520,3309,1727,1542,10.03,19.22,18.16,49.33,343346395.3900,81159366.0760
2020-07-02,831,831,326,326,277,505,3309,1727,1542,9.85,18.88,17.96,48.12,292148711.6100,70706072.9230
2020-07-01,833,833,327,327,278,506,3309,1727,1542,9.88,18.93,18.03,48.23,233168244.2000,65632685.3420
2020-06-30,835,835,327,327,277,508,3309,1727,1542,9.88,18.93,17.96,48.35,219910171.6800,59851651.9520
2020-06-29,810,810,325,325,275,485,3309,1727,1542,9.82,18.82,17.83,46.90,198688389.7500,53246695.6370
2020-06-24,825,825,328,328,278,497,3309,1727,1542,9.91,18.99,18.03,47.77,184880835.9800,56954145.9030
2020-06-23,811,811,322,322,273,489,3309,1727,1542,9.73,18.65,17.70,46.96,190148252.8300,51762186.4790
2020-06-22,816,816,327,327,276,489,3309,1727,1542,9.88,18.93,17.90,47.25,240724914.5400,63148188.7970
2020-06-19,822,822,324,324,274,498,3309,1727,1542,9.79,18.76,17.77,47.60,238408282.9100,62200599.4140
2020-06-18,795,795,323,323,273,472,3309,1727,1542,9.76,18.70,17.70,46.03,202456566.5800,49787212.3140
2020-06-17,791,791,326,326,275,465,3309,1727,1542,9.85,18.88,17.83,45.80,149331000.8800,43430872.1520
2020-06-16,799,799,324,324,274,475,3309,1727,1542,9.79,18.76,17.77,46.27,183207189.0700,47969029.6870
2020-06-15,786,786,321,321,274,465,3309,1727,1542,9.70,18.59,17.77,45.51,177619905.1500,47209592.2740
2020-06-12,784,784,322,322,273,462,3309,1727,1542,9.73,18.65,17.70,45.40,179031154.7400,53103799.5880
2020-06-11,798,798,325,325,273,473,3309,1727,1542,9.82,18.82,17.70,46.21,184140002.4200,47867705.8740
2020-06-10,805,805,325,325,272,480,3309,1727,1542,9.82,18.82,17.64,46.61,145935931.4300,39569113.0340
2020-06-09,797,797,324,324,272,473,3309,1727,1542,9.79,18.76,17.64,46.15,154219786.4800,38307491.7600
2020-06-08,805,805,324,324,273,481,3309,1727,1542,9.79,18.76,17.70,46.61,160956472.2500,42208557.8720
2020-06-05,804,804,324,324,272,480,3309,1727,1542,9.79,18.76,17.64,46.55,149593628.5500,40816849.8160
2020-06-04,782,782,321,321,270,461,3309,1727,1542,9.70,18.59,17.51,45.28,141910417.3900,38646267.7580
2020-06-03,793,793,324,324,273,469,3309,1727,1542,9.79,18.76,17.70,45.92,190648840.8000,47985549.7510
2020-06-02,811,811,325,325,273,486,3309,1727,1542,9.82,18.82,17.70,46.96,163236930.3300,43156616.1070
2020-06-01,820,820,324,324,271,496,3309,1727,1542,9.79,18.76,17.57,47.48,251291619.7200,58142543.1500
2020-05-29,781,781,323,323,272,458,3309,1727,1542,9.76,18.70,17.64,45.22,163600664.4000,41194033.1050
2020-05-28,767,767,312,312,267,455,3309,1727,1542,9.43,18.07,17.32,44.41,176751916.8700,45469519.2870
2020-05-27,764,764,314,314,267,450,3309,1727,1542,9.49,18.18,17.32,44.24,141453667.0100,37498248.8460
2020-05-26,781,781,315,315,266,466,3309,1727,1542,9.52,18.24,17.25,45.22,178922233.7300,42975199.8180
2020-05-25,754,754,316,316,268,438,3309,1727,1542,9.55,18.30,17.38,43.66,159580925.8100,39125256.5010
2020-05-22,766,766,316,316,268,450,3309,1727,1542,9.55,18.30,17.38,44.35,219521653.7800,47708280.8560
2020-05-21,777,777,313,313,268,464,3309,1727,1542,9.46,18.12,17.38,44.99,185929721.8500,40593372.3520
2020-05-20,777,777,311,311,267,466,3309,1727,1542,9.40,18.01,17.32,44.99,171659537.5800,39356716.1620
2020-05-19,786,786,316,316,270,470,3309,1727,1542,9.55,18.30,17.51,45.51,194847802.1700,46222199.7420
2020-05-18,770,770,311,311,267,459,3309,1727,1542,9.40,18.01,17.32,44.59,198823968.3600,46985026.9500
2020-05-15,763,763,312,312,269,451,3309,1727,1542,9.43,18.07,17.44,44.18,179013620.5800,45438356.1880
2020-05-14,761,761,310,310,267,451,3309,1727,1542,9.37,17.95,17.32,44.06,154525223.4600,36439809.4090
2020-05-13,786,786,316,316,271,470,3309,1727,1542,9.55,18.30,17.57,45.51,145623395.3000,36584660.6550
2020-05-12,758,758,311,311,268,447,3309,1727,1542,9.40,18.01,17.38,43.89,173026316.9400,42803411.3320
2020-05-11,796,796,312,312,269,484,3309,1727,1542,9.43,18.07,17.44,46.09,187802417.5500,47447098.8200
2020-05-08,787,787,309,309,268,478,3309,1727,1542,9.34,17.89,17.38,45.57,208034315.4300,51201786.6640
2020-05-07,763,763,305,305,264,458,3309,1727,1542,9.22,17.66,17.12,44.18,177158947.8300,44957839.1590
2020-05-06,787,787,307,307,265,480,3309,1727,1542,9.28,17.78,17.19,45.57,226919461.1300,54273574.2850
2020-04-30,790,790,309,309,268,481,3309,1727,1542,9.34,17.89,17.38,45.74,250744677.0100,58510783.1560
2020-04-29,780,780,304,304,265,476,3309,1727,1542,9.19,17.60,17.19,45.17,152371617.6100,42942965.4980
2020-04-28,771,771,306,306,265,465,3309,1727,1542,9.25,17.72,17.19,44.64,212829489.9000,44318903.3880
2020-04-27,766,766,304,304,266,462,3309,1727,1542,9.19,17.60,17.25,44.35,154740210.0100,39794194.6220
2020-04-24,740,740,305,305,267,435,3309,1727,1542,9.22,17.66,17.32,42.85,161992306.6800,39793811.1150
2020-04-23,777,777,304,304,266,473,3309,1727,1542,9.19,17.60,17.25,44.99,151398759.1800,36949282.8920
2020-04-22,773,773,308,308,267,465,3309,1727,1542,9.31,17.83,17.32,44.76,160019844.3300,37922222.9650
2020-04-21,751,751,305,305,265,446,3309,1727,1542,9.22,17.66,17.19,43.49,179515504.9800,43849156.3370
2020-04-20,797,797,303,303,264,494,3309,1727,1542,9.16,17.54,17.12,46.15,141387175.0800,38244779.7310
2020-04-17,800,800,306,306,264,494,3309,1727,1542,9.25,17.72,17.12,46.32,234514218.3900,55766935.9110
2020-04-16,772,772,300,300,262,472,3309,1727,1542,9.07,17.37,16.99,44.70,159791646.5400,38855618.7930
2020-04-15,751,751,300,300,265,451,3309,1727,1542,9.07,17.37,17.19,43.49,188985501.2200,45754598.9870
2020-04-14,775,775,304,304,264,471,3309,1727,1542,9.19,17.60,17.12,44.88,188774916.7100,41851955.6990
2020-04-13,751,751,301,301,264,450,3309,1727,1542,9.10,17.43,17.12,43.49,161466873.5100,40304760.2850
2020-04-10,770,770,304,304,265,466,3309,1727,1542,9.19,17.60,17.19,44.59,211893635.8700,49961553.8470
2020-04-09,781,781,301,301,262,480,3309,1727,1542,9.10,17.43,16.99,45.22,170654279.6500,41158937.6650
2020-04-08,772,772,298,298,261,474,3309,1727,1542,9.01,17.26,16.93,44.70,176051433.5700,40708056.6350
2020-04-07,797,797,301,301,263,496,3309,1727,1542,9.10,17.43,17.06,46.15,235545276.6800,55897697.8040
2020-04-03,750,750,296,296,260,454,3309,1727,1542,8.95,17.14,16.86,43.43,187368038.0500,42251630.0430
2020-04-02,753,753,297,297,260,456,3309,1727,1542,8.98,17.20,16.86,43.60,257790128.6900,50486160.7250
2020-04-01,752,752,299,299,261,453,3309,1727,1542,9.04,17.31,16.93,43.54,200660797.9200,46274635.7740
2020-03-31,741,741,296,296,261,445,3309,1727,1542,8.95,17.14,16.93,42.91,181447319.6100,41503939.1480
2020-03-30,740,740,293,293,257,447,3309,1727,1542,8.85,16.97,16.67,42.85,227333898.7600,52152091.3540
2020-03-27,748,748,296,296,258,452,3309,1727,1542,8.95,17.14,16.73,43.31,213314987.0400,50364054.0840
2020-03-26,746,746,293,293,255,453,3309,1727,1542,8.85,16.97,16.54,43.20,210398533.7500,46427360.6380
2020-03-25,780,780,295,295,256,485,3309,1727,1542,8.92,17.08,16.60,45.17,324633078.4600,67001921.7420
2020-03-24,768,768,296,296,258,472,3309,1727,1542,8.95,17.14,16.73,44.47,300808084.2500,62287858.6130
2020-03-23,758,758,294,294,255,464,3309,1727,1542,8.88,17.02,16.54,43.89,307471375.2300,61780081.4960
2020-03-20,762,762,292,292,254,470,3309,1727,1542,8.82,16.91,16.47,44.12,270205265.8000,54485253.2750
2020-03-19,793,793,293,293,255,500,3309,1727,1542,8.85,16.97,16.54,45.92,358948097.7500,69939345.7670
2020-03-18,769,769,290,290,254,479,3309,1727,1542,8.76,16.79,16.47,44.53,310844161.6500,64828587.7190
2020-03-17,777,777,291,291,254,486,3309,1727,1542,8.79,16.85,16.47,44.99,322780723.5600,66504514.0660
2020-03-16,772,772,290,290,252,482,3309,1727,1542,8.76,16.79,16.34,44.70,337537210.1300,67042031.1190
2020-03-13,786,786,290,290,251,496,3309,1727,1542,8.76,16.79,16.28,45.51,357902298.5900,72826859.2040
2020-03-12,765,765,290,290,252,475,3309,1727,1542,8.76,16.79,16.34,44.30,257610002.0200,55477438.2450
2020-03-11,772,772,289,289,250,483,3309,1727,1542,8.73,16.73,16.21,44.70,255264645.5100,58047148.8860
2020-03-10,801,801,292,292,253,509,3309,1727,1542,8.82,16.91,16.41,46.38,333221665.9200,71217337.6060
2020-03-09,792,792,292,292,254,500,3309,1727,1542,8.82,16.91,16.47,45.86,305254115.8700,64515955.3490
2020-03-06,774,774,291,291,253,483,3309,1727,1542,8.79,16.85,16.41,44.82,216060088.2700,48466127.5050
2020-03-05,800,800,290,290,253,510,3309,1727,1542,8.76,16.79,16.41,46.32,315788397.0400,69553207.0500
2020-03-04,786,786,289,289,253,497,3309,1727,1542,8.73,16.73,16.41,45.51,287485173.9900,57715728.8790
2020-03-03,805,805,289,289,252,516,3309,1727,1542,8.73,16.73,16.34,46.61,310626990.4800,66992322.4220
2020-03-02,783,783,290,290,252,493,3309,1727,1542,8.76,16.79,16.34,45.34,301335235.5300,63954499.3510
2020-02-28,781,781,287,287,248,494,3309,1727,1542,8.67,16.62,16.08,45.22,361315404.3300,73442184.5840
2020-02-27,778,778,288,288,249,490,3309,1727,1542,8.70,16.68,16.15,45.05,287034780.1800,61084836.8170
2020-02-26,788,788,284,284,247,504,3309,1727,1542,8.58,16.44,16.02,45.63,355868012.1100,74563141.5710
2020-02-25,791,791,283,283,245,508,3309,1727,1542,8.55,16.39,15.89,45.80,378906852.2400,77709822.4350
2020-02-24,796,796,283,283,246,513,3309,1727,1542,8.55,16.39,15.95,46.09,272203486.7900,60103216.2860
2020-02-21,800,800,286,286,248,514,3309,1727,1542,8.64,16.56,16.08,46.32,256958156.0500,58874748.0800
2020-02-20,782,782,283,283,246,499,3309,1727,1542,8.55,16.39,15.95,45.28,254121774.4500,57243709.7150
2020-02-19,774,774,280,280,243,494,3309,1727,1542,8.46,16.21,15.76,44.82,242248814.4600,52499521.2520
2020-02-18,775,775,278,278,241,497,3309,1727,1542,8.40,16.10,15.63,44.88,216375776.1800,51524300.2660
2020-02-17,797,797,278,278,241,519,3309,1727,1542,8.40,16.10,15.63,46.15,214261005.0400,50456205.2720
2020-02-14,771,771,278,278,242,493,3309,1727,1542,8.40,16.10,15.69,44.64,182343823.0400,40608461.1910
2020-02-13,767,767,278,278,242,489,3309,1727,1542,8.40,16.10,15.69,44.41,175525511.6500,38838160.8970
2020-02-12,778,778,275,275,241,503,3309,1727,1542,8.31,15.92,15.63,45.05,166258923.1000,39464260.6830
2020-02-11,773,773,279,279,243,494,3309,1727,1542,8.43,16.16,15.76,44.76,161940135.7500,37060727.4030
2020-02-10,775,775,277,277,242,498,3309,1727,1542,8.37,16.04,15.69,44.88,165436789.1400,40061659.0630
2020-02-07,772,772,276,276,241,496,3309,1727,1542,8.34,15.98,15.63,44.70,161105657.3700,36829040.7830
2020-02-06,772,772,274,274,238,498,3309,1727,1542,8.28,15.87,15.43,44.70,186659824.1100,44353020.0190
2020-02-05,765,765,271,271,235,494,3309,1727,1542,8.19,15.69,15.24,44.30,201091914.2800,46324396.5770
2020-02-04,755,755,272,272,237,483,3309,1727,1542,8.22,15.75,15.37,43.72,236250453.0300,58944263.2090
2020-02-03,744,744,273,273,236,471,3309,1727,1542,8.25,15.81,15.30,43.08,218797837.6500,66252162.9130
2020-01-23,743,743,273,273,238,470,3309,1727,1542,8.25,15.81,15.43,43.02,195952227.5900,47973643.5080
2020-01-22,732,732,274,274,238,458,3309,1727,1542,8.28,15.87,15.43,42.39,169916200.6800,46214429.3770
2020-01-21,738,738,271,271,235,467,3309,1727,1542,8.19,15.69,15.24,42.73,162924925.0600,43889190.4600
2020-01-20,746,746,269,269,232,477,3309,1727,1542,8.13,15.58,15.05,43.20,147279854.4600,40917973.7920
2020-01-17,724,724,267,267,233,457,3309,1727,1542,8.07,15.46,15.11,41.92,118465810.4900,34581542.2960
2020-01-16,714,714,260,260,232,454,3309,1727,1542,7.86,15.06,15.05,41.34,114598686.6500,33449315.3010
2020-01-15,719,719,259,259,232,460,3309,1727,1542,7.83,15.00,15.05,41.63,119601985.6200,33812136.6960
2020-01-14,748,748,259,259,230,489,3309,1727,1542,7.83,15.00,14.92,43.31,130010017.0200,36732864.6290
2020-01-13,746,746,261,261,230,485,3309,1727,1542,7.89,15.11,14.92,43.20,132481943.1900,36771795.2380
2020-01-10,746,746,262,262,231,484,3309,1727,1542,7.92,15.17,14.98,43.20,114149296.0500,31988743.5800
2020-01-09,754,754,261,261,229,493,3309,1727,1542,7.89,15.11,14.85,43.66,143024675.5000,36890455.3130
2020-01-08,737,737,259,259,228,478,3309,1727,1542,7.83,15.00,14.79,42.68,170130310.9300,42568082.6090
2020-01-07,746,746,256,256,227,490,3309,1727,1542,7.74,14.82,14.72,43.20,125224028.5900,36759256.1660
2020-01-06,762,762,260,260,229,502,3309,1727,1542,7.86,15.06,14.85,44.12,168990363.9900,46987298.6740
2020-01-03,708,708,258,258,226,450,3309,1727,1542,7.80,14.94,14.66,41.00,128550474.3500,37860448.6320
2020-01-02,753,753,258,258,226,495,3309,1727,1542,7.80,14.94,14.66,43.60,158766811.5300,49118620.7260
2019-12-31,734,734,254,254,223,480,3309,1727,1542,7.68,14.71,14.46,42.50,117409609.0700,37037216.0250
2019-12-30,736,736,256,256,224,480,3309,1727,1542,7.74,14.82,14.53,42.62,149335608.0900,55771315.9220
2019-12-27,729,729,256,256,224,473,3309,1727,1542,7.74,14.82,14.53,42.21,149114240.8400,54316325.5260
2019-12-26,713,713,254,254,224,459,3309,1727,1542,7.68,14.71,14.53,41.29,105417883.6400,36736883.2140
2019-12-25,686,686,250,250,221,436,3309,1727,1542,7.56,14.48,14.33,39.72,104912477.7800,48416284.0740
2019-12-24,700,700,249,249,219,451,3309,1727,1542,7.52,14.42,14.20,40.53,102836008.5700,50644949.7600
2019-12-23,696,696,249,249,217,447,3309,1727,1542,7.52,14.42,14.07,40.30,145010547.1000,45700641.4430
2019-12-20,707,707,246,246,217,461,3309,1727,1542,7.43,14.24,14.07,40.94,117283465.7900,50439406.6620
2019-12-19,713,713,243,243,213,470,3309,1727,1542,7.34,14.07,13.81,41.29,109739789.8000,38928692.2140
2019-12-18,726,726,247,247,215,479,3309,1727,1542,7.46,14.30,13.94,42.04,131430135.8900,45267691.4590
2019-12-17,737,737,245,245,213,492,3309,1727,1542,7.40,14.19,13.81,42.68,161780337.1900,50011420.2420
2019-12-16,689,689,243,243,212,446,3309,1727,1542,7.34,14.07,13.75,39.90,128119835.4400,50464986.7780
2019-12-13,711,711,241,241,210,470,3309,1727,1542,7.28,13.95,13.62,41.17,139206202.2500,46334196.3090
2019-12-12,674,674,238,238,210,436,3309,1727,1542,7.19,13.78,13.62,39.03,81742358.1800,42955447.5330
2019-12-11,671,671,236,236,207,435,3309,1727,1542,7.13,13.67,13.42,38.85,84546580.1700,49204237.4030
2019-12-10,677,677,236,236,206,441,3309,1727,1542,7.13,13.67,13.36,39.20,85796538.0800,47073325.2290
2019-12-09,667,667,234,234,206,433,3309,1727,1542,7.07,13.55,13.36,38.62,91253925.3700,49744913.5740
2019-12-06,684,684,238,238,210,446,3309,1727,1542,7.19,13.78,13.62,39.61,88676409.0900,30782412.0070
2019-12-05,673,673,238,238,207,435,3309,1727,1542,7.19,13.78,13.42,38.97,99124842.8900,37788730.8760
2019-12-04,649,649,233,233,204,416,3309,1727,1542,7.04,13.49,13.23,37.58,74915630.1300,29207480.9750
2019-12-03,636,636,235,235,207,401,3309,1727,1542,7.10,13.61,13.42,36.83,74827743.4800,29231456.0420
2019-12-02,645,645,234,234,205,411,3309,1727,1542,7.07,13.55,13.29,37.35,71078831.5400,27564706.7350
2019-11-29,635,635,236,236,208,399,3309,1727,1542,7.13,13.67,13.49,36.77,86818212.3100,33951244.3660
2019-11-28,630,630,230,230,203,400,3309,1727,1542,6.95,13.32,13.16,36.48,60040638.0800,28837490.4620
2019-11-27,622,622,233,233,208,389,3309,1727,1542,7.04,13.49,13.49,36.02,69835614.3100,38576753.8450
2019-11-26,627,627,235,235,206,392,3309,1727,1542,7.10,13.61,13.36,36.31,79573351.7300,38388501.1550
2019-11-25,646,646,236,236,206,410,3309,1727,1542,7.13,13.67,13.36,37.41,97122633.9600,39247778.6600
2019-11-22,649,649,237,237,208,412,3309,1727,1542,7.16,13.72,13.49,37.58,103867508.5200,39621437.5990
2019-11-21,634,634,233,233,204,401,3309,1727,1542,7.04,13.49,13.23,36.71,80850568.4200,33651271.1010
2019-11-20,666,666,232,232,202,434,3309,1727,1542,7.01,13.43,13.10,38.56,94414801.2800,30683015.2970
2019-11-19,679,679,233,233,205,446,3309,1727,1542,7.04,13.49,13.29,39.32,98084510.2800,36239366.8740
2019-11-18,639,639,232,232,204,407,3309,1727,1542,7.01,13.43,13.23,37.00,80556930.3400,37082085.6020
2019-11-15,633,633,234,234,207,399,3309,1727,1542,7.07,13.55,13.42,36.65,76586322.0800,30222574.8590
2019-11-14,631,631,232,232,204,399,3309,1727,1542,7.01,13.43,13.23,36.54,78193962.6400,32151234.7540
2019-11-13,619,619,229,229,203,390,3309,1727,1542,6.92,13.26,13.16,35.84,85526439.2400,36271694.5110
2019-11-12,613,613,234,234,205,379,3309,1727,1542,7.07,13.55,13.29,35.50,85960640.5100,54056828.1780
2019-11-11,634,634,235,235,207,399,3309,1727,1542,7.10,13.61,13.42,36.71,101797546.7800,54260186.6380
2019-11-08,664,664,234,234,205,430,3309,1727,1542,7.07,13.55,13.29,38.45,94998168.5800,44704997.4560
2019-11-07,671,671,231,231,201,440,3309,1727,1542,6.98,13.38,13.04,38.85,80582368.5500,53141797.6750
2019-11-06,678,678,230,230,202,448,3309,1727,1542,6.95,13.32,13.10,39.26,90949098.7200,55296433.5792
2019-11-05,679,679,232,232,204,447,3309,1727,1542,7.01,13.43,13.23,39.32,109729350.4300,61865856.5990
2019-11-04,668,668,232,232,204,436,3309,1727,1542,7.01,13.43,13.23,38.68,89718552.3700,50953523.2470
2019-11-01,654,654,230,230,202,424,3309,1727,1542,6.95,13.32,13.10,37.87,92970270.2700,45592446.3400
2019-10-31,646,646,228,228,200,418,3309,1727,1542,6.89,13.20,12.97,37.41,74982058.1300,44234091.3680
2019-10-30,641,641,227,227,198,414,3309,1727,1542,6.86,13.14,12.84,37.12,75031193.5700,43743391.8000
2019-10-29,647,647,231,231,200,416,3309,1727,1542,6.98,13.38,12.97,37.46,81735616.3200,42356860.2470
2019-10-28,660,660,228,228,201,432,3309,1727,1542,6.89,13.20,13.04,38.22,123467662.9800,58789682.3290
2019-10-25,625,625,227,227,199,398,3309,1727,1542,6.86,13.14,12.91,36.19,130115537.3700,54368983.2930
2019-10-24,620,620,222,222,193,398,3309,1727,1542,6.71,12.85,12.52,35.90,91561736.0300,45535863.0570
2019-10-23,604,604,216,216,190,388,3309,1727,1542,6.53,12.51,12.32,34.97,84882722.4300,43512254.9150
2019-10-22,633,633,224,224,197,409,3309,1727,1542,6.77,12.97,12.78,36.65,85771111.0000,45746828.3750
2019-10-21,629,629,226,226,196,403,3309,1727,1542,6.83,13.09,12.71,36.42,73127874.7200,48468224.2720
2019-10-18,641,641,222,222,194,419,3309,1727,1542,6.71,12.85,12.58,37.12,88993603.2800,32774698.0620
2019-10-17,639,639,224,224,196,415,3309,1727,1542,6.77,12.97,12.71,37.00,67346829.5500,26442929.4800
2019-10-16,653,653,228,228,198,425,3309,1727,1542,6.89,13.20,12.84,37.81,81970304.3800,27558071.6480
2019-10-15,621,621,221,221,194,400,3309,1727,1542,6.68,12.80,12.58,35.96,74491099.8200,41505744.4440
2019-10-14,687,687,228,228,197,459,3309,1727,1542,6.89,13.20,12.78,39.78,116001507.2100,55666569.6220
2019-10-11,639,639,226,226,197,413,3309,1727,1542,6.83,13.09,12.78,37.00,94854384.9800,56156374.7790
2019-10-10,634,634,220,220,194,414,3309,1727,1542,6.65,12.74,12.58,36.71,89963449.1600,43667834.8320
2019-10-09,608,608,221,221,194,387,3309,1727,1542,6.68,12.80,12.58,35.21,94229381.2100,41899920.7160
2019-10-08,623,623,221,221,195,402,3309,1727,1542,6.68,12.80,12.65,36.07,79563186.5300,33047341.6480
2019-09-30,627,627,224,224,197,403,3309,1727,1542,6.77,12.97,12.78,36.31,68751233.2000,33991480.5710
2019-09-27,622,622,223,223,197,399,3309,1727,1542,6.74,12.91,12.78,36.02,76872972.9400,36805462.7720
2019-09-26,670,670,223,223,193,447,3309,1727,1542,6.74,12.91,12.52,38.80,113355978.0600,43684562.1500
2019-09-25,643,643,225,225,195,418,3309,1727,1542,6.80,13.03,12.65,37.23,91794166.4400,39559111.9610
2019-09-24,666,666,226,226,195,440,3309,1727,1542,6.83,13.09,12.65,38.56,100496596.0100,43167218.3150
2019-09-23,653,653,223,223,194,430,3309,1727,1542,6.74,12.91,12.58,37.81,94893472.4000,41451467.9500
2019-09-20,660,660,218,218,190,442,3309,1727,1542,6.59,12.62,12.32,38.22,85046652.1600,32776899.8290
2019-09-19,644,644,217,217,190,427,3309,1727,1542,6.56,12.57,12.32,37.29,89127584.0500,33287200.9270
2019-09-18,639,639,218,218,190,421,3309,1727,1542,6.59,12.62,12.32,37.00,88762606.8200,31794763.0560
2019-09-17,654,654,219,219,191,435,3309,1727,1542,6.62,12.68,12.39,37.87,122850080.6900,35649171.1160
2019-09-16,650,650,223,223,192,427,3309,1727,1542,6.74,12.91,12.45,37.64,97006045.3300,32859297.1450
2019-09-12,664,664,224,224,194,440,3309,1727,1542,6.77,12.97,12.58,38.45,104300096.7000,33973873.9810
2019-09-11,656,656,219,219,190,437,3309,1727,1542,6.62,12.68,12.32,37.98,141788480.9900,47116872.3220
2019-09-10,692,692,223,223,192,469,3309,1727,1542,6.74,12.91,12.45,40.07,128314202.1200,39073350.6280
2019-09-09,705,705,222,222,191,483,3309,1727,1542,6.71,12.85,12.39,40.82,132274693.4400,40713404.7170
2019-09-06,684,684,222,222,192,462,3309,1727,1542,6.71,12.85,12.45,39.61,112537175.2300,39658142.1110
2019-09-05,699,699,219,219,190,480,3309,1727,1542,6.62,12.68,12.32,40.47,153563804.1000,50797764.2370
2019-09-04,674,674,219,219,189,455,3309,1727,1542,6.62,12.68,12.26,39.03,119223908.8400,39038011.3980
2019-09-03,671,671,219,219,190,452,3309,1727,1542,6.62,12.68,12.32,38.85,93899541.6500,31403216.6980
2019-09-02,660,660,218,218,189,442,3309,1727,1542,6.59,12.62,12.26,38.22,108204221.8100,41244700.9770
2019-08-30,660,660,218,218,188,442,3309,1727,1542,6.59,12.62,12.19,38.22,101281161.5200,40344432.2080
2019-08-29,634,634,218,218,189,416,3309,1727,1542,6.59,12.62,12.26,36.71,80126328.4700,31983392.1320
2019-08-28,633,633,210,210,182,423,3309,1727,1542,6.35,12.16,11.80,36.65,85080860.4500,32228798.9040
2019-08-27,665,665,218,218,190,447,3309,1727,1542,6.59,12.62,12.32,38.51,111674713.4900,40603682.3330
2019-08-26,646,646,210,210,185,436,3309,1727,1542,6.35,12.16,12.00,37.41,99818653.5600,33685993.8450
2019-08-23,637,637,214,214,186,423,3309,1727,1542,6.47,12.39,12.06,36.88,88095415.4800,40806084.9720
2019-08-22,624,624,210,210,183,414,3309,1727,1542,6.35,12.16,11.87,36.13,70624858.6000,30253485.2680
2019-08-21,625,625,210,210,182,415,3309,1727,1542,6.35,12.16,11.80,36.19,77569930.2400,26973809.0040
2019-08-20,650,650,214,214,185,436,3309,1727,1542,6.47,12.39,12.00,37.64,107955968.4400,35596990.3820
2019-08-19,671,671,215,215,187,456,3309,1727,1542,6.50,12.45,12.13,38.85,136345722.2800,44274067.1790
2019-08-16,647,647,214,214,189,433,3309,1727,1542,6.47,12.39,12.26,37.46,94510910.7800,32699207.8230
2019-08-15,632,632,208,208,183,424,3309,1727,1542,6.29,12.04,11.87,36.60,87439037.7200,31754171.8990
2019-08-14,668,668,210,210,183,458,3309,1727,1542,6.35,12.16,11.87,38.68,78335836.9800,30531097.7090
2019-08-13,619,619,208,208,183,411,3309,1727,1542,6.29,12.04,11.87,35.84,69998321.5600,29629335.4740
2019-08-12,623,623,208,208,182,415,3309,1727,1542,6.29,12.04,11.80,36.07,67715020.3900,32136888.6730
2019-08-09,635,635,210,210,182,425,3309,1727,1542,6.35,12.16,11.80,36.77,71126647.9300,29713636.7730
2019-08-08,622,622,212,212,184,410,3309,1727,1542,6.41,12.28,11.93,36.02,80455156.4800,31557739.8200
2019-08-07,623,623,208,208,181,415,3309,1727,1542,6.29,12.04,11.74,36.07,83744134.0100,29866901.4410
2019-08-06,642,642,214,214,184,428,3309,1727,1542,6.47,12.39,11.93,37.17,133393482.4200,45586885.8160
2019-08-05,621,621,210,210,181,411,3309,1727,1542,6.35,12.16,11.74,35.96,92684308.4500,35030858.3330
2019-08-02,602,602,209,209,183,393,3309,1727,1542,6.32,12.10,11.87,34.86,94939002.8700,36413220.9330
2019-08-01,613,613,206,206,181,407,3309,1727,1542,6.23,11.93,11.74,35.50,73200538.9800,31027710.5810
2019-07-31,624,624,209,209,182,415,3309,1727,1542,6.32,12.10,11.80,36.13,71193842.1700,29619751.3750
2019-07-30,646,646,210,210,180,436,3309,1727,1542,6.35,12.16,11.67,37.41,83765124.3000,34314931.3780
2019-07-29,640,640,210,210,181,430,3309,1727,1542,6.35,12.16,11.74,37.06,64744837.5000,32301841.6870
2019-07-26,625,625,208,208,181,417,3309,1727,1542,6.29,12.04,11.74,36.19,65380923.7700,29689150.4430
2019-07-25,634,634,210,210,184,424,3309,1727,1542,6.35,12.16,11.93,36.71,68786032.0600,28858894.4710
2019-07-24,654,654,212,212,183,442,3309,1727,1542,6.41,12.28,11.87,37.87,87637351.7800,40828404.7570
2019-07-23,620,620,209,209,181,411,3309,1727,1542,6.32,12.10,11.74,35.90,70787488.8500,34050336.2950
2019-07-22,615,615,209,209,182,406,3309,1727,1542,6.32,12.10,11.80,35.61,94903816.1800,34936645.7050
2019-07-19,614,614,211,211,183,403,3309,1727,1542,6.38,12.22,11.87,35.55,80826975.3400,34569913.2450
2019-07-18,601,601,206,206,180,395,3309,1727,1542,6.23,11.93,11.67,34.80,69777558.6000,32138956.5110
2019-07-17,632,632,204,204,177,428,3309,1727,1542,6.17,11.81,11.48,36.60,71698338.9100,27982984.9480
2019-07-16,631,631,205,205,180,426,3309,1727,1542,6.20,11.87,11.67,36.54,63699129.2200,25920883.6650
2019-07-15,633,633,211,211,182,422,3309,1727,1542,6.38,12.22,11.80,36.65,115588456.6600,43354470.1930
2019-07-12,601,601,209,209,180,392,3309,1727,1542,6.32,12.10,11.67,34.80,67762793.7300,38932658.0540
2019-07-11,605,605,207,207,179,398,3309,1727,1542,6.26,11.99,11.61,35.03,70041783.4400,34741521.1540
2019-07-10,605,605,204,204,176,401,3309,1727,1542,6.17,11.81,11.41,35.03,57425942.7600,23405041.3360
2019-07-09,632,632,208,208,181,424,3309,1727,1542,6.29,12.04,11.74,36.60,70599270.4800,31081984.8860
2019-07-08,638,638,208,208,181,430,3309,1727,1542,6.29,12.04,11.74,36.94,97665807.5900,35100878.8100
2019-07-05,643,643,208,208,182,435,3309,1727,1542,6.29,12.04,11.80,37.23,82601139.6300,28782330.4810
2019-07-04,644,644,210,210,181,434,3309,1727,1542,6.35,12.16,11.74,37.29,85868566.3300,32876770.9700
2019-07-03,650,650,209,209,182,441,3309,1727,1542,6.32,12.10,11.80,37.64,101234358.2500,36618010.0250
2019-07-02,653,653,209,209,180,444,3309,1727,1542,6.32,12.10,11.67,37.81,90578690.5700,40150858.8910
2019-07-01,682,682,211,211,180,471,3309,1727,1542,6.38,12.22,11.67,39.49,137038686.1400,53576691.5160
2019-06-28,615,615,205,205,178,410,3309,1727,1542,6.20,11.87,11.54,35.61,85974631.1600,35428214.9670
2019-06-27,654,654,204,204,176,450,3309,1727,1542,6.17,11.81,11.41,37.87,104307253.7900,43843630.3910
2019-06-26,625,625,200,200,174,425,3309,1727,1542,6.04,11.58,11.28,36.19,82308952.3800,30719326.9650
2019-06-25,626,626,208,208,179,418,3309,1727,1542,6.29,12.04,11.61,36.25,128533648.4300,46753915.8220
2019-06-24,642,642,202,202,172,440,3309,1727,1542,6.10,11.70,11.15,37.17,96537399.2000,40481868.6540
2019-06-21,649,649,203,203,174,446,3309,1727,1542,6.13,11.75,11.28,37.58,149083229.7900,56073625.2140
2019-06-20,651,651,203,203,173,448,3309,1727,1542,6.13,11.75,11.22,37.70,163712595.7000,58213902.5050
2019-06-19,647,647,204,204,173,443,3309,1727,1542,6.17,11.81,11.22,37.46,130963221.4600,50572165.4870
2019-06-18,589,589,196,196,171,393,3309,1727,1542,5.92,11.35,11.09,34.11,75335213.1400,28412974.8280
2019-06-17,573,573,198,198,172,375,3309,1727,1542,5.98,11.46,11.15,33.18,74432686.8800,31914138.8290
2019-06-14,593,593,199,199,170,394,3309,1727,1542,6.01,11.52,11.02,34.34,77022454.8900,29644648.3480
2019-06-13,598,598,197,197,171,401,3309,1727,1542,5.95,11.41,11.09,34.63,85504831.3300,28148026.9780
2019-06-12,655,655,194,194,168,461,3309,1727,1542,5.86,11.23,10.89,37.93,85437235.7300,30870062.7690
2019-06-11,679,679,201,201,171,478,3309,1727,1542,6.07,11.64,11.09,39.32,127390880.5500,42211058.8740
2019-06-10,628,628,199,199,169,429,3309,1727,1542,6.01,11.52,10.96,36.36,97142687.6900,32345663.8260
2019-06-06,606,606,200,200,171,406,3309,1727,1542,6.04,11.58,11.09,35.09,88019074.2300,29967020.3670
2019-06-05,592,592,197,197,167,395,3309,1727,1542,5.95,11.41,10.83,34.28,77103569.8200,30512142.9960
2019-06-04,591,591,195,195,170,396,3309,1727,1542,5.89,11.29,11.02,34.22,70150061.0900,30814934.1960
2019-06-03,588,588,198,198,168,390,3309,1727,1542,5.98,11.46,10.89,34.05,81743927.6400,29841586.4220
2019-05-31,601,601,200,200,170,401,3309,1727,1542,6.04,11.58,11.02,34.80,76939143.6300,24735002.5310
2019-05-30,604,604,200,200,169,404,3309,1727,1542,6.04,11.58,10.96,34.97,84057610.1900,31494672.3720
2019-05-29,625,625,199,199,169,426,3309,1727,1542,6.01,11.52,10.96,36.19,83293666.5100,31744605.9100
2019-05-28,611,611,195,195,167,416,3309,1727,1542,5.89,11.29,10.83,35.38,93866341.0700,33841172.6410
2019-05-27,631,631,201,201,171,430,3309,1727,1542,6.07,11.64,11.09,36.54,121644771.6600,40281698.5810
2019-05-24,587,587,195,195,169,392,3309,1727,1542,5.89,11.29,10.96,33.99,77931347.9600,31915088.5560
2019-05-23,589,589,199,199,170,390,3309,1727,1542,6.01,11.52,11.02,34.11,91440938.2100,33933300.5540
2019-05-22,609,609,197,197,169,412,3309,1727,1542,5.95,11.41,10.96,35.26,81680834.9300,30928195.5990
2019-05-21,629,629,198,198,170,431,3309,1727,1542,5.98,11.46,11.02,36.42,100419773.1100,36020373.0570
2019-05-20,613,613,201,201,172,412,3309,1727,1542,6.07,11.64,11.15,35.50,96280571.6900,37481517.2790
2019-05-17,630,630,200,200,171,430,3309,1727,1542,6.04,11.58,11.09,36.48,96313316.1600,34711951.4870
2019-05-16,641,641,199,199,169,442,3309,1727,1542,6.01,11.52,10.96,37.12,80375748.9900,30949514.6340
2019-05-15,637,637,199,199,170,438,3309,1727,1542,6.01,11.52,11.02,36.88,101328744.5100,33575404.6370
2019-05-14,605,605,193,193,168,412,3309,1727,1542,5.83,11.18,10.89,35.03,91733727.1400,32799205.3350
2019-05-13,636,636,198,198,168,438,3309,1727,1542,5.98,11.46,10.89,36.83,82537251.2800,33863846.3720
2019-05-10,646,646,201,201,170,445,3309,1727,1542,6.07,11.64,11.02,37.41,171830102.4900,49209561.3100
2019-05-09,629,629,198,198,170,431,3309,1727,1542,5.98,11.46,11.02,36.42,118240448.7700,36126643.2060
2019-05-08,629,629,199,199,168,430,3309,1727,1542,6.01,11.52,10.89,36.42,108372582.3000,37598290.9850
2019-05-07,639,639,200,200,170,439,3309,1727,1542,6.04,11.58,11.02,37.00,126221539.4300,43352291.0050
2019-05-06,660,660,203,203,172,457,3309,1727,1542,6.13,11.75,11.15,38.22,160466252.7500,55844874.2760
2019-04-30,636,636,199,199,169,437,3309,1727,1542,6.01,11.52,10.96,36.83,83287496.4600,33954585.3290
2019-04-29,640,640,195,195,167,445,3309,1727,1542,5.89,11.29,10.83,37.06,125967965.1100,43141236.2620
2019-04-26,627,627,198,198,168,429,3309,1727,1542,5.98,11.46,10.89,36.31,112423667.7500,35694467.4540
2019-04-25,654,654,198,198,169,456,3309,1727,1542,5.98,11.46,10.96,37.87,110211763.5300,34581238.1150
2019-04-24,641,641,195,195,164,446,3309,1727,1542,5.89,11.29,10.64,37.12,114962885.2000,39190791.0790
2019-04-23,650,650,196,196,167,454,3309,1727,1542,5.92,11.35,10.83,37.64,106215574.2900,35826567.5260
2019-04-22,673,673,198,198,167,475,3309,1727,1542,5.98,11.46,10.83,38.97,110969963.2400,41064106.7730
2019-04-19,675,675,198,198,168,477,3309,1727,1542,5.98,11.46,10.89,39.09,113876366.7300,38732158.1150
2019-04-18,666,666,197,197,167,469,3309,1727,1542,5.95,11.41,10.83,38.56,89025426.1900,33289997.8070
2019-04-17,681,681,197,197,167,484,3309,1727,1542,5.95,11.41,10.83,39.43,125737252.4800,40663420.7370
2019-04-16,670,670,196,196,167,474,3309,1727,1542,5.92,11.35,10.83,38.80,150026708.8700,50014017.8760
2019-04-15,671,671,195,195,167,476,3309,1727,1542,5.89,11.29,10.83,38.85,124765162.4800,41547127.3720
2019-04-12,661,661,197,197,166,464,3309,1727,1542,5.95,11.41,10.77,38.27,104921790.4600,32698953.1610
2019-04-11,677,677,197,197,167,480,3309,1727,1542,5.95,11.41,10.83,39.20,122382681.2000,39717751.5020
2019-04-10,686,686,197,197,168,489,3309,1727,1542,5.95,11.41,10.89,39.72,128668922.3700,39105660.2050
2019-04-09,693,693,196,196,167,497,3309,1727,1542,5.92,11.35,10.83,40.13,129700480.6300,37815649.6470
2019-04-08,702,702,198,198,167,504,3309,1727,1542,5.98,11.46,10.83,40.65,153627733.9500,47664639.8610
2019-04-04,699,699,198,198,168,501,3309,1727,1542,5.98,11.46,10.89,40.47,141514894.8100,46061980.9010
2019-04-03,699,699,198,198,168,501,3309,1727,1542,5.98,11.46,10.89,40.47,133907595.2300,41067302.3180
2019-04-02,712,712,199,199,168,513,3309,1727,1542,6.01,11.52,10.89,41.23,147833613.7400,41662843.8480
2019-04-01,716,716,199,199,168,517,3309,1727,1542,6.01,11.52,10.89,41.46,161534406.5700,50400581.4300
2019-03-29,687,687,197,197,168,490,3309,1727,1542,5.95,11.41,10.89,39.78,159751137.5800,48155014.7020
2019-03-28,640,640,192,192,165,448,3309,1727,1542,5.80,11.12,10.70,37.06,105173106.1300,35463195.9320
2019-03-27,656,656,194,194,166,462,3309,1727,1542,5.86,11.23,10.77,37.98,118792240.2700,33095388.1470
2019-03-26,666,666,195,195,167,471,3309,1727,1542,5.89,11.29,10.83,38.56,121253287.5800,35552062.2990
2019-03-25,665,665,192,192,166,473,3309,1727,1542,5.80,11.12,10.77,38.51,144342749.2400,37166935.2070
2019-03-22,660,660,191,191,163,469,3309,1727,1542,5.77,11.06,10.57,38.22,113265551.4100,33429987.4410
2019-03-21,682,682,193,193,166,489,3309,1727,1542,5.83,11.18,10.77,39.49,131521218.7200,38426868.1670
2019-03-20,676,676,190,190,163,486,3309,1727,1542,5.74,11.00,10.57,39.14,133387705.1700,34848528.4480
2019-03-19,681,681,193,193,165,488,3309,1727,1542,5.83,11.18,10.70,39.43,121358529.1400,33621318.1470
2019-03-18,719,719,193,193,165,526,3309,1727,1542,5.83,11.18,10.70,41.63,148224083.0700,41341859.9330
2019-03-15,697,697,195,195,166,502,3309,1727,1542,5.89,11.29,10.77,40.36,135032443.5500,39608821.9670
2019-03-14,666,666,193,193,166,473,3309,1727,1542,5.83,11.18,10.77,38.56,148396539.8800,39029667.8800
2019-03-13,681,681,191,191,164,490,3309,1727,1542,5.77,11.06,10.64,39.43,187852340.9300,46426262.9640
2019-03-12,705,705,194,194,166,511,3309,1727,1542,5.86,11.23,10.77,40.82,190027023.3000,47281355.7950
2019-03-11,675,675,195,195,166,480,3309,1727,1542,5.89,11.29,10.77,39.09,162173307.1700,43510499.1730
2019-03-08,683,683,194,194,167,489,3309,1727,1542,5.86,11.23,10.83,39.55,174936400.6300,50246431.4390
2019-03-07,697,697,194,194,166,503,3309,1727,1542,5.86,11.23,10.77,40.36,183930080.0800,46281243.5970
2019-03-06,699,699,193,193,166,506,3309,1727,1542,5.83,11.18,10.77,40.47,177538530.2400,47637106.1560
2019-03-05,691,691,193,193,166,498,3309,1727,1542,5.83,11.18,10.77,40.01,149513690.1400,42159754.3470
2019-03-04,698,698,193,193,166,505,3309,1727,1542,5.83,11.18,10.77,40.42,181114496.2800,53798734.0180
2019-03-01,681,681,193,193,166,488,3309,1727,1542,5.83,11.18,10.77,39.43,134815948.5100,37081997.0620
2019-02-28,683,683,192,192,165,491,3309,1727,1542,5.80,11.12,10.70,39.55,129906464.5500,37136890.7830
2019-02-27,688,688,194,194,166,494,3309,1727,1542,5.86,11.23,10.77,39.84,168354508.8900,48405756.5940
2019-02-26,699,699,194,194,166,505,3309,1727,1542,5.86,11.23,10.77,40.47,191362127.8600,49610001.4100
2019-02-25,710,710,193,193,166,517,3309,1727,1542,5.83,11.18,10.77,41.11,194411991.3300,61612146.4460
2019-02-22,667,667,191,191,164,476,3309,1727,1542,5.77,11.06,10.64,38.62,133622131.0100,35338810.8520
2019-02-21,668,668,190,190,163,478,3309,1727,1542,5.74,11.00,10.57,38.68,129605880.5200,34361361.2950
2019-02-20,647,647,188,188,163,459,3309,1727,1542,5.68,10.89,10.57,37.46,111559677.6400,34115589.7950
2019-02-19,669,669,187,187,161,482,3309,1727,1542,5.65,10.83,10.44,38.74,129839680.6300,36747051.6940
2019-02-18,667,667,191,191,163,476,3309,1727,1542,5.77,11.06,10.57,38.62,113502760.4000,37111175.8450
2019-02-15,631,631,184,184,161,447,3309,1727,1542,5.56,10.65,10.44,36.54,89380791.4400,28586287.2340
2019-02-14,642,642,190,190,163,452,3309,1727,1542,5.74,11.00,10.57,37.17,92417857.2500,26383152.9640
2019-02-13,663,663,190,190,162,473,3309,1727,1542,5.74,11.00,10.51,38.39,119848701.0500,32611511.6340
2019-02-12,637,637,186,186,159,451,3309,1727,1542,5.62,10.77,10.31,36.88,89165659.1500,25714506.6740
2019-02-11,639,639,190,190,163,449,3309,1727,1542,5.74,11.00,10.57,37.00,98437773.7900,31956392.1080
2019-02-01,592,592,183,183,161,409,3309,1727,1542,5.53,10.60,10.44,34.28,94943647.8900,29337403.7440
2019-01-31,595,595,188,188,161,407,3309,1727,1542,5.68,10.89,10.44,34.45,76246108.8300,24416660.9640
2019-01-30,577,577,179,179,157,398,3309,1727,1542,5.41,10.36,10.18,33.41,58992322.6400,21609955.4510
2019-01-29,573,573,183,183,158,390,3309,1727,1542,5.53,10.60,10.25,33.18,79089476.2400,22643634.6060
2019-01-28,610,610,186,186,159,424,3309,1727,1542,5.62,10.77,10.31,35.32,69877415.3800,25298162.1830
2019-01-25,601,601,186,186,161,415,3309,1727,1542,5.62,10.77,10.44,34.80,71228786.8300,23168671.8950
2019-01-24,575,575,183,183,160,392,3309,1727,1542,5.53,10.60,10.38,33.29,79945305.6500,23526338.6150
2019-01-23,564,564,182,182,158,382,3309,1727,1542,5.50,10.54,10.25,32.66,56626458.4400,19137578.7590
2019-01-22,580,580,183,183,159,397,3309,1727,1542,5.53,10.60,10.31,33.58,71126921.6100,23727128.3980
2019-01-21,605,605,186,186,162,419,3309,1727,1542,5.62,10.77,10.51,35.03,80425543.2100,25328382.4500
2019-01-18,599,599,185,185,160,414,3309,1727,1542,5.59,10.71,10.38,34.68,86143317.0500,25518505.0530
2019-01-17,575,575,180,180,153,395,3309,1727,1542,5.44,10.42,9.92,33.29,71745313.0300,20504551.5300
2019-01-16,594,594,176,176,153,418,3309,1727,1542,5.32,10.19,9.92,34.39,67488649.6900,21183721.4790
2019-01-15,611,611,180,180,156,431,3309,1727,1542,5.44,10.42,10.12,35.38,87460218.9300,26861180.8870
2019-01-14,571,571,174,174,150,397,3309,1727,1542,5.26,10.08,9.73,33.06,66467001.2500,21422272.6240
2019-01-11,581,581,174,174,150,407,3309,1727,1542,5.26,10.08,9.73,33.64,68371415.5000,22103330.2600
2019-01-10,581,581,179,179,154,402,3309,1727,1542,5.41,10.36,9.99,33.64,76708198.7700,27992653.5470
2019-01-09,627,627,181,181,154,446,3309,1727,1542,5.47,10.48,9.99,36.31,107011063.3900,36089317.3760
2019-01-08,606,606,179,179,156,427,3309,1727,1542,5.41,10.36,10.12,35.09,71049727.6500,23323728.8860
2019-01-07,621,621,180,180,156,441,3309,1727,1542,5.44,10.42,10.12,35.96,100207484.3000,30862148.9950
2019-01-04,613,613,177,177,154,436,3309,1727,1542,5.35,10.25,9.99,35.50,120349287.7500,33098585.0100
2019-01-03,546,546,177,177,152,369,3309,1727,1542,5.35,10.25,9.86,31.62,72433613.3200,24644729.2480
2019-01-02,567,567,171,171,151,396,3309,1727,1542,5.17,9.90,9.79,32.83,72155848.2600,30325139.2410
2018-12-28,568,568,176,176,153,392,3309,1727,1542,5.32,10.19,9.92,32.89,82702499.6400,47764528.0990
2018-12-27,562,562,172,172,152,390,3309,1727,1542,5.20,9.96,9.86,32.54,84656957.0400,35438058.0430
2018-12-26,557,557,174,174,152,383,3309,1727,1542,5.26,10.08,9.86,32.25,74925947.8600,41805239.2290
2018-12-25,582,582,174,174,152,408,3309,1727,1542,5.26,10.08,9.86,33.70,111030444.8000,46700742.4690
2018-12-24,558,558,173,173,151,385,3309,1727,1542,5.23,10.02,9.79,32.31,78843536.6300,45985198.9730
2018-12-21,556,556,177,177,153,379,3309,1727,1542,5.35,10.25,9.92,32.19,88171014.4300,49168495.5080
2018-12-20,587,587,177,177,151,410,3309,1727,1542,5.35,10.25,9.79,33.99,97885122.7100,56441261.6520
2018-12-19,567,567,181,181,154,386,3309,1727,1542,5.47,10.48,9.99,32.83,76836233.1800,51270663.1660
2018-12-18,559,559,168,168,144,391,3309,1727,1542,5.08,9.73,9.34,32.37,83897754.3700,49021802.6840
2018-12-17,553,553,176,176,153,377,3309,1727,1542,5.32,10.19,9.92,32.02,81563863.8600,45828295.5810
2018-12-14,591,591,177,177,154,414,3309,1727,1542,5.35,10.25,9.99,34.22,79773488.9000,46927753.8200
2018-12-13,612,612,181,181,155,431,3309,1727,1542,5.47,10.48,10.05,35.44,88932908.9900,58889485.8670
2018-12-12,572,572,175,175,148,397,3309,1727,1542,5.29,10.13,9.60,33.12,65915068.3100,50183756.4770
2018-12-11,569,569,173,173,150,396,3309,1727,1542,5.23,10.02,9.73,32.95,65836298.3900,50913638.5370
2018-12-10,572,572,178,178,152,394,3309,1727,1542,5.38,10.31,9.86,33.12,72460080.5600,55341473.2790
2018-12-07,570,570,173,173,152,397,3309,1727,1542,5.23,10.02,9.86,33.01,64106811.2000,55995696.1190
2018-12-06,580,580,173,173,152,407,3309,1727,1542,5.23,10.02,9.86,33.58,90101816.8700,51998249.2930
2018-12-05,584,584,178,178,154,406,3309,1727,1542,5.38,10.31,9.99,33.82,84028954.7400,51964814.7010
2018-12-04,594,594,176,176,152,418,3309,1727,1542,5.32,10.19,9.86,34.39,77685209.8700,52534687.0140
2018-12-03,613,613,179,179,154,434,3309,1727,1542,5.41,10.36,9.99,35.50,115030585.2100,60813454.6080
2018-11-30,567,567,174,174,152,393,3309,1727,1542,5.26,10.08,9.86,32.83,82938082.1900,55603689.8890
2018-11-29,578,578,178,178,153,400,3309,1727,1542,5.38,10.31,9.92,33.47,83013730.6000,59574209.2500
2018-11-28,569,569,173,173,149,396,3309,1727,1542,5.23,10.02,9.66,32.95,85096296.6500,63036472.8210
2018-11-27,547,547,174,174,151,373,3309,1727,1542,5.26,10.08,9.79,31.67,66948814.5600,43205147.2210
2018-11-26,572,572,178,178,154,394,3309,1727,1542,5.38,10.31,9.99,33.12,81273465.6000,48460011.1570
2018-11-23,590,590,182,182,154,408,3309,1727,1542,5.50,10.54,9.99,34.16,91300251.6700,49280828.7450
2018-11-22,561,561,175,175,150,386,3309,1727,1542,5.29,10.13,9.73,32.48,72322813.3600,35338191.8630
2018-11-21,573,573,170,170,147,403,3309,1727,1542,5.14,9.84,9.53,33.18,90438115.4400,45460966.6050
2018-11-20,604,604,178,178,152,426,3309,1727,1542,5.38,10.31,9.86,34.97,104720149.0700,52382720.1370
2018-11-19,600,600,180,180,151,420,3309,1727,1542,5.44,10.42,9.79,34.74,104906055.0600,55606696.2860
2018-11-16,608,608,178,178,151,430,3309,1727,1542,5.38,10.31,9.79,35.21,117229861.8400,66535908.8920
2018-11-15,587,587,174,174,149,413,3309,1727,1542,5.26,10.08,9.66,33.99,92779126.4500,48773676.6110
2018-11-14,589,589,172,172,148,417,3309,1727,1542,5.20,9.96,9.60,34.11,91256087.8100,46526001.1060
2018-11-13,618,618,177,177,150,441,3309,1727,1542,5.35,10.25,9.73,35.78,137774551.1800,50147562.6120
2018-11-12,589,589,176,176,150,413,3309,1727,1542,5.32,10.19,9.73,34.11,96300192.0800,46208851.9110
2018-11-09,563,563,171,171,147,392,3309,1727,1542,5.17,9.90,9.53,32.60,84264246.1500,38459926.5320
2018-11-08,571,571,173,173,149,398,3309,1727,1542,5.23,10.02,9.66,33.06,80572624.5300,38153416.0070
2018-11-07,581,581,172,172,149,409,3309,1727,1542,5.20,9.96,9.66,33.64,101926284.8500,49940734.5010
2018-11-06,578,578,174,174,151,404,3309,1727,1542,5.26,10.08,9.79,33.47,83505451.9300,36591794.5610
2018-11-05,616,616,176,176,152,440,3309,1727,1542,5.32,10.19,9.86,35.67,128130872.9000,47337003.4370
2018-11-02,627,627,176,176,151,451,3309,1727,1542,5.32,10.19,9.79,36.31,170925415.6800,62434347.4930
2018-11-01,599,599,176,176,150,423,3309,1727,1542,5.32,10.19,9.73,34.68,120326757.0600,45438534.1410
2018-10-31,586,586,176,176,151,410,3309,1727,1542,5.32,10.19,9.79,33.93,96617754.1300,39590289.1960
2018-10-30,595,595,177,177,152,418,3309,1727,1542,5.35,10.25,9.86,34.45,110317238.8400,42509233.2430
2018-10-29,574,574,173,173,150,401,3309,1727,1542,5.23,10.02,9.73,33.24,85667332.9400,44815888.8550
2018-10-26,595,595,175,175,150,420,3309,1727,1542,5.29,10.13,9.73,34.45,90967797.5100,41337397.8740
2018-10-25,595,595,172,172,150,423,3309,1727,1542,5.20,9.96,9.73,34.45,119484380.4700,38572877.5440
2018-10-24,592,592,173,173,150,419,3309,1727,1542,5.23,10.02,9.73,34.28,116752385.2500,41923697.4350
2018-10-23,617,617,175,175,150,442,3309,1727,1542,5.29,10.13,9.73,35.73,129787552.8100,46565836.7190
2018-10-22,637,637,177,177,151,460,3309,1727,1542,5.35,10.25,9.79,36.88,154869233.0000,56762319.5710
2018-10-19,599,599,175,175,149,424,3309,1727,1542,5.29,10.13,9.66,34.68,120651197.4800,45954891.1600
2018-10-18,557,557,171,171,149,386,3309,1727,1542,5.17,9.90,9.66,32.25,88563972.7100,36052138.3900
2018-10-17,559,559,170,170,147,389,3309,1727,1542,5.14,9.84,9.53,32.37,105023508.2200,40446422.2990
2018-10-16,572,572,171,171,148,401,3309,1727,1542,5.17,9.90,9.60,33.12,90189542.5000,36174480.0320
2018-10-15,552,552,173,173,149,379,3309,1727,1542,5.23,10.02,9.66,31.96,65539284.9100,34442051.9050
2018-10-12,581,581,172,172,150,409,3309,1727,1542,5.20,9.96,9.73,33.64,101632846.8400,40815113.1670
2018-10-11,584,584,175,175,151,409,3309,1727,1542,5.29,10.13,9.79,33.82,112795976.9100,41323825.5090
2018-10-10,546,546,170,170,149,376,3309,1727,1542,5.14,9.84,9.66,31.62,63746726.0500,31259023.4210
2018-10-09,555,555,174,174,150,381,3309,1727,1542,5.26,10.08,9.73,32.14,64014950.2400,30557045.8230
2018-10-08,583,583,176,176,150,407,3309,1727,1542,5.32,10.19,9.73,33.76,79056061.1700,35146709.0020
2018-09-28,579,579,175,175,149,404,3309,1727,1542,5.29,10.13,9.66,33.53,68660569.6100,47045013.1220
2018-09-27,584,584,169,169,148,415,3309,1727,1542,5.11,9.79,9.60,33.82,64436282.0700,34448679.2850
2018-09-26,599,599,173,173,150,426,3309,1727,1542,5.23,10.02,9.73,34.68,78313920.7000,39670408.2630
2018-09-25,554,554,167,167,147,387,3309,1727,1542,5.05,9.67,9.53,32.08,59112043.2400,37378737.7800
2018-09-21,598,598,177,177,151,421,3309,1727,1542,5.35,10.25,9.79,34.63,86021267.3000,49093660.2200
2018-09-20,561,561,170,170,146,391,3309,1727,1542,5.14,9.84,9.47,32.48,52475069.4800,35310930.4940
2018-09-19,569,569,172,172,147,397,3309,1727,1542,5.20,9.96,9.53,32.95,82486615.6400,43237844.9440
2018-09-18,558,558,172,172,145,386,3309,1727,1542,5.20,9.96,9.40,32.31,79664522.2600,41966075.3030
2018-09-17,518,518,163,163,145,355,3309,1727,1542,4.93,9.44,9.40,29.99,53614505.6900,33264284.3990
2018-09-14,528,528,164,164,145,364,3309,1727,1542,4.96,9.50,9.40,30.57,63427774.6500,38437020.2220
2018-09-13,562,562,169,169,146,393,3309,1727,1542,5.11,9.79,9.47,32.54,75046781.7300,38512347.5600
2018-09-12,545,545,166,166,147,379,3309,1727,1542,5.02,9.61,9.53,31.56,65738633.5200,41202367.1070
2018-09-11,542,542,164,164,144,378,3309,1727,1542,4.96,9.50,9.34,31.38,64191929.2800,44692945.7810
2018-09-10,536,536,167,167,145,369,3309,1727,1542,5.05,9.67,9.40,31.04,80561019.0100,49144523.2600
2018-09-07,552,552,164,164,144,388,3309,1727,1542,4.96,9.50,9.34,31.96,67908088.7800,43221179.5010
2018-09-06,557,557,168,168,146,389,3309,1727,1542,5.08,9.73,9.47,32.25,55862473.7800,34846398.7770
2018-09-05,560,560,169,169,146,391,3309,1727,1542,5.11,9.79,9.47,32.43,62354984.4200,42801852.6180
2018-09-04,561,561,170,170,148,391,3309,1727,1542,5.14,9.84,9.60,32.48,68832955.6700,35835794.3890
2018-09-03,544,544,168,168,145,376,3309,1727,1542,5.08,9.73,9.40,31.50,54937166.7100,38512062.0860
2018-08-31,549,549,170,170,146,379,3309,1727,1542,5.14,9.84,9.47,31.79,55072202.7800,39157360.7240
2018-08-30,554,554,171,171,148,383,3309,1727,1542,5.17,9.90,9.60,32.08,54190220.0800,31575660.0230
2018-08-29,559,559,168,168,145,391,3309,1727,1542,5.08,9.73,9.40,32.37,51682949.4600,38623301.2620
2018-08-28,592,592,172,172,148,420,3309,1727,1542,5.20,9.96,9.60,34.28,52473784.4200,37454709.7970
2018-08-27,600,600,173,173,148,427,3309,1727,1542,5.23,10.02,9.60,34.74,69581056.9200,41043476.6560
2018-08-24,567,567,169,169,147,398,3309,1727,1542,5.11,9.79,9.53,32.83,55135320.4600,29797078.3520
2018-08-23,562,562,172,172,148,390,3309,1727,1542,5.20,9.96,9.60,32.54,64275504.9700,31917524.2050
2018-08-22,548,548,165,165,144,383,3309,1727,1542,4.99,9.55,9.34,31.73,54899196.1100,30904076.5510
2018-08-21,575,575,173,173,148,402,3309,1727,1542,5.23,10.02,9.60,33.29,76255536.5600,48688007.0710
2018-08-20,554,554,171,171,147,383,3309,1727,1542,5.17,9.90,9.53,32.08,77340307.6800,37643579.4450
2018-08-17,563,563,170,170,145,393,3309,1727,1542,5.14,9.84,9.40,32.60,73146327.6500,38184051.5600
2018-08-16,567,567,171,171,148,396,3309,1727,1542,5.17,9.90,9.60,32.83,89303413.1200,34337399.0190
2018-08-15,580,580,168,168,144,412,3309,1727,1542,5.08,9.73,9.34,33.58,65666569.1700,33483510.7260
2018-08-14,547,547,161,161,140,386,3309,1727,1542,4.87,9.32,9.08,31.67,58237457.9600,31584397.3650
2018-08-13,572,572,170,170,147,402,3309,1727,1542,5.14,9.84,9.53,33.12,73761452.2900,36525830.5340
2018-08-10,575,575,170,170,148,405,3309,1727,1542,5.14,9.84,9.60,33.29,59392900.6400,31341789.7920
2018-08-09,612,612,174,174,147,438,3309,1727,1542,5.26,10.08,9.53,35.44,81480215.3700,41509813.2910
2018-08-08,576,576,169,169,146,407,3309,1727,1542,5.11,9.79,9.47,33.35,64636533.4100,39466684.8540
2018-08-07,597,597,175,175,148,422,3309,1727,1542,5.29,10.13,9.60,34.57,96198397.2800,44800602.6960
2018-08-06,577,577,168,168,144,409,3309,1727,1542,5.08,9.73,9.34,33.41,86685658.5700,35236654.4760
2018-08-03,585,585,167,167,142,418,3309,1727,1542,5.05,9.67,9.21,33.87,69291189.2400,47092554.4190
2018-08-02,601,601,169,169,144,432,3309,1727,1542,5.11,9.79,9.34,34.80,85726587.9600,43738740.8410
2018-08-01,599,599,170,170,147,429,3309,1727,1542,5.14,9.84,9.53,34.68,66605907.4400,41671872.7360
2018-07-31,566,566,169,169,147,397,3309,1727,1542,5.11,9.79,9.53,32.77,58628844.4000,38325929.2330
2018-07-30,592,592,173,173,147,419,3309,1727,1542,5.23,10.02,9.53,34.28,66619837.7400,37484296.0780
2018-07-27,552,552,167,167,144,385,3309,1727,1542,5.05,9.67,9.34,31.96,58378748.6500,40423506.8470
2018-07-26,584,584,173,173,148,411,3309,1727,1542,5.23,10.02,9.60,33.82,57956851.0700,36227279.8050
2018-07-25,610,610,176,176,150,434,3309,1727,1542,5.32,10.19,9.73,35.32,61885697.8800,40598514.3640
2018-07-24,624,624,176,176,149,448,3309,1727,1542,5.32,10.19,9.66,36.13,81415753.4300,46375814.1130
2018-07-23,593,593,169,169,146,424,3309,1727,1542,5.11,9.79,9.47,34.34,72311866.8800,42041012.4570
2018-07-20,590,590,169,169,147,421,3309,1727,1542,5.11,9.79,9.53,34.16,79065478.3400,34981739.7000
2018-07-19,567,567,165,165,141,402,3309,1727,1542,4.99,9.55,9.14,32.83,54492735.3800,35445212.7390
2018-07-18,582,582,167,167,141,415,3309,1727,1542,5.05,9.67,9.14,33.70,58634761.3600,35223775.6170
2018-07-17,581,581,171,171,146,410,3309,1727,1542,5.17,9.90,9.47,33.64,58711864.2300,33617406.2080
2018-07-16,588,588,169,169,145,419,3309,1727,1542,5.11,9.79,9.40,34.05,48635455.5100,30829352.0810
2018-07-13,590,590,169,169,147,421,3309,1727,1542,5.11,9.79,9.53,34.16,55871745.4700,33673159.7400
2018-07-12,611,611,173,173,144,438,3309,1727,1542,5.23,10.02,9.34,35.38,80182147.7600,40475118.3760
2018-07-11,568,568,170,170,147,398,3309,1727,1542,5.14,9.84,9.53,32.89,74374135.5000,33620166.0120
2018-07-10,583,583,170,170,145,413,3309,1727,1542,5.14,9.84,9.40,33.76,57829870.0800,38522041.5030
2018-07-09,604,604,169,169,146,435,3309,1727,1542,5.11,9.79,9.47,34.97,67881600.7100,55134584.0710
2018-07-06,571,571,172,172,147,399,3309,1727,1542,5.20,9.96,9.53,33.06,86040178.0200,37883936.0390
2018-07-05,568,568,167,167,143,401,3309,1727,1542,5.05,9.67,9.27,32.89,68565537.6900,37216601.8620
2018-07-04,556,556,167,167,143,389,3309,1727,1542,5.05,9.67,9.27,32.19,64332534.0600,38413405.8890
2018-07-03,607,607,172,172,144,435,3309,1727,1542,5.20,9.96,9.34,35.15,95348159.2200,42479730.8440
2018-07-02,602,602,171,171,144,431,3309,1727,1542,5.17,9.90,9.34,34.86,65519168.1900,37532086.2660
2018-06-29,602,602,174,174,146,428,3309,1727,1542,5.26,10.08,9.47,34.86,85279449.6000,62885922.1810
2018-06-28,568,568,168,168,147,400,3309,1727,1542,5.08,9.73,9.53,32.89,72749915.2900,73690811.7370
2018-06-27,579,579,166,166,143,413,3309,1727,1542,5.02,9.61,9.27,33.53,70911983.5300,55451829.4640
2018-06-26,588,588,173,173,147,415,3309,1727,1542,5.23,10.02,9.53,34.05,74301726.2500,53870173.1430
2018-06-25,593,593,169,169,145,424,3309,1727,1542,5.11,9.79,9.40,34.34,56974329.8800,43980994.1110
2018-06-22,599,599,171,171,144,428,3309,1727,1542,5.17,9.90,9.34,34.68,83046934.5200,57993734.7480
2018-06-21,588,588,171,171,145,417,3309,1727,1542,5.17,9.90,9.40,34.05,83746745.2500,47838862.4170
2018-06-20,596,596,170,170,145,426,3309,1727,1542,5.14,9.84,9.40,34.51,90383572.2000,48431414.5860
2018-06-19,610,610,171,171,145,439,3309,1727,1542,5.17,9.90,9.40,35.32,97986463.5100,58225163.2950
2018-06-15,585,585,169,169,144,416,3309,1727,1542,5.11,9.79,9.34,33.87,64526567.0000,38446022.5850
2018-06-14,581,581,164,164,138,417,3309,1727,1542,4.96,9.50,8.95,33.64,63539715.1600,48178340.6160
2018-06-13,589,589,166,166,141,423,3309,1727,1542,5.02,9.61,9.14,34.11,53335130.3500,32292883.7400
2018-06-12,598,598,169,169,144,429,3309,1727,1542,5.11,9.79,9.34,34.63,62961741.0600,52133227.5980
2018-06-11,603,603,170,170,144,433,3309,1727,1542,5.14,9.84,9.34,34.92,44428699.8900,33387681.8520
2018-06-08,601,601,170,170,147,431,3309,1727,1542,5.14,9.84,9.53,34.80,54788238.0000,45108323.4960
2018-06-07,616,616,171,171,145,445,3309,1727,1542,5.17,9.90,9.40,35.67,60121289.9900,34897145.3230
2018-06-06,613,613,170,170,145,443,3309,1727,1542,5.14,9.84,9.40,35.50,55470900.8100,44811009.9930
2018-06-05,614,614,171,171,143,443,3309,1727,1542,5.17,9.90,9.27,35.55,59831162.2400,42682482.4890
2018-06-04,610,610,171,171,144,439,3309,1727,1542,5.17,9.90,9.34,35.32,51419234.2800,38866946.7460
2018-06-01,611,611,170,170,145,441,3309,1727,1542,5.14,9.84,9.40,35.38,56989563.0100,40090049.2070
2018-05-31,620,620,174,174,146,446,3309,1727,1542,5.26,10.08,9.47,35.90,61362438.2900,48762945.8890
2018-05-30,619,619,171,171,146,448,3309,1727,1542,5.17,9.90,9.47,35.84,71321974.8300,54193245.6090
2018-05-29,590,590,168,168,143,422,3309,1727,1542,5.08,9.73,9.27,34.16,60772285.3700,55439486.0090
2018-05-28,604,604,169,169,145,435,3309,1727,1542,5.11,9.79,9.40,34.97,63123958.0800,50250362.4850
2018-05-25,587,587,166,166,142,421,3309,1727,1542,5.02,9.61,9.21,33.99,60910028.1900,48424598.7770
2018-05-24,613,613,167,167,142,446,3309,1727,1542,5.05,9.67,9.21,35.50,48851139.3700,39523977.2570
2018-05-23,611,611,167,167,144,444,3309,1727,1542,5.05,9.67,9.34,35.38,64024302.5400,45998492.2570
2018-05-22,618,618,168,168,144,450,3309,1727,1542,5.08,9.73,9.34,35.78,82536489.7100,43620229.3560
2018-05-21,612,612,170,170,146,442,3309,1727,1542,5.14,9.84,9.47,35.44,76635689.2700,48324837.5680
2018-05-18,600,600,164,164,142,436,3309,1727,1542,4.96,9.50,9.21,34.74,72113279.5000,43761210.3380
2018-05-17,584,584,156,156,135,428,3309,1727,1542,4.71,9.03,8.75,33.82,52602360.6600,41881841.0770
2018-05-16,613,613,167,167,141,446,3309,1727,1542,5.05,9.67,9.14,35.50,60750292.3900,37270085.2410
2018-05-15,601,601,168,168,143,433,3309,1727,1542,5.08,9.73,9.27,34.80,53628249.0900,38561302.4650
2018-05-14,610,610,163,163,142,447,3309,1727,1542,4.93,9.44,9.21,35.32,60134881.9500,43751003.4530
2018-05-11,615,615,169,169,143,446,3309,1727,1542,5.11,9.79,9.27,35.61,60396670.2900,33950976.6940
2018-05-10,613,613,164,164,140,449,3309,1727,1542,4.96,9.50,9.08,35.50,65269169.5900,36990757.7430
2018-05-09,598,598,166,166,143,432,3309,1727,1542,5.02,9.61,9.27,34.63,55460335.2600,65335573.3320
2018-05-08,601,601,167,167,142,434,3309,1727,1542,5.05,9.67,9.21,34.80,72725704.1000,60284318.7610
2018-05-07,624,624,166,166,144,458,3309,1727,1542,5.02,9.61,9.34,36.13,77501119.9900,56039455.1950
2018-05-04,598,598,163,163,141,435,3309,1727,1542,4.93,9.44,9.14,34.63,65833216.7800,38613743.2810
2018-05-03,615,615,160,160,140,455,3309,1727,1542,4.84,9.26,9.08,35.61,77037108.2200,41322590.4000
2018-05-02,606,606,159,159,139,447,3309,1727,1542,4.81,9.21,9.01,35.09,70240531.2200,51247057.6060
2018-04-27,578,578,165,165,141,413,3309,1727,1542,4.99,9.55,9.14,33.47,60616407.8200,51863593.7890
2018-04-26,568,568,156,156,137,412,3309,1727,1542,4.71,9.03,8.88,32.89,68435623.1600,79606297.8030
2018-04-25,594,594,162,162,141,432,3309,1727,1542,4.90,9.38,9.14,34.39,63168369.8400,73922952.4300
2018-04-24,614,614,163,163,141,451,3309,1727,1542,4.93,9.44,9.14,35.55,79831137.7400,54961144.5790
2018-04-23,583,583,163,163,141,420,3309,1727,1542,4.93,9.44,9.14,33.76,72800845.3500,55650468.7000
2018-04-20,589,589,161,161,138,428,3309,1727,1542,4.87,9.32,8.95,34.11,72820466.9600,71543226.1940
2018-04-19,604,604,161,161,140,443,3309,1727,1542,4.87,9.32,9.08,34.97,72736783.6000,81116555.1510
2018-04-18,618,618,162,162,141,456,3309,1727,1542,4.90,9.38,9.14,35.78,90797125.9900,63642399.8370
2018-04-17,590,590,161,161,140,429,3309,1727,1542,4.87,9.32,9.08,34.16,74971867.2800,49391620.4930
2018-04-16,583,583,159,159,139,424,3309,1727,1542,4.81,9.21,9.01,33.76,72412333.4400,63760875.1280
2018-04-13,586,586,160,160,137,426,3309,1727,1542,4.84,9.26,8.88,33.93,54543268.5600,48385755.9900
2018-04-12,590,590,160,160,140,430,3309,1727,1542,4.84,9.26,9.08,34.16,60355014.1600,57334488.9120
2018-04-11,617,617,162,162,140,455,3309,1727,1542,4.90,9.38,9.08,35.73,70042298.6500,51102121.1200
2018-04-10,604,604,162,162,141,442,3309,1727,1542,4.90,9.38,9.14,34.97,80080677.1900,44734550.5060
2018-04-09,600,600,161,161,140,439,3309,1727,1542,4.87,9.32,9.08,34.74,68419886.6200,39771590.5800
2018-04-04,599,599,161,161,139,438,3309,1727,1542,4.87,9.32,9.01,34.68,62016489.5100,35427309.0990
2018-04-03,601,601,160,160,139,441,3309,1727,1542,4.84,9.26,9.01,34.80,68526964.7000,41267070.3090
2018-04-02,628,628,165,165,141,463,3309,1727,1542,4.99,9.55,9.14,36.36,67509698.0000,43264424.3440
2018-03-30,630,630,164,164,142,466,3309,1727,1542,4.96,9.50,9.21,36.48,66734295.3400,47476435.0950
2018-03-29,614,614,164,164,141,450,3309,1727,1542,4.96,9.50,9.14,35.55,67832695.7000,37783781.3960
2018-03-28,620,620,163,163,141,457,3309,1727,1542,4.93,9.44,9.14,35.90,67402301.8700,44311366.5680
2018-03-27,627,627,166,166,142,461,3309,1727,1542,5.02,9.61,9.21,36.31,83145500.5900,43142717.0800
2018-03-26,609,609,164,164,140,445,3309,1727,1542,4.96,9.50,9.08,35.26,78621885.0000,44205636.1120
2018-03-23,626,626,163,163,141,463,3309,1727,1542,4.93,9.44,9.14,36.25,96093873.5700,46112305.2120
2018-03-22,603,603,159,159,138,444,3309,1727,1542,4.81,9.21,8.95,34.92,59180608.5900,45894780.0250
2018-03-21,623,623,163,163,140,460,3309,1727,1542,4.93,9.44,9.08,36.07,62673277.4700,42965200.7840
2018-03-20,613,613,161,161,140,452,3309,1727,1542,4.87,9.32,9.08,35.50,60227352.1200,44701172.7340
2018-03-19,614,614,161,161,140,453,3309,1727,1542,4.87,9.32,9.08,35.55,59406029.6100,42986243.6980
2018-03-16,617,617,162,162,140,455,3309,1727,1542,4.90,9.38,9.08,35.73,54682245.0600,32376178.9520
2018-03-15,621,621,161,161,140,460,3309,1727,1542,4.87,9.32,9.08,35.96,59367239.5700,39309206.3280
2018-03-14,615,615,161,161,140,454,3309,1727,1542,4.87,9.32,9.08,35.61,47465704.2100,39929330.1220
2018-03-13,627,627,164,164,141,463,3309,1727,1542,4.96,9.50,9.14,36.31,59646188.1500,38981856.3390
2018-03-12,662,662,164,164,140,498,3309,1727,1542,4.96,9.50,9.08,38.33,73400954.6900,39772536.7350
2018-03-09,645,645,162,162,140,483,3309,1727,1542,4.90,9.38,9.08,37.35,68582366.3700,31863449.8610
2018-03-08,603,603,161,161,138,442,3309,1727,1542,4.87,9.32,8.95,34.92,40028588.2500,27881608.3660
2018-03-07,615,615,163,163,140,452,3309,1727,1542,4.93,9.44,9.08,35.61,61495974.5600,28565426.3320
2018-03-06,624,624,161,161,139,463,3309,1727,1542,4.87,9.32,9.01,36.13,61539840.9600,31033255.4570
2018-03-05,600,600,158,158,138,442,3309,1727,1542,4.77,9.15,8.95,34.74,45489787.2800,26911298.4180
2018-03-02,607,607,167,167,140,440,3309,1727,1542,5.05,9.67,9.08,35.15,50145751.6400,27135939.5410
2018-03-01,612,612,162,162,140,450,3309,1727,1542,4.90,9.38,9.08,35.44,54435192.7200,30103588.5360
2018-02-28,605,605,162,162,139,443,3309,1727,1542,4.90,9.38,9.01,35.03,57578998.9100,31693514.7030
2018-02-27,629,629,162,162,139,467,3309,1727,1542,4.90,9.38,9.01,36.42,62939730.6600,27763809.0600
2018-02-26,661,661,166,166,140,495,3309,1727,1542,5.02,9.61,9.08,38.27,65093071.0500,29449502.8320
2018-02-23,608,608,162,162,139,446,3309,1727,1542,4.90,9.38,9.01,35.21,46133528.3800,24898088.6580
2018-02-22,606,606,163,163,138,443,3309,1727,1542,4.93,9.44,8.95,35.09,47861250.2400,27853311.5690
2018-02-14,578,578,163,163,138,415,3309,1727,1542,4.93,9.44,8.95,33.47,37483076.4500,20682543.4890
2018-02-13,615,615,165,165,140,450,3309,1727,1542,4.99,9.55,9.08,35.61,54194429.2800,28455833.0060
2018-02-12,617,617,163,163,139,454,3309,1727,1542,4.93,9.44,9.01,35.73,72675777.4100,31755999.1450
2018-02-09,614,614,165,165,140,449,3309,1727,1542,4.99,9.55,9.08,35.55,106503677.0500,40142922.5560
2018-02-08,591,591,163,163,137,428,3309,1727,1542,4.93,9.44,8.88,34.22,83792201.3900,35053282.1990
2018-02-07,625,625,168,168,140,457,3309,1727,1542,5.08,9.73,9.08,36.19,102512931.3500,34307913.5590
2018-02-06,626,626,165,165,137,461,3309,1727,1542,4.99,9.55,8.88,36.25,98253331.7700,37009216.1120
2018-02-05,608,608,163,163,137,445,3309,1727,1542,4.93,9.44,8.88,35.21,80837542.8500,32111823.5350
2018-02-02,602,602,164,164,137,438,3309,1727,1542,4.96,9.50,8.88,34.86,80768268.6000,31524005.3560
2018-02-01,621,621,161,161,138,460,3309,1727,1542,4.87,9.32,8.95,35.96,83526245.5300,34078841.4830
2018-01-31,598,598,164,164,137,434,3309,1727,1542,4.96,9.50,8.88,34.63,81997473.9800,29959519.8690
2018-01-30,605,605,162,162,137,443,3309,1727,1542,4.90,9.38,8.88,35.03,71170786.9200,29850310.2790
2018-01-29,620,620,166,166,138,454,3309,1727,1542,5.02,9.61,8.95,35.90,79774295.0900,31474504.8030
2018-01-26,636,636,167,167,139,469,3309,1727,1542,5.05,9.67,9.01,36.83,82862190.1900,30913378.7780
2018-01-25,651,651,167,167,138,484,3309,1727,1542,5.05,9.67,8.95,37.70,81934096.3800,31689719.3720
2018-01-24,654,654,166,166,137,488,3309,1727,1542,5.02,9.61,8.88,37.87,83686537.8400,31984931.3860
2018-01-23,648,648,167,167,137,481,3309,1727,1542,5.05,9.67,8.88,37.52,73930615.9700,31720197.9930
2018-01-22,639,639,166,166,138,473,3309,1727,1542,5.02,9.61,8.95,37.00,65770981.4400,36817690.1070
2018-01-19,625,625,167,167,138,458,3309,1727,1542,5.05,9.67,8.95,36.19,74443100.3200,33740760.9050
2018-01-18,637,637,165,165,136,472,3309,1727,1542,4.99,9.55,8.82,36.88,68217431.8700,32783759.1350
2018-01-17,631,631,162,162,134,469,3309,1727,1542,4.90,9.38,8.69,36.54,85847497.9700,32059111.7710
2018-01-16,636,636,162,162,135,474,3309,1727,1542,4.90,9.38,8.75,36.83,65848967.9400,27230686.4090
2018-01-15,621,621,159,159,134,462,3309,1727,1542,4.81,9.21,8.69,35.96,69294157.8800,30720406.2390
2018-01-12,624,624,162,162,135,462,3309,1727,1542,4.90,9.38,8.75,36.13,55425363.9900,28091892.5370
2018-01-11,616,616,160,160,131,456,3309,1727,1542,4.84,9.26,8.50,35.67,62803438.3900,34321895.7120
2018-01-10,621,621,163,163,135,458,3309,1727,1542,4.93,9.44,8.75,35.96,62833725.3100,33296497.3090
2018-01-09,627,627,163,163,135,464,3309,1727,1542,4.93,9.44,8.75,36.31,48340544.6800,28673463.1840
2018-01-08,648,648,159,159,134,489,3309,1727,1542,4.81,9.21,8.69,37.52,51916036.3200,28408504.7930
2018-01-05,635,635,163,163,135,472,3309,1727,1542,4.93,9.44,8.75,36.77,49110708.1900,30380232.6310
2018-01-04,634,634,162,162,134,472,3309,1727,1542,4.90,9.38,8.69,36.71,60467000.6800,35849208.9130
2018-01-03,622,622,160,160,133,462,3309,1727,1542,4.84,9.26,8.63,36.02,52035830.5700,30615174.1330
2018-01-02,643,643,161,161,133,482,3309,1727,1542,4.87,9.32,8.63,37.23,49024918.3800,30640191.9520
2017-12-29,599,599,158,158,129,441,3309,1727,1542,4.77,9.15,8.37,34.68,50395013.2000,54671320.8900
2017-12-28,584,584,155,155,130,429,3309,1727,1542,4.68,8.98,8.43,33.82,70805759.0500,52698034.3030
2017-12-27,583,583,157,157,132,426,3309,1727,1542,4.74,9.09,8.56,33.76,71429504.3200,59391768.2490
2017-12-26,597,597,157,157,130,440,3309,1727,1542,4.74,9.09,8.43,34.57,64864290.2300,67593092.6820
2017-12-25,603,603,155,155,131,448,3309,1727,1542,4.68,8.98,8.50,34.92,57909585.4900,66743507.3960
2017-12-22,616,616,160,160,132,456,3309,1727,1542,4.84,9.26,8.56,35.67,56888862.4300,70507326.5940
2017-12-21,604,604,158,158,132,446,3309,1727,1542,4.77,9.15,8.56,34.97,81410962.2700,65187586.0660
2017-12-20,575,575,154,154,130,421,3309,1727,1542,4.65,8.92,8.43,33.29,63863476.1700,72057273.8180
2017-12-19,596,596,158,158,131,438,3309,1727,1542,4.77,9.15,8.50,34.51,66464415.2200,80510002.7950
2017-12-18,558,558,157,157,133,401,3309,1727,1542,4.74,9.09,8.63,32.31,64123215.9000,85024578.8910
2017-12-15,589,589,159,159,134,430,3309,1727,1542,4.81,9.21,8.69,34.11,67015542.9900,84929015.8060
2017-12-14,589,589,161,161,133,428,3309,1727,1542,4.87,9.32,8.63,34.11,65548784.9300,66418004.7610
2017-12-13,590,590,157,157,130,433,3309,1727,1542,4.74,9.09,8.43,34.16,63217235.1600,61280990.5980
2017-12-12,597,597,161,161,134,436,3309,1727,1542,4.87,9.32,8.69,34.57,67405380.0300,52072663.1060
2017-12-11,610,610,159,159,131,451,3309,1727,1542,4.81,9.21,8.50,35.32,54187346.1900,63039133.4600
2017-12-08,600,600,160,160,134,440,3309,1727,1542,4.84,9.26,8.69,34.74,62925454.6800,55771932.8560
2017-12-07,596,596,159,159,132,437,3309,1727,1542,4.81,9.21,8.56,34.51,60700403.5800,52559615.7690
2017-12-06,592,592,159,159,133,433,3309,1727,1542,4.81,9.21,8.63,34.28,68601362.5300,59660632.5740
2017-12-05,603,603,157,157,131,446,3309,1727,1542,4.74,9.09,8.50,34.92,66992932.9400,56405566.0870
2017-12-04,584,584,161,161,132,423,3309,1727,1542,4.87,9.32,8.56,33.82,51994621.5800,54406515.8670
2017-12-01,588,588,158,158,132,430,3309,1727,1542,4.77,9.15,8.56,34.05,54321512.1900,54113593.4660
2017-11-30,602,602,160,160,133,442,3309,1727,1542,4.84,9.26,8.63,34.86,63439966.8700,51461447.4320
2017-11-29,610,610,158,158,130,452,3309,1727,1542,4.77,9.15,8.43,35.32,58515312.6400,51846300.6920
2017-11-28,602,602,158,158,131,444,3309,1727,1542,4.77,9.15,8.50,34.86,60610931.9800,50775228.4400
2017-11-27,601,601,159,159,132,442,3309,1727,1542,4.81,9.21,8.56,34.80,59280680.1800,57618195.4610
2017-11-24,598,598,160,160,134,438,3309,1727,1542,4.84,9.26,8.69,34.63,64422636.6500,53280564.3120
2017-11-23,612,612,162,162,134,450,3309,1727,1542,4.90,9.38,8.69,35.44,72496297.7100,52360017.0200
2017-11-22,632,632,161,161,133,471,3309,1727,1542,4.87,9.32,8.63,36.60,70876382.9600,51894730.6200
2017-11-21,628,628,163,163,134,465,3309,1727,1542,4.93,9.44,8.69,36.36,82508658.2300,56995087.3270
2017-11-20,633,633,159,159,133,474,3309,1727,1542,4.81,9.21,8.63,36.65,65733679.5900,55926503.5490
2017-11-17,617,617,162,162,133,455,3309,1727,1542,4.90,9.38,8.63,35.73,68666641.2900,55880447.4630
2017-11-16,617,617,161,161,133,456,3309,1727,1542,4.87,9.32,8.63,35.73,65267300.5300,55536185.4750
2017-11-15,624,624,160,160,131,464,3309,1727,1542,4.84,9.26,8.50,36.13,65647783.3200,51129170.3300
2017-11-14,640,640,163,163,134,477,3309,1727,1542,4.93,9.44,8.69,37.06,64447900.5700,47033151.4210
2017-11-13,647,647,165,165,134,482,3309,1727,1542,4.99,9.55,8.69,37.46,59594258.8800,44437875.4410
2017-11-10,637,637,157,157,129,480,3309,1727,1542,4.74,9.09,8.37,36.88,60455535.4600,48321060.8700
2017-11-09,639,639,161,161,131,478,3309,1727,1542,4.87,9.32,8.50,37.00,81287091.0900,54866365.6660
2017-11-08,642,642,164,164,133,478,3309,1727,1542,4.96,9.50,8.63,37.17,73997386.8500,46398083.1030
2017-11-07,642,642,163,163,132,479,3309,1727,1542,4.93,9.44,8.56,37.17,71071878.2200,51454151.7040
2017-11-06,635,635,161,161,133,474,3309,1727,1542,4.87,9.32,8.63,36.77,48885929.4000,44608518.5910
2017-11-03,623,623,162,162,133,461,3309,1727,1542,4.90,9.38,8.63,36.07,57009586.6500,51611837.5730
2017-11-02,621,621,159,159,131,462,3309,1727,1542,4.81,9.21,8.50,35.96,59106331.6100,55736900.3580
2017-11-01,635,635,163,163,134,472,3309,1727,1542,4.93,9.44,8.69,36.77,68247086.7300,54250049.9000
2017-10-31,633,633,159,159,132,474,3309,1727,1542,4.81,9.21,8.56,36.65,67263706.6800,50786640.8120
2017-10-30,643,643,159,159,132,484,3309,1727,1542,4.81,9.21,8.56,37.23,71094928.3900,48277060.6500
2017-10-27,655,655,163,163,134,492,3309,1727,1542,4.93,9.44,8.69,37.93,59478456.8800,53915350.2000
2017-10-26,658,658,163,163,133,495,3309,1727,1542,4.93,9.44,8.63,38.10,67448301.2000,57684547.3980
2017-10-25,626,626,162,162,132,464,3309,1727,1542,4.90,9.38,8.56,36.25,52431826.5100,47514155.8350
2017-10-24,620,620,160,160,132,460,3309,1727,1542,4.84,9.26,8.56,35.90,52838196.2500,42458831.7770
2017-10-23,607,607,156,156,131,451,3309,1727,1542,4.71,9.03,8.50,35.15,52568358.2700,45866947.1160
2017-10-20,619,619,162,162,132,457,3309,1727,1542,4.90,9.38,8.56,35.84,46607527.8900,45916571.8790
2017-10-19,623,623,160,160,132,463,3309,1727,1542,4.84,9.26,8.56,36.07,50925125.2500,43347799.1580
2017-10-18,620,620,159,159,132,461,3309,1727,1542,4.81,9.21,8.56,35.90,60986370.0700,39285885.9470
2017-10-17,632,632,161,161,133,471,3309,1727,1542,4.87,9.32,8.63,36.60,45634272.5500,33263154.4140
2017-10-16,640,640,161,161,131,479,3309,1727,1542,4.87,9.32,8.50,37.06,54998180.4900,37379291.8920
2017-10-13,644,644,161,161,131,483,3309,1727,1542,4.87,9.32,8.50,37.29,41928294.3700,35091551.3400
2017-10-12,635,635,163,163,133,472,3309,1727,1542,4.93,9.44,8.63,36.77,41126324.7900,33128001.5500
2017-10-11,653,653,163,163,133,490,3309,1727,1542,4.93,9.44,8.63,37.81,47373178.3500,38152852.3890
2017-10-10,642,642,163,163,133,479,3309,1727,1542,4.93,9.44,8.63,37.17,52414045.7700,32794232.3960
2017-10-09,653,653,166,166,134,487,3309,1727,1542,5.02,9.61,8.69,37.81,52003269.7500,34532796.1330
2017-09-29,621,621,160,160,130,461,3309,1727,1542,4.84,9.26,8.43,35.96,38323574.1000,34063597.4770
2017-09-28,605,605,163,163,133,442,3309,1727,1542,4.93,9.44,8.63,35.03,36835889.1300,33119822.1810
2017-09-27,602,602,160,160,131,442,3309,1727,1542,4.84,9.26,8.50,34.86,39434162.6800,30845872.5450
2017-09-26,595,595,158,158,132,437,3309,1727,1542,4.77,9.15,8.56,34.45,41989283.5000,34010489.6050
2017-09-25,605,605,162,162,133,443,3309,1727,1542,4.90,9.38,8.63,35.03,37075678.4500,32163097.6530
2017-09-22,601,601,157,157,131,444,3309,1727,1542,4.74,9.09,8.50,34.80,42177307.5600,32221498.4120
2017-09-21,627,627,163,163,131,464,3309,1727,1542,4.93,9.44,8.50,36.31,42055220.8300,35008341.3900
2017-09-20,615,615,161,161,131,454,3309,1727,1542,4.87,9.32,8.50,35.61,41582506.2100,34334327.2520
2017-09-19,620,620,159,159,128,461,3309,1727,1542,4.81,9.21,8.30,35.90,44953050.5400,32386453.1430
2017-09-18,640,640,163,163,132,477,3309,1727,1542,4.93,9.44,8.56,37.06,45094954.6100,32852815.6740
2017-09-15,605,605,162,162,131,443,3309,1727,1542,4.90,9.38,8.50,35.03,45555444.8300,34148551.9070
2017-09-14,624,624,157,157,128,467,3309,1727,1542,4.74,9.09,8.30,36.13,39108363.5600,34397904.0270
2017-09-13,619,619,159,159,132,460,3309,1727,1542,4.81,9.21,8.56,35.84,41438918.5100,32168672.3040
2017-09-12,640,640,163,163,131,477,3309,1727,1542,4.93,9.44,8.50,37.06,44771140.1900,33327773.3180
2017-09-11,639,639,165,165,132,474,3309,1727,1542,4.99,9.55,8.56,37.00,40613308.6200,38643703.8370
2017-09-08,635,635,163,163,131,472,3309,1727,1542,4.93,9.44,8.50,36.77,44464028.4000,37342964.6400
2017-09-07,645,645,162,162,131,483,3309,1727,1542,4.90,9.38,8.50,37.35,44638912.7500,32621256.8480
2017-09-06,645,645,161,161,130,484,3309,1727,1542,4.87,9.32,8.43,37.35,45274726.0600,31892637.8530
2017-09-05,648,648,164,164,131,484,3309,1727,1542,4.96,9.50,8.50,37.52,43091608.1400,36311192.5830
2017-09-04,652,652,164,164,132,488,3309,1727,1542,4.96,9.50,8.56,37.75,46818482.4400,35768474.5020
2017-09-01,638,638,163,163,131,475,3309,1727,1542,4.93,9.44,8.50,36.94,49073711.2300,36336930.4270
2017-08-31,623,623,159,159,130,464,3309,1727,1542,4.81,9.21,8.43,36.07,42323377.5500,33784977.1160
2017-08-30,628,628,159,159,129,469,3309,1727,1542,4.81,9.21,8.37,36.36,48199604.7400,37977277.7890
2017-08-29,639,639,163,163,130,476,3309,1727,1542,4.93,9.44,8.43,37.00,47179118.6900,29885420.9090
2017-08-28,661,661,161,161,131,500,3309,1727,1542,4.87,9.32,8.50,38.27,72613383.6000,39600235.5540
2017-08-25,627,627,161,161,129,466,3309,1727,1542,4.87,9.32,8.37,36.31,52359463.8600,37826781.7060
2017-08-24,589,589,154,154,126,435,3309,1727,1542,4.65,8.92,8.17,34.11,34824807.1200,35495334.4690
2017-08-23,606,606,154,154,125,452,3309,1727,1542,4.65,8.92,8.11,35.09,39888966.7900,26742225.2760
2017-08-22,626,626,158,158,127,468,3309,1727,1542,4.77,9.15,8.24,36.25,41949818.1100,26582670.6100
2017-08-21,632,632,158,158,128,474,3309,1727,1542,4.77,9.15,8.30,36.60,37272835.8700,33458065.6980
2017-08-18,610,610,158,158,127,452,3309,1727,1542,4.77,9.15,8.24,35.32,44169457.8200,32950590.6120
2017-08-17,629,629,158,158,126,471,3309,1727,1542,4.77,9.15,8.17,36.42,46270943.0800,30420018.0200
2017-08-16,619,619,154,154,126,465,3309,1727,1542,4.65,8.92,8.17,35.84,43440244.8000,30962353.5210
2017-08-15,621,621,157,157,127,464,3309,1727,1542,4.74,9.09,8.24,35.96,39738476.0000,35003496.9140
2017-08-14,621,621,158,158,127,463,3309,1727,1542,4.77,9.15,8.24,35.96,47103046.9500,38731569.8830
2017-08-11,607,607,156,156,126,451,3309,1727,1542,4.71,9.03,8.17,35.15,64904963.5600,37485920.4860
2017-08-10,610,610,152,152,125,458,3309,1727,1542,4.59,8.80,8.11,35.32,46878629.2200,35656796.8220
2017-08-09,623,623,151,151,126,472,3309,1727,1542,4.56,8.74,8.17,36.07,41043247.7000,31908187.9230
2017-08-08,634,634,154,154,126,480,3309,1727,1542,4.65,8.92,8.17,36.71,42991578.7300,30066845.5360
2017-08-07,613,613,156,156,126,457,3309,1727,1542,4.71,9.03,8.17,35.50,41826730.2900,32463182.2220
2017-08-04,611,611,153,153,123,458,3309,1727,1542,4.62,8.86,7.98,35.38,53611902.0100,35274627.5430
2017-08-03,639,639,153,153,124,486,3309,1727,1542,4.62,8.86,8.04,37.00,57588107.4100,35341414.9200
2017-08-02,633,633,153,153,123,480,3309,1727,1542,4.62,8.86,7.98,36.65,51504998.9700,36160634.4570
2017-08-01,638,638,156,156,125,482,3309,1727,1542,4.71,9.03,8.11,36.94,49231285.7500,33059349.0910
2017-07-31,649,649,155,155,125,494,3309,1727,1542,4.68,8.98,8.11,37.58,42395835.2000,32464176.7500
2017-07-28,624,624,155,155,125,469,3309,1727,1542,4.68,8.98,8.11,36.13,34211068.5000,29781588.3560
2017-07-27,622,622,154,154,123,468,3309,1727,1542,4.65,8.92,7.98,36.02,45627833.4000,40789509.0480
2017-07-26,623,623,151,151,123,472,3309,1727,1542,4.56,8.74,7.98,36.07,47557245.2300,40417535.9120
2017-07-25,613,613,150,150,121,463,3309,1727,1542,4.53,8.69,7.85,35.50,39488539.0900,29325294.4390
2017-07-24,635,635,154,154,123,481,3309,1727,1542,4.65,8.92,7.98,36.77,47567553.1600,33556350.4570
2017-07-21,635,635,154,154,123,481,3309,1727,1542,4.65,8.92,7.98,36.77,46553061.9500,38658716.7350
2017-07-20,646,646,153,153,122,493,3309,1727,1542,4.62,8.86,7.91,37.41,59102378.3600,36947903.1990
2017-07-19,643,643,153,153,123,490,3309,1727,1542,4.62,8.86,7.98,37.23,63813770.2200,34405012.0830
2017-07-18,608,608,150,150,124,458,3309,1727,1542,4.53,8.69,8.04,35.21,55127389.8600,32541781.2240
2017-07-17,644,644,153,153,122,491,3309,1727,1542,4.62,8.86,7.91,37.29,61959049.4800,35727342.1370
2017-07-14,624,624,150,150,122,474,3309,1727,1542,4.53,8.69,7.91,36.13,41731947.3100,35350270.8060
2017-07-13,632,632,153,153,124,479,3309,1727,1542,4.62,8.86,8.04,36.60,44735654.1700,38111361.0860
2017-07-12,626,626,147,147,123,479,3309,1727,1542,4.44,8.51,7.98,36.25,50850059.8300,32147408.2080
2017-07-11,635,635,149,149,121,486,3309,1727,1542,4.50,8.63,7.85,36.77,51164568.4600,28940353.2830
2017-07-10,615,615,148,148,119,467,3309,1727,1542,4.47,8.57,7.72,35.61,51037316.9000,36301569.5360
2017-07-07,607,607,149,149,122,458,3309,1727,1542,4.50,8.63,7.91,35.15,36769274.9800,33089455.7160
2017-07-06,638,638,151,151,123,487,3309,1727,1542,4.56,8.74,7.98,36.94,40169835.0600,35140140.1820
2017-07-05,631,631,151,151,124,480,3309,1727,1542,4.56,8.74,8.04,36.54,37093963.5900,32008979.5600
2017-07-04,611,611,150,150,123,461,3309,1727,1542,4.53,8.69,7.98,35.38,41199107.2200,31699071.0000
2017-07-03,623,623,150,150,122,473,3309,1727,1542,4.53,8.69,7.91,36.07,34801873.0400,31368424.3460
2017-06-30,605,605,146,146,122,459,3309,1727,1542,4.41,8.45,7.91,35.03,34512298.2500,38391940.0810
2017-06-29,633,633,151,151,123,482,3309,1727,1542,4.56,8.74,7.98,36.65,32859084.6700,38826310.3880
2017-06-28,630,630,149,149,123,481,3309,1727,1542,4.50,8.63,7.98,36.48,35911114.1900,40321269.1530
2017-06-27,634,634,148,148,121,486,3309,1727,1542,4.47,8.57,7.85,36.71,47838652.1000,38634709.6300
2017-06-26,656,656,152,152,124,504,3309,1727,1542,4.59,8.80,8.04,37.98,59965776.0800,50441668.3600
2017-06-23,641,641,150,150,123,491,3309,1727,1542,4.53,8.69,7.98,37.12,48300259.7800,39786092.8450
2017-06-22,651,651,150,150,122,501,3309,1727,1542,4.53,8.69,7.91,37.70,57819070.2000,42006260.4430
2017-06-21,634,634,150,150,123,484,3309,1727,1542,4.53,8.69,7.98,36.71,46762525.3200,41870578.8200
2017-06-20,633,633,147,147,121,486,3309,1727,1542,4.44,8.51,7.85,36.65,41890472.1300,40693501.0480
2017-06-19,625,625,147,147,122,478,3309,1727,1542,4.44,8.51,7.91,36.19,50018252.9000,38633982.8700
2017-06-16,601,601,145,145,120,456,3309,1727,1542,4.38,8.40,7.78,34.80,37346210.3200,35243312.4040
2017-06-15,615,615,145,145,119,470,3309,1727,1542,4.38,8.40,7.72,35.61,49628653.2000,41257553.5960
2017-06-14,598,598,143,143,119,455,3309,1727,1542,4.32,8.28,7.72,34.63,38544906.0300,35827120.4730
2017-06-13,640,640,149,149,122,491,3309,1727,1542,4.50,8.63,7.91,37.06,42298920.3400,35484441.2900
2017-06-12,631,631,151,151,122,480,3309,1727,1542,4.56,8.74,7.91,36.54,43193630.4400,35407530.2870
2017-06-09,642,642,150,150,123,492,3309,1727,1542,4.53,8.69,7.98,37.17,47564836.3000,38609492.8660
2017-06-08,633,633,150,150,123,483,3309,1727,1542,4.53,8.69,7.98,36.65,43693895.3000,36207007.1540
2017-06-07,652,652,152,152,123,500,3309,1727,1542,4.59,8.80,7.98,37.75,47782031.9200,36081253.4940
2017-06-06,602,602,144,144,119,458,3309,1727,1542,4.35,8.34,7.72,34.86,37616095.5900,34923911.4540
2017-06-05,610,610,146,146,121,464,3309,1727,1542,4.41,8.45,7.85,35.32,38469150.4100,31732467.0860
2017-06-02,606,606,144,144,120,462,3309,1727,1542,4.35,8.34,7.78,35.09,46246078.3700,34245529.6870
2017-06-01,612,612,147,147,120,465,3309,1727,1542,4.44,8.51,7.78,35.44,41773820.2500,37187491.9000
2017-05-31,636,636,150,150,121,486,3309,1727,1542,4.53,8.69,7.85,36.83,47116919.5400,40783311.2570
2017-05-26,621,621,146,146,120,475,3309,1727,1542,4.41,8.45,7.78,35.96,44339427.7800,38298768.4020
2017-05-25,627,627,152,152,124,475,3309,1727,1542,4.59,8.80,8.04,36.31,62216584.4400,46127443.8030
2017-05-24,618,618,146,146,122,472,3309,1727,1542,4.41,8.45,7.91,35.78,48449404.4000,37848083.0680
2017-05-23,609,609,146,146,120,463,3309,1727,1542,4.41,8.45,7.78,35.26,49903714.9400,35912847.8410
2017-05-22,629,629,148,148,121,481,3309,1727,1542,4.47,8.57,7.85,36.42,40772733.6500,33613438.5040
2017-05-19,595,595,143,143,118,452,3309,1727,1542,4.32,8.28,7.65,34.45,34787830.0100,38924917.3410
2017-05-18,593,593,144,144,119,449,3309,1727,1542,4.35,8.34,7.72,34.34,42744009.5700,33653987.4590
2017-05-17,634,634,147,147,120,487,3309,1727,1542,4.44,8.51,7.78,36.71,47269426.7700,36525133.1120
2017-05-16,626,626,148,148,122,478,3309,1727,1542,4.47,8.57,7.91,36.25,50359135.7500,35401331.7040
2017-05-15,631,631,149,149,121,482,3309,1727,1542,4.50,8.63,7.85,36.54,43109705.3700,34076571.4960
2017-05-12,625,625,146,146,122,479,3309,1727,1542,4.41,8.45,7.91,36.19,52651631.6600,33977735.3900
2017-05-11,633,633,145,145,118,488,3309,1727,1542,4.38,8.40,7.65,36.65,77612230.4300,37065077.6860
2017-05-10,639,639,148,148,121,491,3309,1727,1542,4.47,8.57,7.85,37.00,56193114.8900,42262848.8430
2017-05-09,619,619,141,141,117,478,3309,1727,1542,4.26,8.16,7.59,35.84,59622963.0300,42293108.9750
2017-05-08,622,622,147,147,122,475,3309,1727,1542,4.44,8.51,7.91,36.02,70940890.6400,42044688.4370
2017-05-05,615,615,144,144,120,471,3309,1727,1542,4.35,8.34,7.78,35.61,69167271.9100,43909306.1560
2017-05-04,628,628,145,145,119,483,3309,1727,1542,4.38,8.40,7.72,36.36,63503564.5500,39158141.8350
2017-05-03,631,631,144,144,118,487,3309,1727,1542,4.35,8.34,7.65,36.54,40400027.3600,34304976.2730
2017-05-02,622,622,143,143,117,479,3309,1727,1542,4.32,8.28,7.59,36.02,43817913.7300,35320031.5650
2017-04-28,639,639,141,141,116,498,3309,1727,1542,4.26,8.16,7.52,37.00,69618629.5500,47371804.2000
2017-04-27,651,651,146,146,121,505,3309,1727,1542,4.41,8.45,7.85,37.70,102415852.3400,43277260.9170
2017-04-26,647,647,148,148,119,499,3309,1727,1542,4.47,8.57,7.72,37.46,67693697.5700,38221585.0220
2017-04-25,640,640,139,139,116,501,3309,1727,1542,4.20,8.05,7.52,37.06,73285449.0000,43085721.1990
2017-04-24,646,646,146,146,118,500,3309,1727,1542,4.41,8.45,7.65,37.41,69296765.5400,44220925.0730
2017-04-21,618,618,144,144,119,474,3309,1727,1542,4.35,8.34,7.72,35.78,60402560.1700,43997207.9870
2017-04-20,627,627,144,144,118,483,3309,1727,1542,4.35,8.34,7.65,36.31,66217515.3700,37524215.5260
2017-04-19,638,638,146,146,121,492,3309,1727,1542,4.41,8.45,7.85,36.94,76858469.5000,43878632.8640
2017-04-18,633,633,142,142,119,491,3309,1727,1542,4.29,8.22,7.72,36.65,58267831.2100,34305376.6840
2017-04-17,632,632,144,144,121,488,3309,1727,1542,4.35,8.34,7.85,36.60,63631135.6400,40680533.8460
2017-04-14,647,647,146,146,120,501,3309,1727,1542,4.41,8.45,7.78,37.46,67252236.5400,36150463.6860
2017-04-13,645,645,143,143,117,502,3309,1727,1542,4.32,8.28,7.59,37.35,65368550.9900,42877494.5900
2017-04-12,642,642,145,145,119,497,3309,1727,1542,4.38,8.40,7.72,37.17,80943368.5700,37221170.5320
2017-04-11,659,659,149,149,122,510,3309,1727,1542,4.50,8.63,7.91,38.16,103388300.7900,45265717.6510
2017-04-10,653,653,148,148,121,505,3309,1727,1542,4.47,8.57,7.85,37.81,62211587.2200,37770997.6950
2017-04-07,649,649,144,144,119,505,3309,1727,1542,4.35,8.34,7.72,37.58,71986252.4700,42728622.3630
2017-04-06,660,660,145,145,118,515,3309,1727,1542,4.38,8.40,7.65,38.22,58116549.8600,37131975.2980
2017-04-05,660,660,148,148,122,512,3309,1727,1542,4.47,8.57,7.91,38.22,77530272.8100,40385150.0710
2017-03-31,630,630,143,143,119,487,3309,1727,1542,4.32,8.28,7.72,36.48,51573222.1700,44540355.9890
2017-03-30,651,651,139,139,119,512,3309,1727,1542,4.20,8.05,7.72,37.70,63684092.3700,42354944.4030
2017-03-29,645,645,142,142,118,503,3309,1727,1542,4.29,8.22,7.65,37.35,60251220.4300,47268153.4660
2017-03-28,634,634,141,141,118,493,3309,1727,1542,4.26,8.16,7.65,36.71,47514834.8500,40547011.9850
2017-03-27,655,655,146,146,119,509,3309,1727,1542,4.41,8.45,7.72,37.93,55581255.0100,42628187.6910
2017-03-24,663,663,144,144,118,519,3309,1727,1542,4.35,8.34,7.65,38.39,67534321.0300,43995579.5040
2017-03-23,645,645,143,143,117,502,3309,1727,1542,4.32,8.28,7.59,37.35,64164981.2700,45273610.5130
2017-03-22,643,643,145,145,119,498,3309,1727,1542,4.38,8.40,7.72,37.23,68223594.5800,47093693.9180
2017-03-21,642,642,146,146,119,496,3309,1727,1542,4.41,8.45,7.72,37.17,62691745.9700,41756243.0790
2017-03-20,651,651,146,146,119,505,3309,1727,1542,4.41,8.45,7.72,37.70,64928127.6200,39865554.8890
2017-03-17,651,651,146,146,120,505,3309,1727,1542,4.41,8.45,7.78,37.70,67669050.7200,44299122.1250
2017-03-16,655,655,145,145,120,510,3309,1727,1542,4.38,8.40,7.78,37.93,73045387.7300,49684424.7770
2017-03-15,630,630,142,142,116,488,3309,1727,1542,4.29,8.22,7.52,36.48,53619265.6200,53641653.5540
2017-03-14,649,649,147,147,119,502,3309,1727,1542,4.44,8.51,7.72,37.58,51953478.7800,51215217.4440
2017-03-13,652,652,145,145,118,507,3309,1727,1542,4.38,8.40,7.65,37.75,64979352.2100,40900704.8570
2017-03-10,640,640,141,141,119,499,3309,1727,1542,4.26,8.16,7.72,37.06,44805701.6100,45470391.3830
2017-03-09,636,636,143,143,115,493,3309,1727,1542,4.32,8.28,7.46,36.83,59079292.7600,42940315.1400
2017-03-08,625,625,137,137,114,488,3309,1727,1542,4.14,7.93,7.39,36.19,56510229.0100,36347601.9790
2017-03-07,647,647,144,144,119,503,3309,1727,1542,4.35,8.34,7.72,37.46,60485243.9700,36185912.0350
2017-03-06,657,657,144,144,120,513,3309,1727,1542,4.35,8.34,7.78,38.04,69974954.9200,42431281.8440
2017-03-03,637,637,141,141,117,496,3309,1727,1542,4.26,8.16,7.59,36.88,65564482.8900,41363016.2340
2017-03-02,646,646,142,142,115,504,3309,1727,1542,4.29,8.22,7.46,37.41,57748333.4400,35853403.3800
2017-03-01,636,636,143,143,119,493,3309,1727,1542,4.32,8.28,7.72,36.83,63789660.7000,37149384.0070
2017-02-28,639,639,142,142,120,497,3309,1727,1542,4.29,8.22,7.78,37.00,55636743.8400,41403059.4610
2017-02-27,641,641,143,143,117,498,3309,1727,1542,4.32,8.28,7.59,37.12,58642960.4400,44793354.8040
2017-02-24,644,644,142,142,117,502,3309,1727,1542,4.29,8.22,7.59,37.29,60328212.0100,39868062.8080
2017-02-23,649,649,141,141,117,508,3309,1727,1542,4.26,8.16,7.59,37.58,67289940.0000,41169160.0950
2017-02-22,652,652,142,142,117,510,3309,1727,1542,4.29,8.22,7.59,37.75,61101136.8100,39952726.2290
2017-02-21,662,662,145,145,118,517,3309,1727,1542,4.38,8.40,7.65,38.33,73810235.4400,37597575.7350
2017-02-20,641,641,137,137,114,504,3309,1727,1542,4.14,7.93,7.39,37.12,74165589.6200,37710877.7210
2017-02-17,629,629,143,143,117,486,3309,1727,1542,4.32,8.28,7.59,36.42,75298158.8100,35684387.3030
2017-02-16,625,625,141,141,117,484,3309,1727,1542,4.26,8.16,7.59,36.19,56123039.8200,31745880.2580
2017-02-15,622,622,146,146,120,476,3309,1727,1542,4.41,8.45,7.78,36.02,67433955.4300,28207413.8550
2017-02-14,632,632,145,145,119,487,3309,1727,1542,4.38,8.40,7.72,36.60,53196794.7200,29548832.7810
2017-02-13,638,638,145,145,118,493,3309,1727,1542,4.38,8.40,7.65,36.94,73188427.4900,32906859.6290
2017-02-10,630,630,142,142,119,488,3309,1727,1542,4.29,8.22,7.72,36.48,66016124.1100,28744872.0970
2017-02-09,628,628,145,145,118,483,3309,1727,1542,4.38,8.40,7.65,36.36,73337239.3900,28748858.8050
2017-02-08,608,608,138,138,116,470,3309,1727,1542,4.17,7.99,7.52,35.21,71359555.3100,25662502.4960
2017-02-07,602,602,140,140,114,462,3309,1727,1542,4.23,8.11,7.39,34.86,49433572.7200,27811490.3440
2017-02-06,622,622,139,139,115,483,3309,1727,1542,4.20,8.05,7.46,36.02,48114374.7100,23464970.8040
2017-02-03,599,599,135,135,115,464,3309,1727,1542,4.08,7.82,7.46,34.68,42929759.4700,19624439.9660
2017-01-26,596,596,138,138,115,458,3309,1727,1542,4.17,7.99,7.46,34.51,42630163.2800,20287971.8960
2017-01-25,590,590,139,139,117,451,3309,1727,1542,4.20,8.05,7.59,34.16,44187461.0900,23294045.7410
2017-01-24,604,604,139,139,114,465,3309,1727,1542,4.20,8.05,7.39,34.97,42973575.5900,21592716.9030
2017-01-23,617,617,142,142,117,475,3309,1727,1542,4.29,8.22,7.59,35.73,56899007.1800,26884027.9240
2017-01-20,617,617,143,143,119,474,3309,1727,1542,4.32,8.28,7.72,35.73,62886186.0400,27618171.1390
2017-01-19,602,602,140,140,114,462,3309,1727,1542,4.23,8.11,7.39,34.86,48975010.5800,21201870.5620
2017-01-18,601,601,136,136,115,465,3309,1727,1542,4.11,7.87,7.46,34.80,64277810.4900,24313683.9780
2017-01-17,613,613,138,138,112,475,3309,1727,1542,4.17,7.99,7.26,35.50,79622490.5200,22813517.2370
2017-01-16,618,618,142,142,115,476,3309,1727,1542,4.29,8.22,7.46,35.78,97123997.2100,30039211.5550
2017-01-13,609,609,135,135,111,474,3309,1727,1542,4.08,7.82,7.20,35.26,69986046.3800,26724851.7040
2017-01-12,609,609,134,134,112,475,3309,1727,1542,4.05,7.76,7.26,35.26,58635421.3700,26486246.2440
2017-01-11,616,616,136,136,115,480,3309,1727,1542,4.11,7.87,7.46,35.67,66402187.4000,26483224.4250
2017-01-10,612,612,137,137,115,475,3309,1727,1542,4.14,7.93,7.46,35.44,69184042.7400,28932757.7570
2017-01-09,606,606,137,137,112,469,3309,1727,1542,4.14,7.93,7.26,35.09,71577575.8600,25961918.9210
2017-01-06,615,615,134,134,111,481,3309,1727,1542,4.05,7.76,7.20,35.61,72329329.4300,32410861.2000
2017-01-05,616,616,139,139,114,477,3309,1727,1542,4.20,8.05,7.39,35.67,66675458.0500,29376543.9080
2017-01-04,585,585,144,144,117,441,3309,1727,1542,4.35,8.34,7.59,33.87,63834742.4000,25089766.9340
2017-01-03,616,616,141,141,115,475,3309,1727,1542,4.26,8.16,7.46,35.67,61170977.4800,29039467.3930
2016-12-30,600,600,135,135,112,465,3309,1727,1542,4.08,7.82,7.26,34.74,61104077.2700,37818141.4400
2016-12-29,600,600,132,132,110,468,3309,1727,1542,3.99,7.64,7.13,34.74,57926780.4500,39194163.2010
2016-12-28,595,595,134,134,112,461,3309,1727,1542,4.05,7.76,7.26,34.45,55708542.8300,40412813.2980
2016-12-27,617,617,137,137,113,480,3309,1727,1542,4.14,7.93,7.33,35.73,61813814.8600,45202240.4640
2016-12-26,619,619,137,137,112,482,3309,1727,1542,4.14,7.93,7.26,35.84,67568886.5800,46109928.9080
2016-12-23,610,610,138,138,115,472,3309,1727,1542,4.17,7.99,7.46,35.32,70021435.5000,56013291.2030
2016-12-22,604,604,136,136,112,468,3309,1727,1542,4.11,7.87,7.26,34.97,75790867.5800,51173934.3130
2016-12-21,605,605,136,136,113,469,3309,1727,1542,4.11,7.87,7.33,35.03,80705632.1600,54584058.4970
2016-12-20,613,613,137,137,112,476,3309,1727,1542,4.14,7.93,7.26,35.50,69500132.9000,50725234.2960
2016-12-19,614,614,132,132,109,482,3309,1727,1542,3.99,7.64,7.07,35.55,67895747.6800,46877780.8170
2016-12-16,574,574,139,139,112,435,3309,1727,1542,4.20,8.05,7.26,33.24,66063948.7300,44265157.4400
2016-12-15,618,618,138,138,115,480,3309,1727,1542,4.17,7.99,7.46,35.78,103860760.8700,44969051.0790
2016-12-14,614,614,137,137,113,477,3309,1727,1542,4.14,7.93,7.33,35.55,87973587.9700,50151978.0680
2016-12-13,619,619,139,139,114,480,3309,1727,1542,4.20,8.05,7.39,35.84,97556015.7700,80754764.4650
2016-12-12,633,633,141,141,116,492,3309,1727,1542,4.26,8.16,7.52,36.65,124184439.9900,75849072.7980
2016-12-09,623,623,139,139,115,484,3309,1727,1542,4.20,8.05,7.46,36.07,77691074.3200,75799198.0140
2016-12-08,613,613,139,139,116,474,3309,1727,1542,4.20,8.05,7.52,35.50,72146337.4400,68044227.0490
2016-12-07,608,608,140,140,116,468,3309,1727,1542,4.23,8.11,7.52,35.21,94533588.6500,118191321.9020
2016-12-06,607,607,141,141,115,466,3309,1727,1542,4.26,8.16,7.46,35.15,103179456.7600,157408542.1840
2016-12-05,611,611,140,140,115,471,3309,1727,1542,4.23,8.11,7.46,35.38,109314055.9800,109496010.7500
2016-12-02,597,597,142,142,115,455,3309,1727,1542,4.29,8.22,7.46,34.57,99313057.0800,118221891.4160
2016-12-01,608,608,139,139,116,469,3309,1727,1542,4.20,8.05,7.52,35.21,109381587.7200,107088723.6440
2016-11-30,630,630,144,144,117,486,3309,1727,1542,4.35,8.34,7.59,36.48,120500052.3600,145618953.3730
2016-11-29,625,625,144,144,117,481,3309,1727,1542,4.35,8.34,7.59,36.19,135274603.5800,129802732.1900
2016-11-28,628,628,141,141,116,487,3309,1727,1542,4.26,8.16,7.52,36.36,118863797.4000,132721469.0960
2016-11-25,616,616,141,141,115,475,3309,1727,1542,4.26,8.16,7.46,35.67,117604316.9400,121178267.0690
2016-11-24,620,620,139,139,115,481,3309,1727,1542,4.20,8.05,7.46,35.90,109218736.4600,88289982.3750
2016-11-23,621,621,143,143,117,478,3309,1727,1542,4.32,8.28,7.59,35.96,129471498.1000,116056401.8630
2016-11-22,615,615,143,143,117,472,3309,1727,1542,4.32,8.28,7.59,35.61,116282436.5000,67431073.6090
2016-11-21,618,618,142,142,117,476,3309,1727,1542,4.29,8.22,7.59,35.78,98155602.6400,50787408.5720
2016-11-18,604,604,138,138,112,466,3309,1727,1542,4.17,7.99,7.26,34.97,86960733.0500,53610126.0660
2016-11-17,604,604,135,135,111,469,3309,1727,1542,4.08,7.82,7.20,34.97,90936482.2300,49174652.0280
2016-11-16,621,621,140,140,115,481,3309,1727,1542,4.23,8.11,7.46,35.96,105255836.9800,45584388.7320
2016-11-15,615,615,141,141,115,474,3309,1727,1542,4.26,8.16,7.46,35.61,117795912.5500,46085035.4650
2016-11-14,628,628,141,141,114,487,3309,1727,1542,4.26,8.16,7.39,36.36,161422013.7900,55551918.5600
2016-11-11,614,614,143,143,116,471,3309,1727,1542,4.32,8.28,7.52,35.55,143029758.5100,54625162.7340
2016-11-10,609,609,143,143,117,466,3309,1727,1542,4.32,8.28,7.59,35.26,106655730.4000,54824850.3880
2016-11-09,612,612,142,142,116,470,3309,1727,1542,4.29,8.22,7.52,35.44,126916760.5600,48233338.9510
2016-11-08,612,612,144,144,117,468,3309,1727,1542,4.35,8.34,7.59,35.44,83353248.7600,47917498.7740
2016-11-07,593,593,139,139,113,454,3309,1727,1542,4.20,8.05,7.33,34.34,72064765.6400,39500279.3510
2016-11-04,606,606,142,142,115,464,3309,1727,1542,4.29,8.22,7.46,35.09,83950120.7400,44781293.2870
2016-11-03,615,615,141,141,114,474,3309,1727,1542,4.26,8.16,7.39,35.61,115860330.9300,50750474.0120
2016-11-02,591,591,135,135,110,456,3309,1727,1542,4.08,7.82,7.13,34.22,76992676.7500,44413252.4050
2016-11-01,596,596,134,134,111,462,3309,1727,1542,4.05,7.76,7.20,34.51,77437746.6700,40207642.3920
2016-10-31,598,598,137,137,111,461,3309,1727,1542,4.14,7.93,7.20,34.63,68977944.9500,36221623.5230
2016-10-28,604,604,137,137,113,467,3309,1727,1542,4.14,7.93,7.33,34.97,97163481.7700,47547228.7087
2016-10-27,608,608,134,134,113,474,3309,1727,1542,4.05,7.76,7.33,35.21,86989439.2200,36726309.5019
2016-10-26,608,608,137,137,114,471,3309,1727,1542,4.14,7.93,7.39,35.21,89367716.7200,40930227.8564
2016-10-25,614,614,138,138,112,476,3309,1727,1542,4.17,7.99,7.26,35.55,85318675.0000,39166435.2277
2016-10-24,619,619,141,141,114,478,3309,1727,1542,4.26,8.16,7.39,35.84,112239747.4100,43919067.8563
2016-10-21,611,611,140,140,115,471,3309,1727,1542,4.23,8.11,7.46,35.38,83126145.9400,43363721.0968
2016-10-20,605,605,138,138,115,467,3309,1727,1542,4.17,7.99,7.46,35.03,62405627.0100,38653530.5466
2016-10-19,615,615,136,136,111,479,3309,1727,1542,4.11,7.87,7.20,35.61,76808088.7000,37250962.8574
2016-10-18,611,611,139,139,113,472,3309,1727,1542,4.20,8.05,7.33,35.38,90343994.2700,40906953.0373
2016-10-17,604,604,136,136,113,468,3309,1727,1542,4.11,7.87,7.33,34.97,73559375.4300,41486959.3708
2016-10-14,606,606,137,137,112,469,3309,1727,1542,4.14,7.93,7.26,35.09,70977264.2800,41898556.4038
2016-10-13,602,602,133,133,110,469,3309,1727,1542,4.02,7.70,7.13,34.86,69430897.0300,36853666.8983
2016-10-12,600,600,137,137,112,463,3309,1727,1542,4.14,7.93,7.26,34.74,65250581.1800,35628665.4439
2016-10-11,605,605,137,137,111,468,3309,1727,1542,4.14,7.93,7.20,35.03,73484344.2000,36474046.8769
2016-10-10,610,610,138,138,112,472,3309,1727,1542,4.17,7.99,7.26,35.32,83005665.8000,44573436.1316
2016-09-30,597,597,135,135,112,462,3309,1727,1542,4.08,7.82,7.26,34.57,50010331.9500,37829538.8847
2016-09-29,597,597,137,137,112,460,3309,1727,1542,4.14,7.93,7.26,34.57,56421193.5100,36172022.4352
2016-09-28,591,591,136,136,112,455,3309,1727,1542,4.11,7.87,7.26,34.22,51594753.0000,32407492.9529
2016-09-27,602,602,137,137,111,465,3309,1727,1542,4.14,7.93,7.20,34.86,68117029.9800,36689559.8655
2016-09-26,588,588,134,134,111,454,3309,1727,1542,4.05,7.76,7.20,34.05,76550920.5700,39467908.4910
2016-09-23,597,597,135,135,111,462,3309,1727,1542,4.08,7.82,7.20,34.57,55097402.7900,36739238.9849
2016-09-22,597,597,134,134,110,463,3309,1727,1542,4.05,7.76,7.13,34.57,68633078.8900,33229835.3918
2016-09-21,593,593,132,132,110,461,3309,1727,1542,3.99,7.64,7.13,34.34,57467987.8900,29724717.9450
2016-09-20,579,579,128,128,107,451,3309,1727,1542,3.87,7.41,6.94,33.53,46183568.5300,29160944.0655
2016-09-19,594,594,132,132,110,462,3309,1727,1542,3.99,7.64,7.13,34.39,59747775.1200,34911060.8298
2016-09-14,595,595,133,133,109,462,3309,1727,1542,4.02,7.70,7.07,34.45,63115128.8800,32933768.3264
2016-09-13,598,598,133,133,107,465,3309,1727,1542,4.02,7.70,6.94,34.63,67325676.1000,35669895.7917
2016-09-12,610,610,133,133,108,477,3309,1727,1542,4.02,7.70,7.00,35.32,127989699.9900,40972271.4075
2016-09-09,603,603,134,134,107,469,3309,1727,1542,4.05,7.76,6.94,34.92,79850304.6300,32104518.7593
2016-09-08,598,598,131,131,106,467,3309,1727,1542,3.96,7.59,6.87,34.63,61490577.1900,33427660.0606
2016-09-07,597,597,133,133,108,464,3309,1727,1542,4.02,7.70,7.00,34.57,89843506.7800,37271134.4556
2016-09-06,608,608,134,134,110,474,3309,1727,1542,4.05,7.76,7.13,35.21,102343932.7700,35441745.7401
2016-09-05,596,596,134,134,107,462,3309,1727,1542,4.05,7.76,6.94,34.51,71199669.0100,31618776.9819
2016-09-02,585,585,128,128,105,457,3309,1727,1542,3.87,7.41,6.81,33.87,76515981.0400,36263807.5086
2016-09-01,588,588,130,130,107,458,3309,1727,1542,3.93,7.53,6.94,34.05,73707246.8500,30806340.5305
2016-08-31,596,596,130,130,105,466,3309,1727,1542,3.93,7.53,6.81,34.51,76419945.1100,32709650.1965
2016-08-30,594,594,133,133,108,461,3309,1727,1542,4.02,7.70,7.00,34.39,89105614.0300,33907954.8886
2016-08-29,588,588,128,128,105,460,3309,1727,1542,3.87,7.41,6.81,34.05,74907997.7900,28332663.7736
2016-08-26,594,594,133,133,107,461,3309,1727,1542,4.02,7.70,6.94,34.39,80113306.6500,39692292.7852
2016-08-25,590,590,129,129,107,461,3309,1727,1542,3.90,7.47,6.94,34.16,93355494.2800,36342925.3919
2016-08-24,590,590,132,132,108,458,3309,1727,1542,3.99,7.64,7.00,34.16,91846881.1300,32496377.1647
2016-08-23,598,598,129,129,104,469,3309,1727,1542,3.90,7.47,6.74,34.63,89403809.3300,34384522.6705
2016-08-22,600,600,131,131,106,469,3309,1727,1542,3.96,7.59,6.87,34.74,91647740.3500,30898195.1649
2016-08-19,598,598,131,131,105,467,3309,1727,1542,3.96,7.59,6.81,34.63,103219949.1100,36266733.4984
2016-08-18,602,602,132,132,107,470,3309,1727,1542,3.99,7.64,6.94,34.86,125669144.5900,39551489.8529
2016-08-17,605,605,133,133,106,472,3309,1727,1542,4.02,7.70,6.87,35.03,138394244.7100,36320911.4656
2016-08-16,619,619,134,134,107,485,3309,1727,1542,4.05,7.76,6.94,35.84,158059928.8200,42398361.4123
2016-08-15,619,619,135,135,108,484,3309,1727,1542,4.08,7.82,7.00,35.84,191294801.9900,50469480.6391
2016-08-12,606,606,132,132,106,474,3309,1727,1542,3.99,7.64,6.87,35.09,107720243.6100,34843327.6050
2016-08-11,597,597,130,130,105,467,3309,1727,1542,3.93,7.53,6.81,34.57,101307635.3200,36442917.5743
2016-08-10,595,595,128,128,104,467,3309,1727,1542,3.87,7.41,6.74,34.45,96075829.6000,32287159.7299
2016-08-09,603,603,132,132,106,471,3309,1727,1542,3.99,7.64,6.87,34.92,93087738.8300,30851469.2087
2016-08-08,596,596,129,129,103,467,3309,1727,1542,3.90,7.47,6.68,34.51,100450919.6200,33266593.1423
2016-08-05,599,599,128,128,103,471,3309,1727,1542,3.87,7.41,6.68,34.68,83712057.9500,32202172.6930
2016-08-04,576,576,125,125,99,451,3309,1727,1542,3.78,7.24,6.42,33.35,83516998.5400,28427039.7078
2016-08-03,582,582,129,129,102,453,3309,1727,1542,3.90,7.47,6.61,33.70,82216615.6800,29143759.8492
2016-08-02,584,584,127,127,101,457,3309,1727,1542,3.84,7.35,6.55,33.82,73456325.9400,27187813.9043
2016-08-01,595,595,125,125,102,470,3309,1727,1542,3.78,7.24,6.61,34.45,104959011.9100,35448355.3247
2016-07-29,579,579,127,127,102,452,3309,1727,1542,3.84,7.35,6.61,33.53,90136559.6200,34414846.4924
2016-07-28,601,601,131,131,105,470,3309,1727,1542,3.96,7.59,6.81,34.80,116471567.8600,35990524.1603
2016-07-27,609,609,132,132,106,477,3309,1727,1542,3.99,7.64,6.87,35.26,165304908.1900,43126139.7643
2016-07-26,604,604,129,129,104,475,3309,1727,1542,3.90,7.47,6.74,34.97,89134030.2500,32084852.4478
2016-07-25,597,597,131,131,105,466,3309,1727,1542,3.96,7.59,6.81,34.57,72239048.2500,30091096.5298
2016-07-22,593,593,124,124,101,469,3309,1727,1542,3.75,7.18,6.55,34.34,97268135.4700,34435991.0285
2016-07-21,600,600,130,130,104,470,3309,1727,1542,3.93,7.53,6.74,34.74,103113124.8900,32737576.8040
2016-07-20,597,597,127,127,103,470,3309,1727,1542,3.84,7.35,6.68,34.57,84963420.9200,31485985.9976
2016-07-19,592,592,128,128,104,464,3309,1727,1542,3.87,7.41,6.74,34.28,94870497.0700,28716761.5791
2016-07-18,592,592,126,126,102,466,3309,1727,1542,3.81,7.30,6.61,34.28,105267796.8500,33179407.7024
2016-07-15,588,588,125,125,99,463,3309,1727,1542,3.78,7.24,6.42,34.05,108205624.3900,35525636.1997
2016-07-14,593,593,128,128,103,465,3309,1727,1542,3.87,7.41,6.68,34.34,109846801.7000,31973151.5831
2016-07-13,600,600,129,129,103,471,3309,1727,1542,3.90,7.47,6.68,34.74,164191261.3300,42491916.3725
2016-07-12,597,597,128,128,103,469,3309,1727,1542,3.87,7.41,6.68,34.57,155313898.6600,38326158.9451
2016-07-11,597,597,126,126,101,471,3309,1727,1542,3.81,7.30,6.55,34.57,133083044.7400,37599011.0831
2016-07-08,584,584,125,125,102,459,3309,1727,1542,3.78,7.24,6.61,33.82,106309717.8900,35343754.8868
2016-07-07,590,590,126,126,101,464,3309,1727,1542,3.81,7.30,6.55,34.16,112526368.9200,35609864.9679
2016-07-06,585,585,126,126,101,459,3309,1727,1542,3.81,7.30,6.55,33.87,119438709.2100,36758677.4943
2016-07-05,586,586,128,128,103,458,3309,1727,1542,3.87,7.41,6.68,33.93,123954275.1000,36737216.7727
2016-07-04,595,595,130,130,103,465,3309,1727,1542,3.93,7.53,6.68,34.45,137260638.4500,40958414.6773
2016-07-01,577,577,123,123,100,454,3309,1727,1542,3.72,7.12,6.49,33.41,93301615.0000,39711974.3812
2016-06-30,582,582,123,123,100,459,3309,1727,1542,3.72,7.12,6.49,33.70,103369272.3300,36578261.5905
2016-06-29,584,584,127,127,102,457,3309,1727,1542,3.84,7.35,6.61,33.82,113731416.0900,44255875.2363
2016-06-28,590,590,128,128,102,462,3309,1727,1542,3.87,7.41,6.61,34.16,126267060.6200,43110796.7131
2016-06-27,585,585,126,126,100,459,3309,1727,1542,3.81,7.30,6.49,33.87,123874898.4600,44784564.1849
2016-06-24,571,571,123,123,101,448,3309,1727,1542,3.72,7.12,6.55,33.06,147184404.7400,49359964.3331
2016-06-23,568,568,123,123,100,445,3309,1727,1542,3.72,7.12,6.49,32.89,88475726.5500,38062738.4643
2016-06-22,572,572,125,125,100,447,3309,1727,1542,3.78,7.24,6.49,33.12,98761324.4500,34728379.5595
2016-06-21,585,585,123,123,102,462,3309,1727,1542,3.72,7.12,6.61,33.87,110516032.6100,36312916.8087
2016-06-20,572,572,126,126,101,446,3309,1727,1542,3.81,7.30,6.55,33.12,73078998.5400,35843415.0487
2016-06-17,575,575,123,123,99,452,3309,1727,1542,3.72,7.12,6.42,33.29,92422188.6600,42046857.9039
2016-06-16,580,580,122,122,99,458,3309,1727,1542,3.69,7.06,6.42,33.58,90090613.9600,39077085.6695
2016-06-15,583,583,124,124,100,459,3309,1727,1542,3.75,7.18,6.49,33.76,113297254.6400,41219739.1972
2016-06-14,575,575,120,120,96,455,3309,1727,1542,3.63,6.95,6.23,33.29,87603981.1700,36500687.6912
2016-06-13,586,586,123,123,98,463,3309,1727,1542,3.72,7.12,6.36,33.93,117879511.8800,45188915.2243
2016-06-08,570,570,124,124,100,446,3309,1727,1542,3.75,7.18,6.49,33.01,92322932.0700,42424459.1469
2016-06-07,571,571,124,124,100,447,3309,1727,1542,3.75,7.18,6.49,33.06,82152513.4200,40880788.9475
2016-06-06,571,571,122,122,97,449,3309,1727,1542,3.69,7.06,6.29,33.06,91645170.9900,46547433.8190
2016-06-03,581,581,123,123,98,458,3309,1727,1542,3.72,7.12,6.36,33.64,127546732.1300,45906288.4745
2016-06-02,578,578,123,123,100,455,3309,1727,1542,3.72,7.12,6.49,33.47,98574812.4400,37210122.3693
2016-06-01,588,588,125,125,99,463,3309,1727,1542,3.78,7.24,6.42,34.05,134843044.8400,45257350.7700
2016-05-31,592,592,130,130,102,462,3309,1727,1542,3.93,7.53,6.61,34.28,138418241.3200,53859803.8315
2016-05-30,557,557,119,119,95,438,3309,1727,1542,3.60,6.89,6.16,32.25,63450774.7800,35830196.5397
2016-05-27,570,570,122,122,99,448,3309,1727,1542,3.69,7.06,6.42,33.01,66334321.6800,39334557.0394
2016-05-26,569,569,121,121,97,448,3309,1727,1542,3.66,7.01,6.29,32.95,79757350.6900,38609417.1554
2016-05-25,560,560,116,116,95,444,3309,1727,1542,3.51,6.72,6.16,32.43,79150472.5000,42730137.7404
2016-05-24,554,554,119,119,95,435,3309,1727,1542,3.60,6.89,6.16,32.08,68569109.0400,34754049.9131
2016-05-23,566,566,120,120,98,446,3309,1727,1542,3.63,6.95,6.36,32.77,84463056.4200,41982187.1534
2016-05-20,570,570,124,124,98,446,3309,1727,1542,3.75,7.18,6.36,33.01,78399241.8700,34139569.1773
2016-05-19,559,559,123,123,97,436,3309,1727,1542,3.72,7.12,6.29,32.37,75739678.5000,34798718.5886
2016-05-18,565,565,124,124,99,441,3309,1727,1542,3.75,7.18,6.42,32.72,91716495.2400,35113504.8738
2016-05-17,565,565,122,122,98,443,3309,1727,1542,3.69,7.06,6.36,32.72,92156248.5200,33609915.4480
2016-05-16,566,566,125,125,99,441,3309,1727,1542,3.78,7.24,6.42,32.77,78395841.5100,37747349.0843
2016-05-13,564,564,122,122,98,442,3309,1727,1542,3.69,7.06,6.36,32.66,79479680.4400,37330412.9543
2016-05-12,581,581,127,127,99,454,3309,1727,1542,3.84,7.35,6.42,33.64,96257792.9800,36895112.6427
2016-05-11,572,572,124,124,98,448,3309,1727,1542,3.75,7.18,6.36,33.12,86152157.2100,37343720.7758
2016-05-10,568,568,125,125,99,443,3309,1727,1542,3.78,7.24,6.42,32.89,75104143.7800,34286403.9689
2016-05-09,580,580,127,127,100,453,3309,1727,1542,3.84,7.35,6.49,33.58,110356049.0500,38620656.1689
2016-05-06,585,585,128,128,101,457,3309,1727,1542,3.87,7.41,6.55,33.87,121210592.8900,40029265.0036
2016-05-05,571,571,122,122,98,449,3309,1727,1542,3.69,7.06,6.36,33.06,80605010.0500,33805320.9455
2016-05-04,576,576,125,125,97,451,3309,1727,1542,3.78,7.24,6.29,33.35,97968036.5700,40254279.5100
2016-05-03,589,589,127,127,101,462,3309,1727,1542,3.84,7.35,6.55,34.11,117338280.5400,43346220.7172
2016-04-29,561,561,123,123,99,438,3309,1727,1542,3.72,7.12,6.42,32.48,71434791.5000,42715592.8739
2016-04-28,575,575,121,121,100,454,3309,1727,1542,3.66,7.01,6.49,33.29,85844717.6400,43786437.7298
2016-04-27,579,579,125,125,100,454,3309,1727,1542,3.78,7.24,6.49,33.53,78301150.6800,46719416.9474
2016-04-26,573,573,124,124,98,449,3309,1727,1542,3.75,7.18,6.36,33.18,82473739.8500,42173437.9217
2016-04-25,579,579,128,128,100,451,3309,1727,1542,3.87,7.41,6.49,33.53,74924393.3300,45902454.0178
2016-04-22,590,590,124,124,98,466,3309,1727,1542,3.75,7.18,6.36,34.16,91364461.8900,45385375.3747
2016-04-21,581,581,125,125,99,456,3309,1727,1542,3.78,7.24,6.42,33.64,112847295.6800,44468033.0288
2016-04-20,599,599,128,128,100,471,3309,1727,1542,3.87,7.41,6.49,34.68,156281279.6700,49477444.8512
2016-04-19,586,586,126,126,101,460,3309,1727,1542,3.81,7.30,6.55,33.93,88311255.4700,44021047.9321
2016-04-18,592,592,128,128,100,464,3309,1727,1542,3.87,7.41,6.49,34.28,98288954.0000,42746369.6240
2016-04-15,589,589,125,125,99,464,3309,1727,1542,3.78,7.24,6.42,34.11,95767224.4500,48470747.4916
2016-04-14,598,598,128,128,101,470,3309,1727,1542,3.87,7.41,6.55,34.63,117375867.7400,46683214.1513
2016-04-13,610,610,129,129,101,481,3309,1727,1542,3.90,7.47,6.55,35.32,164728398.0800,60929786.7524
2016-04-12,586,586,123,123,99,463,3309,1727,1542,3.72,7.12,6.42,33.93,97661790.6700,43757129.9335
2016-04-11,602,602,129,129,101,473,3309,1727,1542,3.90,7.47,6.55,34.86,128124036.2000,49388610.8686
2016-04-08,595,595,126,126,98,469,3309,1727,1542,3.81,7.30,6.36,34.45,108622712.9700,47623589.4610
2016-04-07,599,599,126,126,99,473,3309,1727,1542,3.81,7.30,6.42,34.68,128176187.7600,45486147.2478
2016-04-06,596,596,128,128,100,468,3309,1727,1542,3.87,7.41,6.49,34.51,129635083.5600,46449110.8879
2016-04-05,600,600,129,129,101,471,3309,1727,1542,3.90,7.47,6.55,34.74,162678755.4700,57057531.5894
2016-04-01,585,585,128,128,101,457,3309,1727,1542,3.87,7.41,6.55,33.87,132592689.6700,50132143.3923
2016-03-31,591,591,127,127,101,464,3309,1727,1542,3.84,7.35,6.55,34.22,146870855.3900,69300324.1862
2016-03-30,594,594,129,129,101,465,3309,1727,1542,3.90,7.47,6.55,34.39,146970281.3600,61810475.9564
2016-03-29,588,588,128,128,101,460,3309,1727,1542,3.87,7.41,6.55,34.05,120580897.1500,54188830.3457
2016-03-28,598,598,131,131,101,467,3309,1727,1542,3.96,7.59,6.55,34.63,119186642.9500,53204081.3401
2016-03-25,586,586,128,128,100,458,3309,1727,1542,3.87,7.41,6.49,33.93,107036651.7600,50355472.6840
2016-03-24,597,597,128,128,100,469,3309,1727,1542,3.87,7.41,6.49,34.57,147565782.2400,56384901.8989
2016-03-23,592,592,130,130,100,462,3309,1727,1542,3.93,7.53,6.49,34.28,138168437.0300,58362331.7602
2016-03-22,598,598,130,130,100,468,3309,1727,1542,3.93,7.53,6.49,34.63,144759297.9400,52644100.8890
2016-03-21,607,607,129,129,100,478,3309,1727,1542,3.90,7.47,6.49,35.15,144984769.2300,58917001.2867
2016-03-18,601,601,130,130,100,471,3309,1727,1542,3.93,7.53,6.49,34.80,159473915.8600,68157243.5784
2016-03-17,596,596,130,130,100,466,3309,1727,1542,3.93,7.53,6.49,34.51,133600753.9400,58760145.6393
2016-03-16,586,586,129,129,100,457,3309,1727,1542,3.90,7.47,6.49,33.93,97842505.7500,44043341.5679
2016-03-15,582,582,128,128,99,454,3309,1727,1542,3.87,7.41,6.42,33.70,97817015.9600,39851737.7267
2016-03-14,596,596,129,129,99,467,3309,1727,1542,3.90,7.47,6.42,34.51,117990290.4900,50554807.7092
2016-03-11,589,589,124,124,97,465,3309,1727,1542,3.75,7.18,6.29,34.11,80301927.9500,41989011.3192
2016-03-10,580,580,125,125,97,455,3309,1727,1542,3.78,7.24,6.29,33.58,83104938.1600,42671914.9388
2016-03-09,584,584,126,126,97,458,3309,1727,1542,3.81,7.30,6.29,33.82,95015333.1800,47729246.9211
2016-03-08,582,582,126,126,99,456,3309,1727,1542,3.81,7.30,6.42,33.70,125756059.3000,50476482.6319
2016-03-07,603,603,129,129,99,474,3309,1727,1542,3.90,7.47,6.42,34.92,113399117.7600,49298783.5303
2016-03-04,584,584,125,125,97,459,3309,1727,1542,3.78,7.24,6.29,33.82,150257089.1400,50136656.8860
2016-03-03,591,591,128,128,99,463,3309,1727,1542,3.87,7.41,6.42,34.22,136586246.9700,50111326.7363
2016-03-02,591,591,129,129,99,462,3309,1727,1542,3.90,7.47,6.42,34.22,143963188.4900,45614734.0783
2016-03-01,595,595,127,127,98,468,3309,1727,1542,3.84,7.35,6.36,34.45,127690493.3300,38795924.5746
2016-02-29,595,595,127,127,99,468,3309,1727,1542,3.84,7.35,6.42,34.45,95805361.6900,36736784.1978
2016-02-26,582,582,123,123,98,459,3309,1727,1542,3.72,7.12,6.36,33.70,116885137.7900,45265197.1478
2016-02-25,588,588,128,128,99,460,3309,1727,1542,3.87,7.41,6.42,34.05,119612084.9400,52792947.1699
2016-02-24,585,585,126,126,99,459,3309,1727,1542,3.81,7.30,6.42,33.87,100550618.8400,43472226.9593
2016-02-23,597,597,128,128,98,469,3309,1727,1542,3.87,7.41,6.36,34.57,93493630.6100,36691318.3340
2016-02-22,593,593,129,129,99,464,3309,1727,1542,3.90,7.47,6.42,34.34,109194786.1700,43856780.0821
2016-02-19,588,588,126,126,97,462,3309,1727,1542,3.81,7.30,6.29,34.05,81439480.2600,36037019.0101
2016-02-18,590,590,128,128,98,462,3309,1727,1542,3.87,7.41,6.36,34.16,96953000.2700,32177356.5996
2016-02-17,591,591,126,126,98,465,3309,1727,1542,3.81,7.30,6.36,34.22,100268746.8100,35054384.3495
2016-02-16,592,592,124,124,97,468,3309,1727,1542,3.75,7.18,6.29,34.28,96321950.4800,34432287.9701
2016-02-15,574,574,122,122,94,452,3309,1727,1542,3.69,7.06,6.10,33.24,77799404.6800,31602661.7197
2016-02-05,562,562,122,122,94,440,3309,1727,1542,3.69,7.06,6.10,32.54,80693341.7000,64947610.2957
2016-02-04,582,582,125,125,98,457,3309,1727,1542,3.78,7.24,6.36,33.70,100505569.3700,97711061.4768
2016-02-03,570,570,124,124,98,446,3309,1727,1542,3.75,7.18,6.36,33.01,87388627.3100,53444629.6676
2016-02-02,581,581,126,126,98,455,3309,1727,1542,3.81,7.30,6.36,33.64,101543978.9300,40334450.0488
2016-02-01,556,556,125,125,98,431,3309,1727,1542,3.78,7.24,6.36,32.19,83790874.6400,33251373.8543
2016-01-29,581,581,126,126,98,455,3309,1727,1542,3.81,7.30,6.36,33.64,143862603.2700,48632857.1117
2016-01-28,571,571,125,125,98,446,3309,1727,1542,3.78,7.24,6.36,33.06,112596952.2400,39077362.9947
2016-01-27,592,592,126,126,98,466,3309,1727,1542,3.81,7.30,6.36,34.28,161371028.0600,42505368.5707
2016-01-26,591,591,127,127,98,464,3309,1727,1542,3.84,7.35,6.36,34.22,110011404.5900,35344451.9202
2016-01-25,576,576,126,126,97,450,3309,1727,1542,3.81,7.30,6.29,33.35,78853591.9200,29875894.9076
2016-01-22,582,582,127,127,98,455,3309,1727,1542,3.84,7.35,6.36,33.70,103673029.6700,32123389.2558
2016-01-21,591,591,128,128,98,463,3309,1727,1542,3.87,7.41,6.36,34.22,114881034.0900,34732235.8595
2016-01-20,590,590,125,125,97,465,3309,1727,1542,3.78,7.24,6.29,34.16,124564826.6000,33002920.4623
2016-01-19,591,591,128,128,98,463,3309,1727,1542,3.87,7.41,6.36,34.22,124518795.0500,33324590.9927
2016-01-18,594,594,126,126,97,468,3309,1727,1542,3.81,7.30,6.29,34.39,113866477.5000,32139091.7442
2016-01-15,593,593,126,126,97,467,3309,1727,1542,3.81,7.30,6.29,34.34,127920618.5100,35023199.8566
2016-01-14,598,598,127,127,98,471,3309,1727,1542,3.84,7.35,6.36,34.63,154399264.1500,38919940.4026
2016-01-13,593,593,126,126,98,467,3309,1727,1542,3.81,7.30,6.36,34.34,119141111.5300,33123497.0120
2016-01-12,585,585,124,124,96,461,3309,1727,1542,3.75,7.18,6.23,33.87,138288997.1600,35345291.4927
2016-01-11,586,586,125,125,97,461,3309,1727,1542,3.78,7.24,6.29,33.93,127085377.0000,40130506.3835
2016-01-08,594,594,126,126,97,468,3309,1727,1542,3.81,7.30,6.29,34.39,175513690.2300,47213063.1740
2016-01-07,512,512,110,110,90,402,3309,1727,1542,3.32,6.37,5.84,29.65,32306868.0400,30953922.6776
2016-01-06,592,592,124,124,97,468,3309,1727,1542,3.75,7.18,6.29,34.28,117187994.2600,35035056.5597
2016-01-05,549,549,126,126,97,423,3309,1727,1542,3.81,7.30,6.29,31.79,129471998.8300,37721466.6325
2016-01-04,593,593,122,122,97,471,3309,1727,1542,3.69,7.06,6.29,34.34,79448282.6900,42292075.8269
