layer,anchor,missing,audited_at
raw_adjusted,2010-08-27,f,2026-10-02 22:34:50.449352+08
raw_adjusted,2010-09-03,f,2026-10-02 22:34:50.449352+08
raw_adjusted,2010-09-10,f,2026-10-02 22:34:50.449352+08
raw_adjusted,2010-09-17,f,2026-10-02 22:34:50.449352+08
raw_adjusted,2010-09-24,f,2026-10-02 22:34:50.449352+08
raw_adjusted,2010-10-01,f,2026-10-02 22:34:50.449352+08
raw_adjusted,2010-10-08,f,2026-10-02 22:34:50.449352+08
raw_adjusted,2010-10-15,f,2026-10-02 22:34:50.449352+08
raw_adjusted,2010-10-22,f,2026-10-02 22:34:50.449352+08
raw_adjusted,2010-10-29,f,2026-10-02 22:34:50.449352+08
raw_adjusted,2010-11-05,f,2026-10-02 22:34:50.449352+08
raw_adjusted,2010-11-12,f,2026-10-02 22:34:50.449352+08
raw_adjusted,2010-11-19,f,2026-10-02 22:34:50.449352+08
raw_adjusted,2010-11-26,f,2026-10-02 22:34:50.449352+08
raw_adjusted,2010-12-03,f,2026-10-02 22:34:50.449352+08
raw_adjusted,2010-12-10,f,2026-10-02 22:34:50.449352+08
raw_adjusted,2010-12-17,f,2026-10-02 22:34:50.449352+08
raw_adjusted,2010-12-24,f,2026-10-02 22:34:50.449352+08
raw_adjusted,2010-12-31,f,2026-10-02 22:34:50.449352+08
raw_adjusted,2011-01-07,f,2026-10-02 22:34:50.449352+08
raw_adjusted,2011-01-14,f,2026-10-02 22:34:50.449352+08
raw_adjusted,2011-01-21,f,2026-10-02 22:34:50.449352+08
raw_adjusted,2011-01-28,f,2026-10-02 22:34:50.449352+08
raw_adjusted,2011-02-04,f,2026-10-02 22:34:50.449352+08
raw_adjusted,2011-02-11,f,2026-10-02 22:34:50.449352+08
raw_adjusted,2011-02-18,f,2026-10-02 22:34:50.449352+08
raw_adjusted,2011-02-25,f,2026-10-02 22:34:50.449352+08
raw_adjusted,2011-03-04,f,2026-10-02 22:34:50.449352+08
raw_adjusted,2011-03-11,f,2026-10-02 22:34:50.449352+08
raw_adjusted,2011-03-18,f,2026-10-02 22:34:50.449352+08
raw_adjusted,2011-03-25,f,2026-10-02 22:34:50.449352+08
raw_adjusted,2011-04-01,f,2026-10-02 22:34:50.449352+08
raw_adjusted,2011-04-08,f,2026-10-02 22:34:50.449352+08
raw_adjusted,2011-04-15,f,2026-10-02 22:34:50.449352+08
raw_adjusted,2011-04-22,f,2026-10-02 22:34:50.449352+08
raw_adjusted,2011-04-29,f,2026-10-02 22:34:50.449352+08
raw_adjusted,2011-05-06,f,2026-10-02 22:34:50.449352+08
raw_adjusted,2011-05-13,f,2026-10-02 22:34:50.449352+08
raw_adjusted,2011-05-20,f,2026-10-02 22:34:50.449352+08
raw_adjusted,2011-05-27,f,2026-10-02 22:34:50.449352+08
raw_adjusted,2011-06-03,f,2026-10-02 22:34:50.449352+08
raw_adjusted,2011-06-10,f,2026-10-02 22:34:50.449352+08
raw_adjusted,2011-06-17,f,2026-10-02 22:34:50.449352+08
raw_adjusted,2011-06-24,f,2026-10-02 22:34:50.449352+08
raw_adjusted,2011-07-01,f,2026-10-02 22:34:50.449352+08
raw_adjusted,2011-07-08,f,2026-10-02 22:34:50.449352+08
raw_adjusted,2011-07-15,f,2026-10-02 22:34:50.449352+08
raw_adjusted,2011-07-22,f,2026-10-02 22:34:50.449352+08
raw_adjusted,2011-07-29,f,2026-10-02 22:34:50.449352+08
raw_adjusted,2011-08-05,f,2026-10-02 22:34:50.449352+08
raw_adjusted,2011-08-12,f,2026-10-02 22:34:50.449352+08
raw_adjusted,2011-08-19,f,2026-10-02 22:34:50.449352+08
raw_adjusted,2011-08-26,f,2026-10-02 22:34:50.449352+08
raw_adjusted,2011-09-02,f,2026-10-02 22:34:50.449352+08
raw_adjusted,2011-09-09,f,2026-10-02 22:34:50.449352+08
raw_adjusted,2011-09-16,f,2026-10-02 22:34:50.449352+08
raw_adjusted,2011-09-23,f,2026-10-02 22:34:50.449352+08
raw_adjusted,2011-09-30,f,2026-10-02 22:34:50.449352+08
raw_adjusted,2011-10-14,f,2026-10-02 22:34:50.449352+08
raw_adjusted,2011-10-21,f,2026-10-02 22:34:50.449352+08
raw_adjusted,2011-10-28,f,2026-10-02 22:34:50.449352+08
raw_adjusted,2011-11-04,f,2026-10-02 22:34:50.449352+08
raw_adjusted,2011-11-11,f,2026-10-02 22:34:50.449352+08
raw_adjusted,2011-11-18,f,2026-10-02 22:34:50.449352+08
raw_adjusted,2011-11-25,f,2026-10-02 22:34:50.449352+08
raw_adjusted,2011-12-02,f,2026-10-02 22:34:50.449352+08
raw_adjusted,2011-12-09,f,2026-10-02 22:34:50.449352+08
raw_adjusted,2011-12-16,f,2026-10-02 22:34:50.449352+08
raw_adjusted,2011-12-23,f,2026-10-02 22:34:50.449352+08
raw_adjusted,2011-12-30,f,2026-10-02 22:34:50.449352+08
raw_adjusted,2012-01-06,f,2026-10-02 22:34:50.449352+08
raw_adjusted,2012-01-13,f,2026-10-02 22:34:50.449352+08
raw_adjusted,2012-01-20,f,2026-10-02 22:34:50.449352+08
raw_adjusted,2012-02-03,f,2026-10-02 22:34:50.449352+08
raw_adjusted,2012-02-10,f,2026-10-02 22:34:50.449352+08
raw_adjusted,2012-02-17,f,2026-10-02 22:34:50.449352+08
raw_adjusted,2012-02-24,f,2026-10-02 22:34:50.449352+08
raw_adjusted,2012-03-02,f,2026-10-02 22:34:50.449352+08
raw_adjusted,2012-03-09,f,2026-10-02 22:34:50.449352+08
raw_adjusted,2012-03-16,f,2026-10-02 22:34:50.449352+08
raw_adjusted,2012-03-23,f,2026-10-02 22:34:50.449352+08
raw_adjusted,2012-03-30,f,2026-10-02 22:34:50.449352+08
raw_adjusted,2012-04-06,f,2026-10-02 22:34:50.449352+08
raw_adjusted,2012-04-13,f,2026-10-02 22:34:50.449352+08
raw_adjusted,2012-04-20,f,2026-10-02 22:34:50.449352+08
raw_adjusted,2012-04-27,f,2026-10-02 22:34:50.449352+08
raw_adjusted,2012-05-04,f,2026-10-02 22:34:50.449352+08
raw_adjusted,2012-05-11,f,2026-10-02 22:34:50.449352+08
raw_adjusted,2012-05-18,f,2026-10-02 22:34:50.449352+08
raw_adjusted,2012-05-25,f,2026-10-02 22:34:50.449352+08
raw_adjusted,2012-06-01,f,2026-10-02 22:34:50.449352+08
raw_adjusted,2012-06-08,f,2026-10-02 22:34:50.449352+08
raw_adjusted,2012-06-15,f,2026-10-02 22:34:50.449352+08
raw_adjusted,2012-06-22,f,2026-10-02 22:34:50.449352+08
raw_adjusted,2012-06-29,f,2026-10-02 22:34:50.449352+08
raw_adjusted,2012-07-06,f,2026-10-02 22:34:50.449352+08
raw_adjusted,2012-07-13,f,2026-10-02 22:34:50.449352+08
raw_adjusted,2012-07-20,f,2026-10-02 22:34:50.449352+08
raw_adjusted,2012-07-27,f,2026-10-02 22:34:50.449352+08
raw_adjusted,2012-08-03,f,2026-10-02 22:34:50.449352+08
raw_adjusted,2012-08-10,f,2026-10-02 22:34:50.449352+08
raw_adjusted,2012-08-17,f,2026-10-02 22:34:50.449352+08
raw_adjusted,2012-08-24,f,2026-10-02 22:34:50.449352+08
raw_adjusted,2012-08-31,f,2026-10-02 22:34:50.449352+08
raw_adjusted,2012-09-07,f,2026-10-02 22:34:50.449352+08
raw_adjusted,2012-09-14,f,2026-10-02 22:34:50.449352+08
raw_adjusted,2012-09-21,f,2026-10-02 22:34:50.449352+08
raw_adjusted,2012-09-28,f,2026-10-02 22:34:50.449352+08
raw_adjusted,2012-10-12,f,2026-10-02 22:34:50.449352+08
raw_adjusted,2012-10-19,f,2026-10-02 22:34:50.449352+08
raw_adjusted,2012-10-26,f,2026-10-02 22:34:50.449352+08
raw_adjusted,2012-11-02,f,2026-10-02 22:34:50.449352+08
raw_adjusted,2012-11-09,f,2026-10-02 22:34:50.449352+08
raw_adjusted,2012-11-16,f,2026-10-02 22:34:50.449352+08
raw_adjusted,2012-11-23,f,2026-10-02 22:34:50.449352+08
raw_adjusted,2012-11-30,f,2026-10-02 22:34:50.449352+08
raw_adjusted,2012-12-07,f,2026-10-02 22:34:50.449352+08
raw_adjusted,2012-12-14,f,2026-10-02 22:34:50.449352+08
raw_adjusted,2012-12-21,f,2026-10-02 22:34:50.449352+08
raw_adjusted,2012-12-28,f,2026-10-02 22:34:50.449352+08
raw_adjusted,2013-01-04,f,2026-10-02 22:34:50.449352+08
raw_adjusted,2013-01-11,f,2026-10-02 22:34:50.449352+08
raw_adjusted,2013-01-18,f,2026-10-02 22:34:50.449352+08
raw_adjusted,2013-01-25,f,2026-10-02 22:34:50.449352+08
raw_adjusted,2013-02-01,f,2026-10-02 22:34:50.449352+08
raw_adjusted,2013-02-08,f,2026-10-02 22:34:50.449352+08
raw_adjusted,2013-02-22,f,2026-10-02 22:34:50.449352+08
raw_adjusted,2013-03-01,f,2026-10-02 22:34:50.449352+08
raw_adjusted,2013-06-14,f,2026-10-02 22:34:50.449352+08
raw_adjusted,2013-06-21,f,2026-10-02 22:34:50.449352+08
raw_adjusted,2013-06-28,f,2026-10-02 22:34:50.449352+08
raw_adjusted,2013-07-05,f,2026-10-02 22:34:50.449352+08
raw_adjusted,2013-07-12,f,2026-10-02 22:34:50.449352+08
raw_adjusted,2013-07-19,f,2026-10-02 22:34:50.449352+08
raw_adjusted,2013-07-26,f,2026-10-02 22:34:50.449352+08
raw_adjusted,2013-08-02,f,2026-10-02 22:34:50.449352+08
raw_adjusted,2013-08-09,f,2026-10-02 22:34:50.449352+08
raw_adjusted,2013-08-16,f,2026-10-02 22:34:50.449352+08
raw_adjusted,2013-08-23,f,2026-10-02 22:34:50.449352+08
raw_adjusted,2013-08-30,f,2026-10-02 22:34:50.449352+08
raw_adjusted,2013-09-06,f,2026-10-02 22:34:50.449352+08
raw_adjusted,2013-09-13,f,2026-10-02 22:34:50.449352+08
raw_adjusted,2013-09-20,f,2026-10-02 22:34:50.449352+08
raw_adjusted,2013-09-27,f,2026-10-02 22:34:50.449352+08
raw_adjusted,2013-10-04,f,2026-10-02 22:34:50.449352+08
raw_adjusted,2013-10-11,f,2026-10-02 22:34:50.449352+08
raw_adjusted,2013-10-18,f,2026-10-02 22:34:50.449352+08
raw_adjusted,2013-10-25,f,2026-10-02 22:34:50.449352+08
raw_adjusted,2013-11-01,f,2026-10-02 22:34:50.449352+08
raw_adjusted,2013-11-08,f,2026-10-02 22:34:50.449352+08
raw_adjusted,2013-11-15,f,2026-10-02 22:34:50.449352+08
raw_adjusted,2013-11-22,f,2026-10-02 22:34:50.449352+08
raw_adjusted,2013-11-29,f,2026-10-02 22:34:50.449352+08
raw_adjusted,2013-12-06,f,2026-10-02 22:34:50.449352+08
raw_adjusted,2013-12-13,f,2026-10-02 22:34:50.449352+08
raw_adjusted,2013-12-20,f,2026-10-02 22:34:50.449352+08
raw_adjusted,2013-12-27,f,2026-10-02 22:34:50.449352+08
raw_adjusted,2014-01-03,f,2026-10-02 22:34:50.449352+08
raw_adjusted,2014-01-10,f,2026-10-02 22:34:50.449352+08
raw_adjusted,2014-01-17,f,2026-10-02 22:34:50.449352+08
raw_adjusted,2014-01-24,f,2026-10-02 22:34:50.449352+08
raw_adjusted,2014-01-31,f,2026-10-02 22:34:50.449352+08
raw_adjusted,2014-02-07,f,2026-10-02 22:34:50.449352+08
raw_adjusted,2014-02-14,f,2026-10-02 22:34:50.449352+08
raw_adjusted,2014-02-21,f,2026-10-02 22:34:50.449352+08
raw_adjusted,2014-02-28,f,2026-10-02 22:34:50.449352+08
raw_adjusted,2014-03-07,f,2026-10-02 22:34:50.449352+08
raw_adjusted,2014-03-14,f,2026-10-02 22:34:50.449352+08
raw_adjusted,2014-03-21,f,2026-10-02 22:34:50.449352+08
raw_adjusted,2014-03-28,f,2026-10-02 22:34:50.449352+08
raw_adjusted,2014-04-04,f,2026-10-02 22:34:50.449352+08
raw_adjusted,2014-04-11,f,2026-10-02 22:34:50.449352+08
raw_adjusted,2014-04-18,f,2026-10-02 22:34:50.449352+08
raw_adjusted,2014-04-25,f,2026-10-02 22:34:50.449352+08
raw_adjusted,2014-05-02,f,2026-10-02 22:34:50.449352+08
raw_adjusted,2014-05-09,f,2026-10-02 22:34:50.449352+08
raw_adjusted,2014-05-16,f,2026-10-02 22:34:50.449352+08
raw_adjusted,2014-05-23,f,2026-10-02 22:34:50.449352+08
raw_adjusted,2014-05-30,f,2026-10-02 22:34:50.449352+08
raw_adjusted,2014-06-06,f,2026-10-02 22:34:50.449352+08
raw_adjusted,2014-06-13,f,2026-10-02 22:34:50.449352+08
raw_adjusted,2014-06-20,f,2026-10-02 22:34:50.449352+08
raw_adjusted,2014-06-27,f,2026-10-02 22:34:50.449352+08
raw_adjusted,2014-07-04,f,2026-10-02 22:34:50.449352+08
raw_adjusted,2014-07-11,f,2026-10-02 22:34:50.449352+08
raw_adjusted,2014-07-18,f,2026-10-02 22:34:50.449352+08
raw_adjusted,2014-07-25,f,2026-10-02 22:34:50.449352+08
raw_adjusted,2014-08-01,f,2026-10-02 22:34:50.449352+08
raw_adjusted,2014-08-08,f,2026-10-02 22:34:50.449352+08
raw_adjusted,2014-08-15,f,2026-10-02 22:34:50.449352+08
raw_adjusted,2014-08-22,f,2026-10-02 22:34:50.449352+08
raw_adjusted,2014-08-29,f,2026-10-02 22:34:50.449352+08
raw_adjusted,2014-09-05,f,2026-10-02 22:34:50.449352+08
raw_adjusted,2014-09-12,f,2026-10-02 22:34:50.449352+08
raw_adjusted,2014-09-19,f,2026-10-02 22:34:50.449352+08
raw_adjusted,2014-09-26,f,2026-10-02 22:34:50.449352+08
raw_adjusted,2014-10-03,f,2026-10-02 22:34:50.449352+08
raw_adjusted,2014-10-10,f,2026-10-02 22:34:50.449352+08
raw_adjusted,2014-10-17,f,2026-10-02 22:34:50.449352+08
raw_adjusted,2014-10-24,f,2026-10-02 22:34:50.449352+08
raw_adjusted,2014-10-31,f,2026-10-02 22:34:50.449352+08
raw_adjusted,2014-11-07,f,2026-10-02 22:34:50.449352+08
raw_adjusted,2014-11-14,f,2026-10-02 22:34:50.449352+08
raw_adjusted,2014-11-21,f,2026-10-02 22:34:50.449352+08
raw_adjusted,2014-11-28,f,2026-10-02 22:34:50.449352+08
raw_adjusted,2014-12-05,f,2026-10-02 22:34:50.449352+08
raw_adjusted,2014-12-12,f,2026-10-02 22:34:50.449352+08
raw_adjusted,2014-12-19,f,2026-10-02 22:34:50.449352+08
raw_adjusted,2014-12-26,f,2026-10-02 22:34:50.449352+08
raw_adjusted,2015-01-02,f,2026-10-02 22:34:50.449352+08
raw_adjusted,2015-01-09,f,2026-10-02 22:34:50.449352+08
raw_adjusted,2015-01-16,f,2026-10-02 22:34:50.449352+08
raw_adjusted,2015-01-23,f,2026-10-02 22:34:50.449352+08
raw_adjusted,2015-01-30,f,2026-10-02 22:34:50.449352+08
raw_adjusted,2015-02-06,f,2026-10-02 22:34:50.449352+08
raw_adjusted,2015-02-13,f,2026-10-02 22:34:50.449352+08
raw_adjusted,2015-02-20,f,2026-10-02 22:34:50.449352+08
raw_adjusted,2015-02-27,f,2026-10-02 22:34:50.449352+08
raw_adjusted,2015-03-06,f,2026-10-02 22:34:50.449352+08
raw_adjusted,2015-03-13,f,2026-10-02 22:34:50.449352+08
raw_adjusted,2015-03-20,f,2026-10-02 22:34:50.449352+08
raw_adjusted,2015-03-27,f,2026-10-02 22:34:50.449352+08
raw_adjusted,2015-04-03,f,2026-10-02 22:34:50.449352+08
raw_adjusted,2015-04-10,f,2026-10-02 22:34:50.449352+08
raw_adjusted,2015-04-17,f,2026-10-02 22:34:50.449352+08
raw_adjusted,2015-04-24,f,2026-10-02 22:34:50.449352+08
raw_adjusted,2015-05-01,f,2026-10-02 22:34:50.449352+08
raw_adjusted,2015-05-08,f,2026-10-02 22:34:50.449352+08
raw_adjusted,2015-05-15,f,2026-10-02 22:34:50.449352+08
raw_adjusted,2015-05-22,f,2026-10-02 22:34:50.449352+08
raw_adjusted,2015-05-29,f,2026-10-02 22:34:50.449352+08
raw_adjusted,2015-06-05,f,2026-10-02 22:34:50.449352+08
raw_adjusted,2015-06-12,f,2026-10-02 22:34:50.449352+08
raw_adjusted,2015-06-19,f,2026-10-02 22:34:50.449352+08
raw_adjusted,2015-06-26,f,2026-10-02 22:34:50.449352+08
raw_adjusted,2015-07-03,f,2026-10-02 22:34:50.449352+08
raw_adjusted,2015-07-10,f,2026-10-02 22:34:50.449352+08
raw_adjusted,2015-07-17,f,2026-10-02 22:34:50.449352+08
raw_adjusted,2015-07-24,f,2026-10-02 22:34:50.449352+08
raw_adjusted,2015-07-31,f,2026-10-02 22:34:50.449352+08
raw_adjusted,2015-08-07,f,2026-10-02 22:34:50.449352+08
raw_adjusted,2015-08-14,f,2026-10-02 22:34:50.449352+08
raw_adjusted,2015-08-21,f,2026-10-02 22:34:50.449352+08
raw_adjusted,2015-08-28,f,2026-10-02 22:34:50.449352+08
raw_adjusted,2015-09-04,f,2026-10-02 22:34:50.449352+08
raw_adjusted,2015-09-11,f,2026-10-02 22:34:50.449352+08
raw_adjusted,2015-09-18,f,2026-10-02 22:34:50.449352+08
raw_adjusted,2015-09-25,f,2026-10-02 22:34:50.449352+08
raw_adjusted,2015-10-02,f,2026-10-02 22:34:50.449352+08
raw_adjusted,2015-10-09,f,2026-10-02 22:34:50.449352+08
raw_adjusted,2015-10-16,f,2026-10-02 22:34:50.449352+08
raw_adjusted,2015-10-23,f,2026-10-02 22:34:50.449352+08
raw_adjusted,2015-10-30,f,2026-10-02 22:34:50.449352+08
raw_adjusted,2015-11-06,f,2026-10-02 22:34:50.449352+08
raw_adjusted,2015-11-13,f,2026-10-02 22:34:50.449352+08
raw_adjusted,2015-11-20,f,2026-10-02 22:34:50.449352+08
raw_adjusted,2015-11-27,f,2026-10-02 22:34:50.449352+08
raw_adjusted,2015-12-04,f,2026-10-02 22:34:50.449352+08
raw_adjusted,2015-12-11,f,2026-10-02 22:34:50.449352+08
raw_adjusted,2015-12-18,f,2026-10-02 22:34:50.449352+08
raw_adjusted,2015-12-25,f,2026-10-02 22:34:50.449352+08
raw_adjusted,2016-01-01,f,2026-10-02 22:34:50.449352+08
raw_adjusted,2016-01-08,f,2026-10-02 22:34:50.449352+08
raw_adjusted,2016-01-15,f,2026-10-02 22:34:50.449352+08
raw_adjusted,2016-01-22,f,2026-10-02 22:34:50.449352+08
raw_adjusted,2016-01-29,f,2026-10-02 22:34:50.449352+08
raw_adjusted,2016-02-05,f,2026-10-02 22:34:50.449352+08
raw_adjusted,2016-02-19,f,2026-10-02 22:34:50.449352+08
raw_adjusted,2016-02-26,f,2026-10-02 22:34:50.449352+08
raw_adjusted,2016-03-04,f,2026-10-02 22:34:50.449352+08
raw_adjusted,2016-03-11,f,2026-10-02 22:34:50.449352+08
raw_adjusted,2016-03-18,f,2026-10-02 22:34:50.449352+08
raw_adjusted,2016-03-25,f,2026-10-02 22:34:50.449352+08
raw_adjusted,2016-04-01,f,2026-10-02 22:34:50.449352+08
raw_adjusted,2016-04-08,f,2026-10-02 22:34:50.449352+08
raw_adjusted,2016-04-15,f,2026-10-02 22:34:50.449352+08
raw_adjusted,2016-04-22,f,2026-10-02 22:34:50.449352+08
raw_adjusted,2016-04-29,f,2026-10-02 22:34:50.449352+08
raw_adjusted,2016-05-06,f,2026-10-02 22:34:50.449352+08
raw_adjusted,2016-05-13,f,2026-10-02 22:34:50.449352+08
raw_adjusted,2016-05-20,f,2026-10-02 22:34:50.449352+08
raw_adjusted,2016-05-27,f,2026-10-02 22:34:50.449352+08
raw_adjusted,2016-06-03,f,2026-10-02 22:34:50.449352+08
raw_adjusted,2016-06-10,f,2026-10-02 22:34:50.449352+08
raw_adjusted,2016-06-17,f,2026-10-02 22:34:50.449352+08
raw_adjusted,2016-06-24,f,2026-10-02 22:34:50.449352+08
raw_adjusted,2016-07-01,f,2026-10-02 22:34:50.449352+08
raw_adjusted,2016-07-08,f,2026-10-02 22:34:50.449352+08
raw_adjusted,2016-07-15,f,2026-10-02 22:34:50.449352+08
raw_adjusted,2016-07-22,f,2026-10-02 22:34:50.449352+08
raw_adjusted,2016-07-29,f,2026-10-02 22:34:50.449352+08
raw_adjusted,2016-08-05,f,2026-10-02 22:34:50.449352+08
raw_adjusted,2016-08-12,f,2026-10-02 22:34:50.449352+08
raw_adjusted,2016-08-19,f,2026-10-02 22:34:50.449352+08
raw_adjusted,2016-08-26,f,2026-10-02 22:34:50.449352+08
raw_adjusted,2016-09-02,f,2026-10-02 22:34:50.449352+08
raw_adjusted,2016-09-09,f,2026-10-02 22:34:50.449352+08
raw_adjusted,2016-09-16,f,2026-10-02 22:34:50.449352+08
raw_adjusted,2016-09-23,f,2026-10-02 22:34:50.449352+08
raw_adjusted,2016-09-30,f,2026-10-02 22:34:50.449352+08
raw_adjusted,2016-10-14,f,2026-10-02 22:34:50.449352+08
raw_adjusted,2016-10-21,f,2026-10-02 22:34:50.449352+08
raw_adjusted,2016-10-28,f,2026-10-02 22:34:50.449352+08
raw_adjusted,2016-11-04,f,2026-10-02 22:34:50.449352+08
raw_adjusted,2016-11-11,f,2026-10-02 22:34:50.449352+08
raw_adjusted,2016-11-18,f,2026-10-02 22:34:50.449352+08
raw_adjusted,2016-11-25,f,2026-10-02 22:34:50.449352+08
raw_adjusted,2016-12-02,f,2026-10-02 22:34:50.449352+08
raw_adjusted,2016-12-09,f,2026-10-02 22:34:50.449352+08
raw_adjusted,2016-12-16,f,2026-10-02 22:34:50.449352+08
raw_adjusted,2016-12-23,f,2026-10-02 22:34:50.449352+08
raw_adjusted,2016-12-30,f,2026-10-02 22:34:50.449352+08
raw_adjusted,2017-01-06,f,2026-10-02 22:34:50.449352+08
raw_adjusted,2017-01-13,f,2026-10-02 22:34:50.449352+08
raw_adjusted,2017-01-20,f,2026-10-02 22:34:50.449352+08
raw_adjusted,2017-01-27,f,2026-10-02 22:34:50.449352+08
raw_adjusted,2017-02-03,f,2026-10-02 22:34:50.449352+08
raw_adjusted,2017-02-10,f,2026-10-02 22:34:50.449352+08
raw_adjusted,2017-02-17,f,2026-10-02 22:34:50.449352+08
raw_adjusted,2017-02-24,f,2026-10-02 22:34:50.449352+08
raw_adjusted,2017-03-03,f,2026-10-02 22:34:50.449352+08
raw_adjusted,2017-03-10,f,2026-10-02 22:34:50.449352+08
raw_adjusted,2017-03-17,f,2026-10-02 22:34:50.449352+08
raw_adjusted,2017-03-24,f,2026-10-02 22:34:50.449352+08
raw_adjusted,2017-03-31,f,2026-10-02 22:34:50.449352+08
raw_adjusted,2017-04-07,f,2026-10-02 22:34:50.449352+08
raw_adjusted,2017-04-14,f,2026-10-02 22:34:50.449352+08
raw_adjusted,2017-04-21,f,2026-10-02 22:34:50.449352+08
raw_adjusted,2017-04-28,f,2026-10-02 22:34:50.449352+08
raw_adjusted,2017-05-05,f,2026-10-02 22:34:50.449352+08
raw_adjusted,2017-05-12,f,2026-10-02 22:34:50.449352+08
raw_adjusted,2017-05-19,f,2026-10-02 22:34:50.449352+08
raw_adjusted,2017-05-26,f,2026-10-02 22:34:50.449352+08
raw_adjusted,2017-06-02,f,2026-10-02 22:34:50.449352+08
raw_adjusted,2017-06-09,f,2026-10-02 22:34:50.449352+08
raw_adjusted,2017-06-16,f,2026-10-02 22:34:50.449352+08
raw_adjusted,2017-06-23,f,2026-10-02 22:34:50.449352+08
raw_adjusted,2017-06-30,f,2026-10-02 22:34:50.449352+08
raw_adjusted,2017-07-07,f,2026-10-02 22:34:50.449352+08
raw_adjusted,2017-07-14,f,2026-10-02 22:34:50.449352+08
raw_adjusted,2017-07-21,f,2026-10-02 22:34:50.449352+08
raw_adjusted,2017-07-28,f,2026-10-02 22:34:50.449352+08
raw_adjusted,2017-08-04,f,2026-10-02 22:34:50.449352+08
raw_adjusted,2017-08-11,f,2026-10-02 22:34:50.449352+08
raw_adjusted,2017-08-18,f,2026-10-02 22:34:50.449352+08
raw_adjusted,2017-08-25,f,2026-10-02 22:34:50.449352+08
raw_adjusted,2017-09-01,f,2026-10-02 22:34:50.449352+08
raw_adjusted,2017-09-08,f,2026-10-02 22:34:50.449352+08
raw_adjusted,2017-09-15,f,2026-10-02 22:34:50.449352+08
raw_adjusted,2017-09-22,f,2026-10-02 22:34:50.449352+08
raw_adjusted,2017-09-29,f,2026-10-02 22:34:50.449352+08
raw_adjusted,2017-10-13,f,2026-10-02 22:34:50.449352+08
raw_adjusted,2017-10-20,f,2026-10-02 22:34:50.449352+08
raw_adjusted,2017-10-27,f,2026-10-02 22:34:50.449352+08
raw_adjusted,2017-11-03,f,2026-10-02 22:34:50.449352+08
raw_adjusted,2017-11-10,f,2026-10-02 22:34:50.449352+08
raw_adjusted,2017-11-17,f,2026-10-02 22:34:50.449352+08
raw_adjusted,2017-11-24,f,2026-10-02 22:34:50.449352+08
raw_adjusted,2017-12-01,f,2026-10-02 22:34:50.449352+08
raw_adjusted,2017-12-08,f,2026-10-02 22:34:50.449352+08
raw_adjusted,2017-12-15,f,2026-10-02 22:34:50.449352+08
raw_adjusted,2017-12-22,f,2026-10-02 22:34:50.449352+08
raw_adjusted,2017-12-29,f,2026-10-02 22:34:50.449352+08
raw_adjusted,2018-01-05,f,2026-10-02 22:34:50.449352+08
raw_adjusted,2018-01-12,f,2026-10-02 22:34:50.449352+08
raw_adjusted,2018-01-19,f,2026-10-02 22:34:50.449352+08
raw_adjusted,2018-01-26,f,2026-10-02 22:34:50.449352+08
raw_adjusted,2018-02-02,f,2026-10-02 22:34:50.449352+08
raw_adjusted,2018-02-09,f,2026-10-02 22:34:50.449352+08
raw_adjusted,2018-02-16,f,2026-10-02 22:34:50.449352+08
raw_adjusted,2018-02-23,f,2026-10-02 22:34:50.449352+08
raw_adjusted,2018-03-02,f,2026-10-02 22:34:50.449352+08
raw_adjusted,2018-03-09,f,2026-10-02 22:34:50.449352+08
raw_adjusted,2018-03-16,f,2026-10-02 22:34:50.449352+08
raw_adjusted,2018-03-23,f,2026-10-02 22:34:50.449352+08
raw_adjusted,2018-03-30,f,2026-10-02 22:34:50.449352+08
raw_adjusted,2018-04-06,f,2026-10-02 22:34:50.449352+08
raw_adjusted,2018-04-13,f,2026-10-02 22:34:50.449352+08
raw_adjusted,2018-04-20,f,2026-10-02 22:34:50.449352+08
raw_adjusted,2018-04-27,f,2026-10-02 22:34:50.449352+08
raw_adjusted,2018-05-04,f,2026-10-02 22:34:50.449352+08
raw_adjusted,2018-05-11,f,2026-10-02 22:34:50.449352+08
raw_adjusted,2018-05-18,f,2026-10-02 22:34:50.449352+08
raw_adjusted,2018-05-25,f,2026-10-02 22:34:50.449352+08
raw_adjusted,2018-06-01,f,2026-10-02 22:34:50.449352+08
raw_adjusted,2018-06-08,f,2026-10-02 22:34:50.449352+08
raw_adjusted,2018-06-15,f,2026-10-02 22:34:50.449352+08
raw_adjusted,2018-06-22,f,2026-10-02 22:34:50.449352+08
raw_adjusted,2018-06-29,f,2026-10-02 22:34:50.449352+08
raw_adjusted,2018-07-06,f,2026-10-02 22:34:50.449352+08
raw_adjusted,2018-07-13,f,2026-10-02 22:34:50.449352+08
raw_adjusted,2018-07-20,f,2026-10-02 22:34:50.449352+08
raw_adjusted,2018-07-27,f,2026-10-02 22:34:50.449352+08
raw_adjusted,2018-08-03,f,2026-10-02 22:34:50.449352+08
raw_adjusted,2018-08-10,f,2026-10-02 22:34:50.449352+08
raw_adjusted,2018-08-17,f,2026-10-02 22:34:50.449352+08
raw_adjusted,2018-08-24,f,2026-10-02 22:34:50.449352+08
raw_adjusted,2018-08-31,f,2026-10-02 22:34:50.449352+08
raw_adjusted,2018-09-07,f,2026-10-02 22:34:50.449352+08
raw_adjusted,2018-09-14,f,2026-10-02 22:34:50.449352+08
raw_adjusted,2018-09-21,f,2026-10-02 22:34:50.449352+08
raw_adjusted,2018-09-28,f,2026-10-02 22:34:50.449352+08
raw_adjusted,2018-10-12,f,2026-10-02 22:34:50.449352+08
raw_adjusted,2018-10-19,f,2026-10-02 22:34:50.449352+08
raw_adjusted,2018-10-26,f,2026-10-02 22:34:50.449352+08
raw_adjusted,2018-11-02,f,2026-10-02 22:34:50.449352+08
raw_adjusted,2018-11-09,f,2026-10-02 22:34:50.449352+08
raw_adjusted,2018-11-16,f,2026-10-02 22:34:50.449352+08
raw_adjusted,2018-11-23,f,2026-10-02 22:34:50.449352+08
raw_adjusted,2018-11-30,f,2026-10-02 22:34:50.449352+08
raw_adjusted,2018-12-07,f,2026-10-02 22:34:50.449352+08
raw_adjusted,2018-12-14,f,2026-10-02 22:34:50.449352+08
raw_adjusted,2018-12-21,f,2026-10-02 22:34:50.449352+08
raw_adjusted,2018-12-28,f,2026-10-02 22:34:50.449352+08
raw_adjusted,2019-01-04,f,2026-10-02 22:34:50.449352+08
raw_adjusted,2019-01-11,f,2026-10-02 22:34:50.449352+08
raw_adjusted,2019-01-18,f,2026-10-02 22:34:50.449352+08
raw_adjusted,2019-01-25,f,2026-10-02 22:34:50.449352+08
raw_adjusted,2019-02-01,f,2026-10-02 22:34:50.449352+08
raw_adjusted,2019-02-15,f,2026-10-02 22:34:50.449352+08
raw_adjusted,2019-02-22,f,2026-10-02 22:34:50.449352+08
raw_adjusted,2019-03-01,f,2026-10-02 22:34:50.449352+08
raw_adjusted,2019-03-08,f,2026-10-02 22:34:50.449352+08
raw_adjusted,2019-03-15,f,2026-10-02 22:34:50.449352+08
raw_adjusted,2019-03-22,f,2026-10-02 22:34:50.449352+08
raw_adjusted,2019-03-29,f,2026-10-02 22:34:50.449352+08
raw_adjusted,2019-04-05,f,2026-10-02 22:34:50.449352+08
raw_adjusted,2019-04-12,f,2026-10-02 22:34:50.449352+08
raw_adjusted,2019-04-19,f,2026-10-02 22:34:50.449352+08
raw_adjusted,2019-04-26,f,2026-10-02 22:34:50.449352+08
raw_adjusted,2019-05-03,f,2026-10-02 22:34:50.449352+08
raw_adjusted,2019-05-10,f,2026-10-02 22:34:50.449352+08
raw_adjusted,2019-05-17,f,2026-10-02 22:34:50.449352+08
raw_adjusted,2019-05-24,f,2026-10-02 22:34:50.449352+08
raw_adjusted,2019-05-31,f,2026-10-02 22:34:50.449352+08
raw_adjusted,2019-06-07,f,2026-10-02 22:34:50.449352+08
raw_adjusted,2019-06-14,f,2026-10-02 22:34:50.449352+08
raw_adjusted,2019-06-21,f,2026-10-02 22:34:50.449352+08
raw_adjusted,2019-06-28,f,2026-10-02 22:34:50.449352+08
raw_adjusted,2019-07-05,f,2026-10-02 22:34:50.449352+08
raw_adjusted,2019-07-12,f,2026-10-02 22:34:50.449352+08
raw_adjusted,2019-07-19,f,2026-10-02 22:34:50.449352+08
raw_adjusted,2019-07-26,f,2026-10-02 22:34:50.449352+08
raw_adjusted,2019-08-02,f,2026-10-02 22:34:50.449352+08
raw_adjusted,2019-08-09,f,2026-10-02 22:34:50.449352+08
raw_adjusted,2019-08-16,f,2026-10-02 22:34:50.449352+08
raw_adjusted,2019-08-23,f,2026-10-02 22:34:50.449352+08
raw_adjusted,2019-08-30,f,2026-10-02 22:34:50.449352+08
raw_adjusted,2019-09-06,f,2026-10-02 22:34:50.449352+08
raw_adjusted,2019-09-13,f,2026-10-02 22:34:50.449352+08
raw_adjusted,2019-09-20,f,2026-10-02 22:34:50.449352+08
raw_adjusted,2019-09-27,f,2026-10-02 22:34:50.449352+08
raw_adjusted,2019-10-04,f,2026-10-02 22:34:50.449352+08
raw_adjusted,2019-10-11,f,2026-10-02 22:34:50.449352+08
raw_adjusted,2019-10-18,f,2026-10-02 22:34:50.449352+08
raw_adjusted,2019-10-25,f,2026-10-02 22:34:50.449352+08
raw_adjusted,2019-11-01,f,2026-10-02 22:34:50.449352+08
raw_adjusted,2019-11-08,f,2026-10-02 22:34:50.449352+08
raw_adjusted,2019-11-15,f,2026-10-02 22:34:50.449352+08
raw_adjusted,2019-11-22,f,2026-10-02 22:34:50.449352+08
raw_adjusted,2019-11-29,f,2026-10-02 22:34:50.449352+08
raw_adjusted,2019-12-06,f,2026-10-02 22:34:50.449352+08
raw_adjusted,2019-12-13,f,2026-10-02 22:34:50.449352+08
raw_adjusted,2019-12-20,f,2026-10-02 22:34:50.449352+08
raw_adjusted,2019-12-27,f,2026-10-02 22:34:50.449352+08
raw_adjusted,2020-01-03,f,2026-10-02 22:34:50.449352+08
raw_adjusted,2020-01-10,f,2026-10-02 22:34:50.449352+08
raw_adjusted,2020-01-17,f,2026-10-02 22:34:50.449352+08
raw_adjusted,2020-01-24,f,2026-10-02 22:34:50.449352+08
raw_adjusted,2020-02-07,f,2026-10-02 22:34:50.449352+08
raw_adjusted,2020-02-14,f,2026-10-02 22:34:50.449352+08
raw_adjusted,2020-02-21,f,2026-10-02 22:34:50.449352+08
raw_adjusted,2020-02-28,f,2026-10-02 22:34:50.449352+08
raw_adjusted,2020-03-06,f,2026-10-02 22:34:50.449352+08
raw_adjusted,2020-03-13,f,2026-10-02 22:34:50.449352+08
raw_adjusted,2020-03-20,f,2026-10-02 22:34:50.449352+08
raw_adjusted,2020-03-27,f,2026-10-02 22:34:50.449352+08
raw_adjusted,2020-04-03,f,2026-10-02 22:34:50.449352+08
raw_adjusted,2020-04-10,f,2026-10-02 22:34:50.449352+08
raw_adjusted,2020-04-17,f,2026-10-02 22:34:50.449352+08
raw_adjusted,2020-04-24,f,2026-10-02 22:34:50.449352+08
raw_adjusted,2020-05-01,f,2026-10-02 22:34:50.449352+08
raw_adjusted,2020-05-08,f,2026-10-02 22:34:50.449352+08
raw_adjusted,2020-05-15,f,2026-10-02 22:34:50.449352+08
raw_adjusted,2020-05-22,f,2026-10-02 22:34:50.449352+08
raw_adjusted,2020-05-29,f,2026-10-02 22:34:50.449352+08
raw_adjusted,2020-06-05,f,2026-10-02 22:34:50.449352+08
raw_adjusted,2020-06-12,f,2026-10-02 22:34:50.449352+08
raw_adjusted,2020-06-19,f,2026-10-02 22:34:50.449352+08
raw_adjusted,2020-06-26,f,2026-10-02 22:34:50.449352+08
raw_adjusted,2020-07-03,f,2026-10-02 22:34:50.449352+08
raw_adjusted,2020-07-10,f,2026-10-02 22:34:50.449352+08
raw_adjusted,2020-07-17,f,2026-10-02 22:34:50.449352+08
raw_adjusted,2020-07-24,f,2026-10-02 22:34:50.449352+08
raw_adjusted,2020-07-31,f,2026-10-02 22:34:50.449352+08
raw_adjusted,2020-08-07,f,2026-10-02 22:34:50.449352+08
raw_adjusted,2020-08-14,f,2026-10-02 22:34:50.449352+08
raw_adjusted,2020-08-21,f,2026-10-02 22:34:50.449352+08
raw_adjusted,2020-08-28,f,2026-10-02 22:34:50.449352+08
raw_adjusted,2020-09-04,f,2026-10-02 22:34:50.449352+08
raw_adjusted,2020-09-11,f,2026-10-02 22:34:50.449352+08
raw_adjusted,2020-09-18,f,2026-10-02 22:34:50.449352+08
raw_adjusted,2020-09-25,f,2026-10-02 22:34:50.449352+08
raw_adjusted,2020-10-02,f,2026-10-02 22:34:50.449352+08
raw_adjusted,2020-10-09,f,2026-10-02 22:34:50.449352+08
raw_adjusted,2020-10-16,f,2026-10-02 22:34:50.449352+08
raw_adjusted,2020-10-23,f,2026-10-02 22:34:50.449352+08
raw_adjusted,2020-10-30,f,2026-10-02 22:34:50.449352+08
raw_adjusted,2020-11-06,f,2026-10-02 22:34:50.449352+08
raw_adjusted,2020-11-13,f,2026-10-02 22:34:50.449352+08
raw_adjusted,2020-11-20,f,2026-10-02 22:34:50.449352+08
raw_adjusted,2020-11-27,f,2026-10-02 22:34:50.449352+08
raw_adjusted,2020-12-04,f,2026-10-02 22:34:50.449352+08
raw_adjusted,2020-12-11,f,2026-10-02 22:34:50.449352+08
raw_adjusted,2020-12-18,f,2026-10-02 22:34:50.449352+08
raw_adjusted,2020-12-25,f,2026-10-02 22:34:50.449352+08
raw_adjusted,2021-01-01,f,2026-10-02 22:34:50.449352+08
raw_adjusted,2021-01-08,f,2026-10-02 22:34:50.449352+08
raw_adjusted,2021-01-15,f,2026-10-02 22:34:50.449352+08
raw_adjusted,2021-01-22,f,2026-10-02 22:34:50.449352+08
raw_adjusted,2021-01-29,f,2026-10-02 22:34:50.449352+08
raw_adjusted,2021-02-05,f,2026-10-02 22:34:50.449352+08
raw_adjusted,2021-02-12,f,2026-10-02 22:34:50.449352+08
raw_adjusted,2021-02-19,f,2026-10-02 22:34:50.449352+08
raw_adjusted,2021-02-26,f,2026-10-02 22:34:50.449352+08
raw_adjusted,2021-03-05,f,2026-10-02 22:34:50.449352+08
raw_adjusted,2021-03-12,f,2026-10-02 22:34:50.449352+08
raw_adjusted,2021-03-19,f,2026-10-02 22:34:50.449352+08
raw_adjusted,2021-03-26,f,2026-10-02 22:34:50.449352+08
raw_adjusted,2021-04-02,f,2026-10-02 22:34:50.449352+08
raw_adjusted,2021-04-09,f,2026-10-02 22:34:50.449352+08
raw_adjusted,2021-04-16,f,2026-10-02 22:34:50.449352+08
raw_adjusted,2021-04-23,f,2026-10-02 22:34:50.449352+08
raw_adjusted,2021-04-30,f,2026-10-02 22:34:50.449352+08
raw_adjusted,2021-05-07,f,2026-10-02 22:34:50.449352+08
raw_adjusted,2021-05-14,f,2026-10-02 22:34:50.449352+08
raw_adjusted,2021-05-21,f,2026-10-02 22:34:50.449352+08
raw_adjusted,2021-05-28,f,2026-10-02 22:34:50.449352+08
raw_adjusted,2021-06-04,f,2026-10-02 22:34:50.449352+08
raw_adjusted,2021-06-11,f,2026-10-02 22:34:50.449352+08
raw_adjusted,2021-06-18,f,2026-10-02 22:34:50.449352+08
raw_adjusted,2021-06-25,f,2026-10-02 22:34:50.449352+08
raw_adjusted,2021-07-02,f,2026-10-02 22:34:50.449352+08
raw_adjusted,2021-07-09,f,2026-10-02 22:34:50.449352+08
raw_adjusted,2021-07-16,f,2026-10-02 22:34:50.449352+08
raw_adjusted,2021-07-23,f,2026-10-02 22:34:50.449352+08
raw_adjusted,2021-07-30,f,2026-10-02 22:34:50.449352+08
raw_adjusted,2021-08-06,f,2026-10-02 22:34:50.449352+08
raw_adjusted,2021-08-13,f,2026-10-02 22:34:50.449352+08
raw_adjusted,2021-08-20,f,2026-10-02 22:34:50.449352+08
raw_adjusted,2021-08-27,f,2026-10-02 22:34:50.449352+08
raw_adjusted,2021-09-03,f,2026-10-02 22:34:50.449352+08
raw_adjusted,2021-09-10,f,2026-10-02 22:34:50.449352+08
raw_adjusted,2021-09-17,f,2026-10-02 22:34:50.449352+08
raw_adjusted,2021-09-24,f,2026-10-02 22:34:50.449352+08
raw_adjusted,2021-10-01,f,2026-10-02 22:34:50.449352+08
raw_adjusted,2021-10-08,f,2026-10-02 22:34:50.449352+08
raw_adjusted,2021-10-15,f,2026-10-02 22:34:50.449352+08
raw_adjusted,2021-10-22,f,2026-10-02 22:34:50.449352+08
raw_adjusted,2021-10-29,f,2026-10-02 22:34:50.449352+08
raw_adjusted,2021-11-05,f,2026-10-02 22:34:50.449352+08
raw_adjusted,2021-11-12,f,2026-10-02 22:34:50.449352+08
raw_adjusted,2021-11-19,f,2026-10-02 22:34:50.449352+08
raw_adjusted,2021-11-26,f,2026-10-02 22:34:50.449352+08
raw_adjusted,2021-12-03,f,2026-10-02 22:34:50.449352+08
raw_adjusted,2021-12-10,f,2026-10-02 22:34:50.449352+08
raw_adjusted,2021-12-17,f,2026-10-02 22:34:50.449352+08
raw_adjusted,2021-12-24,f,2026-10-02 22:34:50.449352+08
raw_adjusted,2021-12-31,f,2026-10-02 22:34:50.449352+08
raw_adjusted,2022-01-07,f,2026-10-02 22:34:50.449352+08
raw_adjusted,2022-01-14,f,2026-10-02 22:34:50.449352+08
raw_adjusted,2022-01-21,f,2026-10-02 22:34:50.449352+08
raw_adjusted,2022-01-28,f,2026-10-02 22:34:50.449352+08
raw_adjusted,2022-02-11,f,2026-10-02 22:34:50.449352+08
raw_adjusted,2022-02-18,f,2026-10-02 22:34:50.449352+08
raw_adjusted,2022-02-25,f,2026-10-02 22:34:50.449352+08
raw_adjusted,2022-03-04,f,2026-10-02 22:34:50.449352+08
raw_adjusted,2022-03-11,f,2026-10-02 22:34:50.449352+08
raw_adjusted,2022-03-18,f,2026-10-02 22:34:50.449352+08
raw_adjusted,2022-03-25,f,2026-10-02 22:34:50.449352+08
raw_adjusted,2022-04-01,f,2026-10-02 22:34:50.449352+08
raw_adjusted,2022-04-08,f,2026-10-02 22:34:50.449352+08
raw_adjusted,2022-04-15,f,2026-10-02 22:34:50.449352+08
raw_adjusted,2022-04-22,f,2026-10-02 22:34:50.449352+08
raw_adjusted,2022-04-29,f,2026-10-02 22:34:50.449352+08
raw_adjusted,2022-05-06,f,2026-10-02 22:34:50.449352+08
raw_adjusted,2022-05-13,f,2026-10-02 22:34:50.449352+08
raw_adjusted,2022-05-20,f,2026-10-02 22:34:50.449352+08
raw_adjusted,2022-05-27,f,2026-10-02 22:34:50.449352+08
raw_adjusted,2022-06-03,f,2026-10-02 22:34:50.449352+08
raw_adjusted,2022-06-10,f,2026-10-02 22:34:50.449352+08
raw_adjusted,2022-06-17,f,2026-10-02 22:34:50.449352+08
raw_adjusted,2022-06-24,f,2026-10-02 22:34:50.449352+08
raw_adjusted,2022-07-01,f,2026-10-02 22:34:50.449352+08
raw_adjusted,2022-07-08,f,2026-10-02 22:34:50.449352+08
raw_adjusted,2022-07-15,f,2026-10-02 22:34:50.449352+08
raw_adjusted,2022-07-22,f,2026-10-02 22:34:50.449352+08
raw_adjusted,2022-07-29,f,2026-10-02 22:34:50.449352+08
raw_adjusted,2022-08-05,f,2026-10-02 22:34:50.449352+08
raw_adjusted,2022-08-12,f,2026-10-02 22:34:50.449352+08
raw_adjusted,2022-08-19,f,2026-10-02 22:34:50.449352+08
raw_adjusted,2022-08-26,f,2026-10-02 22:34:50.449352+08
raw_adjusted,2022-09-02,f,2026-10-02 22:34:50.449352+08
raw_adjusted,2022-09-09,f,2026-10-02 22:34:50.449352+08
raw_adjusted,2022-09-16,f,2026-10-02 22:34:50.449352+08
raw_adjusted,2022-09-23,f,2026-10-02 22:34:50.449352+08
raw_adjusted,2022-09-30,f,2026-10-02 22:34:50.449352+08
raw_adjusted,2022-10-14,f,2026-10-02 22:34:50.449352+08
raw_adjusted,2022-10-21,f,2026-10-02 22:34:50.449352+08
raw_adjusted,2022-10-28,f,2026-10-02 22:34:50.449352+08
raw_adjusted,2022-11-04,f,2026-10-02 22:34:50.449352+08
raw_adjusted,2022-11-11,f,2026-10-02 22:34:50.449352+08
raw_adjusted,2022-11-18,f,2026-10-02 22:34:50.449352+08
raw_adjusted,2022-11-25,f,2026-10-02 22:34:50.449352+08
raw_adjusted,2022-12-02,f,2026-10-02 22:34:50.449352+08
raw_adjusted,2022-12-09,f,2026-10-02 22:34:50.449352+08
raw_adjusted,2022-12-16,f,2026-10-02 22:34:50.449352+08
raw_adjusted,2022-12-23,f,2026-10-02 22:34:50.449352+08
raw_adjusted,2022-12-30,f,2026-10-02 22:34:50.449352+08
raw_adjusted,2023-01-06,f,2026-10-02 22:34:50.449352+08
raw_adjusted,2023-01-13,f,2026-10-02 22:34:50.449352+08
raw_adjusted,2023-02-03,f,2026-10-02 22:34:50.449352+08
raw_adjusted,2023-02-10,f,2026-10-02 22:34:50.449352+08
raw_adjusted,2023-02-17,f,2026-10-02 22:34:50.449352+08
raw_adjusted,2023-02-24,f,2026-10-02 22:34:50.449352+08
raw_adjusted,2023-03-03,f,2026-10-02 22:34:50.449352+08
raw_adjusted,2023-03-10,f,2026-10-02 22:34:50.449352+08
raw_adjusted,2023-03-17,f,2026-10-02 22:34:50.449352+08
raw_adjusted,2023-03-24,f,2026-10-02 22:34:50.449352+08
raw_adjusted,2023-03-31,f,2026-10-02 22:34:50.449352+08
raw_adjusted,2023-04-07,f,2026-10-02 22:34:50.449352+08
raw_adjusted,2023-04-14,f,2026-10-02 22:34:50.449352+08
raw_adjusted,2023-04-21,f,2026-10-02 22:34:50.449352+08
raw_adjusted,2023-04-28,f,2026-10-02 22:34:50.449352+08
raw_adjusted,2023-05-05,f,2026-10-02 22:34:50.449352+08
raw_adjusted,2023-05-12,f,2026-10-02 22:34:50.449352+08
raw_adjusted,2023-05-19,f,2026-10-02 22:34:50.449352+08
raw_adjusted,2023-05-26,f,2026-10-02 22:34:50.449352+08
raw_adjusted,2023-06-02,f,2026-10-02 22:34:50.449352+08
raw_adjusted,2023-06-09,f,2026-10-02 22:34:50.449352+08
raw_adjusted,2023-06-16,f,2026-10-02 22:34:50.449352+08
raw_adjusted,2023-06-23,f,2026-10-02 22:34:50.449352+08
raw_adjusted,2023-06-30,f,2026-10-02 22:34:50.449352+08
raw_adjusted,2023-07-07,f,2026-10-02 22:34:50.449352+08
raw_adjusted,2023-07-14,f,2026-10-02 22:34:50.449352+08
raw_adjusted,2023-07-21,f,2026-10-02 22:34:50.449352+08
raw_adjusted,2023-07-28,f,2026-10-02 22:34:50.449352+08
raw_adjusted,2023-08-04,f,2026-10-02 22:34:50.449352+08
raw_adjusted,2023-08-11,f,2026-10-02 22:34:50.449352+08
raw_adjusted,2023-08-18,f,2026-10-02 22:34:50.449352+08
raw_adjusted,2023-08-25,f,2026-10-02 22:34:50.449352+08
raw_adjusted,2023-09-01,f,2026-10-02 22:34:50.449352+08
raw_adjusted,2023-09-08,f,2026-10-02 22:34:50.449352+08
raw_adjusted,2023-09-15,f,2026-10-02 22:34:50.449352+08
raw_adjusted,2023-09-22,f,2026-10-02 22:34:50.449352+08
raw_adjusted,2023-09-29,f,2026-10-02 22:34:50.449352+08
raw_adjusted,2023-10-13,f,2026-10-02 22:34:50.449352+08
raw_adjusted,2023-10-20,f,2026-10-02 22:34:50.449352+08
raw_adjusted,2023-10-27,f,2026-10-02 22:34:50.449352+08
raw_adjusted,2023-11-03,f,2026-10-02 22:34:50.449352+08
raw_adjusted,2023-11-10,f,2026-10-02 22:34:50.449352+08
raw_adjusted,2023-11-17,f,2026-10-02 22:34:50.449352+08
raw_adjusted,2023-11-24,f,2026-10-02 22:34:50.449352+08
raw_adjusted,2023-12-01,f,2026-10-02 22:34:50.449352+08
raw_adjusted,2023-12-08,f,2026-10-02 22:34:50.449352+08
raw_adjusted,2023-12-15,f,2026-10-02 22:34:50.449352+08
raw_adjusted,2023-12-22,f,2026-10-02 22:34:50.449352+08
raw_adjusted,2023-12-29,f,2026-10-02 22:34:50.449352+08
raw_adjusted,2024-01-05,f,2026-10-02 22:34:50.449352+08
raw_adjusted,2024-01-12,f,2026-10-02 22:34:50.449352+08
raw_adjusted,2024-01-19,f,2026-10-02 22:34:50.449352+08
raw_adjusted,2024-01-26,f,2026-10-02 22:34:50.449352+08
raw_adjusted,2024-02-02,f,2026-10-02 22:34:50.449352+08
raw_adjusted,2024-02-09,f,2026-10-02 22:34:50.449352+08
raw_adjusted,2024-02-23,f,2026-10-02 22:34:50.449352+08
raw_adjusted,2024-03-01,f,2026-10-02 22:34:50.449352+08
raw_adjusted,2024-03-08,f,2026-10-02 22:34:50.449352+08
raw_adjusted,2024-03-15,f,2026-10-02 22:34:50.449352+08
raw_adjusted,2024-03-22,f,2026-10-02 22:34:50.449352+08
raw_adjusted,2024-03-29,f,2026-10-02 22:34:50.449352+08
raw_adjusted,2024-04-05,f,2026-10-02 22:34:50.449352+08
raw_adjusted,2024-04-12,f,2026-10-02 22:34:50.449352+08
raw_adjusted,2024-04-19,f,2026-10-02 22:34:50.449352+08
raw_adjusted,2024-04-26,f,2026-10-02 22:34:50.449352+08
raw_adjusted,2024-05-03,f,2026-10-02 22:34:50.449352+08
raw_adjusted,2024-05-10,f,2026-10-02 22:34:50.449352+08
raw_adjusted,2024-05-17,f,2026-10-02 22:34:50.449352+08
raw_adjusted,2024-05-24,f,2026-10-02 22:34:50.449352+08
raw_adjusted,2024-05-31,f,2026-10-02 22:34:50.449352+08
raw_adjusted,2024-06-07,f,2026-10-02 22:34:50.449352+08
raw_adjusted,2024-06-14,f,2026-10-02 22:34:50.449352+08
raw_adjusted,2024-06-21,f,2026-10-02 22:34:50.449352+08
raw_adjusted,2024-06-28,f,2026-10-02 22:34:50.449352+08
raw_adjusted,2024-07-05,f,2026-10-02 22:34:50.449352+08
raw_adjusted,2024-07-12,f,2026-10-02 22:34:50.449352+08
raw_adjusted,2024-07-19,f,2026-10-02 22:34:50.449352+08
raw_adjusted,2024-07-26,f,2026-10-02 22:34:50.449352+08
raw_adjusted,2024-08-02,f,2026-10-02 22:34:50.449352+08
raw_adjusted,2024-08-09,f,2026-10-02 22:34:50.449352+08
raw_adjusted,2024-08-16,f,2026-10-02 22:34:50.449352+08
raw_adjusted,2024-08-23,f,2026-10-02 22:34:50.449352+08
raw_adjusted,2024-08-30,f,2026-10-02 22:34:50.449352+08
raw_adjusted,2024-09-06,f,2026-10-02 22:34:50.449352+08
raw_adjusted,2024-09-13,f,2026-10-02 22:34:50.449352+08
raw_adjusted,2024-09-20,f,2026-10-02 22:34:50.449352+08
raw_adjusted,2024-09-27,f,2026-10-02 22:34:50.449352+08
raw_adjusted,2024-10-04,f,2026-10-02 22:34:50.449352+08
raw_adjusted,2024-10-11,f,2026-10-02 22:34:50.449352+08
raw_adjusted,2024-10-18,f,2026-10-02 22:34:50.449352+08
raw_adjusted,2024-10-25,f,2026-10-02 22:34:50.449352+08
raw_adjusted,2024-11-01,f,2026-10-02 22:34:50.449352+08
raw_adjusted,2024-11-08,f,2026-10-02 22:34:50.449352+08
raw_adjusted,2024-11-15,f,2026-10-02 22:34:50.449352+08
raw_adjusted,2024-11-22,f,2026-10-02 22:34:50.449352+08
raw_adjusted,2024-11-29,f,2026-10-02 22:34:50.449352+08
raw_adjusted,2024-12-06,f,2026-10-02 22:34:50.449352+08
raw_adjusted,2024-12-13,f,2026-10-02 22:34:50.449352+08
raw_adjusted,2024-12-20,f,2026-10-02 22:34:50.449352+08
raw_adjusted,2024-12-27,f,2026-10-02 22:34:50.449352+08
raw_adjusted,2025-01-03,f,2026-10-02 22:34:50.449352+08
raw_adjusted,2025-01-10,f,2026-10-02 22:34:50.449352+08
raw_adjusted,2025-01-17,f,2026-10-02 22:34:50.449352+08
raw_adjusted,2025-01-24,f,2026-10-02 22:34:50.449352+08
raw_adjusted,2025-01-31,f,2026-10-02 22:34:50.449352+08
raw_adjusted,2025-02-07,f,2026-10-02 22:34:50.449352+08
raw_adjusted,2025-02-14,f,2026-10-02 22:34:50.449352+08
raw_unadjusted,2010-08-27,f,2026-10-02 22:34:50.449352+08
raw_unadjusted,2010-09-03,f,2026-10-02 22:34:50.449352+08
raw_unadjusted,2010-09-10,f,2026-10-02 22:34:50.449352+08
raw_unadjusted,2010-09-17,f,2026-10-02 22:34:50.449352+08
raw_unadjusted,2010-09-24,f,2026-10-02 22:34:50.449352+08
raw_unadjusted,2010-10-01,f,2026-10-02 22:34:50.449352+08
raw_unadjusted,2010-10-08,f,2026-10-02 22:34:50.449352+08
raw_unadjusted,2010-10-15,f,2026-10-02 22:34:50.449352+08
raw_unadjusted,2010-10-22,f,2026-10-02 22:34:50.449352+08
raw_unadjusted,2010-10-29,f,2026-10-02 22:34:50.449352+08
raw_unadjusted,2010-11-05,f,2026-10-02 22:34:50.449352+08
raw_unadjusted,2010-11-12,f,2026-10-02 22:34:50.449352+08
raw_unadjusted,2010-11-19,f,2026-10-02 22:34:50.449352+08
raw_unadjusted,2010-11-26,f,2026-10-02 22:34:50.449352+08
raw_unadjusted,2010-12-03,f,2026-10-02 22:34:50.449352+08
raw_unadjusted,2010-12-10,f,2026-10-02 22:34:50.449352+08
raw_unadjusted,2010-12-17,f,2026-10-02 22:34:50.449352+08
raw_unadjusted,2010-12-24,f,2026-10-02 22:34:50.449352+08
raw_unadjusted,2010-12-31,f,2026-10-02 22:34:50.449352+08
raw_unadjusted,2011-01-07,f,2026-10-02 22:34:50.449352+08
raw_unadjusted,2011-01-14,f,2026-10-02 22:34:50.449352+08
raw_unadjusted,2011-01-21,f,2026-10-02 22:34:50.449352+08
raw_unadjusted,2011-01-28,f,2026-10-02 22:34:50.449352+08
raw_unadjusted,2011-02-04,f,2026-10-02 22:34:50.449352+08
raw_unadjusted,2011-02-11,f,2026-10-02 22:34:50.449352+08
raw_unadjusted,2011-02-18,f,2026-10-02 22:34:50.449352+08
raw_unadjusted,2011-02-25,f,2026-10-02 22:34:50.449352+08
raw_unadjusted,2011-03-04,f,2026-10-02 22:34:50.449352+08
raw_unadjusted,2011-03-11,f,2026-10-02 22:34:50.449352+08
raw_unadjusted,2011-03-18,f,2026-10-02 22:34:50.449352+08
raw_unadjusted,2011-03-25,f,2026-10-02 22:34:50.449352+08
raw_unadjusted,2011-04-01,f,2026-10-02 22:34:50.449352+08
raw_unadjusted,2011-04-08,f,2026-10-02 22:34:50.449352+08
raw_unadjusted,2011-04-15,f,2026-10-02 22:34:50.449352+08
raw_unadjusted,2011-04-22,f,2026-10-02 22:34:50.449352+08
raw_unadjusted,2011-04-29,f,2026-10-02 22:34:50.449352+08
raw_unadjusted,2011-05-06,f,2026-10-02 22:34:50.449352+08
raw_unadjusted,2011-05-13,f,2026-10-02 22:34:50.449352+08
raw_unadjusted,2011-05-20,f,2026-10-02 22:34:50.449352+08
raw_unadjusted,2011-05-27,f,2026-10-02 22:34:50.449352+08
raw_unadjusted,2011-06-03,f,2026-10-02 22:34:50.449352+08
raw_unadjusted,2011-06-10,f,2026-10-02 22:34:50.449352+08
raw_unadjusted,2011-06-17,f,2026-10-02 22:34:50.449352+08
raw_unadjusted,2011-06-24,f,2026-10-02 22:34:50.449352+08
raw_unadjusted,2011-07-01,f,2026-10-02 22:34:50.449352+08
raw_unadjusted,2011-07-08,f,2026-10-02 22:34:50.449352+08
raw_unadjusted,2011-07-15,f,2026-10-02 22:34:50.449352+08
raw_unadjusted,2011-07-22,f,2026-10-02 22:34:50.449352+08
raw_unadjusted,2011-07-29,f,2026-10-02 22:34:50.449352+08
raw_unadjusted,2011-08-05,f,2026-10-02 22:34:50.449352+08
raw_unadjusted,2011-08-12,f,2026-10-02 22:34:50.449352+08
raw_unadjusted,2011-08-19,f,2026-10-02 22:34:50.449352+08
raw_unadjusted,2011-08-26,f,2026-10-02 22:34:50.449352+08
raw_unadjusted,2011-09-02,f,2026-10-02 22:34:50.449352+08
raw_unadjusted,2011-09-09,f,2026-10-02 22:34:50.449352+08
raw_unadjusted,2011-09-16,f,2026-10-02 22:34:50.449352+08
raw_unadjusted,2011-09-23,f,2026-10-02 22:34:50.449352+08
raw_unadjusted,2011-09-30,f,2026-10-02 22:34:50.449352+08
raw_unadjusted,2011-10-14,f,2026-10-02 22:34:50.449352+08
raw_unadjusted,2011-10-21,f,2026-10-02 22:34:50.449352+08
raw_unadjusted,2011-10-28,f,2026-10-02 22:34:50.449352+08
raw_unadjusted,2011-11-04,f,2026-10-02 22:34:50.449352+08
raw_unadjusted,2011-11-11,f,2026-10-02 22:34:50.449352+08
raw_unadjusted,2011-11-18,f,2026-10-02 22:34:50.449352+08
raw_unadjusted,2011-11-25,f,2026-10-02 22:34:50.449352+08
raw_unadjusted,2011-12-02,f,2026-10-02 22:34:50.449352+08
raw_unadjusted,2011-12-09,f,2026-10-02 22:34:50.449352+08
raw_unadjusted,2011-12-16,f,2026-10-02 22:34:50.449352+08
raw_unadjusted,2011-12-23,f,2026-10-02 22:34:50.449352+08
raw_unadjusted,2011-12-30,f,2026-10-02 22:34:50.449352+08
raw_unadjusted,2012-01-06,f,2026-10-02 22:34:50.449352+08
raw_unadjusted,2012-01-13,f,2026-10-02 22:34:50.449352+08
raw_unadjusted,2012-01-20,f,2026-10-02 22:34:50.449352+08
raw_unadjusted,2012-02-03,f,2026-10-02 22:34:50.449352+08
raw_unadjusted,2012-02-10,f,2026-10-02 22:34:50.449352+08
raw_unadjusted,2012-02-17,f,2026-10-02 22:34:50.449352+08
raw_unadjusted,2012-02-24,f,2026-10-02 22:34:50.449352+08
raw_unadjusted,2012-03-02,f,2026-10-02 22:34:50.449352+08
raw_unadjusted,2012-03-09,f,2026-10-02 22:34:50.449352+08
raw_unadjusted,2012-03-16,f,2026-10-02 22:34:50.449352+08
raw_unadjusted,2012-03-23,f,2026-10-02 22:34:50.449352+08
raw_unadjusted,2012-03-30,f,2026-10-02 22:34:50.449352+08
raw_unadjusted,2012-04-06,f,2026-10-02 22:34:50.449352+08
raw_unadjusted,2012-04-13,f,2026-10-02 22:34:50.449352+08
raw_unadjusted,2012-04-20,f,2026-10-02 22:34:50.449352+08
raw_unadjusted,2012-04-27,f,2026-10-02 22:34:50.449352+08
raw_unadjusted,2012-05-04,f,2026-10-02 22:34:50.449352+08
raw_unadjusted,2012-05-11,f,2026-10-02 22:34:50.449352+08
raw_unadjusted,2012-05-18,f,2026-10-02 22:34:50.449352+08
raw_unadjusted,2012-05-25,f,2026-10-02 22:34:50.449352+08
raw_unadjusted,2012-06-01,f,2026-10-02 22:34:50.449352+08
raw_unadjusted,2012-06-08,f,2026-10-02 22:34:50.449352+08
raw_unadjusted,2012-06-15,f,2026-10-02 22:34:50.449352+08
raw_unadjusted,2012-06-22,f,2026-10-02 22:34:50.449352+08
raw_unadjusted,2012-06-29,f,2026-10-02 22:34:50.449352+08
raw_unadjusted,2012-07-06,f,2026-10-02 22:34:50.449352+08
raw_unadjusted,2012-07-13,f,2026-10-02 22:34:50.449352+08
raw_unadjusted,2012-07-20,f,2026-10-02 22:34:50.449352+08
raw_unadjusted,2012-07-27,f,2026-10-02 22:34:50.449352+08
raw_unadjusted,2012-08-03,f,2026-10-02 22:34:50.449352+08
raw_unadjusted,2012-08-10,f,2026-10-02 22:34:50.449352+08
raw_unadjusted,2012-08-17,f,2026-10-02 22:34:50.449352+08
raw_unadjusted,2012-08-24,f,2026-10-02 22:34:50.449352+08
raw_unadjusted,2012-08-31,f,2026-10-02 22:34:50.449352+08
raw_unadjusted,2012-09-07,f,2026-10-02 22:34:50.449352+08
raw_unadjusted,2012-09-14,f,2026-10-02 22:34:50.449352+08
raw_unadjusted,2012-09-21,f,2026-10-02 22:34:50.449352+08
raw_unadjusted,2012-09-28,f,2026-10-02 22:34:50.449352+08
raw_unadjusted,2012-10-12,f,2026-10-02 22:34:50.449352+08
raw_unadjusted,2012-10-19,f,2026-10-02 22:34:50.449352+08
raw_unadjusted,2012-10-26,f,2026-10-02 22:34:50.449352+08
raw_unadjusted,2012-11-02,f,2026-10-02 22:34:50.449352+08
raw_unadjusted,2012-11-09,f,2026-10-02 22:34:50.449352+08
raw_unadjusted,2012-11-16,f,2026-10-02 22:34:50.449352+08
raw_unadjusted,2012-11-23,f,2026-10-02 22:34:50.449352+08
raw_unadjusted,2012-11-30,f,2026-10-02 22:34:50.449352+08
raw_unadjusted,2012-12-07,f,2026-10-02 22:34:50.449352+08
raw_unadjusted,2012-12-14,f,2026-10-02 22:34:50.449352+08
raw_unadjusted,2012-12-21,f,2026-10-02 22:34:50.449352+08
raw_unadjusted,2012-12-28,f,2026-10-02 22:34:50.449352+08
raw_unadjusted,2013-01-04,f,2026-10-02 22:34:50.449352+08
raw_unadjusted,2013-01-11,f,2026-10-02 22:34:50.449352+08
raw_unadjusted,2013-01-18,f,2026-10-02 22:34:50.449352+08
raw_unadjusted,2013-01-25,f,2026-10-02 22:34:50.449352+08
raw_unadjusted,2013-02-01,f,2026-10-02 22:34:50.449352+08
raw_unadjusted,2013-02-08,f,2026-10-02 22:34:50.449352+08
raw_unadjusted,2013-02-22,f,2026-10-02 22:34:50.449352+08
raw_unadjusted,2013-03-01,f,2026-10-02 22:34:50.449352+08
raw_unadjusted,2013-06-14,f,2026-10-02 22:34:50.449352+08
raw_unadjusted,2013-06-21,f,2026-10-02 22:34:50.449352+08
raw_unadjusted,2013-06-28,f,2026-10-02 22:34:50.449352+08
raw_unadjusted,2013-07-05,f,2026-10-02 22:34:50.449352+08
raw_unadjusted,2013-07-12,f,2026-10-02 22:34:50.449352+08
raw_unadjusted,2013-07-19,f,2026-10-02 22:34:50.449352+08
raw_unadjusted,2013-07-26,f,2026-10-02 22:34:50.449352+08
raw_unadjusted,2013-08-02,f,2026-10-02 22:34:50.449352+08
raw_unadjusted,2013-08-09,f,2026-10-02 22:34:50.449352+08
raw_unadjusted,2013-08-16,f,2026-10-02 22:34:50.449352+08
raw_unadjusted,2013-08-23,f,2026-10-02 22:34:50.449352+08
raw_unadjusted,2013-08-30,f,2026-10-02 22:34:50.449352+08
raw_unadjusted,2013-09-06,f,2026-10-02 22:34:50.449352+08
raw_unadjusted,2013-09-13,f,2026-10-02 22:34:50.449352+08
raw_unadjusted,2013-09-20,f,2026-10-02 22:34:50.449352+08
raw_unadjusted,2013-09-27,f,2026-10-02 22:34:50.449352+08
raw_unadjusted,2013-10-04,f,2026-10-02 22:34:50.449352+08
raw_unadjusted,2013-10-11,f,2026-10-02 22:34:50.449352+08
raw_unadjusted,2013-10-18,f,2026-10-02 22:34:50.449352+08
raw_unadjusted,2013-10-25,f,2026-10-02 22:34:50.449352+08
raw_unadjusted,2013-11-01,f,2026-10-02 22:34:50.449352+08
raw_unadjusted,2013-11-08,f,2026-10-02 22:34:50.449352+08
raw_unadjusted,2013-11-15,f,2026-10-02 22:34:50.449352+08
raw_unadjusted,2013-11-22,f,2026-10-02 22:34:50.449352+08
raw_unadjusted,2013-11-29,f,2026-10-02 22:34:50.449352+08
raw_unadjusted,2013-12-06,f,2026-10-02 22:34:50.449352+08
raw_unadjusted,2013-12-13,f,2026-10-02 22:34:50.449352+08
raw_unadjusted,2013-12-20,f,2026-10-02 22:34:50.449352+08
raw_unadjusted,2013-12-27,f,2026-10-02 22:34:50.449352+08
raw_unadjusted,2014-01-03,f,2026-10-02 22:34:50.449352+08
raw_unadjusted,2014-01-10,f,2026-10-02 22:34:50.449352+08
raw_unadjusted,2014-01-17,f,2026-10-02 22:34:50.449352+08
raw_unadjusted,2014-01-24,f,2026-10-02 22:34:50.449352+08
raw_unadjusted,2014-01-31,f,2026-10-02 22:34:50.449352+08
raw_unadjusted,2014-02-07,f,2026-10-02 22:34:50.449352+08
raw_unadjusted,2014-02-14,f,2026-10-02 22:34:50.449352+08
raw_unadjusted,2014-02-21,f,2026-10-02 22:34:50.449352+08
raw_unadjusted,2014-02-28,f,2026-10-02 22:34:50.449352+08
raw_unadjusted,2014-03-07,f,2026-10-02 22:34:50.449352+08
raw_unadjusted,2014-03-14,f,2026-10-02 22:34:50.449352+08
raw_unadjusted,2014-03-21,f,2026-10-02 22:34:50.449352+08
raw_unadjusted,2014-03-28,f,2026-10-02 22:34:50.449352+08
raw_unadjusted,2014-04-04,f,2026-10-02 22:34:50.449352+08
raw_unadjusted,2014-04-11,f,2026-10-02 22:34:50.449352+08
raw_unadjusted,2014-04-18,f,2026-10-02 22:34:50.449352+08
raw_unadjusted,2014-04-25,f,2026-10-02 22:34:50.449352+08
raw_unadjusted,2014-05-02,f,2026-10-02 22:34:50.449352+08
raw_unadjusted,2014-05-09,f,2026-10-02 22:34:50.449352+08
raw_unadjusted,2014-05-16,f,2026-10-02 22:34:50.449352+08
raw_unadjusted,2014-05-23,f,2026-10-02 22:34:50.449352+08
raw_unadjusted,2014-05-30,f,2026-10-02 22:34:50.449352+08
raw_unadjusted,2014-06-06,f,2026-10-02 22:34:50.449352+08
raw_unadjusted,2014-06-13,f,2026-10-02 22:34:50.449352+08
raw_unadjusted,2014-06-20,f,2026-10-02 22:34:50.449352+08
raw_unadjusted,2014-06-27,f,2026-10-02 22:34:50.449352+08
raw_unadjusted,2014-07-04,f,2026-10-02 22:34:50.449352+08
raw_unadjusted,2014-07-11,f,2026-10-02 22:34:50.449352+08
raw_unadjusted,2014-07-18,f,2026-10-02 22:34:50.449352+08
raw_unadjusted,2014-07-25,f,2026-10-02 22:34:50.449352+08
raw_unadjusted,2014-08-01,f,2026-10-02 22:34:50.449352+08
raw_unadjusted,2014-08-08,f,2026-10-02 22:34:50.449352+08
raw_unadjusted,2014-08-15,f,2026-10-02 22:34:50.449352+08
raw_unadjusted,2014-08-22,f,2026-10-02 22:34:50.449352+08
raw_unadjusted,2014-08-29,f,2026-10-02 22:34:50.449352+08
raw_unadjusted,2014-09-05,f,2026-10-02 22:34:50.449352+08
raw_unadjusted,2014-09-12,f,2026-10-02 22:34:50.449352+08
raw_unadjusted,2014-09-19,f,2026-10-02 22:34:50.449352+08
raw_unadjusted,2014-09-26,f,2026-10-02 22:34:50.449352+08
raw_unadjusted,2014-10-03,f,2026-10-02 22:34:50.449352+08
raw_unadjusted,2014-10-10,f,2026-10-02 22:34:50.449352+08
raw_unadjusted,2014-10-17,f,2026-10-02 22:34:50.449352+08
raw_unadjusted,2014-10-24,f,2026-10-02 22:34:50.449352+08
raw_unadjusted,2014-10-31,f,2026-10-02 22:34:50.449352+08
raw_unadjusted,2014-11-07,f,2026-10-02 22:34:50.449352+08
raw_unadjusted,2014-11-14,f,2026-10-02 22:34:50.449352+08
raw_unadjusted,2014-11-21,f,2026-10-02 22:34:50.449352+08
raw_unadjusted,2014-11-28,f,2026-10-02 22:34:50.449352+08
raw_unadjusted,2014-12-05,f,2026-10-02 22:34:50.449352+08
raw_unadjusted,2014-12-12,f,2026-10-02 22:34:50.449352+08
raw_unadjusted,2014-12-19,f,2026-10-02 22:34:50.449352+08
raw_unadjusted,2014-12-26,f,2026-10-02 22:34:50.449352+08
raw_unadjusted,2015-01-02,f,2026-10-02 22:34:50.449352+08
raw_unadjusted,2015-01-09,f,2026-10-02 22:34:50.449352+08
raw_unadjusted,2015-01-16,f,2026-10-02 22:34:50.449352+08
raw_unadjusted,2015-01-23,f,2026-10-02 22:34:50.449352+08
raw_unadjusted,2015-01-30,f,2026-10-02 22:34:50.449352+08
raw_unadjusted,2015-02-06,f,2026-10-02 22:34:50.449352+08
raw_unadjusted,2015-02-13,f,2026-10-02 22:34:50.449352+08
raw_unadjusted,2015-02-20,f,2026-10-02 22:34:50.449352+08
raw_unadjusted,2015-02-27,f,2026-10-02 22:34:50.449352+08
raw_unadjusted,2015-03-06,f,2026-10-02 22:34:50.449352+08
raw_unadjusted,2015-03-13,f,2026-10-02 22:34:50.449352+08
raw_unadjusted,2015-03-20,f,2026-10-02 22:34:50.449352+08
raw_unadjusted,2015-03-27,f,2026-10-02 22:34:50.449352+08
raw_unadjusted,2015-04-03,f,2026-10-02 22:34:50.449352+08
raw_unadjusted,2015-04-10,f,2026-10-02 22:34:50.449352+08
raw_unadjusted,2015-04-17,f,2026-10-02 22:34:50.449352+08
raw_unadjusted,2015-04-24,f,2026-10-02 22:34:50.449352+08
raw_unadjusted,2015-05-01,f,2026-10-02 22:34:50.449352+08
raw_unadjusted,2015-05-08,f,2026-10-02 22:34:50.449352+08
raw_unadjusted,2015-05-15,f,2026-10-02 22:34:50.449352+08
raw_unadjusted,2015-05-22,f,2026-10-02 22:34:50.449352+08
raw_unadjusted,2015-05-29,f,2026-10-02 22:34:50.449352+08
raw_unadjusted,2015-06-05,f,2026-10-02 22:34:50.449352+08
raw_unadjusted,2015-06-12,f,2026-10-02 22:34:50.449352+08
raw_unadjusted,2015-06-19,f,2026-10-02 22:34:50.449352+08
raw_unadjusted,2015-06-26,f,2026-10-02 22:34:50.449352+08
raw_unadjusted,2015-07-03,f,2026-10-02 22:34:50.449352+08
raw_unadjusted,2015-07-10,f,2026-10-02 22:34:50.449352+08
raw_unadjusted,2015-07-17,f,2026-10-02 22:34:50.449352+08
raw_unadjusted,2015-07-24,f,2026-10-02 22:34:50.449352+08
raw_unadjusted,2015-07-31,f,2026-10-02 22:34:50.449352+08
raw_unadjusted,2015-08-07,f,2026-10-02 22:34:50.449352+08
raw_unadjusted,2015-08-14,f,2026-10-02 22:34:50.449352+08
raw_unadjusted,2015-08-21,f,2026-10-02 22:34:50.449352+08
raw_unadjusted,2015-08-28,f,2026-10-02 22:34:50.449352+08
raw_unadjusted,2015-09-04,f,2026-10-02 22:34:50.449352+08
raw_unadjusted,2015-09-11,f,2026-10-02 22:34:50.449352+08
raw_unadjusted,2015-09-18,f,2026-10-02 22:34:50.449352+08
raw_unadjusted,2015-09-25,f,2026-10-02 22:34:50.449352+08
raw_unadjusted,2015-10-02,f,2026-10-02 22:34:50.449352+08
raw_unadjusted,2015-10-09,f,2026-10-02 22:34:50.449352+08
raw_unadjusted,2015-10-16,f,2026-10-02 22:34:50.449352+08
raw_unadjusted,2015-10-23,f,2026-10-02 22:34:50.449352+08
raw_unadjusted,2015-10-30,f,2026-10-02 22:34:50.449352+08
raw_unadjusted,2015-11-06,f,2026-10-02 22:34:50.449352+08
raw_unadjusted,2015-11-13,f,2026-10-02 22:34:50.449352+08
raw_unadjusted,2015-11-20,f,2026-10-02 22:34:50.449352+08
raw_unadjusted,2015-11-27,f,2026-10-02 22:34:50.449352+08
raw_unadjusted,2015-12-04,f,2026-10-02 22:34:50.449352+08
raw_unadjusted,2015-12-11,f,2026-10-02 22:34:50.449352+08
raw_unadjusted,2015-12-18,f,2026-10-02 22:34:50.449352+08
raw_unadjusted,2015-12-25,f,2026-10-02 22:34:50.449352+08
raw_unadjusted,2016-01-01,f,2026-10-02 22:34:50.449352+08
raw_unadjusted,2016-01-08,f,2026-10-02 22:34:50.449352+08
raw_unadjusted,2016-01-15,f,2026-10-02 22:34:50.449352+08
raw_unadjusted,2016-01-22,f,2026-10-02 22:34:50.449352+08
raw_unadjusted,2016-01-29,f,2026-10-02 22:34:50.449352+08
raw_unadjusted,2016-02-05,f,2026-10-02 22:34:50.449352+08
raw_unadjusted,2016-02-19,f,2026-10-02 22:34:50.449352+08
raw_unadjusted,2016-02-26,f,2026-10-02 22:34:50.449352+08
raw_unadjusted,2016-03-04,f,2026-10-02 22:34:50.449352+08
raw_unadjusted,2016-03-11,f,2026-10-02 22:34:50.449352+08
raw_unadjusted,2016-03-18,f,2026-10-02 22:34:50.449352+08
raw_unadjusted,2016-03-25,f,2026-10-02 22:34:50.449352+08
raw_unadjusted,2016-04-01,f,2026-10-02 22:34:50.449352+08
raw_unadjusted,2016-04-08,f,2026-10-02 22:34:50.449352+08
raw_unadjusted,2016-04-15,f,2026-10-02 22:34:50.449352+08
raw_unadjusted,2016-04-22,f,2026-10-02 22:34:50.449352+08
raw_unadjusted,2016-04-29,f,2026-10-02 22:34:50.449352+08
raw_unadjusted,2016-05-06,f,2026-10-02 22:34:50.449352+08
raw_unadjusted,2016-05-13,f,2026-10-02 22:34:50.449352+08
raw_unadjusted,2016-05-20,f,2026-10-02 22:34:50.449352+08
raw_unadjusted,2016-05-27,f,2026-10-02 22:34:50.449352+08
raw_unadjusted,2016-06-03,f,2026-10-02 22:34:50.449352+08
raw_unadjusted,2016-06-10,f,2026-10-02 22:34:50.449352+08
raw_unadjusted,2016-06-17,f,2026-10-02 22:34:50.449352+08
raw_unadjusted,2016-06-24,f,2026-10-02 22:34:50.449352+08
raw_unadjusted,2016-07-01,f,2026-10-02 22:34:50.449352+08
raw_unadjusted,2016-07-08,f,2026-10-02 22:34:50.449352+08
raw_unadjusted,2016-07-15,f,2026-10-02 22:34:50.449352+08
raw_unadjusted,2016-07-22,f,2026-10-02 22:34:50.449352+08
raw_unadjusted,2016-07-29,f,2026-10-02 22:34:50.449352+08
raw_unadjusted,2016-08-05,f,2026-10-02 22:34:50.449352+08
raw_unadjusted,2016-08-12,f,2026-10-02 22:34:50.449352+08
raw_unadjusted,2016-08-19,f,2026-10-02 22:34:50.449352+08
raw_unadjusted,2016-08-26,f,2026-10-02 22:34:50.449352+08
raw_unadjusted,2016-09-02,f,2026-10-02 22:34:50.449352+08
raw_unadjusted,2016-09-09,f,2026-10-02 22:34:50.449352+08
raw_unadjusted,2016-09-16,f,2026-10-02 22:34:50.449352+08
raw_unadjusted,2016-09-23,f,2026-10-02 22:34:50.449352+08
raw_unadjusted,2016-09-30,f,2026-10-02 22:34:50.449352+08
raw_unadjusted,2016-10-14,f,2026-10-02 22:34:50.449352+08
raw_unadjusted,2016-10-21,f,2026-10-02 22:34:50.449352+08
raw_unadjusted,2016-10-28,f,2026-10-02 22:34:50.449352+08
raw_unadjusted,2016-11-04,f,2026-10-02 22:34:50.449352+08
raw_unadjusted,2016-11-11,f,2026-10-02 22:34:50.449352+08
raw_unadjusted,2016-11-18,f,2026-10-02 22:34:50.449352+08
raw_unadjusted,2016-11-25,f,2026-10-02 22:34:50.449352+08
raw_unadjusted,2016-12-02,f,2026-10-02 22:34:50.449352+08
raw_unadjusted,2016-12-09,f,2026-10-02 22:34:50.449352+08
raw_unadjusted,2016-12-16,f,2026-10-02 22:34:50.449352+08
raw_unadjusted,2016-12-23,f,2026-10-02 22:34:50.449352+08
raw_unadjusted,2016-12-30,f,2026-10-02 22:34:50.449352+08
raw_unadjusted,2017-01-06,f,2026-10-02 22:34:50.449352+08
raw_unadjusted,2017-01-13,f,2026-10-02 22:34:50.449352+08
raw_unadjusted,2017-01-20,f,2026-10-02 22:34:50.449352+08
raw_unadjusted,2017-01-27,f,2026-10-02 22:34:50.449352+08
raw_unadjusted,2017-02-03,f,2026-10-02 22:34:50.449352+08
raw_unadjusted,2017-02-10,f,2026-10-02 22:34:50.449352+08
raw_unadjusted,2017-02-17,f,2026-10-02 22:34:50.449352+08
raw_unadjusted,2017-02-24,f,2026-10-02 22:34:50.449352+08
raw_unadjusted,2017-03-03,f,2026-10-02 22:34:50.449352+08
raw_unadjusted,2017-03-10,f,2026-10-02 22:34:50.449352+08
raw_unadjusted,2017-03-17,f,2026-10-02 22:34:50.449352+08
raw_unadjusted,2017-03-24,f,2026-10-02 22:34:50.449352+08
raw_unadjusted,2017-03-31,f,2026-10-02 22:34:50.449352+08
raw_unadjusted,2017-04-07,f,2026-10-02 22:34:50.449352+08
raw_unadjusted,2017-04-14,f,2026-10-02 22:34:50.449352+08
raw_unadjusted,2017-04-21,f,2026-10-02 22:34:50.449352+08
raw_unadjusted,2017-04-28,f,2026-10-02 22:34:50.449352+08
raw_unadjusted,2017-05-05,f,2026-10-02 22:34:50.449352+08
raw_unadjusted,2017-05-12,f,2026-10-02 22:34:50.449352+08
raw_unadjusted,2017-05-19,f,2026-10-02 22:34:50.449352+08
raw_unadjusted,2017-05-26,f,2026-10-02 22:34:50.449352+08
raw_unadjusted,2017-06-02,f,2026-10-02 22:34:50.449352+08
raw_unadjusted,2017-06-09,f,2026-10-02 22:34:50.449352+08
raw_unadjusted,2017-06-16,f,2026-10-02 22:34:50.449352+08
raw_unadjusted,2017-06-23,f,2026-10-02 22:34:50.449352+08
raw_unadjusted,2017-06-30,f,2026-10-02 22:34:50.449352+08
raw_unadjusted,2017-07-07,f,2026-10-02 22:34:50.449352+08
raw_unadjusted,2017-07-14,f,2026-10-02 22:34:50.449352+08
raw_unadjusted,2017-07-21,f,2026-10-02 22:34:50.449352+08
raw_unadjusted,2017-07-28,f,2026-10-02 22:34:50.449352+08
raw_unadjusted,2017-08-04,f,2026-10-02 22:34:50.449352+08
raw_unadjusted,2017-08-11,f,2026-10-02 22:34:50.449352+08
raw_unadjusted,2017-08-18,f,2026-10-02 22:34:50.449352+08
raw_unadjusted,2017-08-25,f,2026-10-02 22:34:50.449352+08
raw_unadjusted,2017-09-01,f,2026-10-02 22:34:50.449352+08
raw_unadjusted,2017-09-08,f,2026-10-02 22:34:50.449352+08
raw_unadjusted,2017-09-15,f,2026-10-02 22:34:50.449352+08
raw_unadjusted,2017-09-22,f,2026-10-02 22:34:50.449352+08
raw_unadjusted,2017-09-29,f,2026-10-02 22:34:50.449352+08
raw_unadjusted,2017-10-13,f,2026-10-02 22:34:50.449352+08
raw_unadjusted,2017-10-20,f,2026-10-02 22:34:50.449352+08
raw_unadjusted,2017-10-27,f,2026-10-02 22:34:50.449352+08
raw_unadjusted,2017-11-03,f,2026-10-02 22:34:50.449352+08
raw_unadjusted,2017-11-10,f,2026-10-02 22:34:50.449352+08
raw_unadjusted,2017-11-17,f,2026-10-02 22:34:50.449352+08
raw_unadjusted,2017-11-24,f,2026-10-02 22:34:50.449352+08
raw_unadjusted,2017-12-01,f,2026-10-02 22:34:50.449352+08
raw_unadjusted,2017-12-08,f,2026-10-02 22:34:50.449352+08
raw_unadjusted,2017-12-15,f,2026-10-02 22:34:50.449352+08
raw_unadjusted,2017-12-22,f,2026-10-02 22:34:50.449352+08
raw_unadjusted,2017-12-29,f,2026-10-02 22:34:50.449352+08
raw_unadjusted,2018-01-05,f,2026-10-02 22:34:50.449352+08
raw_unadjusted,2018-01-12,f,2026-10-02 22:34:50.449352+08
raw_unadjusted,2018-01-19,f,2026-10-02 22:34:50.449352+08
raw_unadjusted,2018-01-26,f,2026-10-02 22:34:50.449352+08
raw_unadjusted,2018-02-02,f,2026-10-02 22:34:50.449352+08
raw_unadjusted,2018-02-09,f,2026-10-02 22:34:50.449352+08
raw_unadjusted,2018-02-16,f,2026-10-02 22:34:50.449352+08
raw_unadjusted,2018-02-23,f,2026-10-02 22:34:50.449352+08
raw_unadjusted,2018-03-02,f,2026-10-02 22:34:50.449352+08
raw_unadjusted,2018-03-09,f,2026-10-02 22:34:50.449352+08
raw_unadjusted,2018-03-16,f,2026-10-02 22:34:50.449352+08
raw_unadjusted,2018-03-23,f,2026-10-02 22:34:50.449352+08
raw_unadjusted,2018-03-30,f,2026-10-02 22:34:50.449352+08
raw_unadjusted,2018-04-06,f,2026-10-02 22:34:50.449352+08
raw_unadjusted,2018-04-13,f,2026-10-02 22:34:50.449352+08
raw_unadjusted,2018-04-20,f,2026-10-02 22:34:50.449352+08
raw_unadjusted,2018-04-27,f,2026-10-02 22:34:50.449352+08
raw_unadjusted,2018-05-04,f,2026-10-02 22:34:50.449352+08
raw_unadjusted,2018-05-11,f,2026-10-02 22:34:50.449352+08
raw_unadjusted,2018-05-18,f,2026-10-02 22:34:50.449352+08
raw_unadjusted,2018-05-25,f,2026-10-02 22:34:50.449352+08
raw_unadjusted,2018-06-01,f,2026-10-02 22:34:50.449352+08
raw_unadjusted,2018-06-08,f,2026-10-02 22:34:50.449352+08
raw_unadjusted,2018-06-15,f,2026-10-02 22:34:50.449352+08
raw_unadjusted,2018-06-22,f,2026-10-02 22:34:50.449352+08
raw_unadjusted,2018-06-29,f,2026-10-02 22:34:50.449352+08
raw_unadjusted,2018-07-06,f,2026-10-02 22:34:50.449352+08
raw_unadjusted,2018-07-13,f,2026-10-02 22:34:50.449352+08
raw_unadjusted,2018-07-20,f,2026-10-02 22:34:50.449352+08
raw_unadjusted,2018-07-27,f,2026-10-02 22:34:50.449352+08
raw_unadjusted,2018-08-03,f,2026-10-02 22:34:50.449352+08
raw_unadjusted,2018-08-10,f,2026-10-02 22:34:50.449352+08
raw_unadjusted,2018-08-17,f,2026-10-02 22:34:50.449352+08
raw_unadjusted,2018-08-24,f,2026-10-02 22:34:50.449352+08
raw_unadjusted,2018-08-31,f,2026-10-02 22:34:50.449352+08
raw_unadjusted,2018-09-07,f,2026-10-02 22:34:50.449352+08
raw_unadjusted,2018-09-14,f,2026-10-02 22:34:50.449352+08
raw_unadjusted,2018-09-21,f,2026-10-02 22:34:50.449352+08
raw_unadjusted,2018-09-28,f,2026-10-02 22:34:50.449352+08
raw_unadjusted,2018-10-12,f,2026-10-02 22:34:50.449352+08
raw_unadjusted,2018-10-19,f,2026-10-02 22:34:50.449352+08
raw_unadjusted,2018-10-26,f,2026-10-02 22:34:50.449352+08
raw_unadjusted,2018-11-02,f,2026-10-02 22:34:50.449352+08
raw_unadjusted,2018-11-09,f,2026-10-02 22:34:50.449352+08
raw_unadjusted,2018-11-16,f,2026-10-02 22:34:50.449352+08
raw_unadjusted,2018-11-23,f,2026-10-02 22:34:50.449352+08
raw_unadjusted,2018-11-30,f,2026-10-02 22:34:50.449352+08
raw_unadjusted,2018-12-07,f,2026-10-02 22:34:50.449352+08
raw_unadjusted,2018-12-14,f,2026-10-02 22:34:50.449352+08
raw_unadjusted,2018-12-21,f,2026-10-02 22:34:50.449352+08
raw_unadjusted,2018-12-28,f,2026-10-02 22:34:50.449352+08
raw_unadjusted,2019-01-04,f,2026-10-02 22:34:50.449352+08
raw_unadjusted,2019-01-11,f,2026-10-02 22:34:50.449352+08
raw_unadjusted,2019-01-18,f,2026-10-02 22:34:50.449352+08
raw_unadjusted,2019-01-25,f,2026-10-02 22:34:50.449352+08
raw_unadjusted,2019-02-01,f,2026-10-02 22:34:50.449352+08
raw_unadjusted,2019-02-15,f,2026-10-02 22:34:50.449352+08
raw_unadjusted,2019-02-22,f,2026-10-02 22:34:50.449352+08
raw_unadjusted,2019-03-01,f,2026-10-02 22:34:50.449352+08
raw_unadjusted,2019-03-08,f,2026-10-02 22:34:50.449352+08
raw_unadjusted,2019-03-15,f,2026-10-02 22:34:50.449352+08
raw_unadjusted,2019-03-22,f,2026-10-02 22:34:50.449352+08
raw_unadjusted,2019-03-29,f,2026-10-02 22:34:50.449352+08
raw_unadjusted,2019-04-05,f,2026-10-02 22:34:50.449352+08
raw_unadjusted,2019-04-12,f,2026-10-02 22:34:50.449352+08
raw_unadjusted,2019-04-19,f,2026-10-02 22:34:50.449352+08
raw_unadjusted,2019-04-26,f,2026-10-02 22:34:50.449352+08
raw_unadjusted,2019-05-03,f,2026-10-02 22:34:50.449352+08
raw_unadjusted,2019-05-10,f,2026-10-02 22:34:50.449352+08
raw_unadjusted,2019-05-17,f,2026-10-02 22:34:50.449352+08
raw_unadjusted,2019-05-24,f,2026-10-02 22:34:50.449352+08
raw_unadjusted,2019-05-31,f,2026-10-02 22:34:50.449352+08
raw_unadjusted,2019-06-07,f,2026-10-02 22:34:50.449352+08
raw_unadjusted,2019-06-14,f,2026-10-02 22:34:50.449352+08
raw_unadjusted,2019-06-21,f,2026-10-02 22:34:50.449352+08
raw_unadjusted,2019-06-28,f,2026-10-02 22:34:50.449352+08
raw_unadjusted,2019-07-05,f,2026-10-02 22:34:50.449352+08
raw_unadjusted,2019-07-12,f,2026-10-02 22:34:50.449352+08
raw_unadjusted,2019-07-19,f,2026-10-02 22:34:50.449352+08
raw_unadjusted,2019-07-26,f,2026-10-02 22:34:50.449352+08
raw_unadjusted,2019-08-02,f,2026-10-02 22:34:50.449352+08
raw_unadjusted,2019-08-09,f,2026-10-02 22:34:50.449352+08
raw_unadjusted,2019-08-16,f,2026-10-02 22:34:50.449352+08
raw_unadjusted,2019-08-23,f,2026-10-02 22:34:50.449352+08
raw_unadjusted,2019-08-30,f,2026-10-02 22:34:50.449352+08
raw_unadjusted,2019-09-06,f,2026-10-02 22:34:50.449352+08
raw_unadjusted,2019-09-13,f,2026-10-02 22:34:50.449352+08
raw_unadjusted,2019-09-20,f,2026-10-02 22:34:50.449352+08
raw_unadjusted,2019-09-27,f,2026-10-02 22:34:50.449352+08
raw_unadjusted,2019-10-04,f,2026-10-02 22:34:50.449352+08
raw_unadjusted,2019-10-11,f,2026-10-02 22:34:50.449352+08
raw_unadjusted,2019-10-18,f,2026-10-02 22:34:50.449352+08
raw_unadjusted,2019-10-25,f,2026-10-02 22:34:50.449352+08
raw_unadjusted,2019-11-01,f,2026-10-02 22:34:50.449352+08
raw_unadjusted,2019-11-08,f,2026-10-02 22:34:50.449352+08
raw_unadjusted,2019-11-15,f,2026-10-02 22:34:50.449352+08
raw_unadjusted,2019-11-22,f,2026-10-02 22:34:50.449352+08
raw_unadjusted,2019-11-29,f,2026-10-02 22:34:50.449352+08
raw_unadjusted,2019-12-06,f,2026-10-02 22:34:50.449352+08
raw_unadjusted,2019-12-13,f,2026-10-02 22:34:50.449352+08
raw_unadjusted,2019-12-20,f,2026-10-02 22:34:50.449352+08
raw_unadjusted,2019-12-27,f,2026-10-02 22:34:50.449352+08
raw_unadjusted,2020-01-03,f,2026-10-02 22:34:50.449352+08
raw_unadjusted,2020-01-10,f,2026-10-02 22:34:50.449352+08
raw_unadjusted,2020-01-17,f,2026-10-02 22:34:50.449352+08
raw_unadjusted,2020-01-24,f,2026-10-02 22:34:50.449352+08
raw_unadjusted,2020-02-07,f,2026-10-02 22:34:50.449352+08
raw_unadjusted,2020-02-14,f,2026-10-02 22:34:50.449352+08
raw_unadjusted,2020-02-21,f,2026-10-02 22:34:50.449352+08
raw_unadjusted,2020-02-28,f,2026-10-02 22:34:50.449352+08
raw_unadjusted,2020-03-06,f,2026-10-02 22:34:50.449352+08
raw_unadjusted,2020-03-13,f,2026-10-02 22:34:50.449352+08
raw_unadjusted,2020-03-20,f,2026-10-02 22:34:50.449352+08
raw_unadjusted,2020-03-27,f,2026-10-02 22:34:50.449352+08
raw_unadjusted,2020-04-03,f,2026-10-02 22:34:50.449352+08
raw_unadjusted,2020-04-10,f,2026-10-02 22:34:50.449352+08
raw_unadjusted,2020-04-17,f,2026-10-02 22:34:50.449352+08
raw_unadjusted,2020-04-24,f,2026-10-02 22:34:50.449352+08
raw_unadjusted,2020-05-01,f,2026-10-02 22:34:50.449352+08
raw_unadjusted,2020-05-08,f,2026-10-02 22:34:50.449352+08
raw_unadjusted,2020-05-15,f,2026-10-02 22:34:50.449352+08
raw_unadjusted,2020-05-22,f,2026-10-02 22:34:50.449352+08
raw_unadjusted,2020-05-29,f,2026-10-02 22:34:50.449352+08
raw_unadjusted,2020-06-05,f,2026-10-02 22:34:50.449352+08
raw_unadjusted,2020-06-12,f,2026-10-02 22:34:50.449352+08
raw_unadjusted,2020-06-19,f,2026-10-02 22:34:50.449352+08
raw_unadjusted,2020-06-26,f,2026-10-02 22:34:50.449352+08
raw_unadjusted,2020-07-03,f,2026-10-02 22:34:50.449352+08
raw_unadjusted,2020-07-10,f,2026-10-02 22:34:50.449352+08
raw_unadjusted,2020-07-17,f,2026-10-02 22:34:50.449352+08
raw_unadjusted,2020-07-24,f,2026-10-02 22:34:50.449352+08
raw_unadjusted,2020-07-31,f,2026-10-02 22:34:50.449352+08
raw_unadjusted,2020-08-07,f,2026-10-02 22:34:50.449352+08
raw_unadjusted,2020-08-14,f,2026-10-02 22:34:50.449352+08
raw_unadjusted,2020-08-21,f,2026-10-02 22:34:50.449352+08
raw_unadjusted,2020-08-28,f,2026-10-02 22:34:50.449352+08
raw_unadjusted,2020-09-04,f,2026-10-02 22:34:50.449352+08
raw_unadjusted,2020-09-11,f,2026-10-02 22:34:50.449352+08
raw_unadjusted,2020-09-18,f,2026-10-02 22:34:50.449352+08
raw_unadjusted,2020-09-25,f,2026-10-02 22:34:50.449352+08
raw_unadjusted,2020-10-02,f,2026-10-02 22:34:50.449352+08
raw_unadjusted,2020-10-09,f,2026-10-02 22:34:50.449352+08
raw_unadjusted,2020-10-16,f,2026-10-02 22:34:50.449352+08
raw_unadjusted,2020-10-23,f,2026-10-02 22:34:50.449352+08
raw_unadjusted,2020-10-30,f,2026-10-02 22:34:50.449352+08
raw_unadjusted,2020-11-06,f,2026-10-02 22:34:50.449352+08
raw_unadjusted,2020-11-13,f,2026-10-02 22:34:50.449352+08
raw_unadjusted,2020-11-20,f,2026-10-02 22:34:50.449352+08
raw_unadjusted,2020-11-27,f,2026-10-02 22:34:50.449352+08
raw_unadjusted,2020-12-04,f,2026-10-02 22:34:50.449352+08
raw_unadjusted,2020-12-11,f,2026-10-02 22:34:50.449352+08
raw_unadjusted,2020-12-18,f,2026-10-02 22:34:50.449352+08
raw_unadjusted,2020-12-25,f,2026-10-02 22:34:50.449352+08
raw_unadjusted,2021-01-01,f,2026-10-02 22:34:50.449352+08
raw_unadjusted,2021-01-08,f,2026-10-02 22:34:50.449352+08
raw_unadjusted,2021-01-15,f,2026-10-02 22:34:50.449352+08
raw_unadjusted,2021-01-22,f,2026-10-02 22:34:50.449352+08
raw_unadjusted,2021-01-29,f,2026-10-02 22:34:50.449352+08
raw_unadjusted,2021-02-05,f,2026-10-02 22:34:50.449352+08
raw_unadjusted,2021-02-12,f,2026-10-02 22:34:50.449352+08
raw_unadjusted,2021-02-19,f,2026-10-02 22:34:50.449352+08
raw_unadjusted,2021-02-26,f,2026-10-02 22:34:50.449352+08
raw_unadjusted,2021-03-05,f,2026-10-02 22:34:50.449352+08
raw_unadjusted,2021-03-12,f,2026-10-02 22:34:50.449352+08
raw_unadjusted,2021-03-19,f,2026-10-02 22:34:50.449352+08
raw_unadjusted,2021-03-26,f,2026-10-02 22:34:50.449352+08
raw_unadjusted,2021-04-02,f,2026-10-02 22:34:50.449352+08
raw_unadjusted,2021-04-09,f,2026-10-02 22:34:50.449352+08
raw_unadjusted,2021-04-16,f,2026-10-02 22:34:50.449352+08
raw_unadjusted,2021-04-23,f,2026-10-02 22:34:50.449352+08
raw_unadjusted,2021-04-30,f,2026-10-02 22:34:50.449352+08
raw_unadjusted,2021-05-07,f,2026-10-02 22:34:50.449352+08
raw_unadjusted,2021-05-14,f,2026-10-02 22:34:50.449352+08
raw_unadjusted,2021-05-21,f,2026-10-02 22:34:50.449352+08
raw_unadjusted,2021-05-28,f,2026-10-02 22:34:50.449352+08
raw_unadjusted,2021-06-04,f,2026-10-02 22:34:50.449352+08
raw_unadjusted,2021-06-11,f,2026-10-02 22:34:50.449352+08
raw_unadjusted,2021-06-18,f,2026-10-02 22:34:50.449352+08
raw_unadjusted,2021-06-25,f,2026-10-02 22:34:50.449352+08
raw_unadjusted,2021-07-02,f,2026-10-02 22:34:50.449352+08
raw_unadjusted,2021-07-09,f,2026-10-02 22:34:50.449352+08
raw_unadjusted,2021-07-16,f,2026-10-02 22:34:50.449352+08
raw_unadjusted,2021-07-23,f,2026-10-02 22:34:50.449352+08
raw_unadjusted,2021-07-30,f,2026-10-02 22:34:50.449352+08
raw_unadjusted,2021-08-06,f,2026-10-02 22:34:50.449352+08
raw_unadjusted,2021-08-13,f,2026-10-02 22:34:50.449352+08
raw_unadjusted,2021-08-20,f,2026-10-02 22:34:50.449352+08
raw_unadjusted,2021-08-27,f,2026-10-02 22:34:50.449352+08
raw_unadjusted,2021-09-03,f,2026-10-02 22:34:50.449352+08
raw_unadjusted,2021-09-10,f,2026-10-02 22:34:50.449352+08
raw_unadjusted,2021-09-17,f,2026-10-02 22:34:50.449352+08
raw_unadjusted,2021-09-24,f,2026-10-02 22:34:50.449352+08
raw_unadjusted,2021-10-01,f,2026-10-02 22:34:50.449352+08
raw_unadjusted,2021-10-08,f,2026-10-02 22:34:50.449352+08
raw_unadjusted,2021-10-15,f,2026-10-02 22:34:50.449352+08
raw_unadjusted,2021-10-22,f,2026-10-02 22:34:50.449352+08
raw_unadjusted,2021-10-29,f,2026-10-02 22:34:50.449352+08
raw_unadjusted,2021-11-05,f,2026-10-02 22:34:50.449352+08
raw_unadjusted,2021-11-12,f,2026-10-02 22:34:50.449352+08
raw_unadjusted,2021-11-19,f,2026-10-02 22:34:50.449352+08
raw_unadjusted,2021-11-26,f,2026-10-02 22:34:50.449352+08
raw_unadjusted,2021-12-03,f,2026-10-02 22:34:50.449352+08
raw_unadjusted,2021-12-10,f,2026-10-02 22:34:50.449352+08
raw_unadjusted,2021-12-17,f,2026-10-02 22:34:50.449352+08
raw_unadjusted,2021-12-24,f,2026-10-02 22:34:50.449352+08
raw_unadjusted,2021-12-31,f,2026-10-02 22:34:50.449352+08
raw_unadjusted,2022-01-07,f,2026-10-02 22:34:50.449352+08
raw_unadjusted,2022-01-14,f,2026-10-02 22:34:50.449352+08
raw_unadjusted,2022-01-21,f,2026-10-02 22:34:50.449352+08
raw_unadjusted,2022-01-28,f,2026-10-02 22:34:50.449352+08
raw_unadjusted,2022-02-11,f,2026-10-02 22:34:50.449352+08
raw_unadjusted,2022-02-18,f,2026-10-02 22:34:50.449352+08
raw_unadjusted,2022-02-25,f,2026-10-02 22:34:50.449352+08
raw_unadjusted,2022-03-04,f,2026-10-02 22:34:50.449352+08
raw_unadjusted,2022-03-11,f,2026-10-02 22:34:50.449352+08
raw_unadjusted,2022-03-18,f,2026-10-02 22:34:50.449352+08
raw_unadjusted,2022-03-25,f,2026-10-02 22:34:50.449352+08
raw_unadjusted,2022-04-01,f,2026-10-02 22:34:50.449352+08
raw_unadjusted,2022-04-08,f,2026-10-02 22:34:50.449352+08
raw_unadjusted,2022-04-15,f,2026-10-02 22:34:50.449352+08
raw_unadjusted,2022-04-22,f,2026-10-02 22:34:50.449352+08
raw_unadjusted,2022-04-29,f,2026-10-02 22:34:50.449352+08
raw_unadjusted,2022-05-06,f,2026-10-02 22:34:50.449352+08
raw_unadjusted,2022-05-13,f,2026-10-02 22:34:50.449352+08
raw_unadjusted,2022-05-20,f,2026-10-02 22:34:50.449352+08
raw_unadjusted,2022-05-27,f,2026-10-02 22:34:50.449352+08
raw_unadjusted,2022-06-03,f,2026-10-02 22:34:50.449352+08
raw_unadjusted,2022-06-10,f,2026-10-02 22:34:50.449352+08
raw_unadjusted,2022-06-17,f,2026-10-02 22:34:50.449352+08
raw_unadjusted,2022-06-24,f,2026-10-02 22:34:50.449352+08
raw_unadjusted,2022-07-01,f,2026-10-02 22:34:50.449352+08
raw_unadjusted,2022-07-08,f,2026-10-02 22:34:50.449352+08
raw_unadjusted,2022-07-15,f,2026-10-02 22:34:50.449352+08
raw_unadjusted,2022-07-22,f,2026-10-02 22:34:50.449352+08
raw_unadjusted,2022-07-29,f,2026-10-02 22:34:50.449352+08
raw_unadjusted,2022-08-05,f,2026-10-02 22:34:50.449352+08
raw_unadjusted,2022-08-12,f,2026-10-02 22:34:50.449352+08
raw_unadjusted,2022-08-19,f,2026-10-02 22:34:50.449352+08
raw_unadjusted,2022-08-26,f,2026-10-02 22:34:50.449352+08
raw_unadjusted,2022-09-02,f,2026-10-02 22:34:50.449352+08
raw_unadjusted,2022-09-09,f,2026-10-02 22:34:50.449352+08
raw_unadjusted,2022-09-16,f,2026-10-02 22:34:50.449352+08
raw_unadjusted,2022-09-23,f,2026-10-02 22:34:50.449352+08
raw_unadjusted,2022-09-30,f,2026-10-02 22:34:50.449352+08
raw_unadjusted,2022-10-14,f,2026-10-02 22:34:50.449352+08
raw_unadjusted,2022-10-21,f,2026-10-02 22:34:50.449352+08
raw_unadjusted,2022-10-28,f,2026-10-02 22:34:50.449352+08
raw_unadjusted,2022-11-04,f,2026-10-02 22:34:50.449352+08
raw_unadjusted,2022-11-11,f,2026-10-02 22:34:50.449352+08
raw_unadjusted,2022-11-18,f,2026-10-02 22:34:50.449352+08
raw_unadjusted,2022-11-25,f,2026-10-02 22:34:50.449352+08
raw_unadjusted,2022-12-02,f,2026-10-02 22:34:50.449352+08
raw_unadjusted,2022-12-09,f,2026-10-02 22:34:50.449352+08
raw_unadjusted,2022-12-16,f,2026-10-02 22:34:50.449352+08
raw_unadjusted,2022-12-23,f,2026-10-02 22:34:50.449352+08
raw_unadjusted,2022-12-30,f,2026-10-02 22:34:50.449352+08
raw_unadjusted,2023-01-06,f,2026-10-02 22:34:50.449352+08
raw_unadjusted,2023-01-13,f,2026-10-02 22:34:50.449352+08
raw_unadjusted,2023-02-03,f,2026-10-02 22:34:50.449352+08
raw_unadjusted,2023-02-10,f,2026-10-02 22:34:50.449352+08
raw_unadjusted,2023-02-17,f,2026-10-02 22:34:50.449352+08
raw_unadjusted,2023-02-24,f,2026-10-02 22:34:50.449352+08
raw_unadjusted,2023-03-03,f,2026-10-02 22:34:50.449352+08
raw_unadjusted,2023-03-10,f,2026-10-02 22:34:50.449352+08
raw_unadjusted,2023-03-17,f,2026-10-02 22:34:50.449352+08
raw_unadjusted,2023-03-24,f,2026-10-02 22:34:50.449352+08
raw_unadjusted,2023-03-31,f,2026-10-02 22:34:50.449352+08
raw_unadjusted,2023-04-07,f,2026-10-02 22:34:50.449352+08
raw_unadjusted,2023-04-14,f,2026-10-02 22:34:50.449352+08
raw_unadjusted,2023-04-21,f,2026-10-02 22:34:50.449352+08
raw_unadjusted,2023-04-28,f,2026-10-02 22:34:50.449352+08
raw_unadjusted,2023-05-05,f,2026-10-02 22:34:50.449352+08
raw_unadjusted,2023-05-12,f,2026-10-02 22:34:50.449352+08
raw_unadjusted,2023-05-19,f,2026-10-02 22:34:50.449352+08
raw_unadjusted,2023-05-26,f,2026-10-02 22:34:50.449352+08
raw_unadjusted,2023-06-02,f,2026-10-02 22:34:50.449352+08
raw_unadjusted,2023-06-09,f,2026-10-02 22:34:50.449352+08
raw_unadjusted,2023-06-16,f,2026-10-02 22:34:50.449352+08
raw_unadjusted,2023-06-23,f,2026-10-02 22:34:50.449352+08
raw_unadjusted,2023-06-30,f,2026-10-02 22:34:50.449352+08
raw_unadjusted,2023-07-07,f,2026-10-02 22:34:50.449352+08
raw_unadjusted,2023-07-14,f,2026-10-02 22:34:50.449352+08
raw_unadjusted,2023-07-21,f,2026-10-02 22:34:50.449352+08
raw_unadjusted,2023-07-28,f,2026-10-02 22:34:50.449352+08
raw_unadjusted,2023-08-04,f,2026-10-02 22:34:50.449352+08
raw_unadjusted,2023-08-11,f,2026-10-02 22:34:50.449352+08
raw_unadjusted,2023-08-18,f,2026-10-02 22:34:50.449352+08
raw_unadjusted,2023-08-25,f,2026-10-02 22:34:50.449352+08
raw_unadjusted,2023-09-01,f,2026-10-02 22:34:50.449352+08
raw_unadjusted,2023-09-08,f,2026-10-02 22:34:50.449352+08
raw_unadjusted,2023-09-15,f,2026-10-02 22:34:50.449352+08
raw_unadjusted,2023-09-22,f,2026-10-02 22:34:50.449352+08
raw_unadjusted,2023-09-29,f,2026-10-02 22:34:50.449352+08
raw_unadjusted,2023-10-13,f,2026-10-02 22:34:50.449352+08
raw_unadjusted,2023-10-20,f,2026-10-02 22:34:50.449352+08
raw_unadjusted,2023-10-27,f,2026-10-02 22:34:50.449352+08
raw_unadjusted,2023-11-03,f,2026-10-02 22:34:50.449352+08
raw_unadjusted,2023-11-10,f,2026-10-02 22:34:50.449352+08
raw_unadjusted,2023-11-17,f,2026-10-02 22:34:50.449352+08
raw_unadjusted,2023-11-24,f,2026-10-02 22:34:50.449352+08
raw_unadjusted,2023-12-01,f,2026-10-02 22:34:50.449352+08
raw_unadjusted,2023-12-08,f,2026-10-02 22:34:50.449352+08
raw_unadjusted,2023-12-15,f,2026-10-02 22:34:50.449352+08
raw_unadjusted,2023-12-22,f,2026-10-02 22:34:50.449352+08
raw_unadjusted,2023-12-29,f,2026-10-02 22:34:50.449352+08
raw_unadjusted,2024-01-05,f,2026-10-02 22:34:50.449352+08
raw_unadjusted,2024-01-12,f,2026-10-02 22:34:50.449352+08
raw_unadjusted,2024-01-19,f,2026-10-02 22:34:50.449352+08
raw_unadjusted,2024-01-26,f,2026-10-02 22:34:50.449352+08
raw_unadjusted,2024-02-02,f,2026-10-02 22:34:50.449352+08
raw_unadjusted,2024-02-09,f,2026-10-02 22:34:50.449352+08
raw_unadjusted,2024-02-23,f,2026-10-02 22:34:50.449352+08
raw_unadjusted,2024-03-01,f,2026-10-02 22:34:50.449352+08
raw_unadjusted,2024-03-08,f,2026-10-02 22:34:50.449352+08
raw_unadjusted,2024-03-15,f,2026-10-02 22:34:50.449352+08
raw_unadjusted,2024-03-22,f,2026-10-02 22:34:50.449352+08
raw_unadjusted,2024-03-29,f,2026-10-02 22:34:50.449352+08
raw_unadjusted,2024-04-05,f,2026-10-02 22:34:50.449352+08
raw_unadjusted,2024-04-12,f,2026-10-02 22:34:50.449352+08
raw_unadjusted,2024-04-19,f,2026-10-02 22:34:50.449352+08
raw_unadjusted,2024-04-26,f,2026-10-02 22:34:50.449352+08
raw_unadjusted,2024-05-03,f,2026-10-02 22:34:50.449352+08
raw_unadjusted,2024-05-10,f,2026-10-02 22:34:50.449352+08
raw_unadjusted,2024-05-17,f,2026-10-02 22:34:50.449352+08
raw_unadjusted,2024-05-24,f,2026-10-02 22:34:50.449352+08
raw_unadjusted,2024-05-31,f,2026-10-02 22:34:50.449352+08
raw_unadjusted,2024-06-07,f,2026-10-02 22:34:50.449352+08
raw_unadjusted,2024-06-14,f,2026-10-02 22:34:50.449352+08
raw_unadjusted,2024-06-21,f,2026-10-02 22:34:50.449352+08
raw_unadjusted,2024-06-28,f,2026-10-02 22:34:50.449352+08
raw_unadjusted,2024-07-05,f,2026-10-02 22:34:50.449352+08
raw_unadjusted,2024-07-12,f,2026-10-02 22:34:50.449352+08
raw_unadjusted,2024-07-19,f,2026-10-02 22:34:50.449352+08
raw_unadjusted,2024-07-26,f,2026-10-02 22:34:50.449352+08
raw_unadjusted,2024-08-02,f,2026-10-02 22:34:50.449352+08
raw_unadjusted,2024-08-09,f,2026-10-02 22:34:50.449352+08
raw_unadjusted,2024-08-16,f,2026-10-02 22:34:50.449352+08
raw_unadjusted,2024-08-23,f,2026-10-02 22:34:50.449352+08
raw_unadjusted,2024-08-30,f,2026-10-02 22:34:50.449352+08
raw_unadjusted,2024-09-06,f,2026-10-02 22:34:50.449352+08
raw_unadjusted,2024-09-13,f,2026-10-02 22:34:50.449352+08
raw_unadjusted,2024-09-20,f,2026-10-02 22:34:50.449352+08
raw_unadjusted,2024-09-27,f,2026-10-02 22:34:50.449352+08
raw_unadjusted,2024-10-04,f,2026-10-02 22:34:50.449352+08
raw_unadjusted,2024-10-11,f,2026-10-02 22:34:50.449352+08
raw_unadjusted,2024-10-18,f,2026-10-02 22:34:50.449352+08
raw_unadjusted,2024-10-25,f,2026-10-02 22:34:50.449352+08
raw_unadjusted,2024-11-01,f,2026-10-02 22:34:50.449352+08
raw_unadjusted,2024-11-08,f,2026-10-02 22:34:50.449352+08
raw_unadjusted,2024-11-15,f,2026-10-02 22:34:50.449352+08
raw_unadjusted,2024-11-22,f,2026-10-02 22:34:50.449352+08
raw_unadjusted,2024-11-29,f,2026-10-02 22:34:50.449352+08
raw_unadjusted,2024-12-06,f,2026-10-02 22:34:50.449352+08
raw_unadjusted,2024-12-13,f,2026-10-02 22:34:50.449352+08
raw_unadjusted,2024-12-20,f,2026-10-02 22:34:50.449352+08
raw_unadjusted,2024-12-27,f,2026-10-02 22:34:50.449352+08
raw_unadjusted,2025-01-03,f,2026-10-02 22:34:50.449352+08
raw_unadjusted,2025-01-10,f,2026-10-02 22:34:50.449352+08
raw_unadjusted,2025-01-17,f,2026-10-02 22:34:50.449352+08
raw_unadjusted,2025-01-24,f,2026-10-02 22:34:50.449352+08
raw_unadjusted,2025-01-31,f,2026-10-02 22:34:50.449352+08
raw_unadjusted,2025-02-07,f,2026-10-02 22:34:50.449352+08
raw_unadjusted,2025-02-14,f,2026-10-02 22:34:50.449352+08
serving_adjusted,2010-08-27,f,2026-10-02 22:34:50.449352+08
serving_adjusted,2010-09-03,f,2026-10-02 22:34:50.449352+08
serving_adjusted,2010-09-10,f,2026-10-02 22:34:50.449352+08
serving_adjusted,2010-09-17,f,2026-10-02 22:34:50.449352+08
serving_adjusted,2010-09-24,f,2026-10-02 22:34:50.449352+08
serving_adjusted,2010-10-01,f,2026-10-02 22:34:50.449352+08
serving_adjusted,2010-10-08,f,2026-10-02 22:34:50.449352+08
serving_adjusted,2010-10-15,f,2026-10-02 22:34:50.449352+08
serving_adjusted,2010-10-22,f,2026-10-02 22:34:50.449352+08
serving_adjusted,2010-10-29,f,2026-10-02 22:34:50.449352+08
serving_adjusted,2010-11-05,f,2026-10-02 22:34:50.449352+08
serving_adjusted,2010-11-12,f,2026-10-02 22:34:50.449352+08
serving_adjusted,2010-11-19,f,2026-10-02 22:34:50.449352+08
serving_adjusted,2010-11-26,f,2026-10-02 22:34:50.449352+08
serving_adjusted,2010-12-03,f,2026-10-02 22:34:50.449352+08
serving_adjusted,2010-12-10,f,2026-10-02 22:34:50.449352+08
serving_adjusted,2010-12-17,f,2026-10-02 22:34:50.449352+08
serving_adjusted,2010-12-24,f,2026-10-02 22:34:50.449352+08
serving_adjusted,2010-12-31,f,2026-10-02 22:34:50.449352+08
serving_adjusted,2011-01-07,f,2026-10-02 22:34:50.449352+08
serving_adjusted,2011-01-14,f,2026-10-02 22:34:50.449352+08
serving_adjusted,2011-01-21,f,2026-10-02 22:34:50.449352+08
serving_adjusted,2011-01-28,f,2026-10-02 22:34:50.449352+08
serving_adjusted,2011-02-04,f,2026-10-02 22:34:50.449352+08
serving_adjusted,2011-02-11,f,2026-10-02 22:34:50.449352+08
serving_adjusted,2011-02-18,f,2026-10-02 22:34:50.449352+08
serving_adjusted,2011-02-25,f,2026-10-02 22:34:50.449352+08
serving_adjusted,2011-03-04,f,2026-10-02 22:34:50.449352+08
serving_adjusted,2011-03-11,f,2026-10-02 22:34:50.449352+08
serving_adjusted,2011-03-18,f,2026-10-02 22:34:50.449352+08
serving_adjusted,2011-03-25,f,2026-10-02 22:34:50.449352+08
serving_adjusted,2011-04-01,f,2026-10-02 22:34:50.449352+08
serving_adjusted,2011-04-08,f,2026-10-02 22:34:50.449352+08
serving_adjusted,2011-04-15,f,2026-10-02 22:34:50.449352+08
serving_adjusted,2011-04-22,f,2026-10-02 22:34:50.449352+08
serving_adjusted,2011-04-29,f,2026-10-02 22:34:50.449352+08
serving_adjusted,2011-05-06,f,2026-10-02 22:34:50.449352+08
serving_adjusted,2011-05-13,f,2026-10-02 22:34:50.449352+08
serving_adjusted,2011-05-20,f,2026-10-02 22:34:50.449352+08
serving_adjusted,2011-05-27,f,2026-10-02 22:34:50.449352+08
serving_adjusted,2011-06-03,f,2026-10-02 22:34:50.449352+08
serving_adjusted,2011-06-10,f,2026-10-02 22:34:50.449352+08
serving_adjusted,2011-06-17,f,2026-10-02 22:34:50.449352+08
serving_adjusted,2011-06-24,f,2026-10-02 22:34:50.449352+08
serving_adjusted,2011-07-01,f,2026-10-02 22:34:50.449352+08
serving_adjusted,2011-07-08,f,2026-10-02 22:34:50.449352+08
serving_adjusted,2011-07-15,f,2026-10-02 22:34:50.449352+08
serving_adjusted,2011-07-22,f,2026-10-02 22:34:50.449352+08
serving_adjusted,2011-07-29,f,2026-10-02 22:34:50.449352+08
serving_adjusted,2011-08-05,f,2026-10-02 22:34:50.449352+08
serving_adjusted,2011-08-12,f,2026-10-02 22:34:50.449352+08
serving_adjusted,2011-08-19,f,2026-10-02 22:34:50.449352+08
serving_adjusted,2011-08-26,f,2026-10-02 22:34:50.449352+08
serving_adjusted,2011-09-02,f,2026-10-02 22:34:50.449352+08
serving_adjusted,2011-09-09,f,2026-10-02 22:34:50.449352+08
serving_adjusted,2011-09-16,f,2026-10-02 22:34:50.449352+08
serving_adjusted,2011-09-23,f,2026-10-02 22:34:50.449352+08
serving_adjusted,2011-09-30,f,2026-10-02 22:34:50.449352+08
serving_adjusted,2011-10-14,f,2026-10-02 22:34:50.449352+08
serving_adjusted,2011-10-21,f,2026-10-02 22:34:50.449352+08
serving_adjusted,2011-10-28,f,2026-10-02 22:34:50.449352+08
serving_adjusted,2011-11-04,f,2026-10-02 22:34:50.449352+08
serving_adjusted,2011-11-11,f,2026-10-02 22:34:50.449352+08
serving_adjusted,2011-11-18,f,2026-10-02 22:34:50.449352+08
serving_adjusted,2011-11-25,f,2026-10-02 22:34:50.449352+08
serving_adjusted,2011-12-02,f,2026-10-02 22:34:50.449352+08
serving_adjusted,2011-12-09,f,2026-10-02 22:34:50.449352+08
serving_adjusted,2011-12-16,f,2026-10-02 22:34:50.449352+08
serving_adjusted,2011-12-23,f,2026-10-02 22:34:50.449352+08
serving_adjusted,2011-12-30,f,2026-10-02 22:34:50.449352+08
serving_adjusted,2012-01-06,f,2026-10-02 22:34:50.449352+08
serving_adjusted,2012-01-13,f,2026-10-02 22:34:50.449352+08
serving_adjusted,2012-01-20,f,2026-10-02 22:34:50.449352+08
serving_adjusted,2012-02-03,f,2026-10-02 22:34:50.449352+08
serving_adjusted,2012-02-10,f,2026-10-02 22:34:50.449352+08
serving_adjusted,2012-02-17,f,2026-10-02 22:34:50.449352+08
serving_adjusted,2012-02-24,f,2026-10-02 22:34:50.449352+08
serving_adjusted,2012-03-02,f,2026-10-02 22:34:50.449352+08
serving_adjusted,2012-03-09,f,2026-10-02 22:34:50.449352+08
serving_adjusted,2012-03-16,f,2026-10-02 22:34:50.449352+08
serving_adjusted,2012-03-23,f,2026-10-02 22:34:50.449352+08
serving_adjusted,2012-03-30,f,2026-10-02 22:34:50.449352+08
serving_adjusted,2012-04-06,f,2026-10-02 22:34:50.449352+08
serving_adjusted,2012-04-13,f,2026-10-02 22:34:50.449352+08
serving_adjusted,2012-04-20,f,2026-10-02 22:34:50.449352+08
serving_adjusted,2012-04-27,f,2026-10-02 22:34:50.449352+08
serving_adjusted,2012-05-04,f,2026-10-02 22:34:50.449352+08
serving_adjusted,2012-05-11,f,2026-10-02 22:34:50.449352+08
serving_adjusted,2012-05-18,f,2026-10-02 22:34:50.449352+08
serving_adjusted,2012-05-25,f,2026-10-02 22:34:50.449352+08
serving_adjusted,2012-06-01,f,2026-10-02 22:34:50.449352+08
serving_adjusted,2012-06-08,f,2026-10-02 22:34:50.449352+08
serving_adjusted,2012-06-15,f,2026-10-02 22:34:50.449352+08
serving_adjusted,2012-06-22,f,2026-10-02 22:34:50.449352+08
serving_adjusted,2012-06-29,f,2026-10-02 22:34:50.449352+08
serving_adjusted,2012-07-06,f,2026-10-02 22:34:50.449352+08
serving_adjusted,2012-07-13,f,2026-10-02 22:34:50.449352+08
serving_adjusted,2012-07-20,f,2026-10-02 22:34:50.449352+08
serving_adjusted,2012-07-27,f,2026-10-02 22:34:50.449352+08
serving_adjusted,2012-08-03,f,2026-10-02 22:34:50.449352+08
serving_adjusted,2012-08-10,f,2026-10-02 22:34:50.449352+08
serving_adjusted,2012-08-17,f,2026-10-02 22:34:50.449352+08
serving_adjusted,2012-08-24,f,2026-10-02 22:34:50.449352+08
serving_adjusted,2012-08-31,f,2026-10-02 22:34:50.449352+08
serving_adjusted,2012-09-07,f,2026-10-02 22:34:50.449352+08
serving_adjusted,2012-09-14,f,2026-10-02 22:34:50.449352+08
serving_adjusted,2012-09-21,f,2026-10-02 22:34:50.449352+08
serving_adjusted,2012-09-28,f,2026-10-02 22:34:50.449352+08
serving_adjusted,2012-10-12,f,2026-10-02 22:34:50.449352+08
serving_adjusted,2012-10-19,f,2026-10-02 22:34:50.449352+08
serving_adjusted,2012-10-26,f,2026-10-02 22:34:50.449352+08
serving_adjusted,2012-11-02,f,2026-10-02 22:34:50.449352+08
serving_adjusted,2012-11-09,f,2026-10-02 22:34:50.449352+08
serving_adjusted,2012-11-16,f,2026-10-02 22:34:50.449352+08
serving_adjusted,2012-11-23,f,2026-10-02 22:34:50.449352+08
serving_adjusted,2012-11-30,f,2026-10-02 22:34:50.449352+08
serving_adjusted,2012-12-07,f,2026-10-02 22:34:50.449352+08
serving_adjusted,2012-12-14,f,2026-10-02 22:34:50.449352+08
serving_adjusted,2012-12-21,f,2026-10-02 22:34:50.449352+08
serving_adjusted,2012-12-28,f,2026-10-02 22:34:50.449352+08
serving_adjusted,2013-01-04,f,2026-10-02 22:34:50.449352+08
serving_adjusted,2013-01-11,f,2026-10-02 22:34:50.449352+08
serving_adjusted,2013-01-18,f,2026-10-02 22:34:50.449352+08
serving_adjusted,2013-01-25,f,2026-10-02 22:34:50.449352+08
serving_adjusted,2013-02-01,f,2026-10-02 22:34:50.449352+08
serving_adjusted,2013-02-08,f,2026-10-02 22:34:50.449352+08
serving_adjusted,2013-02-22,f,2026-10-02 22:34:50.449352+08
serving_adjusted,2013-03-01,f,2026-10-02 22:34:50.449352+08
serving_adjusted,2013-06-14,f,2026-10-02 22:34:50.449352+08
serving_adjusted,2013-06-21,f,2026-10-02 22:34:50.449352+08
serving_adjusted,2013-06-28,f,2026-10-02 22:34:50.449352+08
serving_adjusted,2013-07-05,f,2026-10-02 22:34:50.449352+08
serving_adjusted,2013-07-12,f,2026-10-02 22:34:50.449352+08
serving_adjusted,2013-07-19,f,2026-10-02 22:34:50.449352+08
serving_adjusted,2013-07-26,f,2026-10-02 22:34:50.449352+08
serving_adjusted,2013-08-02,f,2026-10-02 22:34:50.449352+08
serving_adjusted,2013-08-09,f,2026-10-02 22:34:50.449352+08
serving_adjusted,2013-08-16,f,2026-10-02 22:34:50.449352+08
serving_adjusted,2013-08-23,f,2026-10-02 22:34:50.449352+08
serving_adjusted,2013-08-30,f,2026-10-02 22:34:50.449352+08
serving_adjusted,2013-09-06,f,2026-10-02 22:34:50.449352+08
serving_adjusted,2013-09-13,f,2026-10-02 22:34:50.449352+08
serving_adjusted,2013-09-20,f,2026-10-02 22:34:50.449352+08
serving_adjusted,2013-09-27,f,2026-10-02 22:34:50.449352+08
serving_adjusted,2013-10-04,f,2026-10-02 22:34:50.449352+08
serving_adjusted,2013-10-11,f,2026-10-02 22:34:50.449352+08
serving_adjusted,2013-10-18,f,2026-10-02 22:34:50.449352+08
serving_adjusted,2013-10-25,f,2026-10-02 22:34:50.449352+08
serving_adjusted,2013-11-01,f,2026-10-02 22:34:50.449352+08
serving_adjusted,2013-11-08,f,2026-10-02 22:34:50.449352+08
serving_adjusted,2013-11-15,f,2026-10-02 22:34:50.449352+08
serving_adjusted,2013-11-22,f,2026-10-02 22:34:50.449352+08
serving_adjusted,2013-11-29,f,2026-10-02 22:34:50.449352+08
serving_adjusted,2013-12-06,f,2026-10-02 22:34:50.449352+08
serving_adjusted,2013-12-13,f,2026-10-02 22:34:50.449352+08
serving_adjusted,2013-12-20,f,2026-10-02 22:34:50.449352+08
serving_adjusted,2013-12-27,f,2026-10-02 22:34:50.449352+08
serving_adjusted,2014-01-03,f,2026-10-02 22:34:50.449352+08
serving_adjusted,2014-01-10,f,2026-10-02 22:34:50.449352+08
serving_adjusted,2014-01-17,f,2026-10-02 22:34:50.449352+08
serving_adjusted,2014-01-24,f,2026-10-02 22:34:50.449352+08
serving_adjusted,2014-01-31,f,2026-10-02 22:34:50.449352+08
serving_adjusted,2014-02-07,f,2026-10-02 22:34:50.449352+08
serving_adjusted,2014-02-14,f,2026-10-02 22:34:50.449352+08
serving_adjusted,2014-02-21,f,2026-10-02 22:34:50.449352+08
serving_adjusted,2014-02-28,f,2026-10-02 22:34:50.449352+08
serving_adjusted,2014-03-07,f,2026-10-02 22:34:50.449352+08
serving_adjusted,2014-03-14,f,2026-10-02 22:34:50.449352+08
serving_adjusted,2014-03-21,f,2026-10-02 22:34:50.449352+08
serving_adjusted,2014-03-28,f,2026-10-02 22:34:50.449352+08
serving_adjusted,2014-04-04,f,2026-10-02 22:34:50.449352+08
serving_adjusted,2014-04-11,f,2026-10-02 22:34:50.449352+08
serving_adjusted,2014-04-18,f,2026-10-02 22:34:50.449352+08
serving_adjusted,2014-04-25,f,2026-10-02 22:34:50.449352+08
serving_adjusted,2014-05-02,f,2026-10-02 22:34:50.449352+08
serving_adjusted,2014-05-09,f,2026-10-02 22:34:50.449352+08
serving_adjusted,2014-05-16,f,2026-10-02 22:34:50.449352+08
serving_adjusted,2014-05-23,f,2026-10-02 22:34:50.449352+08
serving_adjusted,2014-05-30,f,2026-10-02 22:34:50.449352+08
serving_adjusted,2014-06-06,f,2026-10-02 22:34:50.449352+08
serving_adjusted,2014-06-13,f,2026-10-02 22:34:50.449352+08
serving_adjusted,2014-06-20,f,2026-10-02 22:34:50.449352+08
serving_adjusted,2014-06-27,f,2026-10-02 22:34:50.449352+08
serving_adjusted,2014-07-04,f,2026-10-02 22:34:50.449352+08
serving_adjusted,2014-07-11,f,2026-10-02 22:34:50.449352+08
serving_adjusted,2014-07-18,f,2026-10-02 22:34:50.449352+08
serving_adjusted,2014-07-25,f,2026-10-02 22:34:50.449352+08
serving_adjusted,2014-08-01,f,2026-10-02 22:34:50.449352+08
serving_adjusted,2014-08-08,f,2026-10-02 22:34:50.449352+08
serving_adjusted,2014-08-15,f,2026-10-02 22:34:50.449352+08
serving_adjusted,2014-08-22,f,2026-10-02 22:34:50.449352+08
serving_adjusted,2014-08-29,f,2026-10-02 22:34:50.449352+08
serving_adjusted,2014-09-05,f,2026-10-02 22:34:50.449352+08
serving_adjusted,2014-09-12,f,2026-10-02 22:34:50.449352+08
serving_adjusted,2014-09-19,f,2026-10-02 22:34:50.449352+08
serving_adjusted,2014-09-26,f,2026-10-02 22:34:50.449352+08
serving_adjusted,2014-10-03,f,2026-10-02 22:34:50.449352+08
serving_adjusted,2014-10-10,f,2026-10-02 22:34:50.449352+08
serving_adjusted,2014-10-17,f,2026-10-02 22:34:50.449352+08
serving_adjusted,2014-10-24,f,2026-10-02 22:34:50.449352+08
serving_adjusted,2014-10-31,f,2026-10-02 22:34:50.449352+08
serving_adjusted,2014-11-07,f,2026-10-02 22:34:50.449352+08
serving_adjusted,2014-11-14,f,2026-10-02 22:34:50.449352+08
serving_adjusted,2014-11-21,f,2026-10-02 22:34:50.449352+08
serving_adjusted,2014-11-28,f,2026-10-02 22:34:50.449352+08
serving_adjusted,2014-12-05,f,2026-10-02 22:34:50.449352+08
serving_adjusted,2014-12-12,f,2026-10-02 22:34:50.449352+08
serving_adjusted,2014-12-19,f,2026-10-02 22:34:50.449352+08
serving_adjusted,2014-12-26,f,2026-10-02 22:34:50.449352+08
serving_adjusted,2015-01-02,f,2026-10-02 22:34:50.449352+08
serving_adjusted,2015-01-09,f,2026-10-02 22:34:50.449352+08
serving_adjusted,2015-01-16,f,2026-10-02 22:34:50.449352+08
serving_adjusted,2015-01-23,f,2026-10-02 22:34:50.449352+08
serving_adjusted,2015-01-30,f,2026-10-02 22:34:50.449352+08
serving_adjusted,2015-02-06,f,2026-10-02 22:34:50.449352+08
serving_adjusted,2015-02-13,f,2026-10-02 22:34:50.449352+08
serving_adjusted,2015-02-20,f,2026-10-02 22:34:50.449352+08
serving_adjusted,2015-02-27,f,2026-10-02 22:34:50.449352+08
serving_adjusted,2015-03-06,f,2026-10-02 22:34:50.449352+08
serving_adjusted,2015-03-13,f,2026-10-02 22:34:50.449352+08
serving_adjusted,2015-03-20,f,2026-10-02 22:34:50.449352+08
serving_adjusted,2015-03-27,f,2026-10-02 22:34:50.449352+08
serving_adjusted,2015-04-03,f,2026-10-02 22:34:50.449352+08
serving_adjusted,2015-04-10,f,2026-10-02 22:34:50.449352+08
serving_adjusted,2015-04-17,f,2026-10-02 22:34:50.449352+08
serving_adjusted,2015-04-24,f,2026-10-02 22:34:50.449352+08
serving_adjusted,2015-05-01,f,2026-10-02 22:34:50.449352+08
serving_adjusted,2015-05-08,f,2026-10-02 22:34:50.449352+08
serving_adjusted,2015-05-15,f,2026-10-02 22:34:50.449352+08
serving_adjusted,2015-05-22,f,2026-10-02 22:34:50.449352+08
serving_adjusted,2015-05-29,f,2026-10-02 22:34:50.449352+08
serving_adjusted,2015-06-05,f,2026-10-02 22:34:50.449352+08
serving_adjusted,2015-06-12,f,2026-10-02 22:34:50.449352+08
serving_adjusted,2015-06-19,f,2026-10-02 22:34:50.449352+08
serving_adjusted,2015-06-26,f,2026-10-02 22:34:50.449352+08
serving_adjusted,2015-07-03,f,2026-10-02 22:34:50.449352+08
serving_adjusted,2015-07-10,f,2026-10-02 22:34:50.449352+08
serving_adjusted,2015-07-17,f,2026-10-02 22:34:50.449352+08
serving_adjusted,2015-07-24,f,2026-10-02 22:34:50.449352+08
serving_adjusted,2015-07-31,f,2026-10-02 22:34:50.449352+08
serving_adjusted,2015-08-07,f,2026-10-02 22:34:50.449352+08
serving_adjusted,2015-08-14,f,2026-10-02 22:34:50.449352+08
serving_adjusted,2015-08-21,f,2026-10-02 22:34:50.449352+08
serving_adjusted,2015-08-28,f,2026-10-02 22:34:50.449352+08
serving_adjusted,2015-09-04,f,2026-10-02 22:34:50.449352+08
serving_adjusted,2015-09-11,f,2026-10-02 22:34:50.449352+08
serving_adjusted,2015-09-18,f,2026-10-02 22:34:50.449352+08
serving_adjusted,2015-09-25,f,2026-10-02 22:34:50.449352+08
serving_adjusted,2015-10-02,f,2026-10-02 22:34:50.449352+08
serving_adjusted,2015-10-09,f,2026-10-02 22:34:50.449352+08
serving_adjusted,2015-10-16,f,2026-10-02 22:34:50.449352+08
serving_adjusted,2015-10-23,f,2026-10-02 22:34:50.449352+08
serving_adjusted,2015-10-30,f,2026-10-02 22:34:50.449352+08
serving_adjusted,2015-11-06,f,2026-10-02 22:34:50.449352+08
serving_adjusted,2015-11-13,f,2026-10-02 22:34:50.449352+08
serving_adjusted,2015-11-20,f,2026-10-02 22:34:50.449352+08
serving_adjusted,2015-11-27,f,2026-10-02 22:34:50.449352+08
serving_adjusted,2015-12-04,f,2026-10-02 22:34:50.449352+08
serving_adjusted,2015-12-11,f,2026-10-02 22:34:50.449352+08
serving_adjusted,2015-12-18,f,2026-10-02 22:34:50.449352+08
serving_adjusted,2015-12-25,f,2026-10-02 22:34:50.449352+08
serving_adjusted,2016-01-01,f,2026-10-02 22:34:50.449352+08
serving_adjusted,2016-01-08,f,2026-10-02 22:34:50.449352+08
serving_adjusted,2016-01-15,f,2026-10-02 22:34:50.449352+08
serving_adjusted,2016-01-22,f,2026-10-02 22:34:50.449352+08
serving_adjusted,2016-01-29,f,2026-10-02 22:34:50.449352+08
serving_adjusted,2016-02-05,f,2026-10-02 22:34:50.449352+08
serving_adjusted,2016-02-19,f,2026-10-02 22:34:50.449352+08
serving_adjusted,2016-02-26,f,2026-10-02 22:34:50.449352+08
serving_adjusted,2016-03-04,f,2026-10-02 22:34:50.449352+08
serving_adjusted,2016-03-11,f,2026-10-02 22:34:50.449352+08
serving_adjusted,2016-03-18,f,2026-10-02 22:34:50.449352+08
serving_adjusted,2016-03-25,f,2026-10-02 22:34:50.449352+08
serving_adjusted,2016-04-01,f,2026-10-02 22:34:50.449352+08
serving_adjusted,2016-04-08,f,2026-10-02 22:34:50.449352+08
serving_adjusted,2016-04-15,f,2026-10-02 22:34:50.449352+08
serving_adjusted,2016-04-22,f,2026-10-02 22:34:50.449352+08
serving_adjusted,2016-04-29,f,2026-10-02 22:34:50.449352+08
serving_adjusted,2016-05-06,f,2026-10-02 22:34:50.449352+08
serving_adjusted,2016-05-13,f,2026-10-02 22:34:50.449352+08
serving_adjusted,2016-05-20,f,2026-10-02 22:34:50.449352+08
serving_adjusted,2016-05-27,f,2026-10-02 22:34:50.449352+08
serving_adjusted,2016-06-03,f,2026-10-02 22:34:50.449352+08
serving_adjusted,2016-06-10,f,2026-10-02 22:34:50.449352+08
serving_adjusted,2016-06-17,f,2026-10-02 22:34:50.449352+08
serving_adjusted,2016-06-24,f,2026-10-02 22:34:50.449352+08
serving_adjusted,2016-07-01,f,2026-10-02 22:34:50.449352+08
serving_adjusted,2016-07-08,f,2026-10-02 22:34:50.449352+08
serving_adjusted,2016-07-15,f,2026-10-02 22:34:50.449352+08
serving_adjusted,2016-07-22,f,2026-10-02 22:34:50.449352+08
serving_adjusted,2016-07-29,f,2026-10-02 22:34:50.449352+08
serving_adjusted,2016-08-05,f,2026-10-02 22:34:50.449352+08
serving_adjusted,2016-08-12,f,2026-10-02 22:34:50.449352+08
serving_adjusted,2016-08-19,f,2026-10-02 22:34:50.449352+08
serving_adjusted,2016-08-26,f,2026-10-02 22:34:50.449352+08
serving_adjusted,2016-09-02,f,2026-10-02 22:34:50.449352+08
serving_adjusted,2016-09-09,f,2026-10-02 22:34:50.449352+08
serving_adjusted,2016-09-16,f,2026-10-02 22:34:50.449352+08
serving_adjusted,2016-09-23,f,2026-10-02 22:34:50.449352+08
serving_adjusted,2016-09-30,f,2026-10-02 22:34:50.449352+08
serving_adjusted,2016-10-14,f,2026-10-02 22:34:50.449352+08
serving_adjusted,2016-10-21,f,2026-10-02 22:34:50.449352+08
serving_adjusted,2016-10-28,f,2026-10-02 22:34:50.449352+08
serving_adjusted,2016-11-04,f,2026-10-02 22:34:50.449352+08
serving_adjusted,2016-11-11,f,2026-10-02 22:34:50.449352+08
serving_adjusted,2016-11-18,f,2026-10-02 22:34:50.449352+08
serving_adjusted,2016-11-25,f,2026-10-02 22:34:50.449352+08
serving_adjusted,2016-12-02,f,2026-10-02 22:34:50.449352+08
serving_adjusted,2016-12-09,f,2026-10-02 22:34:50.449352+08
serving_adjusted,2016-12-16,f,2026-10-02 22:34:50.449352+08
serving_adjusted,2016-12-23,f,2026-10-02 22:34:50.449352+08
serving_adjusted,2016-12-30,f,2026-10-02 22:34:50.449352+08
serving_adjusted,2017-01-06,f,2026-10-02 22:34:50.449352+08
serving_adjusted,2017-01-13,f,2026-10-02 22:34:50.449352+08
serving_adjusted,2017-01-20,f,2026-10-02 22:34:50.449352+08
serving_adjusted,2017-01-27,f,2026-10-02 22:34:50.449352+08
serving_adjusted,2017-02-03,f,2026-10-02 22:34:50.449352+08
serving_adjusted,2017-02-10,f,2026-10-02 22:34:50.449352+08
serving_adjusted,2017-02-17,f,2026-10-02 22:34:50.449352+08
serving_adjusted,2017-02-24,f,2026-10-02 22:34:50.449352+08
serving_adjusted,2017-03-03,f,2026-10-02 22:34:50.449352+08
serving_adjusted,2017-03-10,f,2026-10-02 22:34:50.449352+08
serving_adjusted,2017-03-17,f,2026-10-02 22:34:50.449352+08
serving_adjusted,2017-03-24,f,2026-10-02 22:34:50.449352+08
serving_adjusted,2017-03-31,f,2026-10-02 22:34:50.449352+08
serving_adjusted,2017-04-07,f,2026-10-02 22:34:50.449352+08
serving_adjusted,2017-04-14,f,2026-10-02 22:34:50.449352+08
serving_adjusted,2017-04-21,f,2026-10-02 22:34:50.449352+08
serving_adjusted,2017-04-28,f,2026-10-02 22:34:50.449352+08
serving_adjusted,2017-05-05,f,2026-10-02 22:34:50.449352+08
serving_adjusted,2017-05-12,f,2026-10-02 22:34:50.449352+08
serving_adjusted,2017-05-19,f,2026-10-02 22:34:50.449352+08
serving_adjusted,2017-05-26,f,2026-10-02 22:34:50.449352+08
serving_adjusted,2017-06-02,f,2026-10-02 22:34:50.449352+08
serving_adjusted,2017-06-09,f,2026-10-02 22:34:50.449352+08
serving_adjusted,2017-06-16,f,2026-10-02 22:34:50.449352+08
serving_adjusted,2017-06-23,f,2026-10-02 22:34:50.449352+08
serving_adjusted,2017-06-30,f,2026-10-02 22:34:50.449352+08
serving_adjusted,2017-07-07,f,2026-10-02 22:34:50.449352+08
serving_adjusted,2017-07-14,f,2026-10-02 22:34:50.449352+08
serving_adjusted,2017-07-21,f,2026-10-02 22:34:50.449352+08
serving_adjusted,2017-07-28,f,2026-10-02 22:34:50.449352+08
serving_adjusted,2017-08-04,f,2026-10-02 22:34:50.449352+08
serving_adjusted,2017-08-11,f,2026-10-02 22:34:50.449352+08
serving_adjusted,2017-08-18,f,2026-10-02 22:34:50.449352+08
serving_adjusted,2017-08-25,f,2026-10-02 22:34:50.449352+08
serving_adjusted,2017-09-01,f,2026-10-02 22:34:50.449352+08
serving_adjusted,2017-09-08,f,2026-10-02 22:34:50.449352+08
serving_adjusted,2017-09-15,f,2026-10-02 22:34:50.449352+08
serving_adjusted,2017-09-22,f,2026-10-02 22:34:50.449352+08
serving_adjusted,2017-09-29,f,2026-10-02 22:34:50.449352+08
serving_adjusted,2017-10-13,f,2026-10-02 22:34:50.449352+08
serving_adjusted,2017-10-20,f,2026-10-02 22:34:50.449352+08
serving_adjusted,2017-10-27,f,2026-10-02 22:34:50.449352+08
serving_adjusted,2017-11-03,f,2026-10-02 22:34:50.449352+08
serving_adjusted,2017-11-10,f,2026-10-02 22:34:50.449352+08
serving_adjusted,2017-11-17,f,2026-10-02 22:34:50.449352+08
serving_adjusted,2017-11-24,f,2026-10-02 22:34:50.449352+08
serving_adjusted,2017-12-01,f,2026-10-02 22:34:50.449352+08
serving_adjusted,2017-12-08,f,2026-10-02 22:34:50.449352+08
serving_adjusted,2017-12-15,f,2026-10-02 22:34:50.449352+08
serving_adjusted,2017-12-22,f,2026-10-02 22:34:50.449352+08
serving_adjusted,2017-12-29,f,2026-10-02 22:34:50.449352+08
serving_adjusted,2018-01-05,f,2026-10-02 22:34:50.449352+08
serving_adjusted,2018-01-12,f,2026-10-02 22:34:50.449352+08
serving_adjusted,2018-01-19,f,2026-10-02 22:34:50.449352+08
serving_adjusted,2018-01-26,f,2026-10-02 22:34:50.449352+08
serving_adjusted,2018-02-02,f,2026-10-02 22:34:50.449352+08
serving_adjusted,2018-02-09,f,2026-10-02 22:34:50.449352+08
serving_adjusted,2018-02-16,f,2026-10-02 22:34:50.449352+08
serving_adjusted,2018-02-23,f,2026-10-02 22:34:50.449352+08
serving_adjusted,2018-03-02,f,2026-10-02 22:34:50.449352+08
serving_adjusted,2018-03-09,f,2026-10-02 22:34:50.449352+08
serving_adjusted,2018-03-16,f,2026-10-02 22:34:50.449352+08
serving_adjusted,2018-03-23,f,2026-10-02 22:34:50.449352+08
serving_adjusted,2018-03-30,f,2026-10-02 22:34:50.449352+08
serving_adjusted,2018-04-06,f,2026-10-02 22:34:50.449352+08
serving_adjusted,2018-04-13,f,2026-10-02 22:34:50.449352+08
serving_adjusted,2018-04-20,f,2026-10-02 22:34:50.449352+08
serving_adjusted,2018-04-27,f,2026-10-02 22:34:50.449352+08
serving_adjusted,2018-05-04,f,2026-10-02 22:34:50.449352+08
serving_adjusted,2018-05-11,f,2026-10-02 22:34:50.449352+08
serving_adjusted,2018-05-18,f,2026-10-02 22:34:50.449352+08
serving_adjusted,2018-05-25,f,2026-10-02 22:34:50.449352+08
serving_adjusted,2018-06-01,f,2026-10-02 22:34:50.449352+08
serving_adjusted,2018-06-08,f,2026-10-02 22:34:50.449352+08
serving_adjusted,2018-06-15,f,2026-10-02 22:34:50.449352+08
serving_adjusted,2018-06-22,f,2026-10-02 22:34:50.449352+08
serving_adjusted,2018-06-29,f,2026-10-02 22:34:50.449352+08
serving_adjusted,2018-07-06,f,2026-10-02 22:34:50.449352+08
serving_adjusted,2018-07-13,f,2026-10-02 22:34:50.449352+08
serving_adjusted,2018-07-20,f,2026-10-02 22:34:50.449352+08
serving_adjusted,2018-07-27,f,2026-10-02 22:34:50.449352+08
serving_adjusted,2018-08-03,f,2026-10-02 22:34:50.449352+08
serving_adjusted,2018-08-10,f,2026-10-02 22:34:50.449352+08
serving_adjusted,2018-08-17,f,2026-10-02 22:34:50.449352+08
serving_adjusted,2018-08-24,f,2026-10-02 22:34:50.449352+08
serving_adjusted,2018-08-31,f,2026-10-02 22:34:50.449352+08
serving_adjusted,2018-09-07,f,2026-10-02 22:34:50.449352+08
serving_adjusted,2018-09-14,f,2026-10-02 22:34:50.449352+08
serving_adjusted,2018-09-21,f,2026-10-02 22:34:50.449352+08
serving_adjusted,2018-09-28,f,2026-10-02 22:34:50.449352+08
serving_adjusted,2018-10-12,f,2026-10-02 22:34:50.449352+08
serving_adjusted,2018-10-19,f,2026-10-02 22:34:50.449352+08
serving_adjusted,2018-10-26,f,2026-10-02 22:34:50.449352+08
serving_adjusted,2018-11-02,f,2026-10-02 22:34:50.449352+08
serving_adjusted,2018-11-09,f,2026-10-02 22:34:50.449352+08
serving_adjusted,2018-11-16,f,2026-10-02 22:34:50.449352+08
serving_adjusted,2018-11-23,f,2026-10-02 22:34:50.449352+08
serving_adjusted,2018-11-30,f,2026-10-02 22:34:50.449352+08
serving_adjusted,2018-12-07,f,2026-10-02 22:34:50.449352+08
serving_adjusted,2018-12-14,f,2026-10-02 22:34:50.449352+08
serving_adjusted,2018-12-21,f,2026-10-02 22:34:50.449352+08
serving_adjusted,2018-12-28,f,2026-10-02 22:34:50.449352+08
serving_adjusted,2019-01-04,f,2026-10-02 22:34:50.449352+08
serving_adjusted,2019-01-11,f,2026-10-02 22:34:50.449352+08
serving_adjusted,2019-01-18,f,2026-10-02 22:34:50.449352+08
serving_adjusted,2019-01-25,f,2026-10-02 22:34:50.449352+08
serving_adjusted,2019-02-01,f,2026-10-02 22:34:50.449352+08
serving_adjusted,2019-02-15,f,2026-10-02 22:34:50.449352+08
serving_adjusted,2019-02-22,f,2026-10-02 22:34:50.449352+08
serving_adjusted,2019-03-01,f,2026-10-02 22:34:50.449352+08
serving_adjusted,2019-03-08,f,2026-10-02 22:34:50.449352+08
serving_adjusted,2019-03-15,f,2026-10-02 22:34:50.449352+08
serving_adjusted,2019-03-22,f,2026-10-02 22:34:50.449352+08
serving_adjusted,2019-03-29,f,2026-10-02 22:34:50.449352+08
serving_adjusted,2019-04-05,f,2026-10-02 22:34:50.449352+08
serving_adjusted,2019-04-12,f,2026-10-02 22:34:50.449352+08
serving_adjusted,2019-04-19,f,2026-10-02 22:34:50.449352+08
serving_adjusted,2019-04-26,f,2026-10-02 22:34:50.449352+08
serving_adjusted,2019-05-03,f,2026-10-02 22:34:50.449352+08
serving_adjusted,2019-05-10,f,2026-10-02 22:34:50.449352+08
serving_adjusted,2019-05-17,f,2026-10-02 22:34:50.449352+08
serving_adjusted,2019-05-24,f,2026-10-02 22:34:50.449352+08
serving_adjusted,2019-05-31,f,2026-10-02 22:34:50.449352+08
serving_adjusted,2019-06-07,f,2026-10-02 22:34:50.449352+08
serving_adjusted,2019-06-14,f,2026-10-02 22:34:50.449352+08
serving_adjusted,2019-06-21,f,2026-10-02 22:34:50.449352+08
serving_adjusted,2019-06-28,f,2026-10-02 22:34:50.449352+08
serving_adjusted,2019-07-05,f,2026-10-02 22:34:50.449352+08
serving_adjusted,2019-07-12,f,2026-10-02 22:34:50.449352+08
serving_adjusted,2019-07-19,f,2026-10-02 22:34:50.449352+08
serving_adjusted,2019-07-26,f,2026-10-02 22:34:50.449352+08
serving_adjusted,2019-08-02,f,2026-10-02 22:34:50.449352+08
serving_adjusted,2019-08-09,f,2026-10-02 22:34:50.449352+08
serving_adjusted,2019-08-16,f,2026-10-02 22:34:50.449352+08
serving_adjusted,2019-08-23,f,2026-10-02 22:34:50.449352+08
serving_adjusted,2019-08-30,f,2026-10-02 22:34:50.449352+08
serving_adjusted,2019-09-06,f,2026-10-02 22:34:50.449352+08
serving_adjusted,2019-09-13,f,2026-10-02 22:34:50.449352+08
serving_adjusted,2019-09-20,f,2026-10-02 22:34:50.449352+08
serving_adjusted,2019-09-27,f,2026-10-02 22:34:50.449352+08
serving_adjusted,2019-10-04,f,2026-10-02 22:34:50.449352+08
serving_adjusted,2019-10-11,f,2026-10-02 22:34:50.449352+08
serving_adjusted,2019-10-18,f,2026-10-02 22:34:50.449352+08
serving_adjusted,2019-10-25,f,2026-10-02 22:34:50.449352+08
serving_adjusted,2019-11-01,f,2026-10-02 22:34:50.449352+08
serving_adjusted,2019-11-08,f,2026-10-02 22:34:50.449352+08
serving_adjusted,2019-11-15,f,2026-10-02 22:34:50.449352+08
serving_adjusted,2019-11-22,f,2026-10-02 22:34:50.449352+08
serving_adjusted,2019-11-29,f,2026-10-02 22:34:50.449352+08
serving_adjusted,2019-12-06,f,2026-10-02 22:34:50.449352+08
serving_adjusted,2019-12-13,f,2026-10-02 22:34:50.449352+08
serving_adjusted,2019-12-20,f,2026-10-02 22:34:50.449352+08
serving_adjusted,2019-12-27,f,2026-10-02 22:34:50.449352+08
serving_adjusted,2020-01-03,f,2026-10-02 22:34:50.449352+08
serving_adjusted,2020-01-10,f,2026-10-02 22:34:50.449352+08
serving_adjusted,2020-01-17,f,2026-10-02 22:34:50.449352+08
serving_adjusted,2020-01-24,f,2026-10-02 22:34:50.449352+08
serving_adjusted,2020-02-07,f,2026-10-02 22:34:50.449352+08
serving_adjusted,2020-02-14,f,2026-10-02 22:34:50.449352+08
serving_adjusted,2020-02-21,f,2026-10-02 22:34:50.449352+08
serving_adjusted,2020-02-28,f,2026-10-02 22:34:50.449352+08
serving_adjusted,2020-03-06,f,2026-10-02 22:34:50.449352+08
serving_adjusted,2020-03-13,f,2026-10-02 22:34:50.449352+08
serving_adjusted,2020-03-20,f,2026-10-02 22:34:50.449352+08
serving_adjusted,2020-03-27,f,2026-10-02 22:34:50.449352+08
serving_adjusted,2020-04-03,f,2026-10-02 22:34:50.449352+08
serving_adjusted,2020-04-10,f,2026-10-02 22:34:50.449352+08
serving_adjusted,2020-04-17,f,2026-10-02 22:34:50.449352+08
serving_adjusted,2020-04-24,f,2026-10-02 22:34:50.449352+08
serving_adjusted,2020-05-01,f,2026-10-02 22:34:50.449352+08
serving_adjusted,2020-05-08,f,2026-10-02 22:34:50.449352+08
serving_adjusted,2020-05-15,f,2026-10-02 22:34:50.449352+08
serving_adjusted,2020-05-22,f,2026-10-02 22:34:50.449352+08
serving_adjusted,2020-05-29,f,2026-10-02 22:34:50.449352+08
serving_adjusted,2020-06-05,f,2026-10-02 22:34:50.449352+08
serving_adjusted,2020-06-12,f,2026-10-02 22:34:50.449352+08
serving_adjusted,2020-06-19,f,2026-10-02 22:34:50.449352+08
serving_adjusted,2020-06-26,f,2026-10-02 22:34:50.449352+08
serving_adjusted,2020-07-03,f,2026-10-02 22:34:50.449352+08
serving_adjusted,2020-07-10,f,2026-10-02 22:34:50.449352+08
serving_adjusted,2020-07-17,f,2026-10-02 22:34:50.449352+08
serving_adjusted,2020-07-24,f,2026-10-02 22:34:50.449352+08
serving_adjusted,2020-07-31,f,2026-10-02 22:34:50.449352+08
serving_adjusted,2020-08-07,f,2026-10-02 22:34:50.449352+08
serving_adjusted,2020-08-14,f,2026-10-02 22:34:50.449352+08
serving_adjusted,2020-08-21,f,2026-10-02 22:34:50.449352+08
serving_adjusted,2020-08-28,f,2026-10-02 22:34:50.449352+08
serving_adjusted,2020-09-04,f,2026-10-02 22:34:50.449352+08
serving_adjusted,2020-09-11,f,2026-10-02 22:34:50.449352+08
serving_adjusted,2020-09-18,f,2026-10-02 22:34:50.449352+08
serving_adjusted,2020-09-25,f,2026-10-02 22:34:50.449352+08
serving_adjusted,2020-10-02,f,2026-10-02 22:34:50.449352+08
serving_adjusted,2020-10-09,f,2026-10-02 22:34:50.449352+08
serving_adjusted,2020-10-16,f,2026-10-02 22:34:50.449352+08
serving_adjusted,2020-10-23,f,2026-10-02 22:34:50.449352+08
serving_adjusted,2020-10-30,f,2026-10-02 22:34:50.449352+08
serving_adjusted,2020-11-06,f,2026-10-02 22:34:50.449352+08
serving_adjusted,2020-11-13,f,2026-10-02 22:34:50.449352+08
serving_adjusted,2020-11-20,f,2026-10-02 22:34:50.449352+08
serving_adjusted,2020-11-27,f,2026-10-02 22:34:50.449352+08
serving_adjusted,2020-12-04,f,2026-10-02 22:34:50.449352+08
serving_adjusted,2020-12-11,f,2026-10-02 22:34:50.449352+08
serving_adjusted,2020-12-18,f,2026-10-02 22:34:50.449352+08
serving_adjusted,2020-12-25,f,2026-10-02 22:34:50.449352+08
serving_adjusted,2021-01-01,f,2026-10-02 22:34:50.449352+08
serving_adjusted,2021-01-08,f,2026-10-02 22:34:50.449352+08
serving_adjusted,2021-01-15,f,2026-10-02 22:34:50.449352+08
serving_adjusted,2021-01-22,f,2026-10-02 22:34:50.449352+08
serving_adjusted,2021-01-29,f,2026-10-02 22:34:50.449352+08
serving_adjusted,2021-02-05,f,2026-10-02 22:34:50.449352+08
serving_adjusted,2021-02-12,f,2026-10-02 22:34:50.449352+08
serving_adjusted,2021-02-19,f,2026-10-02 22:34:50.449352+08
serving_adjusted,2021-02-26,f,2026-10-02 22:34:50.449352+08
serving_adjusted,2021-03-05,f,2026-10-02 22:34:50.449352+08
serving_adjusted,2021-03-12,f,2026-10-02 22:34:50.449352+08
serving_adjusted,2021-03-19,f,2026-10-02 22:34:50.449352+08
serving_adjusted,2021-03-26,f,2026-10-02 22:34:50.449352+08
serving_adjusted,2021-04-02,f,2026-10-02 22:34:50.449352+08
serving_adjusted,2021-04-09,f,2026-10-02 22:34:50.449352+08
serving_adjusted,2021-04-16,f,2026-10-02 22:34:50.449352+08
serving_adjusted,2021-04-23,f,2026-10-02 22:34:50.449352+08
serving_adjusted,2021-04-30,f,2026-10-02 22:34:50.449352+08
serving_adjusted,2021-05-07,f,2026-10-02 22:34:50.449352+08
serving_adjusted,2021-05-14,f,2026-10-02 22:34:50.449352+08
serving_adjusted,2021-05-21,f,2026-10-02 22:34:50.449352+08
serving_adjusted,2021-05-28,f,2026-10-02 22:34:50.449352+08
serving_adjusted,2021-06-04,f,2026-10-02 22:34:50.449352+08
serving_adjusted,2021-06-11,f,2026-10-02 22:34:50.449352+08
serving_adjusted,2021-06-18,f,2026-10-02 22:34:50.449352+08
serving_adjusted,2021-06-25,f,2026-10-02 22:34:50.449352+08
serving_adjusted,2021-07-02,f,2026-10-02 22:34:50.449352+08
serving_adjusted,2021-07-09,f,2026-10-02 22:34:50.449352+08
serving_adjusted,2021-07-16,f,2026-10-02 22:34:50.449352+08
serving_adjusted,2021-07-23,f,2026-10-02 22:34:50.449352+08
serving_adjusted,2021-07-30,f,2026-10-02 22:34:50.449352+08
serving_adjusted,2021-08-06,f,2026-10-02 22:34:50.449352+08
serving_adjusted,2021-08-13,f,2026-10-02 22:34:50.449352+08
serving_adjusted,2021-08-20,f,2026-10-02 22:34:50.449352+08
serving_adjusted,2021-08-27,f,2026-10-02 22:34:50.449352+08
serving_adjusted,2021-09-03,f,2026-10-02 22:34:50.449352+08
serving_adjusted,2021-09-10,f,2026-10-02 22:34:50.449352+08
serving_adjusted,2021-09-17,f,2026-10-02 22:34:50.449352+08
serving_adjusted,2021-09-24,f,2026-10-02 22:34:50.449352+08
serving_adjusted,2021-10-01,f,2026-10-02 22:34:50.449352+08
serving_adjusted,2021-10-08,f,2026-10-02 22:34:50.449352+08
serving_adjusted,2021-10-15,f,2026-10-02 22:34:50.449352+08
serving_adjusted,2021-10-22,f,2026-10-02 22:34:50.449352+08
serving_adjusted,2021-10-29,f,2026-10-02 22:34:50.449352+08
serving_adjusted,2021-11-05,f,2026-10-02 22:34:50.449352+08
serving_adjusted,2021-11-12,f,2026-10-02 22:34:50.449352+08
serving_adjusted,2021-11-19,f,2026-10-02 22:34:50.449352+08
serving_adjusted,2021-11-26,f,2026-10-02 22:34:50.449352+08
serving_adjusted,2021-12-03,f,2026-10-02 22:34:50.449352+08
serving_adjusted,2021-12-10,f,2026-10-02 22:34:50.449352+08
serving_adjusted,2021-12-17,f,2026-10-02 22:34:50.449352+08
serving_adjusted,2021-12-24,f,2026-10-02 22:34:50.449352+08
serving_adjusted,2021-12-31,f,2026-10-02 22:34:50.449352+08
serving_adjusted,2022-01-07,f,2026-10-02 22:34:50.449352+08
serving_adjusted,2022-01-14,f,2026-10-02 22:34:50.449352+08
serving_adjusted,2022-01-21,f,2026-10-02 22:34:50.449352+08
serving_adjusted,2022-01-28,f,2026-10-02 22:34:50.449352+08
serving_adjusted,2022-02-11,f,2026-10-02 22:34:50.449352+08
serving_adjusted,2022-02-18,f,2026-10-02 22:34:50.449352+08
serving_adjusted,2022-02-25,f,2026-10-02 22:34:50.449352+08
serving_adjusted,2022-03-04,f,2026-10-02 22:34:50.449352+08
serving_adjusted,2022-03-11,f,2026-10-02 22:34:50.449352+08
serving_adjusted,2022-03-18,f,2026-10-02 22:34:50.449352+08
serving_adjusted,2022-03-25,f,2026-10-02 22:34:50.449352+08
serving_adjusted,2022-04-01,f,2026-10-02 22:34:50.449352+08
serving_adjusted,2022-04-08,f,2026-10-02 22:34:50.449352+08
serving_adjusted,2022-04-15,f,2026-10-02 22:34:50.449352+08
serving_adjusted,2022-04-22,f,2026-10-02 22:34:50.449352+08
serving_adjusted,2022-04-29,f,2026-10-02 22:34:50.449352+08
serving_adjusted,2022-05-06,f,2026-10-02 22:34:50.449352+08
serving_adjusted,2022-05-13,f,2026-10-02 22:34:50.449352+08
serving_adjusted,2022-05-20,f,2026-10-02 22:34:50.449352+08
serving_adjusted,2022-05-27,f,2026-10-02 22:34:50.449352+08
serving_adjusted,2022-06-03,f,2026-10-02 22:34:50.449352+08
serving_adjusted,2022-06-10,f,2026-10-02 22:34:50.449352+08
serving_adjusted,2022-06-17,f,2026-10-02 22:34:50.449352+08
serving_adjusted,2022-06-24,f,2026-10-02 22:34:50.449352+08
serving_adjusted,2022-07-01,f,2026-10-02 22:34:50.449352+08
serving_adjusted,2022-07-08,f,2026-10-02 22:34:50.449352+08
serving_adjusted,2022-07-15,f,2026-10-02 22:34:50.449352+08
serving_adjusted,2022-07-22,f,2026-10-02 22:34:50.449352+08
serving_adjusted,2022-07-29,f,2026-10-02 22:34:50.449352+08
serving_adjusted,2022-08-05,f,2026-10-02 22:34:50.449352+08
serving_adjusted,2022-08-12,f,2026-10-02 22:34:50.449352+08
serving_adjusted,2022-08-19,f,2026-10-02 22:34:50.449352+08
serving_adjusted,2022-08-26,f,2026-10-02 22:34:50.449352+08
serving_adjusted,2022-09-02,f,2026-10-02 22:34:50.449352+08
serving_adjusted,2022-09-09,f,2026-10-02 22:34:50.449352+08
serving_adjusted,2022-09-16,f,2026-10-02 22:34:50.449352+08
serving_adjusted,2022-09-23,f,2026-10-02 22:34:50.449352+08
serving_adjusted,2022-09-30,f,2026-10-02 22:34:50.449352+08
serving_adjusted,2022-10-14,f,2026-10-02 22:34:50.449352+08
serving_adjusted,2022-10-21,f,2026-10-02 22:34:50.449352+08
serving_adjusted,2022-10-28,f,2026-10-02 22:34:50.449352+08
serving_adjusted,2022-11-04,f,2026-10-02 22:34:50.449352+08
serving_adjusted,2022-11-11,f,2026-10-02 22:34:50.449352+08
serving_adjusted,2022-11-18,f,2026-10-02 22:34:50.449352+08
serving_adjusted,2022-11-25,f,2026-10-02 22:34:50.449352+08
serving_adjusted,2022-12-02,f,2026-10-02 22:34:50.449352+08
serving_adjusted,2022-12-09,f,2026-10-02 22:34:50.449352+08
serving_adjusted,2022-12-16,f,2026-10-02 22:34:50.449352+08
serving_adjusted,2022-12-23,f,2026-10-02 22:34:50.449352+08
serving_adjusted,2022-12-30,f,2026-10-02 22:34:50.449352+08
serving_adjusted,2023-01-06,f,2026-10-02 22:34:50.449352+08
serving_adjusted,2023-01-13,f,2026-10-02 22:34:50.449352+08
serving_adjusted,2023-02-03,f,2026-10-02 22:34:50.449352+08
serving_adjusted,2023-02-10,f,2026-10-02 22:34:50.449352+08
serving_adjusted,2023-02-17,f,2026-10-02 22:34:50.449352+08
serving_adjusted,2023-02-24,f,2026-10-02 22:34:50.449352+08
serving_adjusted,2023-03-03,f,2026-10-02 22:34:50.449352+08
serving_adjusted,2023-03-10,f,2026-10-02 22:34:50.449352+08
serving_adjusted,2023-03-17,f,2026-10-02 22:34:50.449352+08
serving_adjusted,2023-03-24,f,2026-10-02 22:34:50.449352+08
serving_adjusted,2023-03-31,f,2026-10-02 22:34:50.449352+08
serving_adjusted,2023-04-07,f,2026-10-02 22:34:50.449352+08
serving_adjusted,2023-04-14,f,2026-10-02 22:34:50.449352+08
serving_adjusted,2023-04-21,f,2026-10-02 22:34:50.449352+08
serving_adjusted,2023-04-28,f,2026-10-02 22:34:50.449352+08
serving_adjusted,2023-05-05,f,2026-10-02 22:34:50.449352+08
serving_adjusted,2023-05-12,f,2026-10-02 22:34:50.449352+08
serving_adjusted,2023-05-19,f,2026-10-02 22:34:50.449352+08
serving_adjusted,2023-05-26,f,2026-10-02 22:34:50.449352+08
serving_adjusted,2023-06-02,f,2026-10-02 22:34:50.449352+08
serving_adjusted,2023-06-09,f,2026-10-02 22:34:50.449352+08
serving_adjusted,2023-06-16,f,2026-10-02 22:34:50.449352+08
serving_adjusted,2023-06-23,f,2026-10-02 22:34:50.449352+08
serving_adjusted,2023-06-30,f,2026-10-02 22:34:50.449352+08
serving_adjusted,2023-07-07,f,2026-10-02 22:34:50.449352+08
serving_adjusted,2023-07-14,f,2026-10-02 22:34:50.449352+08
serving_adjusted,2023-07-21,f,2026-10-02 22:34:50.449352+08
serving_adjusted,2023-07-28,f,2026-10-02 22:34:50.449352+08
serving_adjusted,2023-08-04,f,2026-10-02 22:34:50.449352+08
serving_adjusted,2023-08-11,f,2026-10-02 22:34:50.449352+08
serving_adjusted,2023-08-18,f,2026-10-02 22:34:50.449352+08
serving_adjusted,2023-08-25,f,2026-10-02 22:34:50.449352+08
serving_adjusted,2023-09-01,f,2026-10-02 22:34:50.449352+08
serving_adjusted,2023-09-08,f,2026-10-02 22:34:50.449352+08
serving_adjusted,2023-09-15,f,2026-10-02 22:34:50.449352+08
serving_adjusted,2023-09-22,f,2026-10-02 22:34:50.449352+08
serving_adjusted,2023-09-29,f,2026-10-02 22:34:50.449352+08
serving_adjusted,2023-10-13,f,2026-10-02 22:34:50.449352+08
serving_adjusted,2023-10-20,f,2026-10-02 22:34:50.449352+08
serving_adjusted,2023-10-27,f,2026-10-02 22:34:50.449352+08
serving_adjusted,2023-11-03,f,2026-10-02 22:34:50.449352+08
serving_adjusted,2023-11-10,f,2026-10-02 22:34:50.449352+08
serving_adjusted,2023-11-17,f,2026-10-02 22:34:50.449352+08
serving_adjusted,2023-11-24,f,2026-10-02 22:34:50.449352+08
serving_adjusted,2023-12-01,f,2026-10-02 22:34:50.449352+08
serving_adjusted,2023-12-08,f,2026-10-02 22:34:50.449352+08
serving_adjusted,2023-12-15,f,2026-10-02 22:34:50.449352+08
serving_adjusted,2023-12-22,f,2026-10-02 22:34:50.449352+08
serving_adjusted,2023-12-29,f,2026-10-02 22:34:50.449352+08
serving_adjusted,2024-01-05,f,2026-10-02 22:34:50.449352+08
serving_adjusted,2024-01-12,f,2026-10-02 22:34:50.449352+08
serving_adjusted,2024-01-19,f,2026-10-02 22:34:50.449352+08
serving_adjusted,2024-01-26,f,2026-10-02 22:34:50.449352+08
serving_adjusted,2024-02-02,f,2026-10-02 22:34:50.449352+08
serving_adjusted,2024-02-09,f,2026-10-02 22:34:50.449352+08
serving_adjusted,2024-02-23,f,2026-10-02 22:34:50.449352+08
serving_adjusted,2024-03-01,f,2026-10-02 22:34:50.449352+08
serving_adjusted,2024-03-08,f,2026-10-02 22:34:50.449352+08
serving_adjusted,2024-03-15,f,2026-10-02 22:34:50.449352+08
serving_adjusted,2024-03-22,f,2026-10-02 22:34:50.449352+08
serving_adjusted,2024-03-29,f,2026-10-02 22:34:50.449352+08
serving_adjusted,2024-04-05,f,2026-10-02 22:34:50.449352+08
serving_adjusted,2024-04-12,f,2026-10-02 22:34:50.449352+08
serving_adjusted,2024-04-19,f,2026-10-02 22:34:50.449352+08
serving_adjusted,2024-04-26,f,2026-10-02 22:34:50.449352+08
serving_adjusted,2024-05-03,f,2026-10-02 22:34:50.449352+08
serving_adjusted,2024-05-10,f,2026-10-02 22:34:50.449352+08
serving_adjusted,2024-05-17,f,2026-10-02 22:34:50.449352+08
serving_adjusted,2024-05-24,f,2026-10-02 22:34:50.449352+08
serving_adjusted,2024-05-31,f,2026-10-02 22:34:50.449352+08
serving_adjusted,2024-06-07,f,2026-10-02 22:34:50.449352+08
serving_adjusted,2024-06-14,f,2026-10-02 22:34:50.449352+08
serving_adjusted,2024-06-21,f,2026-10-02 22:34:50.449352+08
serving_adjusted,2024-06-28,f,2026-10-02 22:34:50.449352+08
serving_adjusted,2024-07-05,f,2026-10-02 22:34:50.449352+08
serving_adjusted,2024-07-12,f,2026-10-02 22:34:50.449352+08
serving_adjusted,2024-07-19,f,2026-10-02 22:34:50.449352+08
serving_adjusted,2024-07-26,f,2026-10-02 22:34:50.449352+08
serving_adjusted,2024-08-02,f,2026-10-02 22:34:50.449352+08
serving_adjusted,2024-08-09,f,2026-10-02 22:34:50.449352+08
serving_adjusted,2024-08-16,f,2026-10-02 22:34:50.449352+08
serving_adjusted,2024-08-23,f,2026-10-02 22:34:50.449352+08
serving_adjusted,2024-08-30,f,2026-10-02 22:34:50.449352+08
serving_adjusted,2024-09-06,f,2026-10-02 22:34:50.449352+08
serving_adjusted,2024-09-13,f,2026-10-02 22:34:50.449352+08
serving_adjusted,2024-09-20,f,2026-10-02 22:34:50.449352+08
serving_adjusted,2024-09-27,f,2026-10-02 22:34:50.449352+08
serving_adjusted,2024-10-04,f,2026-10-02 22:34:50.449352+08
serving_adjusted,2024-10-11,f,2026-10-02 22:34:50.449352+08
serving_adjusted,2024-10-18,f,2026-10-02 22:34:50.449352+08
serving_adjusted,2024-10-25,f,2026-10-02 22:34:50.449352+08
serving_adjusted,2024-11-01,f,2026-10-02 22:34:50.449352+08
serving_adjusted,2024-11-08,f,2026-10-02 22:34:50.449352+08
serving_adjusted,2024-11-15,f,2026-10-02 22:34:50.449352+08
serving_adjusted,2024-11-22,f,2026-10-02 22:34:50.449352+08
serving_adjusted,2024-11-29,f,2026-10-02 22:34:50.449352+08
serving_adjusted,2024-12-06,f,2026-10-02 22:34:50.449352+08
serving_adjusted,2024-12-13,f,2026-10-02 22:34:50.449352+08
serving_adjusted,2024-12-20,f,2026-10-02 22:34:50.449352+08
serving_adjusted,2024-12-27,f,2026-10-02 22:34:50.449352+08
serving_adjusted,2025-01-03,f,2026-10-02 22:34:50.449352+08
serving_adjusted,2025-01-10,f,2026-10-02 22:34:50.449352+08
serving_adjusted,2025-01-17,f,2026-10-02 22:34:50.449352+08
serving_adjusted,2025-01-24,f,2026-10-02 22:34:50.449352+08
serving_adjusted,2025-01-31,f,2026-10-02 22:34:50.449352+08
serving_adjusted,2025-02-07,f,2026-10-02 22:34:50.449352+08
serving_adjusted,2025-02-14,f,2026-10-02 22:34:50.449352+08
serving_unadjusted,2010-08-27,f,2026-10-02 22:34:50.449352+08
serving_unadjusted,2010-09-03,f,2026-10-02 22:34:50.449352+08
serving_unadjusted,2010-09-10,f,2026-10-02 22:34:50.449352+08
serving_unadjusted,2010-09-17,f,2026-10-02 22:34:50.449352+08
serving_unadjusted,2010-09-24,f,2026-10-02 22:34:50.449352+08
serving_unadjusted,2010-10-01,f,2026-10-02 22:34:50.449352+08
serving_unadjusted,2010-10-08,f,2026-10-02 22:34:50.449352+08
serving_unadjusted,2010-10-15,f,2026-10-02 22:34:50.449352+08
serving_unadjusted,2010-10-22,f,2026-10-02 22:34:50.449352+08
serving_unadjusted,2010-10-29,f,2026-10-02 22:34:50.449352+08
serving_unadjusted,2010-11-05,f,2026-10-02 22:34:50.449352+08
serving_unadjusted,2010-11-12,f,2026-10-02 22:34:50.449352+08
serving_unadjusted,2010-11-19,f,2026-10-02 22:34:50.449352+08
serving_unadjusted,2010-11-26,f,2026-10-02 22:34:50.449352+08
serving_unadjusted,2010-12-03,f,2026-10-02 22:34:50.449352+08
serving_unadjusted,2010-12-10,f,2026-10-02 22:34:50.449352+08
serving_unadjusted,2010-12-17,f,2026-10-02 22:34:50.449352+08
serving_unadjusted,2010-12-24,f,2026-10-02 22:34:50.449352+08
serving_unadjusted,2010-12-31,f,2026-10-02 22:34:50.449352+08
serving_unadjusted,2011-01-07,f,2026-10-02 22:34:50.449352+08
serving_unadjusted,2011-01-14,f,2026-10-02 22:34:50.449352+08
serving_unadjusted,2011-01-21,f,2026-10-02 22:34:50.449352+08
serving_unadjusted,2011-01-28,f,2026-10-02 22:34:50.449352+08
serving_unadjusted,2011-02-04,f,2026-10-02 22:34:50.449352+08
serving_unadjusted,2011-02-11,f,2026-10-02 22:34:50.449352+08
serving_unadjusted,2011-02-18,f,2026-10-02 22:34:50.449352+08
serving_unadjusted,2011-02-25,f,2026-10-02 22:34:50.449352+08
serving_unadjusted,2011-03-04,f,2026-10-02 22:34:50.449352+08
serving_unadjusted,2011-03-11,f,2026-10-02 22:34:50.449352+08
serving_unadjusted,2011-03-18,f,2026-10-02 22:34:50.449352+08
serving_unadjusted,2011-03-25,f,2026-10-02 22:34:50.449352+08
serving_unadjusted,2011-04-01,f,2026-10-02 22:34:50.449352+08
serving_unadjusted,2011-04-08,f,2026-10-02 22:34:50.449352+08
serving_unadjusted,2011-04-15,f,2026-10-02 22:34:50.449352+08
serving_unadjusted,2011-04-22,f,2026-10-02 22:34:50.449352+08
serving_unadjusted,2011-04-29,f,2026-10-02 22:34:50.449352+08
serving_unadjusted,2011-05-06,f,2026-10-02 22:34:50.449352+08
serving_unadjusted,2011-05-13,f,2026-10-02 22:34:50.449352+08
serving_unadjusted,2011-05-20,f,2026-10-02 22:34:50.449352+08
serving_unadjusted,2011-05-27,f,2026-10-02 22:34:50.449352+08
serving_unadjusted,2011-06-03,f,2026-10-02 22:34:50.449352+08
serving_unadjusted,2011-06-10,f,2026-10-02 22:34:50.449352+08
serving_unadjusted,2011-06-17,f,2026-10-02 22:34:50.449352+08
serving_unadjusted,2011-06-24,f,2026-10-02 22:34:50.449352+08
serving_unadjusted,2011-07-01,f,2026-10-02 22:34:50.449352+08
serving_unadjusted,2011-07-08,f,2026-10-02 22:34:50.449352+08
serving_unadjusted,2011-07-15,f,2026-10-02 22:34:50.449352+08
serving_unadjusted,2011-07-22,f,2026-10-02 22:34:50.449352+08
serving_unadjusted,2011-07-29,f,2026-10-02 22:34:50.449352+08
serving_unadjusted,2011-08-05,f,2026-10-02 22:34:50.449352+08
serving_unadjusted,2011-08-12,f,2026-10-02 22:34:50.449352+08
serving_unadjusted,2011-08-19,f,2026-10-02 22:34:50.449352+08
serving_unadjusted,2011-08-26,f,2026-10-02 22:34:50.449352+08
serving_unadjusted,2011-09-02,f,2026-10-02 22:34:50.449352+08
serving_unadjusted,2011-09-09,f,2026-10-02 22:34:50.449352+08
serving_unadjusted,2011-09-16,f,2026-10-02 22:34:50.449352+08
serving_unadjusted,2011-09-23,f,2026-10-02 22:34:50.449352+08
serving_unadjusted,2011-09-30,f,2026-10-02 22:34:50.449352+08
serving_unadjusted,2011-10-14,f,2026-10-02 22:34:50.449352+08
serving_unadjusted,2011-10-21,f,2026-10-02 22:34:50.449352+08
serving_unadjusted,2011-10-28,f,2026-10-02 22:34:50.449352+08
serving_unadjusted,2011-11-04,f,2026-10-02 22:34:50.449352+08
serving_unadjusted,2011-11-11,f,2026-10-02 22:34:50.449352+08
serving_unadjusted,2011-11-18,f,2026-10-02 22:34:50.449352+08
serving_unadjusted,2011-11-25,f,2026-10-02 22:34:50.449352+08
serving_unadjusted,2011-12-02,f,2026-10-02 22:34:50.449352+08
serving_unadjusted,2011-12-09,f,2026-10-02 22:34:50.449352+08
serving_unadjusted,2011-12-16,f,2026-10-02 22:34:50.449352+08
serving_unadjusted,2011-12-23,f,2026-10-02 22:34:50.449352+08
serving_unadjusted,2011-12-30,f,2026-10-02 22:34:50.449352+08
serving_unadjusted,2012-01-06,f,2026-10-02 22:34:50.449352+08
serving_unadjusted,2012-01-13,f,2026-10-02 22:34:50.449352+08
serving_unadjusted,2012-01-20,f,2026-10-02 22:34:50.449352+08
serving_unadjusted,2012-02-03,f,2026-10-02 22:34:50.449352+08
serving_unadjusted,2012-02-10,f,2026-10-02 22:34:50.449352+08
serving_unadjusted,2012-02-17,f,2026-10-02 22:34:50.449352+08
serving_unadjusted,2012-02-24,f,2026-10-02 22:34:50.449352+08
serving_unadjusted,2012-03-02,f,2026-10-02 22:34:50.449352+08
serving_unadjusted,2012-03-09,f,2026-10-02 22:34:50.449352+08
serving_unadjusted,2012-03-16,f,2026-10-02 22:34:50.449352+08
serving_unadjusted,2012-03-23,f,2026-10-02 22:34:50.449352+08
serving_unadjusted,2012-03-30,f,2026-10-02 22:34:50.449352+08
serving_unadjusted,2012-04-06,f,2026-10-02 22:34:50.449352+08
serving_unadjusted,2012-04-13,f,2026-10-02 22:34:50.449352+08
serving_unadjusted,2012-04-20,f,2026-10-02 22:34:50.449352+08
serving_unadjusted,2012-04-27,f,2026-10-02 22:34:50.449352+08
serving_unadjusted,2012-05-04,f,2026-10-02 22:34:50.449352+08
serving_unadjusted,2012-05-11,f,2026-10-02 22:34:50.449352+08
serving_unadjusted,2012-05-18,f,2026-10-02 22:34:50.449352+08
serving_unadjusted,2012-05-25,f,2026-10-02 22:34:50.449352+08
serving_unadjusted,2012-06-01,f,2026-10-02 22:34:50.449352+08
serving_unadjusted,2012-06-08,f,2026-10-02 22:34:50.449352+08
serving_unadjusted,2012-06-15,f,2026-10-02 22:34:50.449352+08
serving_unadjusted,2012-06-22,f,2026-10-02 22:34:50.449352+08
serving_unadjusted,2012-06-29,f,2026-10-02 22:34:50.449352+08
serving_unadjusted,2012-07-06,f,2026-10-02 22:34:50.449352+08
serving_unadjusted,2012-07-13,f,2026-10-02 22:34:50.449352+08
serving_unadjusted,2012-07-20,f,2026-10-02 22:34:50.449352+08
serving_unadjusted,2012-07-27,f,2026-10-02 22:34:50.449352+08
serving_unadjusted,2012-08-03,f,2026-10-02 22:34:50.449352+08
serving_unadjusted,2012-08-10,f,2026-10-02 22:34:50.449352+08
serving_unadjusted,2012-08-17,f,2026-10-02 22:34:50.449352+08
serving_unadjusted,2012-08-24,f,2026-10-02 22:34:50.449352+08
serving_unadjusted,2012-08-31,f,2026-10-02 22:34:50.449352+08
serving_unadjusted,2012-09-07,f,2026-10-02 22:34:50.449352+08
serving_unadjusted,2012-09-14,f,2026-10-02 22:34:50.449352+08
serving_unadjusted,2012-09-21,f,2026-10-02 22:34:50.449352+08
serving_unadjusted,2012-09-28,f,2026-10-02 22:34:50.449352+08
serving_unadjusted,2012-10-12,f,2026-10-02 22:34:50.449352+08
serving_unadjusted,2012-10-19,f,2026-10-02 22:34:50.449352+08
serving_unadjusted,2012-10-26,f,2026-10-02 22:34:50.449352+08
serving_unadjusted,2012-11-02,f,2026-10-02 22:34:50.449352+08
serving_unadjusted,2012-11-09,f,2026-10-02 22:34:50.449352+08
serving_unadjusted,2012-11-16,f,2026-10-02 22:34:50.449352+08
serving_unadjusted,2012-11-23,f,2026-10-02 22:34:50.449352+08
serving_unadjusted,2012-11-30,f,2026-10-02 22:34:50.449352+08
serving_unadjusted,2012-12-07,f,2026-10-02 22:34:50.449352+08
serving_unadjusted,2012-12-14,f,2026-10-02 22:34:50.449352+08
serving_unadjusted,2012-12-21,f,2026-10-02 22:34:50.449352+08
serving_unadjusted,2012-12-28,f,2026-10-02 22:34:50.449352+08
serving_unadjusted,2013-01-04,f,2026-10-02 22:34:50.449352+08
serving_unadjusted,2013-01-11,f,2026-10-02 22:34:50.449352+08
serving_unadjusted,2013-01-18,f,2026-10-02 22:34:50.449352+08
serving_unadjusted,2013-01-25,f,2026-10-02 22:34:50.449352+08
serving_unadjusted,2013-02-01,f,2026-10-02 22:34:50.449352+08
serving_unadjusted,2013-02-08,f,2026-10-02 22:34:50.449352+08
serving_unadjusted,2013-02-22,f,2026-10-02 22:34:50.449352+08
serving_unadjusted,2013-03-01,f,2026-10-02 22:34:50.449352+08
serving_unadjusted,2013-06-14,f,2026-10-02 22:34:50.449352+08
serving_unadjusted,2013-06-21,f,2026-10-02 22:34:50.449352+08
serving_unadjusted,2013-06-28,f,2026-10-02 22:34:50.449352+08
serving_unadjusted,2013-07-05,f,2026-10-02 22:34:50.449352+08
serving_unadjusted,2013-07-12,f,2026-10-02 22:34:50.449352+08
serving_unadjusted,2013-07-19,f,2026-10-02 22:34:50.449352+08
serving_unadjusted,2013-07-26,f,2026-10-02 22:34:50.449352+08
serving_unadjusted,2013-08-02,f,2026-10-02 22:34:50.449352+08
serving_unadjusted,2013-08-09,f,2026-10-02 22:34:50.449352+08
serving_unadjusted,2013-08-16,f,2026-10-02 22:34:50.449352+08
serving_unadjusted,2013-08-23,f,2026-10-02 22:34:50.449352+08
serving_unadjusted,2013-08-30,f,2026-10-02 22:34:50.449352+08
serving_unadjusted,2013-09-06,f,2026-10-02 22:34:50.449352+08
serving_unadjusted,2013-09-13,f,2026-10-02 22:34:50.449352+08
serving_unadjusted,2013-09-20,f,2026-10-02 22:34:50.449352+08
serving_unadjusted,2013-09-27,f,2026-10-02 22:34:50.449352+08
serving_unadjusted,2013-10-04,f,2026-10-02 22:34:50.449352+08
serving_unadjusted,2013-10-11,f,2026-10-02 22:34:50.449352+08
serving_unadjusted,2013-10-18,f,2026-10-02 22:34:50.449352+08
serving_unadjusted,2013-10-25,f,2026-10-02 22:34:50.449352+08
serving_unadjusted,2013-11-01,f,2026-10-02 22:34:50.449352+08
serving_unadjusted,2013-11-08,f,2026-10-02 22:34:50.449352+08
serving_unadjusted,2013-11-15,f,2026-10-02 22:34:50.449352+08
serving_unadjusted,2013-11-22,f,2026-10-02 22:34:50.449352+08
serving_unadjusted,2013-11-29,f,2026-10-02 22:34:50.449352+08
serving_unadjusted,2013-12-06,f,2026-10-02 22:34:50.449352+08
serving_unadjusted,2013-12-13,f,2026-10-02 22:34:50.449352+08
serving_unadjusted,2013-12-20,f,2026-10-02 22:34:50.449352+08
serving_unadjusted,2013-12-27,f,2026-10-02 22:34:50.449352+08
serving_unadjusted,2014-01-03,f,2026-10-02 22:34:50.449352+08
serving_unadjusted,2014-01-10,f,2026-10-02 22:34:50.449352+08
serving_unadjusted,2014-01-17,f,2026-10-02 22:34:50.449352+08
serving_unadjusted,2014-01-24,f,2026-10-02 22:34:50.449352+08
serving_unadjusted,2014-01-31,f,2026-10-02 22:34:50.449352+08
serving_unadjusted,2014-02-07,f,2026-10-02 22:34:50.449352+08
serving_unadjusted,2014-02-14,f,2026-10-02 22:34:50.449352+08
serving_unadjusted,2014-02-21,f,2026-10-02 22:34:50.449352+08
serving_unadjusted,2014-02-28,f,2026-10-02 22:34:50.449352+08
serving_unadjusted,2014-03-07,f,2026-10-02 22:34:50.449352+08
serving_unadjusted,2014-03-14,f,2026-10-02 22:34:50.449352+08
serving_unadjusted,2014-03-21,f,2026-10-02 22:34:50.449352+08
serving_unadjusted,2014-03-28,f,2026-10-02 22:34:50.449352+08
serving_unadjusted,2014-04-04,f,2026-10-02 22:34:50.449352+08
serving_unadjusted,2014-04-11,f,2026-10-02 22:34:50.449352+08
serving_unadjusted,2014-04-18,f,2026-10-02 22:34:50.449352+08
serving_unadjusted,2014-04-25,f,2026-10-02 22:34:50.449352+08
serving_unadjusted,2014-05-02,f,2026-10-02 22:34:50.449352+08
serving_unadjusted,2014-05-09,f,2026-10-02 22:34:50.449352+08
serving_unadjusted,2014-05-16,f,2026-10-02 22:34:50.449352+08
serving_unadjusted,2014-05-23,f,2026-10-02 22:34:50.449352+08
serving_unadjusted,2014-05-30,f,2026-10-02 22:34:50.449352+08
serving_unadjusted,2014-06-06,f,2026-10-02 22:34:50.449352+08
serving_unadjusted,2014-06-13,f,2026-10-02 22:34:50.449352+08
serving_unadjusted,2014-06-20,f,2026-10-02 22:34:50.449352+08
serving_unadjusted,2014-06-27,f,2026-10-02 22:34:50.449352+08
serving_unadjusted,2014-07-04,f,2026-10-02 22:34:50.449352+08
serving_unadjusted,2014-07-11,f,2026-10-02 22:34:50.449352+08
serving_unadjusted,2014-07-18,f,2026-10-02 22:34:50.449352+08
serving_unadjusted,2014-07-25,f,2026-10-02 22:34:50.449352+08
serving_unadjusted,2014-08-01,f,2026-10-02 22:34:50.449352+08
serving_unadjusted,2014-08-08,f,2026-10-02 22:34:50.449352+08
serving_unadjusted,2014-08-15,f,2026-10-02 22:34:50.449352+08
serving_unadjusted,2014-08-22,f,2026-10-02 22:34:50.449352+08
serving_unadjusted,2014-08-29,f,2026-10-02 22:34:50.449352+08
serving_unadjusted,2014-09-05,f,2026-10-02 22:34:50.449352+08
serving_unadjusted,2014-09-12,f,2026-10-02 22:34:50.449352+08
serving_unadjusted,2014-09-19,f,2026-10-02 22:34:50.449352+08
serving_unadjusted,2014-09-26,f,2026-10-02 22:34:50.449352+08
serving_unadjusted,2014-10-03,f,2026-10-02 22:34:50.449352+08
serving_unadjusted,2014-10-10,f,2026-10-02 22:34:50.449352+08
serving_unadjusted,2014-10-17,f,2026-10-02 22:34:50.449352+08
serving_unadjusted,2014-10-24,f,2026-10-02 22:34:50.449352+08
serving_unadjusted,2014-10-31,f,2026-10-02 22:34:50.449352+08
serving_unadjusted,2014-11-07,f,2026-10-02 22:34:50.449352+08
serving_unadjusted,2014-11-14,f,2026-10-02 22:34:50.449352+08
serving_unadjusted,2014-11-21,f,2026-10-02 22:34:50.449352+08
serving_unadjusted,2014-11-28,f,2026-10-02 22:34:50.449352+08
serving_unadjusted,2014-12-05,f,2026-10-02 22:34:50.449352+08
serving_unadjusted,2014-12-12,f,2026-10-02 22:34:50.449352+08
serving_unadjusted,2014-12-19,f,2026-10-02 22:34:50.449352+08
serving_unadjusted,2014-12-26,f,2026-10-02 22:34:50.449352+08
serving_unadjusted,2015-01-02,f,2026-10-02 22:34:50.449352+08
serving_unadjusted,2015-01-09,f,2026-10-02 22:34:50.449352+08
serving_unadjusted,2015-01-16,f,2026-10-02 22:34:50.449352+08
serving_unadjusted,2015-01-23,f,2026-10-02 22:34:50.449352+08
serving_unadjusted,2015-01-30,f,2026-10-02 22:34:50.449352+08
serving_unadjusted,2015-02-06,f,2026-10-02 22:34:50.449352+08
serving_unadjusted,2015-02-13,f,2026-10-02 22:34:50.449352+08
serving_unadjusted,2015-02-20,f,2026-10-02 22:34:50.449352+08
serving_unadjusted,2015-02-27,f,2026-10-02 22:34:50.449352+08
serving_unadjusted,2015-03-06,f,2026-10-02 22:34:50.449352+08
serving_unadjusted,2015-03-13,f,2026-10-02 22:34:50.449352+08
serving_unadjusted,2015-03-20,f,2026-10-02 22:34:50.449352+08
serving_unadjusted,2015-03-27,f,2026-10-02 22:34:50.449352+08
serving_unadjusted,2015-04-03,f,2026-10-02 22:34:50.449352+08
serving_unadjusted,2015-04-10,f,2026-10-02 22:34:50.449352+08
serving_unadjusted,2015-04-17,f,2026-10-02 22:34:50.449352+08
serving_unadjusted,2015-04-24,f,2026-10-02 22:34:50.449352+08
serving_unadjusted,2015-05-01,f,2026-10-02 22:34:50.449352+08
serving_unadjusted,2015-05-08,f,2026-10-02 22:34:50.449352+08
serving_unadjusted,2015-05-15,f,2026-10-02 22:34:50.449352+08
serving_unadjusted,2015-05-22,f,2026-10-02 22:34:50.449352+08
serving_unadjusted,2015-05-29,f,2026-10-02 22:34:50.449352+08
serving_unadjusted,2015-06-05,f,2026-10-02 22:34:50.449352+08
serving_unadjusted,2015-06-12,f,2026-10-02 22:34:50.449352+08
serving_unadjusted,2015-06-19,f,2026-10-02 22:34:50.449352+08
serving_unadjusted,2015-06-26,f,2026-10-02 22:34:50.449352+08
serving_unadjusted,2015-07-03,f,2026-10-02 22:34:50.449352+08
serving_unadjusted,2015-07-10,f,2026-10-02 22:34:50.449352+08
serving_unadjusted,2015-07-17,f,2026-10-02 22:34:50.449352+08
serving_unadjusted,2015-07-24,f,2026-10-02 22:34:50.449352+08
serving_unadjusted,2015-07-31,f,2026-10-02 22:34:50.449352+08
serving_unadjusted,2015-08-07,f,2026-10-02 22:34:50.449352+08
serving_unadjusted,2015-08-14,f,2026-10-02 22:34:50.449352+08
serving_unadjusted,2015-08-21,f,2026-10-02 22:34:50.449352+08
serving_unadjusted,2015-08-28,f,2026-10-02 22:34:50.449352+08
serving_unadjusted,2015-09-04,f,2026-10-02 22:34:50.449352+08
serving_unadjusted,2015-09-11,f,2026-10-02 22:34:50.449352+08
serving_unadjusted,2015-09-18,f,2026-10-02 22:34:50.449352+08
serving_unadjusted,2015-09-25,f,2026-10-02 22:34:50.449352+08
serving_unadjusted,2015-10-02,f,2026-10-02 22:34:50.449352+08
serving_unadjusted,2015-10-09,f,2026-10-02 22:34:50.449352+08
serving_unadjusted,2015-10-16,f,2026-10-02 22:34:50.449352+08
serving_unadjusted,2015-10-23,f,2026-10-02 22:34:50.449352+08
serving_unadjusted,2015-10-30,f,2026-10-02 22:34:50.449352+08
serving_unadjusted,2015-11-06,f,2026-10-02 22:34:50.449352+08
serving_unadjusted,2015-11-13,f,2026-10-02 22:34:50.449352+08
serving_unadjusted,2015-11-20,f,2026-10-02 22:34:50.449352+08
serving_unadjusted,2015-11-27,f,2026-10-02 22:34:50.449352+08
serving_unadjusted,2015-12-04,f,2026-10-02 22:34:50.449352+08
serving_unadjusted,2015-12-11,f,2026-10-02 22:34:50.449352+08
serving_unadjusted,2015-12-18,f,2026-10-02 22:34:50.449352+08
serving_unadjusted,2015-12-25,f,2026-10-02 22:34:50.449352+08
serving_unadjusted,2016-01-01,f,2026-10-02 22:34:50.449352+08
serving_unadjusted,2016-01-08,f,2026-10-02 22:34:50.449352+08
serving_unadjusted,2016-01-15,f,2026-10-02 22:34:50.449352+08
serving_unadjusted,2016-01-22,f,2026-10-02 22:34:50.449352+08
serving_unadjusted,2016-01-29,f,2026-10-02 22:34:50.449352+08
serving_unadjusted,2016-02-05,f,2026-10-02 22:34:50.449352+08
serving_unadjusted,2016-02-19,f,2026-10-02 22:34:50.449352+08
serving_unadjusted,2016-02-26,f,2026-10-02 22:34:50.449352+08
serving_unadjusted,2016-03-04,f,2026-10-02 22:34:50.449352+08
serving_unadjusted,2016-03-11,f,2026-10-02 22:34:50.449352+08
serving_unadjusted,2016-03-18,f,2026-10-02 22:34:50.449352+08
serving_unadjusted,2016-03-25,f,2026-10-02 22:34:50.449352+08
serving_unadjusted,2016-04-01,f,2026-10-02 22:34:50.449352+08
serving_unadjusted,2016-04-08,f,2026-10-02 22:34:50.449352+08
serving_unadjusted,2016-04-15,f,2026-10-02 22:34:50.449352+08
serving_unadjusted,2016-04-22,f,2026-10-02 22:34:50.449352+08
serving_unadjusted,2016-04-29,f,2026-10-02 22:34:50.449352+08
serving_unadjusted,2016-05-06,f,2026-10-02 22:34:50.449352+08
serving_unadjusted,2016-05-13,f,2026-10-02 22:34:50.449352+08
serving_unadjusted,2016-05-20,f,2026-10-02 22:34:50.449352+08
serving_unadjusted,2016-05-27,f,2026-10-02 22:34:50.449352+08
serving_unadjusted,2016-06-03,f,2026-10-02 22:34:50.449352+08
serving_unadjusted,2016-06-10,f,2026-10-02 22:34:50.449352+08
serving_unadjusted,2016-06-17,f,2026-10-02 22:34:50.449352+08
serving_unadjusted,2016-06-24,f,2026-10-02 22:34:50.449352+08
serving_unadjusted,2016-07-01,f,2026-10-02 22:34:50.449352+08
serving_unadjusted,2016-07-08,f,2026-10-02 22:34:50.449352+08
serving_unadjusted,2016-07-15,f,2026-10-02 22:34:50.449352+08
serving_unadjusted,2016-07-22,f,2026-10-02 22:34:50.449352+08
serving_unadjusted,2016-07-29,f,2026-10-02 22:34:50.449352+08
serving_unadjusted,2016-08-05,f,2026-10-02 22:34:50.449352+08
serving_unadjusted,2016-08-12,f,2026-10-02 22:34:50.449352+08
serving_unadjusted,2016-08-19,f,2026-10-02 22:34:50.449352+08
serving_unadjusted,2016-08-26,f,2026-10-02 22:34:50.449352+08
serving_unadjusted,2016-09-02,f,2026-10-02 22:34:50.449352+08
serving_unadjusted,2016-09-09,f,2026-10-02 22:34:50.449352+08
serving_unadjusted,2016-09-16,f,2026-10-02 22:34:50.449352+08
serving_unadjusted,2016-09-23,f,2026-10-02 22:34:50.449352+08
serving_unadjusted,2016-09-30,f,2026-10-02 22:34:50.449352+08
serving_unadjusted,2016-10-14,f,2026-10-02 22:34:50.449352+08
serving_unadjusted,2016-10-21,f,2026-10-02 22:34:50.449352+08
serving_unadjusted,2016-10-28,f,2026-10-02 22:34:50.449352+08
serving_unadjusted,2016-11-04,f,2026-10-02 22:34:50.449352+08
serving_unadjusted,2016-11-11,f,2026-10-02 22:34:50.449352+08
serving_unadjusted,2016-11-18,f,2026-10-02 22:34:50.449352+08
serving_unadjusted,2016-11-25,f,2026-10-02 22:34:50.449352+08
serving_unadjusted,2016-12-02,f,2026-10-02 22:34:50.449352+08
serving_unadjusted,2016-12-09,f,2026-10-02 22:34:50.449352+08
serving_unadjusted,2016-12-16,f,2026-10-02 22:34:50.449352+08
serving_unadjusted,2016-12-23,f,2026-10-02 22:34:50.449352+08
serving_unadjusted,2016-12-30,f,2026-10-02 22:34:50.449352+08
serving_unadjusted,2017-01-06,f,2026-10-02 22:34:50.449352+08
serving_unadjusted,2017-01-13,f,2026-10-02 22:34:50.449352+08
serving_unadjusted,2017-01-20,f,2026-10-02 22:34:50.449352+08
serving_unadjusted,2017-01-27,f,2026-10-02 22:34:50.449352+08
serving_unadjusted,2017-02-03,f,2026-10-02 22:34:50.449352+08
serving_unadjusted,2017-02-10,f,2026-10-02 22:34:50.449352+08
serving_unadjusted,2017-02-17,f,2026-10-02 22:34:50.449352+08
serving_unadjusted,2017-02-24,f,2026-10-02 22:34:50.449352+08
serving_unadjusted,2017-03-03,f,2026-10-02 22:34:50.449352+08
serving_unadjusted,2017-03-10,f,2026-10-02 22:34:50.449352+08
serving_unadjusted,2017-03-17,f,2026-10-02 22:34:50.449352+08
serving_unadjusted,2017-03-24,f,2026-10-02 22:34:50.449352+08
serving_unadjusted,2017-03-31,f,2026-10-02 22:34:50.449352+08
serving_unadjusted,2017-04-07,f,2026-10-02 22:34:50.449352+08
serving_unadjusted,2017-04-14,f,2026-10-02 22:34:50.449352+08
serving_unadjusted,2017-04-21,f,2026-10-02 22:34:50.449352+08
serving_unadjusted,2017-04-28,f,2026-10-02 22:34:50.449352+08
serving_unadjusted,2017-05-05,f,2026-10-02 22:34:50.449352+08
serving_unadjusted,2017-05-12,f,2026-10-02 22:34:50.449352+08
serving_unadjusted,2017-05-19,f,2026-10-02 22:34:50.449352+08
serving_unadjusted,2017-05-26,f,2026-10-02 22:34:50.449352+08
serving_unadjusted,2017-06-02,f,2026-10-02 22:34:50.449352+08
serving_unadjusted,2017-06-09,f,2026-10-02 22:34:50.449352+08
serving_unadjusted,2017-06-16,f,2026-10-02 22:34:50.449352+08
serving_unadjusted,2017-06-23,f,2026-10-02 22:34:50.449352+08
serving_unadjusted,2017-06-30,f,2026-10-02 22:34:50.449352+08
serving_unadjusted,2017-07-07,f,2026-10-02 22:34:50.449352+08
serving_unadjusted,2017-07-14,f,2026-10-02 22:34:50.449352+08
serving_unadjusted,2017-07-21,f,2026-10-02 22:34:50.449352+08
serving_unadjusted,2017-07-28,f,2026-10-02 22:34:50.449352+08
serving_unadjusted,2017-08-04,f,2026-10-02 22:34:50.449352+08
serving_unadjusted,2017-08-11,f,2026-10-02 22:34:50.449352+08
serving_unadjusted,2017-08-18,f,2026-10-02 22:34:50.449352+08
serving_unadjusted,2017-08-25,f,2026-10-02 22:34:50.449352+08
serving_unadjusted,2017-09-01,f,2026-10-02 22:34:50.449352+08
serving_unadjusted,2017-09-08,f,2026-10-02 22:34:50.449352+08
serving_unadjusted,2017-09-15,f,2026-10-02 22:34:50.449352+08
serving_unadjusted,2017-09-22,f,2026-10-02 22:34:50.449352+08
serving_unadjusted,2017-09-29,f,2026-10-02 22:34:50.449352+08
serving_unadjusted,2017-10-13,f,2026-10-02 22:34:50.449352+08
serving_unadjusted,2017-10-20,f,2026-10-02 22:34:50.449352+08
serving_unadjusted,2017-10-27,f,2026-10-02 22:34:50.449352+08
serving_unadjusted,2017-11-03,f,2026-10-02 22:34:50.449352+08
serving_unadjusted,2017-11-10,f,2026-10-02 22:34:50.449352+08
serving_unadjusted,2017-11-17,f,2026-10-02 22:34:50.449352+08
serving_unadjusted,2017-11-24,f,2026-10-02 22:34:50.449352+08
serving_unadjusted,2017-12-01,f,2026-10-02 22:34:50.449352+08
serving_unadjusted,2017-12-08,f,2026-10-02 22:34:50.449352+08
serving_unadjusted,2017-12-15,f,2026-10-02 22:34:50.449352+08
serving_unadjusted,2017-12-22,f,2026-10-02 22:34:50.449352+08
serving_unadjusted,2017-12-29,f,2026-10-02 22:34:50.449352+08
serving_unadjusted,2018-01-05,f,2026-10-02 22:34:50.449352+08
serving_unadjusted,2018-01-12,f,2026-10-02 22:34:50.449352+08
serving_unadjusted,2018-01-19,f,2026-10-02 22:34:50.449352+08
serving_unadjusted,2018-01-26,f,2026-10-02 22:34:50.449352+08
serving_unadjusted,2018-02-02,f,2026-10-02 22:34:50.449352+08
serving_unadjusted,2018-02-09,f,2026-10-02 22:34:50.449352+08
serving_unadjusted,2018-02-16,f,2026-10-02 22:34:50.449352+08
serving_unadjusted,2018-02-23,f,2026-10-02 22:34:50.449352+08
serving_unadjusted,2018-03-02,f,2026-10-02 22:34:50.449352+08
serving_unadjusted,2018-03-09,f,2026-10-02 22:34:50.449352+08
serving_unadjusted,2018-03-16,f,2026-10-02 22:34:50.449352+08
serving_unadjusted,2018-03-23,f,2026-10-02 22:34:50.449352+08
serving_unadjusted,2018-03-30,f,2026-10-02 22:34:50.449352+08
serving_unadjusted,2018-04-06,f,2026-10-02 22:34:50.449352+08
serving_unadjusted,2018-04-13,f,2026-10-02 22:34:50.449352+08
serving_unadjusted,2018-04-20,f,2026-10-02 22:34:50.449352+08
serving_unadjusted,2018-04-27,f,2026-10-02 22:34:50.449352+08
serving_unadjusted,2018-05-04,f,2026-10-02 22:34:50.449352+08
serving_unadjusted,2018-05-11,f,2026-10-02 22:34:50.449352+08
serving_unadjusted,2018-05-18,f,2026-10-02 22:34:50.449352+08
serving_unadjusted,2018-05-25,f,2026-10-02 22:34:50.449352+08
serving_unadjusted,2018-06-01,f,2026-10-02 22:34:50.449352+08
serving_unadjusted,2018-06-08,f,2026-10-02 22:34:50.449352+08
serving_unadjusted,2018-06-15,f,2026-10-02 22:34:50.449352+08
serving_unadjusted,2018-06-22,f,2026-10-02 22:34:50.449352+08
serving_unadjusted,2018-06-29,f,2026-10-02 22:34:50.449352+08
serving_unadjusted,2018-07-06,f,2026-10-02 22:34:50.449352+08
serving_unadjusted,2018-07-13,f,2026-10-02 22:34:50.449352+08
serving_unadjusted,2018-07-20,f,2026-10-02 22:34:50.449352+08
serving_unadjusted,2018-07-27,f,2026-10-02 22:34:50.449352+08
serving_unadjusted,2018-08-03,f,2026-10-02 22:34:50.449352+08
serving_unadjusted,2018-08-10,f,2026-10-02 22:34:50.449352+08
serving_unadjusted,2018-08-17,f,2026-10-02 22:34:50.449352+08
serving_unadjusted,2018-08-24,f,2026-10-02 22:34:50.449352+08
serving_unadjusted,2018-08-31,f,2026-10-02 22:34:50.449352+08
serving_unadjusted,2018-09-07,f,2026-10-02 22:34:50.449352+08
serving_unadjusted,2018-09-14,f,2026-10-02 22:34:50.449352+08
serving_unadjusted,2018-09-21,f,2026-10-02 22:34:50.449352+08
serving_unadjusted,2018-09-28,f,2026-10-02 22:34:50.449352+08
serving_unadjusted,2018-10-12,f,2026-10-02 22:34:50.449352+08
serving_unadjusted,2018-10-19,f,2026-10-02 22:34:50.449352+08
serving_unadjusted,2018-10-26,f,2026-10-02 22:34:50.449352+08
serving_unadjusted,2018-11-02,f,2026-10-02 22:34:50.449352+08
serving_unadjusted,2018-11-09,f,2026-10-02 22:34:50.449352+08
serving_unadjusted,2018-11-16,f,2026-10-02 22:34:50.449352+08
serving_unadjusted,2018-11-23,f,2026-10-02 22:34:50.449352+08
serving_unadjusted,2018-11-30,f,2026-10-02 22:34:50.449352+08
serving_unadjusted,2018-12-07,f,2026-10-02 22:34:50.449352+08
serving_unadjusted,2018-12-14,f,2026-10-02 22:34:50.449352+08
serving_unadjusted,2018-12-21,f,2026-10-02 22:34:50.449352+08
serving_unadjusted,2018-12-28,f,2026-10-02 22:34:50.449352+08
serving_unadjusted,2019-01-04,f,2026-10-02 22:34:50.449352+08
serving_unadjusted,2019-01-11,f,2026-10-02 22:34:50.449352+08
serving_unadjusted,2019-01-18,f,2026-10-02 22:34:50.449352+08
serving_unadjusted,2019-01-25,f,2026-10-02 22:34:50.449352+08
serving_unadjusted,2019-02-01,f,2026-10-02 22:34:50.449352+08
serving_unadjusted,2019-02-15,f,2026-10-02 22:34:50.449352+08
serving_unadjusted,2019-02-22,f,2026-10-02 22:34:50.449352+08
serving_unadjusted,2019-03-01,f,2026-10-02 22:34:50.449352+08
serving_unadjusted,2019-03-08,f,2026-10-02 22:34:50.449352+08
serving_unadjusted,2019-03-15,f,2026-10-02 22:34:50.449352+08
serving_unadjusted,2019-03-22,f,2026-10-02 22:34:50.449352+08
serving_unadjusted,2019-03-29,f,2026-10-02 22:34:50.449352+08
serving_unadjusted,2019-04-05,f,2026-10-02 22:34:50.449352+08
serving_unadjusted,2019-04-12,f,2026-10-02 22:34:50.449352+08
serving_unadjusted,2019-04-19,f,2026-10-02 22:34:50.449352+08
serving_unadjusted,2019-04-26,f,2026-10-02 22:34:50.449352+08
serving_unadjusted,2019-05-03,f,2026-10-02 22:34:50.449352+08
serving_unadjusted,2019-05-10,f,2026-10-02 22:34:50.449352+08
serving_unadjusted,2019-05-17,f,2026-10-02 22:34:50.449352+08
serving_unadjusted,2019-05-24,f,2026-10-02 22:34:50.449352+08
serving_unadjusted,2019-05-31,f,2026-10-02 22:34:50.449352+08
serving_unadjusted,2019-06-07,f,2026-10-02 22:34:50.449352+08
serving_unadjusted,2019-06-14,f,2026-10-02 22:34:50.449352+08
serving_unadjusted,2019-06-21,f,2026-10-02 22:34:50.449352+08
serving_unadjusted,2019-06-28,f,2026-10-02 22:34:50.449352+08
serving_unadjusted,2019-07-05,f,2026-10-02 22:34:50.449352+08
serving_unadjusted,2019-07-12,f,2026-10-02 22:34:50.449352+08
serving_unadjusted,2019-07-19,f,2026-10-02 22:34:50.449352+08
serving_unadjusted,2019-07-26,f,2026-10-02 22:34:50.449352+08
serving_unadjusted,2019-08-02,f,2026-10-02 22:34:50.449352+08
serving_unadjusted,2019-08-09,f,2026-10-02 22:34:50.449352+08
serving_unadjusted,2019-08-16,f,2026-10-02 22:34:50.449352+08
serving_unadjusted,2019-08-23,f,2026-10-02 22:34:50.449352+08
serving_unadjusted,2019-08-30,f,2026-10-02 22:34:50.449352+08
serving_unadjusted,2019-09-06,f,2026-10-02 22:34:50.449352+08
serving_unadjusted,2019-09-13,f,2026-10-02 22:34:50.449352+08
serving_unadjusted,2019-09-20,f,2026-10-02 22:34:50.449352+08
serving_unadjusted,2019-09-27,f,2026-10-02 22:34:50.449352+08
serving_unadjusted,2019-10-04,f,2026-10-02 22:34:50.449352+08
serving_unadjusted,2019-10-11,f,2026-10-02 22:34:50.449352+08
serving_unadjusted,2019-10-18,f,2026-10-02 22:34:50.449352+08
serving_unadjusted,2019-10-25,f,2026-10-02 22:34:50.449352+08
serving_unadjusted,2019-11-01,f,2026-10-02 22:34:50.449352+08
serving_unadjusted,2019-11-08,f,2026-10-02 22:34:50.449352+08
serving_unadjusted,2019-11-15,f,2026-10-02 22:34:50.449352+08
serving_unadjusted,2019-11-22,f,2026-10-02 22:34:50.449352+08
serving_unadjusted,2019-11-29,f,2026-10-02 22:34:50.449352+08
serving_unadjusted,2019-12-06,f,2026-10-02 22:34:50.449352+08
serving_unadjusted,2019-12-13,f,2026-10-02 22:34:50.449352+08
serving_unadjusted,2019-12-20,f,2026-10-02 22:34:50.449352+08
serving_unadjusted,2019-12-27,f,2026-10-02 22:34:50.449352+08
serving_unadjusted,2020-01-03,f,2026-10-02 22:34:50.449352+08
serving_unadjusted,2020-01-10,f,2026-10-02 22:34:50.449352+08
serving_unadjusted,2020-01-17,f,2026-10-02 22:34:50.449352+08
serving_unadjusted,2020-01-24,f,2026-10-02 22:34:50.449352+08
serving_unadjusted,2020-02-07,f,2026-10-02 22:34:50.449352+08
serving_unadjusted,2020-02-14,f,2026-10-02 22:34:50.449352+08
serving_unadjusted,2020-02-21,f,2026-10-02 22:34:50.449352+08
serving_unadjusted,2020-02-28,f,2026-10-02 22:34:50.449352+08
serving_unadjusted,2020-03-06,f,2026-10-02 22:34:50.449352+08
serving_unadjusted,2020-03-13,f,2026-10-02 22:34:50.449352+08
serving_unadjusted,2020-03-20,f,2026-10-02 22:34:50.449352+08
serving_unadjusted,2020-03-27,f,2026-10-02 22:34:50.449352+08
serving_unadjusted,2020-04-03,f,2026-10-02 22:34:50.449352+08
serving_unadjusted,2020-04-10,f,2026-10-02 22:34:50.449352+08
serving_unadjusted,2020-04-17,f,2026-10-02 22:34:50.449352+08
serving_unadjusted,2020-04-24,f,2026-10-02 22:34:50.449352+08
serving_unadjusted,2020-05-01,f,2026-10-02 22:34:50.449352+08
serving_unadjusted,2020-05-08,f,2026-10-02 22:34:50.449352+08
serving_unadjusted,2020-05-15,f,2026-10-02 22:34:50.449352+08
serving_unadjusted,2020-05-22,f,2026-10-02 22:34:50.449352+08
serving_unadjusted,2020-05-29,f,2026-10-02 22:34:50.449352+08
serving_unadjusted,2020-06-05,f,2026-10-02 22:34:50.449352+08
serving_unadjusted,2020-06-12,f,2026-10-02 22:34:50.449352+08
serving_unadjusted,2020-06-19,f,2026-10-02 22:34:50.449352+08
serving_unadjusted,2020-06-26,f,2026-10-02 22:34:50.449352+08
serving_unadjusted,2020-07-03,f,2026-10-02 22:34:50.449352+08
serving_unadjusted,2020-07-10,f,2026-10-02 22:34:50.449352+08
serving_unadjusted,2020-07-17,f,2026-10-02 22:34:50.449352+08
serving_unadjusted,2020-07-24,f,2026-10-02 22:34:50.449352+08
serving_unadjusted,2020-07-31,f,2026-10-02 22:34:50.449352+08
serving_unadjusted,2020-08-07,f,2026-10-02 22:34:50.449352+08
serving_unadjusted,2020-08-14,f,2026-10-02 22:34:50.449352+08
serving_unadjusted,2020-08-21,f,2026-10-02 22:34:50.449352+08
serving_unadjusted,2020-08-28,f,2026-10-02 22:34:50.449352+08
serving_unadjusted,2020-09-04,f,2026-10-02 22:34:50.449352+08
serving_unadjusted,2020-09-11,f,2026-10-02 22:34:50.449352+08
serving_unadjusted,2020-09-18,f,2026-10-02 22:34:50.449352+08
serving_unadjusted,2020-09-25,f,2026-10-02 22:34:50.449352+08
serving_unadjusted,2020-10-02,f,2026-10-02 22:34:50.449352+08
serving_unadjusted,2020-10-09,f,2026-10-02 22:34:50.449352+08
serving_unadjusted,2020-10-16,f,2026-10-02 22:34:50.449352+08
serving_unadjusted,2020-10-23,f,2026-10-02 22:34:50.449352+08
serving_unadjusted,2020-10-30,f,2026-10-02 22:34:50.449352+08
serving_unadjusted,2020-11-06,f,2026-10-02 22:34:50.449352+08
serving_unadjusted,2020-11-13,f,2026-10-02 22:34:50.449352+08
serving_unadjusted,2020-11-20,f,2026-10-02 22:34:50.449352+08
serving_unadjusted,2020-11-27,f,2026-10-02 22:34:50.449352+08
serving_unadjusted,2020-12-04,f,2026-10-02 22:34:50.449352+08
serving_unadjusted,2020-12-11,f,2026-10-02 22:34:50.449352+08
serving_unadjusted,2020-12-18,f,2026-10-02 22:34:50.449352+08
serving_unadjusted,2020-12-25,f,2026-10-02 22:34:50.449352+08
serving_unadjusted,2021-01-01,f,2026-10-02 22:34:50.449352+08
serving_unadjusted,2021-01-08,f,2026-10-02 22:34:50.449352+08
serving_unadjusted,2021-01-15,f,2026-10-02 22:34:50.449352+08
serving_unadjusted,2021-01-22,f,2026-10-02 22:34:50.449352+08
serving_unadjusted,2021-01-29,f,2026-10-02 22:34:50.449352+08
serving_unadjusted,2021-02-05,f,2026-10-02 22:34:50.449352+08
serving_unadjusted,2021-02-12,f,2026-10-02 22:34:50.449352+08
serving_unadjusted,2021-02-19,f,2026-10-02 22:34:50.449352+08
serving_unadjusted,2021-02-26,f,2026-10-02 22:34:50.449352+08
serving_unadjusted,2021-03-05,f,2026-10-02 22:34:50.449352+08
serving_unadjusted,2021-03-12,f,2026-10-02 22:34:50.449352+08
serving_unadjusted,2021-03-19,f,2026-10-02 22:34:50.449352+08
serving_unadjusted,2021-03-26,f,2026-10-02 22:34:50.449352+08
serving_unadjusted,2021-04-02,f,2026-10-02 22:34:50.449352+08
serving_unadjusted,2021-04-09,f,2026-10-02 22:34:50.449352+08
serving_unadjusted,2021-04-16,f,2026-10-02 22:34:50.449352+08
serving_unadjusted,2021-04-23,f,2026-10-02 22:34:50.449352+08
serving_unadjusted,2021-04-30,f,2026-10-02 22:34:50.449352+08
serving_unadjusted,2021-05-07,f,2026-10-02 22:34:50.449352+08
serving_unadjusted,2021-05-14,f,2026-10-02 22:34:50.449352+08
serving_unadjusted,2021-05-21,f,2026-10-02 22:34:50.449352+08
serving_unadjusted,2021-05-28,f,2026-10-02 22:34:50.449352+08
serving_unadjusted,2021-06-04,f,2026-10-02 22:34:50.449352+08
serving_unadjusted,2021-06-11,f,2026-10-02 22:34:50.449352+08
serving_unadjusted,2021-06-18,f,2026-10-02 22:34:50.449352+08
serving_unadjusted,2021-06-25,f,2026-10-02 22:34:50.449352+08
serving_unadjusted,2021-07-02,f,2026-10-02 22:34:50.449352+08
serving_unadjusted,2021-07-09,f,2026-10-02 22:34:50.449352+08
serving_unadjusted,2021-07-16,f,2026-10-02 22:34:50.449352+08
serving_unadjusted,2021-07-23,f,2026-10-02 22:34:50.449352+08
serving_unadjusted,2021-07-30,f,2026-10-02 22:34:50.449352+08
serving_unadjusted,2021-08-06,f,2026-10-02 22:34:50.449352+08
serving_unadjusted,2021-08-13,f,2026-10-02 22:34:50.449352+08
serving_unadjusted,2021-08-20,f,2026-10-02 22:34:50.449352+08
serving_unadjusted,2021-08-27,f,2026-10-02 22:34:50.449352+08
serving_unadjusted,2021-09-03,f,2026-10-02 22:34:50.449352+08
serving_unadjusted,2021-09-10,f,2026-10-02 22:34:50.449352+08
serving_unadjusted,2021-09-17,f,2026-10-02 22:34:50.449352+08
serving_unadjusted,2021-09-24,f,2026-10-02 22:34:50.449352+08
serving_unadjusted,2021-10-01,f,2026-10-02 22:34:50.449352+08
serving_unadjusted,2021-10-08,f,2026-10-02 22:34:50.449352+08
serving_unadjusted,2021-10-15,f,2026-10-02 22:34:50.449352+08
serving_unadjusted,2021-10-22,f,2026-10-02 22:34:50.449352+08
serving_unadjusted,2021-10-29,f,2026-10-02 22:34:50.449352+08
serving_unadjusted,2021-11-05,f,2026-10-02 22:34:50.449352+08
serving_unadjusted,2021-11-12,f,2026-10-02 22:34:50.449352+08
serving_unadjusted,2021-11-19,f,2026-10-02 22:34:50.449352+08
serving_unadjusted,2021-11-26,f,2026-10-02 22:34:50.449352+08
serving_unadjusted,2021-12-03,f,2026-10-02 22:34:50.449352+08
serving_unadjusted,2021-12-10,f,2026-10-02 22:34:50.449352+08
serving_unadjusted,2021-12-17,f,2026-10-02 22:34:50.449352+08
serving_unadjusted,2021-12-24,f,2026-10-02 22:34:50.449352+08
serving_unadjusted,2021-12-31,f,2026-10-02 22:34:50.449352+08
serving_unadjusted,2022-01-07,f,2026-10-02 22:34:50.449352+08
serving_unadjusted,2022-01-14,f,2026-10-02 22:34:50.449352+08
serving_unadjusted,2022-01-21,f,2026-10-02 22:34:50.449352+08
serving_unadjusted,2022-01-28,f,2026-10-02 22:34:50.449352+08
serving_unadjusted,2022-02-11,f,2026-10-02 22:34:50.449352+08
serving_unadjusted,2022-02-18,f,2026-10-02 22:34:50.449352+08
serving_unadjusted,2022-02-25,f,2026-10-02 22:34:50.449352+08
serving_unadjusted,2022-03-04,f,2026-10-02 22:34:50.449352+08
serving_unadjusted,2022-03-11,f,2026-10-02 22:34:50.449352+08
serving_unadjusted,2022-03-18,f,2026-10-02 22:34:50.449352+08
serving_unadjusted,2022-03-25,f,2026-10-02 22:34:50.449352+08
serving_unadjusted,2022-04-01,f,2026-10-02 22:34:50.449352+08
serving_unadjusted,2022-04-08,f,2026-10-02 22:34:50.449352+08
serving_unadjusted,2022-04-15,f,2026-10-02 22:34:50.449352+08
serving_unadjusted,2022-04-22,f,2026-10-02 22:34:50.449352+08
serving_unadjusted,2022-04-29,f,2026-10-02 22:34:50.449352+08
serving_unadjusted,2022-05-06,f,2026-10-02 22:34:50.449352+08
serving_unadjusted,2022-05-13,f,2026-10-02 22:34:50.449352+08
serving_unadjusted,2022-05-20,f,2026-10-02 22:34:50.449352+08
serving_unadjusted,2022-05-27,f,2026-10-02 22:34:50.449352+08
serving_unadjusted,2022-06-03,f,2026-10-02 22:34:50.449352+08
serving_unadjusted,2022-06-10,f,2026-10-02 22:34:50.449352+08
serving_unadjusted,2022-06-17,f,2026-10-02 22:34:50.449352+08
serving_unadjusted,2022-06-24,f,2026-10-02 22:34:50.449352+08
serving_unadjusted,2022-07-01,f,2026-10-02 22:34:50.449352+08
serving_unadjusted,2022-07-08,f,2026-10-02 22:34:50.449352+08
serving_unadjusted,2022-07-15,f,2026-10-02 22:34:50.449352+08
serving_unadjusted,2022-07-22,f,2026-10-02 22:34:50.449352+08
serving_unadjusted,2022-07-29,f,2026-10-02 22:34:50.449352+08
serving_unadjusted,2022-08-05,f,2026-10-02 22:34:50.449352+08
serving_unadjusted,2022-08-12,f,2026-10-02 22:34:50.449352+08
serving_unadjusted,2022-08-19,f,2026-10-02 22:34:50.449352+08
serving_unadjusted,2022-08-26,f,2026-10-02 22:34:50.449352+08
serving_unadjusted,2022-09-02,f,2026-10-02 22:34:50.449352+08
serving_unadjusted,2022-09-09,f,2026-10-02 22:34:50.449352+08
serving_unadjusted,2022-09-16,f,2026-10-02 22:34:50.449352+08
serving_unadjusted,2022-09-23,f,2026-10-02 22:34:50.449352+08
serving_unadjusted,2022-09-30,f,2026-10-02 22:34:50.449352+08
serving_unadjusted,2022-10-14,f,2026-10-02 22:34:50.449352+08
serving_unadjusted,2022-10-21,f,2026-10-02 22:34:50.449352+08
serving_unadjusted,2022-10-28,f,2026-10-02 22:34:50.449352+08
serving_unadjusted,2022-11-04,f,2026-10-02 22:34:50.449352+08
serving_unadjusted,2022-11-11,f,2026-10-02 22:34:50.449352+08
serving_unadjusted,2022-11-18,f,2026-10-02 22:34:50.449352+08
serving_unadjusted,2022-11-25,f,2026-10-02 22:34:50.449352+08
serving_unadjusted,2022-12-02,f,2026-10-02 22:34:50.449352+08
serving_unadjusted,2022-12-09,f,2026-10-02 22:34:50.449352+08
serving_unadjusted,2022-12-16,f,2026-10-02 22:34:50.449352+08
serving_unadjusted,2022-12-23,f,2026-10-02 22:34:50.449352+08
serving_unadjusted,2022-12-30,f,2026-10-02 22:34:50.449352+08
serving_unadjusted,2023-01-06,f,2026-10-02 22:34:50.449352+08
serving_unadjusted,2023-01-13,f,2026-10-02 22:34:50.449352+08
serving_unadjusted,2023-02-03,f,2026-10-02 22:34:50.449352+08
serving_unadjusted,2023-02-10,f,2026-10-02 22:34:50.449352+08
serving_unadjusted,2023-02-17,f,2026-10-02 22:34:50.449352+08
serving_unadjusted,2023-02-24,f,2026-10-02 22:34:50.449352+08
serving_unadjusted,2023-03-03,f,2026-10-02 22:34:50.449352+08
serving_unadjusted,2023-03-10,f,2026-10-02 22:34:50.449352+08
serving_unadjusted,2023-03-17,f,2026-10-02 22:34:50.449352+08
serving_unadjusted,2023-03-24,f,2026-10-02 22:34:50.449352+08
serving_unadjusted,2023-03-31,f,2026-10-02 22:34:50.449352+08
serving_unadjusted,2023-04-07,f,2026-10-02 22:34:50.449352+08
serving_unadjusted,2023-04-14,f,2026-10-02 22:34:50.449352+08
serving_unadjusted,2023-04-21,f,2026-10-02 22:34:50.449352+08
serving_unadjusted,2023-04-28,f,2026-10-02 22:34:50.449352+08
serving_unadjusted,2023-05-05,f,2026-10-02 22:34:50.449352+08
serving_unadjusted,2023-05-12,f,2026-10-02 22:34:50.449352+08
serving_unadjusted,2023-05-19,f,2026-10-02 22:34:50.449352+08
serving_unadjusted,2023-05-26,f,2026-10-02 22:34:50.449352+08
serving_unadjusted,2023-06-02,f,2026-10-02 22:34:50.449352+08
serving_unadjusted,2023-06-09,f,2026-10-02 22:34:50.449352+08
serving_unadjusted,2023-06-16,f,2026-10-02 22:34:50.449352+08
serving_unadjusted,2023-06-23,f,2026-10-02 22:34:50.449352+08
serving_unadjusted,2023-06-30,f,2026-10-02 22:34:50.449352+08
serving_unadjusted,2023-07-07,f,2026-10-02 22:34:50.449352+08
serving_unadjusted,2023-07-14,f,2026-10-02 22:34:50.449352+08
serving_unadjusted,2023-07-21,f,2026-10-02 22:34:50.449352+08
serving_unadjusted,2023-07-28,f,2026-10-02 22:34:50.449352+08
serving_unadjusted,2023-08-04,f,2026-10-02 22:34:50.449352+08
serving_unadjusted,2023-08-11,f,2026-10-02 22:34:50.449352+08
serving_unadjusted,2023-08-18,f,2026-10-02 22:34:50.449352+08
serving_unadjusted,2023-08-25,f,2026-10-02 22:34:50.449352+08
serving_unadjusted,2023-09-01,f,2026-10-02 22:34:50.449352+08
serving_unadjusted,2023-09-08,f,2026-10-02 22:34:50.449352+08
serving_unadjusted,2023-09-15,f,2026-10-02 22:34:50.449352+08
serving_unadjusted,2023-09-22,f,2026-10-02 22:34:50.449352+08
serving_unadjusted,2023-09-29,f,2026-10-02 22:34:50.449352+08
serving_unadjusted,2023-10-13,f,2026-10-02 22:34:50.449352+08
serving_unadjusted,2023-10-20,f,2026-10-02 22:34:50.449352+08
serving_unadjusted,2023-10-27,f,2026-10-02 22:34:50.449352+08
serving_unadjusted,2023-11-03,f,2026-10-02 22:34:50.449352+08
serving_unadjusted,2023-11-10,f,2026-10-02 22:34:50.449352+08
serving_unadjusted,2023-11-17,f,2026-10-02 22:34:50.449352+08
serving_unadjusted,2023-11-24,f,2026-10-02 22:34:50.449352+08
serving_unadjusted,2023-12-01,f,2026-10-02 22:34:50.449352+08
serving_unadjusted,2023-12-08,f,2026-10-02 22:34:50.449352+08
serving_unadjusted,2023-12-15,f,2026-10-02 22:34:50.449352+08
serving_unadjusted,2023-12-22,f,2026-10-02 22:34:50.449352+08
serving_unadjusted,2023-12-29,f,2026-10-02 22:34:50.449352+08
serving_unadjusted,2024-01-05,f,2026-10-02 22:34:50.449352+08
serving_unadjusted,2024-01-12,f,2026-10-02 22:34:50.449352+08
serving_unadjusted,2024-01-19,f,2026-10-02 22:34:50.449352+08
serving_unadjusted,2024-01-26,f,2026-10-02 22:34:50.449352+08
serving_unadjusted,2024-02-02,f,2026-10-02 22:34:50.449352+08
serving_unadjusted,2024-02-09,f,2026-10-02 22:34:50.449352+08
serving_unadjusted,2024-02-23,f,2026-10-02 22:34:50.449352+08
serving_unadjusted,2024-03-01,f,2026-10-02 22:34:50.449352+08
serving_unadjusted,2024-03-08,f,2026-10-02 22:34:50.449352+08
serving_unadjusted,2024-03-15,f,2026-10-02 22:34:50.449352+08
serving_unadjusted,2024-03-22,f,2026-10-02 22:34:50.449352+08
serving_unadjusted,2024-03-29,f,2026-10-02 22:34:50.449352+08
serving_unadjusted,2024-04-05,f,2026-10-02 22:34:50.449352+08
serving_unadjusted,2024-04-12,f,2026-10-02 22:34:50.449352+08
serving_unadjusted,2024-04-19,f,2026-10-02 22:34:50.449352+08
serving_unadjusted,2024-04-26,f,2026-10-02 22:34:50.449352+08
serving_unadjusted,2024-05-03,f,2026-10-02 22:34:50.449352+08
serving_unadjusted,2024-05-10,f,2026-10-02 22:34:50.449352+08
serving_unadjusted,2024-05-17,f,2026-10-02 22:34:50.449352+08
serving_unadjusted,2024-05-24,f,2026-10-02 22:34:50.449352+08
serving_unadjusted,2024-05-31,f,2026-10-02 22:34:50.449352+08
serving_unadjusted,2024-06-07,f,2026-10-02 22:34:50.449352+08
serving_unadjusted,2024-06-14,f,2026-10-02 22:34:50.449352+08
serving_unadjusted,2024-06-21,f,2026-10-02 22:34:50.449352+08
serving_unadjusted,2024-06-28,f,2026-10-02 22:34:50.449352+08
serving_unadjusted,2024-07-05,f,2026-10-02 22:34:50.449352+08
serving_unadjusted,2024-07-12,f,2026-10-02 22:34:50.449352+08
serving_unadjusted,2024-07-19,f,2026-10-02 22:34:50.449352+08
serving_unadjusted,2024-07-26,f,2026-10-02 22:34:50.449352+08
serving_unadjusted,2024-08-02,f,2026-10-02 22:34:50.449352+08
serving_unadjusted,2024-08-09,f,2026-10-02 22:34:50.449352+08
serving_unadjusted,2024-08-16,f,2026-10-02 22:34:50.449352+08
serving_unadjusted,2024-08-23,f,2026-10-02 22:34:50.449352+08
serving_unadjusted,2024-08-30,f,2026-10-02 22:34:50.449352+08
serving_unadjusted,2024-09-06,f,2026-10-02 22:34:50.449352+08
serving_unadjusted,2024-09-13,f,2026-10-02 22:34:50.449352+08
serving_unadjusted,2024-09-20,f,2026-10-02 22:34:50.449352+08
serving_unadjusted,2024-09-27,f,2026-10-02 22:34:50.449352+08
serving_unadjusted,2024-10-04,f,2026-10-02 22:34:50.449352+08
serving_unadjusted,2024-10-11,f,2026-10-02 22:34:50.449352+08
serving_unadjusted,2024-10-18,f,2026-10-02 22:34:50.449352+08
serving_unadjusted,2024-10-25,f,2026-10-02 22:34:50.449352+08
serving_unadjusted,2024-11-01,f,2026-10-02 22:34:50.449352+08
serving_unadjusted,2024-11-08,f,2026-10-02 22:34:50.449352+08
serving_unadjusted,2024-11-15,f,2026-10-02 22:34:50.449352+08
serving_unadjusted,2024-11-22,f,2026-10-02 22:34:50.449352+08
serving_unadjusted,2024-11-29,f,2026-10-02 22:34:50.449352+08
serving_unadjusted,2024-12-06,f,2026-10-02 22:34:50.449352+08
serving_unadjusted,2024-12-13,f,2026-10-02 22:34:50.449352+08
serving_unadjusted,2024-12-20,f,2026-10-02 22:34:50.449352+08
serving_unadjusted,2024-12-27,f,2026-10-02 22:34:50.449352+08
serving_unadjusted,2025-01-03,f,2026-10-02 22:34:50.449352+08
serving_unadjusted,2025-01-10,f,2026-10-02 22:34:50.449352+08
serving_unadjusted,2025-01-17,f,2026-10-02 22:34:50.449352+08
serving_unadjusted,2025-01-24,f,2026-10-02 22:34:50.449352+08
serving_unadjusted,2025-01-31,f,2026-10-02 22:34:50.449352+08
serving_unadjusted,2025-02-07,f,2026-10-02 22:34:50.449352+08
serving_unadjusted,2025-02-14,f,2026-10-02 22:34:50.449352+08
