ts_code,display_name,tushare_name,fullname,market,publisher,index_type,category,list_date,exp_date,observation_start_date,first_data_trade_date_all,continuity_start_floor,first_data_trade_date_for_continuity,last_data_trade_date,as_of_trade_date,observed_trade_days,expected_trade_days,missing_trade_days,first_missing_trade_date,last_missing_trade_date
000001.SH,上证指数,上证指数,上证综合指数,SSE,中证指数有限公司,,综合指数,1991-07-15,,2000-01-01,1991-04-04,2000-01-01,2000-01-04,2026-05-22,2026-05-22,6391,6391,0,,
000002.SH,A股指数,A股指数,上证A股指数,SSE,中证指数有限公司,,规模指数,1992-02-21,,2000-01-01,1991-04-04,2000-01-01,2000-01-04,2026-05-22,2026-05-22,6391,6391,0,,
000003.SH,B股指数,B股指数,上证B股指数,SSE,中证指数有限公司,,规模指数,1992-08-17,,2000-01-01,1992-02-21,2000-01-01,2000-01-04,2026-05-22,2026-05-22,6391,6391,0,,
000004.SH,工业指数,工业指数,上证工业指数,SSE,中证指数有限公司,,行业指数,1993-05-03,,2000-01-01,1993-04-30,2000-01-01,2000-01-04,2026-05-22,2026-05-22,6391,6391,0,,
000005.SH,商业指数,商业指数,上证商业指数,SSE,中证指数有限公司,,行业指数,1993-05-03,,2000-01-01,1993-04-30,2000-01-01,2000-01-04,2026-05-22,2026-05-22,6391,6391,0,,
000006.SH,地产指数,地产指数,上证地产指数,SSE,中证指数有限公司,,行业指数,1993-05-03,,2000-01-01,1993-04-30,2000-01-01,2000-01-04,2026-05-22,2026-05-22,6391,6391,0,,
000007.SH,公用指数,公用指数,上证公用指数,SSE,中证指数有限公司,,行业指数,1993-05-03,,2000-01-01,1993-04-30,2000-01-01,2000-01-04,2026-05-22,2026-05-22,6391,6391,0,,
000008.SH,综合指数,综合指数,上证综合指数,SSE,中证指数有限公司,,行业指数,1993-05-03,,2000-01-01,1993-04-30,2000-01-01,2000-01-04,2026-05-22,2026-05-22,6391,6391,0,,
399001.SZ,深证成指,深证成指,深证成份指数,SZSE,深圳证券交易所,,规模指数,1995-01-23,,2000-01-01,1991-04-04,2000-01-01,2000-01-04,2026-05-22,2026-05-22,6391,6391,0,,
399002.SZ,深成指R,深成指R,深证成份全收益指数,SZSE,深圳证券交易所,,规模指数,1995-01-23,,2000-01-01,1992-10-05,2000-01-01,2000-01-04,2026-05-22,2026-05-22,6391,6391,0,,
399003.SZ,深成B指,深成B指,深证成份B股指数,SZSE,深圳证券交易所,,规模指数,1995-01-23,,2000-01-01,1992-10-05,2000-01-01,2000-01-04,2026-05-22,2026-05-22,6391,6391,0,,
399106.SZ,深证综指,深证综指,深证综合指数,SZSE,深圳证券交易所,,综合指数,1991-04-04,,2000-01-01,1994-11-14,2000-01-01,2000-01-04,2026-05-22,2026-05-22,6391,6391,0,,
399107.SZ,深证A指,深证A指,深证A股指数,SZSE,深圳证券交易所,,综合指数,1992-10-04,,2000-01-01,1995-12-19,2000-01-01,2000-01-04,2026-05-22,2026-05-22,6391,6391,0,,
399108.SZ,深证B指,深证B指,深证B股指数,SZSE,深圳证券交易所,,综合指数,1992-10-06,,2000-01-01,1995-12-19,2000-01-01,2000-01-04,2026-05-22,2026-05-22,6391,6391,0,,
000010.SH,上证180,上证180,上证180指数,SSE,中证指数有限公司,,规模指数,2002-07-01,,2000-01-01,1996-07-01,2002-07-01,2002-07-01,2026-05-22,2026-05-22,5801,5801,0,,
399004.SZ,深证100R,深证100R,深证100全收益指数,SZSE,深圳证券交易所,,规模指数,2003-01-02,,2000-01-01,2003-01-02,2003-01-02,2003-01-02,2026-05-22,2026-05-22,5675,5675,0,,
000016.SH,上证50,上证50,上证50指数,SSE,中证指数有限公司,,规模指数,2004-01-02,,2000-01-01,2004-01-02,2004-01-02,2004-01-02,2026-05-22,2026-05-22,5434,5434,0,,
000015.SH,红利指数,红利指数,上证红利指数,SSE,中证指数有限公司,,策略指数,2005-01-04,,2000-01-01,2005-01-04,2005-01-04,2005-01-04,2026-05-22,2026-05-22,5191,5191,0,,
399319.SZ,资源优势,资源优势,国证资源优势,SZSE,深圳证券交易所,,主题指数,2005-01-04,,2000-01-01,2005-01-04,2005-01-04,2005-01-04,2026-05-22,2026-05-22,5191,5191,0,,
399320.SZ,国证服务,国证服务,国证服务指数,SZSE,深圳证券交易所,,主题指数,2005-01-04,,2000-01-01,2005-01-04,2005-01-04,2005-01-04,2026-05-22,2026-05-22,5191,5191,0,,
399321.SZ,国证红利,国证红利,国证红利指数,SZSE,深圳证券交易所,,主题指数,2005-01-04,,2000-01-01,2005-01-04,2005-01-04,2005-01-04,2026-05-22,2026-05-22,5191,5191,0,,
399311.SZ,国证1000,国证1000,国证1000指数,SZSE,深圳证券交易所,,规模指数,2005-02-03,,2000-01-01,2003-02-17,2005-02-03,2005-02-03,2026-05-22,2026-05-22,5169,5169,0,,
399312.SZ,国证300,国证300,国证300指数,SZSE,深圳证券交易所,,规模指数,2005-02-03,,2000-01-01,2005-02-03,2005-02-03,2005-02-03,2026-05-22,2026-05-22,5169,5169,0,,
399313.SZ,巨潮100,巨潮100,巨潮100指数,SZSE,巨潮公司,,规模指数,2005-02-03,,2000-01-01,2005-01-04,2005-02-03,2005-02-03,2026-05-22,2026-05-22,5169,5169,0,,
399314.SZ,巨潮大盘,巨潮大盘,巨潮大盘指数,SZSE,巨潮公司,,规模指数,2005-02-03,,2000-01-01,2005-02-03,2005-02-03,2005-02-03,2026-05-22,2026-05-22,5169,5169,0,,
399315.SZ,巨潮中盘,巨潮中盘,巨潮中盘指数,SZSE,巨潮公司,,规模指数,2005-02-03,,2000-01-01,2005-02-03,2005-02-03,2005-02-03,2026-05-22,2026-05-22,5169,5169,0,,
399316.SZ,巨潮小盘,巨潮小盘,巨潮小盘指数,SZSE,巨潮公司,,规模指数,2005-02-03,,2000-01-01,2005-02-03,2005-02-03,2005-02-03,2026-05-22,2026-05-22,5169,5169,0,,
399317.SZ,国证A指,国证A指,国证A股指数,SZSE,深圳证券交易所,,综合指数,2005-02-03,,2000-01-01,2005-02-03,2005-02-03,2005-02-03,2026-05-22,2026-05-22,5169,5169,0,,
399318.SZ,国证B指,国证B指,国证B股指数,SZSE,深圳证券交易所,,综合指数,2005-02-03,,2000-01-01,2005-02-03,2005-02-03,2005-02-03,2026-05-22,2026-05-22,5169,5169,0,,
399353.SZ,国证物流,国证物流,国证物流指数,SZSE,深圳证券交易所,,主题指数,2005-03-01,,2000-01-01,2005-03-01,2005-03-01,2005-03-01,2026-05-22,2026-05-22,5158,5158,0,,
000300.SH,沪深300,沪深300,沪深300指数,SSE,中证指数有限公司,,规模指数,2005-04-08,,2000-01-01,2005-01-04,2005-04-08,2005-04-08,2026-05-22,2026-05-22,5130,5130,0,,
399300.SZ,沪深300,沪深300,沪深300指数,SZSE,中证指数有限公司,,规模指数,2005-04-08,,2000-01-01,2005-01-04,2005-04-08,2005-04-08,2026-05-22,2026-05-22,5130,5130,0,,
931359.CSI,沪深300AUD(CNH),沪深300AUD(CNH),沪深300澳元指数(CNH),CSI,中证指数有限公司,,规模指数,2005-04-08,,2000-01-01,2004-12-31,2005-04-08,2005-04-08,2026-05-22,2026-05-22,5130,5130,0,,
399310.SZ,国证A50,国证A50,国证A50指数,SZSE,深圳证券交易所,,规模指数,2005-09-05,,2000-01-01,2005-09-05,2005-09-05,2005-09-05,2026-05-22,2026-05-22,5029,5029,0,,
399101.SZ,中小综指,中小综指,中小企业综合指数,SZSE,深圳证券交易所,,综合指数,2005-12-01,,2000-01-01,2005-06-08,2005-12-01,2005-12-01,2026-05-22,2026-05-22,4971,4971,0,,
399322.SZ,国证治理,国证治理,国证治理指数,SZSE,深圳证券交易所,,主题指数,2005-12-12,,2000-01-01,2005-12-12,2005-12-12,2005-12-12,2026-05-22,2026-05-22,4964,4964,0,,
000017.SH,新综指,新综指,新上证综指,SSE,中证指数有限公司,,规模指数,2006-01-04,,2000-01-01,2006-01-04,2006-01-04,2006-01-04,2026-05-22,2026-05-22,4949,4949,0,,
399005.SZ,中小100,中小100,中小企业100指数,SZSE,深圳证券交易所,,规模指数,2006-01-24,,2000-01-01,2006-01-24,2006-01-24,2006-01-24,2026-05-22,2026-05-22,4935,4935,0,,
399324.SZ,深证红利,深证红利,深证红利指数,SZSE,深圳证券交易所,,策略指数,2006-01-24,,2000-01-01,2006-01-24,2006-01-24,2006-01-24,2026-05-22,2026-05-22,4935,4935,0,,
399326.SZ,成长40,成长40,深证成长40指数,SZSE,深圳证券交易所,,主题指数,2006-01-24,,2000-01-01,2006-01-24,2006-01-24,2006-01-24,2026-05-22,2026-05-22,4935,4935,0,,
399328.SZ,深证治理,深证治理,深证治理指数,SZSE,深圳证券交易所,,主题指数,2006-01-24,,2000-01-01,2006-01-24,2006-01-24,2006-01-24,2026-05-22,2026-05-22,4935,4935,0,,
399330.SZ,深证100,深证100,深证100指数,SZSE,深圳证券交易所,,规模指数,2006-01-24,,2000-01-01,2006-01-24,2006-01-24,2006-01-24,2026-05-22,2026-05-22,4935,4935,0,,
399100.SZ,新指数,新指数,深证新指数,SZSE,深圳证券交易所,,综合指数,2006-02-16,,2000-01-01,2006-02-16,2006-02-16,2006-02-16,2026-05-22,2026-05-22,4925,4925,0,,
000902.CSI,中证流通,中证流通,中证流通指数,CSI,中证指数有限公司,,综合指数,2006-02-27,,2000-01-01,2006-01-04,2006-02-27,2006-02-27,2026-05-22,2026-05-22,4918,4918,0,,
000902.SH,中证流通(SH),中证流通(SH),中证流通指数,SSE,中证指数有限公司,,综合指数,2006-02-27,,2000-01-01,2006-01-04,2006-02-27,2006-02-27,2026-05-22,2026-05-22,4918,4918,0,,
000903.SH,中证A100,中证A100,中证A100指数,SSE,中证指数有限公司,,规模指数,2006-05-29,,2000-01-01,2006-01-04,2006-05-29,2006-05-29,2026-05-22,2026-05-22,4858,4858,0,,
399903.SZ,中证A100,中证A100,中证A100指数,SZSE,中证指数有限公司,,规模指数,2006-05-29,,2000-01-01,2006-01-04,2006-05-29,2006-05-29,2026-05-22,2026-05-22,4858,4858,0,,
399354.SZ,分析师指数,分析师指数,新财富最佳分析师指数,SZSE,深圳证券交易所,,策略指数,2006-11-14,,2000-01-01,2006-11-13,2006-11-14,2006-11-14,2026-05-22,2026-05-22,4742,4742,0,,
399333.SZ,中小100R,中小100R,中小企业100全收益指数,SZSE,深圳证券交易所,,规模指数,2006-12-27,,2000-01-01,2006-12-27,2006-12-27,2006-12-27,2026-05-22,2026-05-22,4711,4711,0,,
000905.SH,中证500,中证500,中证小盘500指数,SSE,中证指数有限公司,,规模指数,2007-01-15,,2000-01-01,2005-01-04,2007-01-15,2007-01-15,2026-05-22,2026-05-22,4701,4701,0,,
000906.SH,中证800,中证800,中证800指数,SSE,中证指数有限公司,,规模指数,2007-01-15,,2000-01-01,2005-01-04,2007-01-15,2007-01-15,2026-05-22,2026-05-22,4701,4701,0,,
000907.CSI,中证700,中证700,中证中小盘700指数,CSI,中证指数有限公司,,规模指数,2007-01-15,,2000-01-01,2005-01-04,2007-01-15,2007-01-15,2026-05-22,2026-05-22,4701,4701,0,,
000907.SH,中证700(SH),中证700(SH),中证中小盘700指数,SSE,中证指数有限公司,,规模指数,2007-01-15,,2000-01-01,2005-01-04,2007-01-15,2007-01-15,2026-05-22,2026-05-22,4701,4701,0,,
399905.SZ,中证500,中证500,中证小盘500指数,SZSE,中证指数有限公司,,规模指数,2007-01-15,,2000-01-01,2005-01-04,2007-01-15,2007-01-15,2026-05-22,2026-05-22,4701,4701,0,,
000913.SH,300医药,300医药,沪深300医药卫生指数,SSE,中证指数有限公司,,一级行业指数,2007-07-02,,2000-01-01,2005-01-04,2007-07-02,2007-07-02,2026-05-22,2026-05-22,4591,4591,0,,
000914.SH,300金融,300金融,沪深300金融地产指数,SSE,中证指数有限公司,,主题指数,2007-07-02,,2000-01-01,2005-01-04,2007-07-02,2007-07-02,2026-05-22,2026-05-22,4591,4591,0,,
000915.CSI,沪深300信息,沪深300信息,沪深300信息技术指数,CSI,中证指数有限公司,,一级行业指数,2007-07-02,,2000-01-01,2005-01-04,2007-07-02,2007-07-02,2026-05-22,2026-05-22,4591,4591,0,,
000915.SH,沪深300信息(SH),沪深300信息(SH),沪深300信息技术指数,SSE,中证指数有限公司,,一级行业指数,2007-07-02,,2000-01-01,2005-01-04,2007-07-02,2007-07-02,2026-05-22,2026-05-22,4591,4591,0,,
000916.CSI,沪深300通信,沪深300通信,沪深300通信服务指数,CSI,中证指数有限公司,,一级行业指数,2007-07-02,,2000-01-01,2005-01-04,2007-07-02,2007-07-02,2026-05-22,2026-05-22,4591,4591,0,,
000916.SH,沪深300电信(SH),沪深300电信(SH),沪深300通信服务指数,SSE,中证指数有限公司,,一级行业指数,2007-07-02,,2000-01-01,2005-01-04,2007-07-02,2007-07-02,2026-05-22,2026-05-22,4591,4591,0,,
399355.SZ,CBN长江,CBN长江,CBN长江三角洲指数,SZSE,深圳证券交易所,,主题指数,2007-07-02,,2000-01-01,2007-07-02,2007-07-02,2007-07-02,2026-05-22,2026-05-22,4591,4591,0,,
399356.SZ,CBN珠江,CBN珠江,CBN珠江三角洲指数,SZSE,深圳证券交易所,,主题指数,2007-07-02,,2000-01-01,2007-07-02,2007-07-02,2007-07-02,2026-05-22,2026-05-22,4591,4591,0,,
399357.SZ,CBN渤海,CBN渤海,CBN环渤海地区指数,SZSE,深圳证券交易所,,主题指数,2007-07-02,,2000-01-01,2007-07-02,2007-07-02,2007-07-02,2026-05-22,2026-05-22,4591,4591,0,,
399913.SZ,沪深300医药,沪深300医药,沪深300医药卫生指数,SZSE,中证指数有限公司,,一级行业指数,2007-07-02,,2000-01-01,2005-01-04,2007-07-02,2007-07-02,2026-05-22,2026-05-22,4591,4591,0,,
399914.SZ,沪深300金融,沪深300金融,沪深300金融地产指数,SZSE,中证指数有限公司,,主题指数,2007-07-02,,2000-01-01,2005-01-04,2007-07-02,2007-07-02,2026-05-22,2026-05-22,4591,4591,0,,
000018.SH,180金融,180金融,上证180金融股指数,SSE,中证指数有限公司,,行业指数,2007-12-10,,2000-01-01,2004-01-02,2007-12-10,2007-12-10,2026-05-22,2026-05-22,4481,4481,0,,
000019.SH,治理指数,治理指数,上证公司治理指数,SSE,中证指数有限公司,,主题指数,2008-01-02,,2000-01-01,2007-07-02,2008-01-02,2008-01-02,2026-05-22,2026-05-22,4466,4466,0,,
399358.SZ,国证环保,国证环保,国证环保指数,SZSE,深圳证券交易所,,主题指数,2008-01-02,,2000-01-01,2008-01-02,2008-01-02,2008-01-02,2026-05-22,2026-05-22,4466,4466,0,,
000020.SH,中型综指,中型综指,上证中型企业综合指数,SSE,中证指数有限公司,,规模指数,2008-05-12,,2000-01-01,2007-07-02,2008-05-12,2008-05-12,2026-05-22,2026-05-22,4381,4381,0,,
000922.CSI,中证红利,中证红利,中证红利指数,CSI,中证指数有限公司,,策略指数,2008-05-26,,2000-01-01,2005-01-04,2008-05-26,2008-05-26,2026-05-22,2026-05-22,4371,4371,0,,
000021.SH,180治理,180治理,上证180公司治理指数,SSE,中证指数有限公司,,主题指数,2008-09-10,,2000-01-01,2007-07-02,2008-09-10,2008-09-10,2026-05-22,2026-05-22,4295,4295,0,,
000025.SH,180基建,180基建,上证180基建指数,SSE,中证指数有限公司,,主题指数,2008-12-15,,2000-01-01,2005-01-04,2008-12-15,2008-12-15,2026-05-22,2026-05-22,4233,4233,0,,
000026.SH,180资源,180资源,上证180资源指数,SSE,中证指数有限公司,,主题指数,2008-12-15,,2000-01-01,2005-01-04,2008-12-15,2008-12-15,2026-05-22,2026-05-22,4233,4233,0,,
000027.SH,180运输,180运输,上证180交通运输指数,SSE,中证指数有限公司,,主题指数,2008-12-15,,2000-01-01,2005-01-04,2008-12-15,2008-12-15,2026-05-22,2026-05-22,4233,4233,0,,
000028.SH,180成长,180成长,上证180成长指数,SSE,中证指数有限公司,,风格指数,2009-01-09,,2000-01-01,2009-01-09,2009-01-09,2009-01-09,2026-05-22,2026-05-22,4216,4216,0,,
000029.SH,180价值,180价值,上证180价值指数,SSE,中证指数有限公司,,风格指数,2009-01-09,,2000-01-01,2009-01-09,2009-01-09,2009-01-09,2026-05-22,2026-05-22,4216,4216,0,,
000030.SH,180R成长,180R成长,上证180相对成长指数,SSE,中证指数有限公司,,风格指数,2009-01-09,,2000-01-01,2009-01-09,2009-01-09,2009-01-09,2026-05-22,2026-05-22,4216,4216,0,,
000031.SH,180R价值,180R价值,上证180相对价值指数,SSE,中证指数有限公司,,风格指数,2009-01-09,,2000-01-01,2009-01-09,2009-01-09,2009-01-09,2026-05-22,2026-05-22,4216,4216,0,,
000032.SH,上证能源,上证能源,上证能源行业指数,SSE,中证指数有限公司,,一级行业指数,2009-01-09,,2000-01-01,2009-01-09,2009-01-09,2009-01-09,2026-05-22,2026-05-22,4216,4216,0,,
000033.SH,上证材料,上证材料,上证原材料行业指数,SSE,中证指数有限公司,,一级行业指数,2009-01-09,,2000-01-01,2009-01-09,2009-01-09,2009-01-09,2026-05-22,2026-05-22,4216,4216,0,,
000034.SH,上证工业,上证工业,上证工业行业指数,SSE,中证指数有限公司,,一级行业指数,2009-01-09,,2000-01-01,2009-01-09,2009-01-09,2009-01-09,2026-05-22,2026-05-22,4216,4216,0,,
000035.SH,上证可选,上证可选,上证可选消费行业指数,SSE,中证指数有限公司,,一级行业指数,2009-01-09,,2000-01-01,2009-01-09,2009-01-09,2009-01-09,2026-05-22,2026-05-22,4216,4216,0,,
000036.SH,上证消费,上证消费,上证主要消费行业指数,SSE,中证指数有限公司,,一级行业指数,2009-01-09,,2000-01-01,2009-01-09,2009-01-09,2009-01-09,2026-05-22,2026-05-22,4216,4216,0,,
000037.SH,上证医药,上证医药,上证医药卫生行业指数,SSE,中证指数有限公司,,一级行业指数,2009-01-09,,2000-01-01,2009-01-09,2009-01-09,2009-01-09,2026-05-22,2026-05-22,4216,4216,0,,
000038.SH,上证金融,上证金融,上证金融地产行业指数,SSE,中证指数有限公司,,主题指数,2009-01-09,,2000-01-01,2005-01-04,2009-01-09,2009-01-09,2026-05-22,2026-05-22,4216,4216,0,,
000039.SH,上证信息,上证信息,上证信息技术行业指数,SSE,中证指数有限公司,,一级行业指数,2009-01-09,,2000-01-01,2009-01-09,2009-01-09,2009-01-09,2026-05-22,2026-05-22,4216,4216,0,,
000040.SH,上证通信,上证通信,上证通信服务行业指数,SSE,中证指数有限公司,,一级行业指数,2009-01-09,,2000-01-01,2009-01-09,2009-01-09,2009-01-09,2026-05-22,2026-05-22,4216,4216,0,,
000041.SH,上证公用,上证公用,上证公用事业行业指数,SSE,中证指数有限公司,,一级行业指数,2009-01-09,,2000-01-01,2009-01-09,2009-01-09,2009-01-09,2026-05-22,2026-05-22,4216,4216,0,,
000042.SH,上证央企,上证央企,上证中央企业50指数,SSE,中证指数有限公司,,主题指数,2009-03-30,,2000-01-01,2009-01-05,2009-03-30,2009-03-30,2026-05-22,2026-05-22,4165,4165,0,,
000926.CSI,中证央企,中证央企,中证中央企业综合指数,CSI,中证指数有限公司,,主题指数,2009-03-30,,2000-01-01,2009-01-05,2009-03-30,2009-03-30,2026-05-22,2026-05-22,4165,4165,0,,
000926.SH,中证央企(SH),中证央企(SH),中证中央企业综合指数,SSE,中证指数有限公司,,主题指数,2009-03-30,,2000-01-01,2009-01-05,2009-03-30,2009-03-30,2026-05-22,2026-05-22,4165,4165,0,,
000927.CSI,央企100,央企100,中证中央企业100指数,CSI,中证指数有限公司,,主题指数,2009-03-30,,2000-01-01,2009-01-05,2009-03-30,2009-03-30,2026-05-22,2026-05-22,4165,4165,0,,
000927.SH,央企100(SH),央企100(SH),中证中央企业100指数,SSE,中证指数有限公司,,主题指数,2009-03-30,,2000-01-01,2009-01-05,2009-03-30,2009-03-30,2026-05-22,2026-05-22,4165,4165,0,,
000043.SH,超大盘,超大盘,上证超级大盘指数,SSE,中证指数有限公司,,规模指数,2009-04-23,,2000-01-01,2005-01-04,2009-04-23,2009-04-23,2026-05-22,2026-05-22,4148,4148,0,,
000044.SH,上证中盘,上证中盘,上证中盘指数,SSE,中证指数有限公司,,规模指数,2009-07-03,,2000-01-01,2005-01-04,2009-07-03,2009-07-03,2026-05-22,2026-05-22,4100,4100,0,,
000045.SH,上证小盘,上证小盘,上证小盘指数,SSE,中证指数有限公司,,规模指数,2009-07-03,,2000-01-01,2005-01-04,2009-07-03,2009-07-03,2026-05-22,2026-05-22,4100,4100,0,,
000046.SH,上证中小,上证中小,上证中小盘指数,SSE,中证指数有限公司,,规模指数,2009-07-03,,2000-01-01,2005-01-04,2009-07-03,2009-07-03,2026-05-22,2026-05-22,4100,4100,0,,
000047.SH,上证全指,上证全指,上证全指,SSE,中证指数有限公司,,规模指数,2009-07-03,,2000-01-01,2005-01-04,2009-07-03,2009-07-03,2026-05-22,2026-05-22,4100,4100,0,,
000928.SH,800能源,800能源,中证能源指数,SSE,中证指数有限公司,,一级行业指数,2009-07-03,,2000-01-01,2005-01-04,2009-07-03,2009-07-03,2026-05-22,2026-05-22,4100,4100,0,,
000929.CSI,800材料,800材料,中证原材料指数,CSI,中证指数有限公司,,一级行业指数,2009-07-03,,2000-01-01,2005-01-04,2009-07-03,2009-07-03,2026-05-22,2026-05-22,4100,4100,0,,
000929.SH,800材料,800材料,中证原材料指数,SSE,中证指数有限公司,,一级行业指数,2009-07-03,,2000-01-01,2005-01-04,2009-07-03,2009-07-03,2026-05-22,2026-05-22,4100,4100,0,,
000930.CSI,800工业,800工业,中证工业指数,CSI,中证指数有限公司,,一级行业指数,2009-07-03,,2000-01-01,2005-01-04,2009-07-03,2009-07-03,2026-05-22,2026-05-22,4100,4100,0,,
000930.SH,800工业,800工业,中证工业指数,SSE,中证指数有限公司,,一级行业指数,2009-07-03,,2000-01-01,2005-01-04,2009-07-03,2009-07-03,2026-05-22,2026-05-22,4100,4100,0,,
000932.SH,800消费,800消费,中证主要消费指数,SSE,中证指数有限公司,,一级行业指数,2009-07-03,,2000-01-01,2005-01-04,2009-07-03,2009-07-03,2026-05-22,2026-05-22,4100,4100,0,,
000933.SH,800医卫,800医卫,中证医药卫生指数,SSE,中证指数有限公司,,一级行业指数,2009-07-03,,2000-01-01,2005-01-04,2009-07-03,2009-07-03,2026-05-22,2026-05-22,4100,4100,0,,
000934.SH,800金地,800金地,中证金融地产指数,SSE,中证指数有限公司,,主题指数,2009-07-03,,2000-01-01,2005-01-04,2009-07-03,2009-07-03,2026-05-22,2026-05-22,4100,4100,0,,
000935.SH,800信息,800信息,中证信息技术指数,SSE,中证指数有限公司,,一级行业指数,2009-07-03,,2000-01-01,2005-01-04,2009-07-03,2009-07-03,2026-05-22,2026-05-22,4100,4100,0,,
000936.CSI,800通信,800通信,中证通信服务指数,CSI,中证指数有限公司,,一级行业指数,2009-07-03,,2000-01-01,2005-01-04,2009-07-03,2009-07-03,2026-05-22,2026-05-22,4100,4100,0,,
000936.SH,800通信(SH),800通信(SH),中证通信服务指数,SSE,中证指数有限公司,,一级行业指数,2009-07-03,,2000-01-01,2005-01-04,2009-07-03,2009-07-03,2026-05-22,2026-05-22,4100,4100,0,,
000937.CSI,800公用,800公用,中证公用事业指数,CSI,中证指数有限公司,,一级行业指数,2009-07-03,,2000-01-01,2005-01-04,2009-07-03,2009-07-03,2026-05-22,2026-05-22,4100,4100,0,,
000937.SH,800公用(SH),800公用(SH),中证公用事业指数,SSE,中证指数有限公司,,一级行业指数,2009-07-03,,2000-01-01,2005-01-04,2009-07-03,2009-07-03,2026-05-22,2026-05-22,4100,4100,0,,
399928.SZ,800能源,800能源,中证能源指数,SZSE,中证指数有限公司,,一级行业指数,2009-07-03,,2000-01-01,2005-01-04,2009-07-03,2009-07-03,2026-05-22,2026-05-22,4100,4100,0,,
399932.SZ,800消费,800消费,中证主要消费指数,SZSE,中证指数有限公司,,一级行业指数,2009-07-03,,2000-01-01,2005-01-04,2009-07-03,2009-07-03,2026-05-22,2026-05-22,4100,4100,0,,
399933.SZ,800医卫,800医卫,中证医药卫生指数,SZSE,中证指数有限公司,,一级行业指数,2009-07-03,,2000-01-01,2005-01-04,2009-07-03,2009-07-03,2026-05-22,2026-05-22,4100,4100,0,,
399934.SZ,800金地,800金地,中证金融地产指数,SZSE,中证指数有限公司,,主题指数,2009-07-03,,2000-01-01,2005-01-04,2009-07-03,2009-07-03,2026-05-22,2026-05-22,4100,4100,0,,
399935.SZ,800信息,800信息,中证信息技术指数,SZSE,中证指数有限公司,,一级行业指数,2009-07-03,,2000-01-01,2005-01-04,2009-07-03,2009-07-03,2026-05-22,2026-05-22,4100,4100,0,,
931461.CSI,电子50,电子50,中证电子50指数,CSI,中证指数有限公司,,主题指数,2009-07-22,,2000-01-01,2009-01-05,2009-07-22,2009-07-22,2026-05-22,2026-05-22,4087,4087,0,,
399335.SZ,深证央企,深证央企,深证央企指数,SZSE,深圳证券交易所,,主题指数,2009-08-03,,2000-01-01,2009-08-03,2009-08-03,2009-08-03,2026-05-22,2026-05-22,4079,4079,0,,
399337.SZ,深证民营,深证民营,深证民营指数,SZSE,深圳证券交易所,,主题指数,2009-08-03,,2000-01-01,2009-08-03,2009-08-03,2009-08-03,2026-05-22,2026-05-22,4079,4079,0,,
399339.SZ,深证科技,深证科技,深证科技指数,SZSE,深圳证券交易所,,主题指数,2009-08-03,,2000-01-01,2009-08-03,2009-08-03,2009-08-03,2026-05-22,2026-05-22,4079,4079,0,,
399341.SZ,深证责任,深证责任,深证责任指数,SZSE,深圳证券交易所,,主题指数,2009-08-03,,2000-01-01,2009-08-03,2009-08-03,2009-08-03,2026-05-22,2026-05-22,4079,4079,0,,
399359.SZ,国证基建,国证基建,国证基建指数,SZSE,深圳证券交易所,,主题指数,2009-08-03,,2000-01-01,2009-08-03,2009-08-03,2009-08-03,2026-05-22,2026-05-22,4079,4079,0,,
399360.SZ,新硬件,新硬件,国证新硬件,SZSE,深圳证券交易所,,主题指数,2009-08-03,,2000-01-01,2009-08-03,2009-08-03,2009-08-03,2026-05-22,2026-05-22,4079,4079,0,,
399361.SZ,在线消费,在线消费,国证在线消费指数,SZSE,深圳证券交易所,,主题指数,2009-08-03,,2000-01-01,2009-08-03,2009-08-03,2009-08-03,2026-05-22,2026-05-22,4079,4079,0,,
399362.SZ,民企100,民企100,国证民企领先100指数,SZSE,深圳证券交易所,,主题指数,2009-08-03,,2000-01-01,2009-08-03,2009-08-03,2009-08-03,2026-05-22,2026-05-22,4079,4079,0,,
399363.SZ,国证算力,国证算力,国证算力基础设施主题指数,SZSE,深圳证券交易所,,主题指数,2009-08-03,,2000-01-01,2009-08-03,2009-08-03,2009-08-03,2026-05-22,2026-05-22,4079,4079,0,,
399364.SZ,消费100,消费100,国证消费100指数,SZSE,深圳证券交易所,,主题指数,2009-08-03,,2000-01-01,2009-08-03,2009-08-03,2009-08-03,2026-05-22,2026-05-22,4079,4079,0,,
000048.SH,责任指数,责任指数,上证社会责任指数,SSE,中证指数有限公司,,主题指数,2009-08-05,,2000-01-01,2009-07-01,2009-08-05,2009-08-05,2026-05-22,2026-05-22,4077,4077,0,,
000049.SH,上证民企,上证民企,上证民营企业50指数,SSE,中证指数有限公司,,主题指数,2009-08-25,,2000-01-01,2009-08-25,2009-08-25,2009-08-25,2026-05-22,2026-05-22,4063,4063,0,,
000941.CSI,新能源,新能源,中证内地新能源主题指数,CSI,中证指数有限公司,,主题指数,2009-10-28,,2000-01-01,2009-01-05,2009-10-28,2009-10-28,2026-05-22,2026-05-22,4023,4023,0,,
000941.SH,新能源(SH),新能源(SH),中证内地新能源主题指数,SSE,中证指数有限公司,,主题指数,2009-10-28,,2000-01-01,2009-01-05,2009-10-28,2009-10-28,2026-05-22,2026-05-22,4023,4023,0,,
000942.CSI,内地消费,内地消费,中证内地消费主题指数,CSI,中证指数有限公司,,主题指数,2009-10-28,,2000-01-01,2005-01-04,2009-10-28,2009-10-28,2026-05-22,2026-05-22,4023,4023,0,,
000942.SH,内地消费(SH),内地消费(SH),中证内地消费主题指数,SSE,中证指数有限公司,,主题指数,2009-10-28,,2000-01-01,2005-01-04,2009-10-28,2009-10-28,2026-05-22,2026-05-22,4023,4023,0,,
000945.CSI,内地运输,内地运输,中证内地运输主题指数,CSI,中证指数有限公司,,主题指数,2009-10-28,,2000-01-01,2005-01-04,2009-10-28,2009-10-28,2026-05-22,2026-05-22,4023,4023,0,,
000945.SH,内地运输(SH),内地运输(SH),中证内地运输主题指数,SSE,中证指数有限公司,,主题指数,2009-10-28,,2000-01-01,2005-01-04,2009-10-28,2009-10-28,2026-05-22,2026-05-22,4023,4023,0,,
000948.CSI,内地地产,内地地产,中证内地地产主题指数,CSI,中证指数有限公司,,主题指数,2009-10-28,,2000-01-01,2005-01-04,2009-10-28,2009-10-28,2026-05-22,2026-05-22,4023,4023,0,,
000948.SH,内地地产(SH),内地地产(SH),中证内地地产主题指数,SSE,中证指数有限公司,,主题指数,2009-10-28,,2000-01-01,2005-01-04,2009-10-28,2009-10-28,2026-05-22,2026-05-22,4023,4023,0,,
000949.CSI,中证农业,中证农业,中证农业主题指数,CSI,中证指数有限公司,,主题指数,2009-10-28,,2000-01-01,2005-01-04,2009-10-28,2009-10-28,2026-05-22,2026-05-22,4023,4023,0,,
000949.SH,中证农业(SH),中证农业(SH),中证农业主题指数,SSE,中证指数有限公司,,主题指数,2009-10-28,,2000-01-01,2005-01-04,2009-10-28,2009-10-28,2026-05-22,2026-05-22,4023,4023,0,,
399007.SZ,深证300,深证300,深证300指数,SZSE,深圳证券交易所,,规模指数,2009-11-04,,2000-01-01,2009-11-04,2009-11-04,2009-11-04,2026-05-22,2026-05-22,4018,4018,0,,
399344.SZ,深证300R,深证300R,深证300全收益指数,SZSE,深圳证券交易所,,规模指数,2009-11-04,,2000-01-01,2009-11-04,2009-11-04,2009-11-04,2026-05-22,2026-05-22,4018,4018,0,,
399346.SZ,深证成长,深证成长,深证300成长指数,SZSE,深圳证券交易所,,风格指数,2009-11-04,,2000-01-01,2009-11-04,2009-11-04,2009-11-04,2026-05-22,2026-05-22,4018,4018,0,,
399348.SZ,深证价值,深证价值,深证300价值指数,SZSE,深圳证券交易所,,风格指数,2009-11-04,,2000-01-01,2009-11-04,2009-11-04,2009-11-04,2026-05-22,2026-05-22,4018,4018,0,,
399365.SZ,国证粮食,国证粮食,国证粮食产业指数,SZSE,深圳证券交易所,,主题指数,2009-11-04,,2000-01-01,2009-11-04,2009-11-04,2009-11-04,2026-05-22,2026-05-22,4018,4018,0,,
399366.SZ,能源金属,能源金属,国证能源金属指数,SZSE,深圳证券交易所,,主题指数,2009-11-04,,2000-01-01,2009-11-04,2009-11-04,2009-11-04,2026-05-22,2026-05-22,4018,4018,0,,
399367.SZ,1000地产,1000地产,国证1000房地产行业指数,SZSE,深圳证券交易所,,一级行业指数,2009-11-04,,2000-01-01,2009-11-04,2009-11-04,2009-11-04,2026-05-22,2026-05-22,4018,4018,0,,
399368.SZ,国证军工,国证军工,国证航天军工指数,SZSE,深圳证券交易所,,主题指数,2009-11-04,,2000-01-01,2009-11-04,2009-11-04,2009-11-04,2026-05-22,2026-05-22,4018,4018,0,,
399369.SZ,国证责任,国证责任,国证责任指数,SZSE,深圳证券交易所,,主题指数,2009-11-04,,2000-01-01,2009-11-04,2009-11-04,2009-11-04,2026-05-22,2026-05-22,4018,4018,0,,
000054.SH,上证海外,上证海外,上证海外上市A股指数,SSE,中证指数有限公司,,主题指数,2010-01-04,,2000-01-01,2007-01-04,2010-01-04,2010-01-04,2026-05-22,2026-05-22,3976,3976,0,,
000055.SH,上证地企,上证地企,上证地方国有企业50指数,SSE,中证指数有限公司,,主题指数,2010-01-04,,2000-01-01,2009-07-01,2010-01-04,2010-01-04,2026-05-22,2026-05-22,3976,3976,0,,
000056.SH,上证国企,上证国企,上证国有企业100指数,SSE,中证指数有限公司,,主题指数,2010-01-04,,2000-01-01,2009-07-01,2010-01-04,2010-01-04,2026-05-22,2026-05-22,3976,3976,0,,
000057.SH,全指成长,全指成长,上证全指成长指数,SSE,中证指数有限公司,,风格指数,2010-01-04,,2000-01-01,2005-01-04,2010-01-04,2010-01-04,2026-05-22,2026-05-22,3976,3976,0,,
000058.SH,全指价值,全指价值,上证全指价值指数,SSE,中证指数有限公司,,风格指数,2010-01-04,,2000-01-01,2005-01-04,2010-01-04,2010-01-04,2026-05-22,2026-05-22,3976,3976,0,,
000059.SH,全R成长,全R成长,上证全指相对成长指数,SSE,中证指数有限公司,,风格指数,2010-01-04,,2000-01-01,2005-01-04,2010-01-04,2010-01-04,2026-05-22,2026-05-22,3976,3976,0,,
000060.SH,全R价值,全R价值,上证全指相对价值指数,SSE,中证指数有限公司,,风格指数,2010-01-04,,2000-01-01,2005-01-04,2010-01-04,2010-01-04,2026-05-22,2026-05-22,3976,3976,0,,
000062.SH,上证沪企,上证沪企,上证沪企指数,SSE,中证指数有限公司,,主题指数,2010-01-04,,2000-01-01,2006-01-04,2010-01-04,2010-01-04,2026-05-22,2026-05-22,3976,3976,0,,
399370.SZ,国证成长,国证成长,国证成长指数,SZSE,深圳证券交易所,,风格指数,2010-01-04,,2000-01-01,2010-01-04,2010-01-04,2010-01-04,2026-05-22,2026-05-22,3976,3976,0,,
399371.SZ,国证价值,国证价值,国证价值指数,SZSE,深圳证券交易所,,风格指数,2010-01-04,,2000-01-01,2010-01-04,2010-01-04,2010-01-04,2026-05-22,2026-05-22,3976,3976,0,,
399372.SZ,大盘成长,大盘成长,国证大盘成长指数,SZSE,深圳证券交易所,,风格指数,2010-01-04,,2000-01-01,2010-01-04,2010-01-04,2010-01-04,2026-05-22,2026-05-22,3976,3976,0,,
399373.SZ,大盘价值,大盘价值,国证大盘价值指数,SZSE,深圳证券交易所,,风格指数,2010-01-04,,2000-01-01,2010-01-04,2010-01-04,2010-01-04,2026-05-22,2026-05-22,3976,3976,0,,
399374.SZ,中盘成长,中盘成长,巨潮中盘成长,SZSE,巨潮公司,,风格指数,2010-01-04,,2000-01-01,2010-01-04,2010-01-04,2010-01-04,2026-05-22,2026-05-22,3976,3976,0,,
399375.SZ,中盘价值,中盘价值,巨潮中盘价值,SZSE,巨潮公司,,风格指数,2010-01-04,,2000-01-01,2010-01-04,2010-01-04,2010-01-04,2026-05-22,2026-05-22,3976,3976,0,,
399376.SZ,小盘成长,小盘成长,巨潮小盘成长,SZSE,巨潮公司,,风格指数,2010-01-04,,2000-01-01,2010-01-04,2010-01-04,2010-01-04,2026-05-22,2026-05-22,3976,3976,0,,
399377.SZ,小盘价值,小盘价值,巨潮小盘价值,SZSE,巨潮公司,,风格指数,2010-01-04,,2000-01-01,2010-01-04,2010-01-04,2010-01-04,2026-05-22,2026-05-22,3976,3976,0,,
000063.SH,上证周期,上证周期,上证周期行业50指数,SSE,中证指数有限公司,,主题指数,2010-02-03,,2000-01-01,2005-01-04,2010-02-03,2010-02-03,2026-05-22,2026-05-22,3954,3954,0,,
000064.SH,非周期,非周期,上证非周期行业100指数,SSE,中证指数有限公司,,主题指数,2010-02-03,,2000-01-01,2005-01-04,2010-02-03,2010-02-03,2026-05-22,2026-05-22,3954,3954,0,,
000065.SH,上证龙头,上证龙头,上证龙头企业指数,SSE,中证指数有限公司,,主题指数,2010-02-09,,2000-01-01,2005-01-04,2010-02-09,2010-02-09,2026-05-22,2026-05-22,3950,3950,0,,
399008.SZ,中小300,中小300,中小企业300指数,SZSE,深圳证券交易所,,规模指数,2010-03-22,,2000-01-01,2010-03-22,2010-03-22,2010-03-22,2026-05-22,2026-05-22,3926,3926,0,,
399901.SZ,小康指数,小康指数,中证南方小康产业指数,SZSE,中证指数有限公司,,主题指数,2010-04-01,,2000-01-01,2005-07-01,2010-04-01,2010-04-01,2026-05-22,2026-05-22,3918,3918,0,,
000901.SH,小康指数,小康指数,中证南方小康产业指数,SSE,中证指数有限公司,,主题指数,2010-04-02,,2000-01-01,2005-07-01,2010-04-02,2010-04-02,2026-05-22,2026-05-22,3917,3917,0,,
000066.SH,上证商品,上证商品,上证大宗商品股票指数,SSE,中证指数有限公司,,主题指数,2010-04-30,,2000-01-01,2005-01-04,2010-04-30,2010-04-30,2026-05-22,2026-05-22,3898,3898,0,,
000067.SH,上证新兴,上证新兴,上证新兴产业指数,SSE,中证指数有限公司,,主题指数,2010-04-30,,2000-01-01,2005-01-04,2010-04-30,2010-04-30,2026-05-22,2026-05-22,3898,3898,0,,
399701.SZ,深证F60,深证F60,深证基本面60指数,SZSE,深圳证券交易所,,策略指数,2010-05-10,,2000-01-01,2005-01-04,2010-05-10,2010-05-10,2026-05-22,2026-05-22,3893,3893,0,,
399702.SZ,深证F120,深证F120,深证基本面120指数,SZSE,深圳证券交易所,,策略指数,2010-05-10,,2000-01-01,2005-01-04,2010-05-10,2010-05-10,2026-05-22,2026-05-22,3893,3893,0,,
399703.SZ,深证F200,深证F200,深证基本面200指数,SZSE,深圳证券交易所,,策略指数,2010-05-10,,2000-01-01,2005-01-04,2010-05-10,2010-05-10,2026-05-22,2026-05-22,3893,3893,0,,
399602.SZ,中小成长,中小成长,中小300成长指数,SZSE,深圳证券交易所,,风格指数,2010-05-24,,2000-01-01,2010-05-24,2010-05-24,2010-05-24,2026-05-22,2026-05-22,3883,3883,0,,
399604.SZ,中小价值,中小价值,中小300价值指数,SZSE,深圳证券交易所,,风格指数,2010-05-24,,2000-01-01,2010-05-24,2010-05-24,2010-05-24,2026-05-22,2026-05-22,3883,3883,0,,
000068.SH,上证资源,上证资源,上证自然资源指数,SSE,中证指数有限公司,,主题指数,2010-05-28,,2000-01-01,2005-01-04,2010-05-28,2010-05-28,2026-05-22,2026-05-22,3879,3879,0,,
000069.SH,消费80,消费80,上证消费80指数,SSE,中证指数有限公司,,主题指数,2010-05-28,,2000-01-01,2005-01-04,2010-05-28,2010-05-28,2026-05-22,2026-05-22,3879,3879,0,,
399006.SZ,创业板指,创业板指,创业板指数,SZSE,深圳证券交易所,,规模指数,2010-06-01,,2000-01-01,2010-06-01,2010-06-01,2010-06-01,2026-05-22,2026-05-22,3877,3877,0,,
399606.SZ,创业板R,创业板R,创业板全收益指数,SZSE,深圳证券交易所,,规模指数,2010-06-01,,2000-01-01,2010-06-01,2010-06-01,2010-06-01,2026-05-22,2026-05-22,3877,3877,0,,
000965.CSI,基本200,基本200,中证锐联基本面200指数,CSI,中证指数有限公司,,策略指数,2010-06-02,,2000-01-01,2005-01-04,2010-06-02,2010-06-02,2026-05-22,2026-05-22,3876,3876,0,,
000965.SH,基本200(SH),基本200(SH),中证锐联基本面200指数,SSE,中证指数有限公司,,策略指数,2010-06-02,,2000-01-01,2005-01-04,2010-06-02,2010-06-02,2026-05-22,2026-05-22,3876,3876,0,,
000967.CSI,基本600,基本600,中证锐联基本面600指数,CSI,中证指数有限公司,,策略指数,2010-06-02,,2000-01-01,2005-01-04,2010-06-02,2010-06-02,2026-05-22,2026-05-22,3876,3876,0,,
000967.SH,基本600(SH),基本600(SH),中证锐联基本面600指数,SSE,中证指数有限公司,,策略指数,2010-06-02,,2000-01-01,2005-01-04,2010-06-02,2010-06-02,2026-05-22,2026-05-22,3876,3876,0,,
000070.SH,能源等权,能源等权,上证能源行业分层等权重指数,SSE,中证指数有限公司,,策略指数,2010-08-18,,2000-01-01,2005-01-04,2010-08-18,2010-08-18,2026-05-22,2026-05-22,3824,3824,0,,
000071.SH,材料等权,材料等权,上证原材料行业分层等权重指数,SSE,中证指数有限公司,,策略指数,2010-08-18,,2000-01-01,2005-01-04,2010-08-18,2010-08-18,2026-05-22,2026-05-22,3824,3824,0,,
000072.SH,工业等权,工业等权,上证工业行业分层等权重指数,SSE,中证指数有限公司,,策略指数,2010-08-18,,2000-01-01,2005-01-04,2010-08-18,2010-08-18,2026-05-22,2026-05-22,3824,3824,0,,
000073.SH,可选等权,可选等权,上证可选消费行业分层等权重指数,SSE,中证指数有限公司,,策略指数,2010-08-18,,2000-01-01,2005-01-04,2010-08-18,2010-08-18,2026-05-22,2026-05-22,3824,3824,0,,
000074.SH,消费等权,消费等权,上证主要消费行业分层等权重指数,SSE,中证指数有限公司,,策略指数,2010-08-18,,2000-01-01,2005-01-04,2010-08-18,2010-08-18,2026-05-22,2026-05-22,3824,3824,0,,
000075.SH,医药等权,医药等权,上证医药卫生行业分层等权重指数,SSE,中证指数有限公司,,策略指数,2010-08-18,,2000-01-01,2005-01-04,2010-08-18,2010-08-18,2026-05-22,2026-05-22,3824,3824,0,,
000076.SH,金融等权,金融等权,上证金融行业分层等权重指数,SSE,中证指数有限公司,,策略指数,2010-08-18,,2000-01-01,2005-01-04,2010-08-18,2010-08-18,2026-05-22,2026-05-22,3824,3824,0,,
000077.SH,信息等权,信息等权,上证信息技术行业分层等权重指数,SSE,中证指数有限公司,,策略指数,2010-08-18,,2000-01-01,2005-01-04,2010-08-18,2010-08-18,2026-05-22,2026-05-22,3824,3824,0,,
000078.SH,通信等权,通信等权,上证通信服务行业分层等权重指数,SSE,中证指数有限公司,,策略指数,2010-08-18,,2000-01-01,2005-01-04,2010-08-18,2010-08-18,2026-05-22,2026-05-22,3824,3824,0,,
000079.SH,公用等权,公用等权,上证公用事业行业分层等权重指数,SSE,中证指数有限公司,,策略指数,2010-08-18,,2000-01-01,2005-01-04,2010-08-18,2010-08-18,2026-05-22,2026-05-22,3824,3824,0,,
399102.SZ,创业板综,创业板综,创业板综合指数,SZSE,深圳证券交易所,,综合指数,2010-08-20,,2000-01-01,2010-06-01,2010-08-20,2010-08-20,2026-05-22,2026-05-22,3822,3822,0,,
000970.CSI,ESG40,ESG40,中证ECPI ESG可持续发展40指数,CSI,中证指数有限公司,,主题指数,2010-09-17,,2000-01-01,2010-07-01,2010-09-17,2010-09-17,2026-05-22,2026-05-22,3802,3802,0,,
000970.SH,ESG40(SH),ESG40(SH),中证ECPI ESG可持续发展40指数,SSE,中证指数有限公司,,主题指数,2010-09-17,,2000-01-01,2010-07-01,2010-09-17,2010-09-17,2026-05-22,2026-05-22,3802,3802,0,,
399378.SZ,ESG 300,ESG 300,国证ESG 300指数,SZSE,深圳证券交易所,,主题指数,2010-09-20,,2000-01-01,2010-09-20,2010-09-20,2010-09-20,2026-05-22,2026-05-22,3801,3801,0,,
399608.SZ,科技100,科技100,深证科技100指数,SZSE,深圳证券交易所,,主题指数,2010-10-18,,2000-01-01,2010-10-18,2010-10-18,2010-10-18,2026-05-22,2026-05-22,3789,3789,0,,
399610.SZ,TMT50,TMT50,深证电子信息传媒产业50指数,SZSE,深圳证券交易所,,主题指数,2010-11-08,,2000-01-01,2010-11-08,2010-11-08,2010-11-08,2026-05-22,2026-05-22,3774,3774,0,,
000009.SH,上证380,上证380,上证380指数,SSE,中证指数有限公司,,规模指数,2010-11-29,,2000-01-01,2005-01-04,2010-11-29,2010-11-29,2026-05-22,2026-05-22,3759,3759,0,,
000090.SH,上证流通,上证流通,上证流通指数,SSE,中证指数有限公司,,规模指数,2010-12-02,,2000-01-01,2010-01-04,2010-12-02,2010-12-02,2026-05-22,2026-05-22,3756,3756,0,,
000050.SH,50等权,50等权,上证50等权重指数,SSE,中证指数有限公司,,策略指数,2011-01-04,,2000-01-01,2005-01-04,2011-01-04,2011-01-04,2026-05-22,2026-05-22,3734,3734,0,,
399612.SZ,中创100,中创100,中小创业企业100指数,SZSE,深圳证券交易所,,规模指数,2011-02-28,,2000-01-01,2011-02-28,2011-02-28,2011-02-28,2026-05-22,2026-05-22,3700,3700,0,,
000091.SH,沪财中小,沪财中小,上证财富中小盘指数,SSE,中证指数有限公司,,策略指数,2011-04-06,,2000-01-01,2005-01-04,2011-04-06,2011-04-06,2026-05-22,2026-05-22,3675,3675,0,,
000092.SH,资源50,资源50,上证资源50指数,SSE,中证指数有限公司,,主题指数,2011-05-10,,2000-01-01,2005-01-04,2011-05-10,2011-05-10,2026-05-22,2026-05-22,3652,3652,0,,
000094.SH,上证上游,上证上游,上证上游产业指数,SSE,中证指数有限公司,,主题指数,2011-05-10,,2000-01-01,2005-01-04,2011-05-10,2011-05-10,2026-05-22,2026-05-22,3652,3652,0,,
000095.SH,上证中游,上证中游,上证中游产业指数,SSE,中证指数有限公司,,主题指数,2011-05-10,,2000-01-01,2005-01-04,2011-05-10,2011-05-10,2026-05-22,2026-05-22,3652,3652,0,,
000096.SH,上证下游,上证下游,上证下游产业指数,SSE,中证指数有限公司,,主题指数,2011-05-10,,2000-01-01,2005-01-04,2011-05-10,2011-05-10,2026-05-22,2026-05-22,3652,3652,0,,
000980.CSI,中证超大,中证超大,中证超级大盘指数,CSI,中证指数有限公司,,规模指数,2011-05-10,,2000-01-01,2005-01-04,2011-05-10,2011-05-10,2026-05-22,2026-05-22,3652,3652,0,,
000980.SH,中证超大(SH),中证超大(SH),中证超级大盘指数,SSE,中证指数有限公司,,规模指数,2011-05-10,,2000-01-01,2005-01-04,2011-05-10,2011-05-10,2026-05-22,2026-05-22,3652,3652,0,,
000051.SH,180等权,180等权,上证180等权重指数,SSE,中证指数有限公司,,策略指数,2011-05-24,,2000-01-01,2005-01-04,2011-05-24,2011-05-24,2026-05-22,2026-05-22,3642,3642,0,,
000093.SH,180分层,180分层,上证180行业分层等权重指数,SSE,中证指数有限公司,,策略指数,2011-05-24,,2000-01-01,2005-01-04,2011-05-24,2011-05-24,2026-05-22,2026-05-22,3642,3642,0,,
000097.SH,高端装备,高端装备,上证高端装备制造60指数,SSE,中证指数有限公司,,主题指数,2011-05-24,,2000-01-01,2005-01-04,2011-05-24,2011-05-24,2026-05-22,2026-05-22,3642,3642,0,,
000102.SH,沪投资品,沪投资品,上证投资品指数,SSE,中证指数有限公司,,主题指数,2011-06-13,,2000-01-01,2005-01-04,2011-06-13,2011-06-13,2026-05-22,2026-05-22,3629,3629,0,,
000103.SH,沪消费品,沪消费品,上证消费品指数,SSE,中证指数有限公司,,主题指数,2011-06-13,,2000-01-01,2005-01-04,2011-06-13,2011-06-13,2026-05-22,2026-05-22,3629,3629,0,,
000104.SH,380能源,380能源,上证380能源指数,SSE,中证指数有限公司,,一级行业指数,2011-06-13,,2000-01-01,2005-01-04,2011-06-13,2011-06-13,2026-05-22,2026-05-22,3629,3629,0,,
000105.SH,380材料,380材料,上证380原材料指数,SSE,中证指数有限公司,,一级行业指数,2011-06-13,,2000-01-01,2005-01-04,2011-06-13,2011-06-13,2026-05-22,2026-05-22,3629,3629,0,,
000106.SH,380工业,380工业,上证380工业指数,SSE,中证指数有限公司,,一级行业指数,2011-06-13,,2000-01-01,2005-01-04,2011-06-13,2011-06-13,2026-05-22,2026-05-22,3629,3629,0,,
000107.SH,380可选,380可选,上证380可选消费指数,SSE,中证指数有限公司,,一级行业指数,2011-06-13,,2000-01-01,2005-01-04,2011-06-13,2011-06-13,2026-05-22,2026-05-22,3629,3629,0,,
000108.SH,380消费,380消费,上证380主要消费指数,SSE,中证指数有限公司,,一级行业指数,2011-06-13,,2000-01-01,2005-01-04,2011-06-13,2011-06-13,2026-05-22,2026-05-22,3629,3629,0,,
000109.SH,380医药,380医药,上证380医药卫生指数,SSE,中证指数有限公司,,一级行业指数,2011-06-13,,2000-01-01,2005-01-04,2011-06-13,2011-06-13,2026-05-22,2026-05-22,3629,3629,0,,
000110.SH,380金融,380金融,上证380金融指数,SSE,中证指数有限公司,,一级行业指数,2011-06-13,,2000-01-01,2005-01-04,2011-06-13,2011-06-13,2026-05-22,2026-05-22,3629,3629,0,,
000111.SH,380信息,380信息,上证380信息技术指数,SSE,中证指数有限公司,,一级行业指数,2011-06-13,,2000-01-01,2005-01-04,2011-06-13,2011-06-13,2026-05-22,2026-05-22,3629,3629,0,,
000112.SH,380电信,380电信,上证380电信业务指数,SSE,中证指数有限公司,,一级行业指数,2011-06-13,,2000-01-01,2005-01-04,2011-06-13,2011-06-13,2026-05-22,2026-05-22,3629,3629,0,,
000113.SH,380公用,380公用,上证380公用事业指数,SSE,中证指数有限公司,,一级行业指数,2011-06-13,,2000-01-01,2005-01-04,2011-06-13,2011-06-13,2026-05-22,2026-05-22,3629,3629,0,,
000982.SH,500等权,500等权,中证500等权重指数,SSE,中证指数有限公司,,策略指数,2011-06-13,,2000-01-01,2005-01-04,2011-06-13,2011-06-13,2026-05-22,2026-05-22,3629,3629,0,,
399982.SZ,500等权,500等权,中证500等权重指数,SZSE,中证指数有限公司,,策略指数,2011-06-13,,2000-01-01,2005-01-04,2011-06-13,2011-06-13,2026-05-22,2026-05-22,3629,3629,0,,
399613.SZ,深证能源,深证能源,深证能源行业指数,SZSE,深圳证券交易所,,一级行业指数,2011-06-15,,2000-01-01,2011-06-15,2011-06-15,2011-06-15,2026-05-22,2026-05-22,3627,3627,0,,
399614.SZ,深证材料,深证材料,深证原材料行业指数,SZSE,深圳证券交易所,,一级行业指数,2011-06-15,,2000-01-01,2011-06-15,2011-06-15,2011-06-15,2026-05-22,2026-05-22,3627,3627,0,,
399615.SZ,深证工业,深证工业,深证工业行业指数,SZSE,深圳证券交易所,,一级行业指数,2011-06-15,,2000-01-01,2011-06-15,2011-06-15,2011-06-15,2026-05-22,2026-05-22,3627,3627,0,,
399616.SZ,深证可选,深证可选,深证可选消费行业指数,SZSE,深圳证券交易所,,一级行业指数,2011-06-15,,2000-01-01,2011-06-15,2011-06-15,2011-06-15,2026-05-22,2026-05-22,3627,3627,0,,
399617.SZ,深证消费,深证消费,深证主要消费行业指数,SZSE,深圳证券交易所,,一级行业指数,2011-06-15,,2000-01-01,2011-06-15,2011-06-15,2011-06-15,2026-05-22,2026-05-22,3627,3627,0,,
399618.SZ,深证医药,深证医药,深证医药卫生行业指数,SZSE,深圳证券交易所,,一级行业指数,2011-06-15,,2000-01-01,2011-06-15,2011-06-15,2011-06-15,2026-05-22,2026-05-22,3627,3627,0,,
399619.SZ,深证金融,深证金融,深证金融行业指数,SZSE,深圳证券交易所,,一级行业指数,2011-06-15,,2000-01-01,2011-06-15,2011-06-15,2011-06-15,2026-05-22,2026-05-22,3627,3627,0,,
399620.SZ,深证信息,深证信息,深证信息技术行业指数,SZSE,深圳证券交易所,,一级行业指数,2011-06-15,,2000-01-01,2011-06-15,2011-06-15,2011-06-15,2026-05-22,2026-05-22,3627,3627,0,,
399621.SZ,深证电信,深证电信,深证电信业务行业指数,SZSE,深圳证券交易所,,一级行业指数,2011-06-15,,2000-01-01,2011-06-15,2011-06-15,2011-06-15,2026-05-22,2026-05-22,3627,3627,0,,
399622.SZ,深证公用,深证公用,深证公用事业行业指数,SZSE,深圳证券交易所,,一级行业指数,2011-06-15,,2000-01-01,2011-06-15,2011-06-15,2011-06-15,2026-05-22,2026-05-22,3627,3627,0,,
000098.SH,上证F200,上证F200,上证基本面200指数,SSE,中证指数有限公司,,策略指数,2011-07-01,,2000-01-01,2005-01-04,2011-07-01,2011-07-01,2026-05-22,2026-05-22,3615,3615,0,,
000099.SH,上证F300,上证F300,上证基本面300指数,SSE,中证指数有限公司,,策略指数,2011-07-01,,2000-01-01,2005-01-04,2011-07-01,2011-07-01,2026-05-22,2026-05-22,3615,3615,0,,
000100.SH,上证F500,上证F500,上证基本面500指数,SSE,中证指数有限公司,,策略指数,2011-07-01,,2000-01-01,2005-01-04,2011-07-01,2011-07-01,2026-05-22,2026-05-22,3615,3615,0,,
399623.SZ,中小基础,中小基础,中小企业基础市场指数,SZSE,深圳证券交易所,,规模指数,2011-07-25,,2000-01-01,2011-07-25,2011-07-25,2011-07-25,2026-05-22,2026-05-22,3599,3599,0,,
000985.CSI,中证全指,中证全指,中证全指指数,CSI,中证指数有限公司,,规模指数,2011-08-02,,2000-01-01,2005-01-04,2011-08-02,2011-08-02,2026-05-22,2026-05-22,3593,3593,0,,
000985.SH,中证全指(SH),中证全指(SH),中证全指指数,SSE,中证指数有限公司,,规模指数,2011-08-02,,2000-01-01,2005-01-04,2011-08-02,2011-08-02,2026-05-22,2026-05-22,3593,3593,0,,
000986.SH,全指能源,全指能源,中证全指能源指数,SSE,中证指数有限公司,,一级行业指数,2011-08-02,,2000-01-01,2005-01-04,2011-08-02,2011-08-02,2026-05-22,2026-05-22,3593,3593,0,,
000987.SH,全指材料,全指材料,中证全指原材料指数,SSE,中证指数有限公司,,一级行业指数,2011-08-02,,2000-01-01,2005-01-04,2011-08-02,2011-08-02,2026-05-22,2026-05-22,3593,3593,0,,
000988.CSI,全指工业,全指工业,中证全指工业指数,CSI,中证指数有限公司,,一级行业指数,2011-08-02,,2000-01-01,2005-01-04,2011-08-02,2011-08-02,2026-05-22,2026-05-22,3593,3593,0,,
000988.SH,全指工业(SH),全指工业(SH),中证全指工业指数,SSE,中证指数有限公司,,一级行业指数,2011-08-02,,2000-01-01,2005-01-04,2011-08-02,2011-08-02,2026-05-22,2026-05-22,3593,3593,0,,
000989.SH,全指可选,全指可选,中证全指可选消费指数,SSE,中证指数有限公司,,一级行业指数,2011-08-02,,2000-01-01,2005-01-04,2011-08-02,2011-08-02,2026-05-22,2026-05-22,3593,3593,0,,
000991.SH,全指医药,全指医药,中证全指医药卫生指数,SSE,中证指数有限公司,,一级行业指数,2011-08-02,,2000-01-01,2005-01-04,2011-08-02,2011-08-02,2026-05-22,2026-05-22,3593,3593,0,,
000992.SH,金融地产,金融地产,中证全指金融地产指数,SSE,中证指数有限公司,,主题指数,2011-08-02,,2000-01-01,2005-01-04,2011-08-02,2011-08-02,2026-05-22,2026-05-22,3593,3593,0,,
000993.SH,全指信息,全指信息,中证全指信息技术指数,SSE,中证指数有限公司,,一级行业指数,2011-08-02,,2000-01-01,2005-01-04,2011-08-02,2011-08-02,2026-05-22,2026-05-22,3593,3593,0,,
000994.CSI,全指通信,全指通信,中证全指通信业务指数,CSI,中证指数有限公司,,一级行业指数,2011-08-02,,2000-01-01,2005-01-04,2011-08-02,2011-08-02,2026-05-22,2026-05-22,3593,3593,0,,
000994.SH,全指通信(SH),全指通信(SH),中证全指通信业务指数,SSE,中证指数有限公司,,一级行业指数,2011-08-02,,2000-01-01,2005-01-04,2011-08-02,2011-08-02,2026-05-22,2026-05-22,3593,3593,0,,
000995.CSI,全指公用,全指公用,中证全指公用事业指数,CSI,中证指数有限公司,,一级行业指数,2011-08-02,,2000-01-01,2005-01-04,2011-08-02,2011-08-02,2026-05-22,2026-05-22,3593,3593,0,,
000995.SH,全指公用(SH),全指公用(SH),中证全指公用事业指数,SSE,中证指数有限公司,,一级行业指数,2011-08-02,,2000-01-01,2005-01-04,2011-08-02,2011-08-02,2026-05-22,2026-05-22,3593,3593,0,,
000115.SH,380等权,380等权,上证380等权重指数,SSE,中证指数有限公司,,策略指数,2011-08-12,,2000-01-01,2004-01-02,2011-08-12,2011-08-12,2026-05-22,2026-05-22,3585,3585,0,,
399624.SZ,中创400,中创400,中小创业企业400指数,SZSE,深圳证券交易所,,规模指数,2011-08-15,,2000-01-01,2011-08-15,2011-08-15,2011-08-15,2026-05-22,2026-05-22,3584,3584,0,,
399625.SZ,中创500,中创500,中小创业企业500指数,SZSE,深圳证券交易所,,规模指数,2011-08-15,,2000-01-01,2011-08-15,2011-08-15,2011-08-15,2026-05-22,2026-05-22,3584,3584,0,,
399626.SZ,中创成长,中创成长,中小创业企业成长指数,SZSE,深圳证券交易所,,风格指数,2011-08-15,,2000-01-01,2011-08-15,2011-08-15,2011-08-15,2026-05-22,2026-05-22,3584,3584,0,,
399627.SZ,中创价值,中创价值,中小创业企业价值指数,SZSE,深圳证券交易所,,风格指数,2011-08-15,,2000-01-01,2011-08-15,2011-08-15,2011-08-15,2026-05-22,2026-05-22,3584,3584,0,,
000114.SH,持续产业,持续产业,上证可持续发展产业主题指数,SSE,中证指数有限公司,,主题指数,2011-08-22,,2000-01-01,2011-07-04,2011-08-22,2011-08-22,2026-05-22,2026-05-22,3579,3579,0,,
399959.SZ,军工指数,军工指数,中证中航军工主题指数,SZSE,中证指数有限公司,,主题指数,2011-08-30,,2000-01-01,2011-07-01,2011-08-30,2011-08-30,2026-05-22,2026-05-22,3573,3573,0,,
399009.SZ,深证200,深证200,深证200指数,SZSE,深圳证券交易所,,规模指数,2011-09-01,,2000-01-01,2011-09-01,2011-09-01,2011-09-01,2026-05-22,2026-05-22,3571,3571,0,,
399010.SZ,深证700,深证700,深证700指数,SZSE,深圳证券交易所,,规模指数,2011-09-01,,2000-01-01,2011-09-01,2011-09-01,2011-09-01,2026-05-22,2026-05-22,3571,3571,0,,
399011.SZ,深证1000,深证1000,深证1000指数,SZSE,深圳证券交易所,,规模指数,2011-09-01,,2000-01-01,2011-09-01,2011-09-01,2011-09-01,2026-05-22,2026-05-22,3571,3571,0,,
399628.SZ,700成长,700成长,深证700成长指数,SZSE,深圳证券交易所,,风格指数,2011-09-01,,2000-01-01,2011-09-01,2011-09-01,2011-09-01,2026-05-22,2026-05-22,3571,3571,0,,
399629.SZ,700价值,700价值,深证700价值指数,SZSE,深圳证券交易所,,风格指数,2011-09-01,,2000-01-01,2011-09-01,2011-09-01,2011-09-01,2026-05-22,2026-05-22,3571,3571,0,,
399630.SZ,1000成长,1000成长,深证1000成长指数,SZSE,深圳证券交易所,,风格指数,2011-09-01,,2000-01-01,2011-09-01,2011-09-01,2011-09-01,2026-05-22,2026-05-22,3571,3571,0,,
399631.SZ,1000价值,1000价值,深证1000价值指数,SZSE,深圳证券交易所,,风格指数,2011-09-01,,2000-01-01,2011-09-01,2011-09-01,2011-09-01,2026-05-22,2026-05-22,3571,3571,0,,
000117.SH,380成长,380成长,上证380成长指数,SSE,中证指数有限公司,,风格指数,2011-10-18,,2000-01-01,2004-01-02,2011-10-18,2011-10-18,2026-05-22,2026-05-22,3544,3544,0,,
000118.SH,380价值,380价值,上证380价值指数,SSE,中证指数有限公司,,风格指数,2011-10-18,,2000-01-01,2004-01-02,2011-10-18,2011-10-18,2026-05-22,2026-05-22,3544,3544,0,,
000119.SH,380R成长,380R成长,上证380相对成长指数,SSE,中证指数有限公司,,风格指数,2011-10-18,,2000-01-01,2004-01-02,2011-10-18,2011-10-18,2026-05-22,2026-05-22,3544,3544,0,,
000120.SH,380R价值,380R价值,上证380相对价值指数,SSE,中证指数有限公司,,风格指数,2011-10-18,,2000-01-01,2004-01-02,2011-10-18,2011-10-18,2026-05-22,2026-05-22,3544,3544,0,,
000121.SH,医药主题,医药主题,上证医药主题指数,SSE,中证指数有限公司,,主题指数,2011-10-18,,2000-01-01,2004-01-02,2011-10-18,2011-10-18,2026-05-22,2026-05-22,3544,3544,0,,
000122.SH,上证农业,上证农业,上证农业主题指数,SSE,中证指数有限公司,,主题指数,2011-10-18,,2000-01-01,2011-07-01,2011-10-18,2011-10-18,2026-05-22,2026-05-22,3544,3544,0,,
399704.SZ,深证上游,深证上游,深证上游产业指数,SZSE,深圳证券交易所,,主题指数,2011-10-18,,2000-01-01,2004-01-02,2011-10-18,2011-10-18,2026-05-22,2026-05-22,3544,3544,0,,
399705.SZ,深证中游,深证中游,深证中游产业指数,SZSE,深圳证券交易所,,主题指数,2011-10-18,,2000-01-01,2004-01-02,2011-10-18,2011-10-18,2026-05-22,2026-05-22,3544,3544,0,,
399706.SZ,深证下游,深证下游,深证下游产业指数,SZSE,深圳证券交易所,,主题指数,2011-10-18,,2000-01-01,2004-01-02,2011-10-18,2011-10-18,2026-05-22,2026-05-22,3544,3544,0,,
399632.SZ,深100EW,深100EW,深证100等权重指数,SZSE,深圳证券交易所,,策略指数,2011-10-28,,2000-01-01,2011-10-28,2011-10-28,2011-10-28,2026-05-22,2026-05-22,3536,3536,0,,
399633.SZ,深300EW,深300EW,深证300等权重指数,SZSE,深圳证券交易所,,策略指数,2011-10-28,,2000-01-01,2011-10-28,2011-10-28,2011-10-28,2026-05-22,2026-05-22,3536,3536,0,,
399634.SZ,中小等权,中小等权,中小企业100等权重指数,SZSE,深圳证券交易所,,策略指数,2011-10-28,,2000-01-01,2011-10-28,2011-10-28,2011-10-28,2026-05-22,2026-05-22,3536,3536,0,,
399635.SZ,创业板EW,创业板EW,创业板等权重指数,SZSE,深圳证券交易所,,策略指数,2011-10-28,,2000-01-01,2011-10-28,2011-10-28,2011-10-28,2026-05-22,2026-05-22,3536,3536,0,,
000802.SH,500沪市,500沪市,中证500沪市指数,SSE,中证指数有限公司,,主题指数,2011-11-08,,2000-01-01,2005-01-04,2011-11-08,2011-11-08,2026-05-22,2026-05-22,3529,3529,0,,
399636.SZ,深证装备,深证装备,深证装备指数,SZSE,深圳证券交易所,,主题指数,2011-11-15,,2000-01-01,2011-11-15,2011-11-15,2011-11-15,2026-05-22,2026-05-22,3524,3524,0,,
399637.SZ,深证地产,深证地产,深证地产行业指数,SZSE,深圳证券交易所,,行业指数,2011-11-15,,2000-01-01,2011-11-15,2011-11-15,2011-11-15,2026-05-22,2026-05-22,3524,3524,0,,
399638.SZ,深证环保,深证环保,深证环保指数,SZSE,深圳证券交易所,,主题指数,2011-11-15,,2000-01-01,2011-11-15,2011-11-15,2011-11-15,2026-05-22,2026-05-22,3524,3524,0,,
399639.SZ,深证大宗,深证大宗,深证大宗商品生产商指数,SZSE,深圳证券交易所,,主题指数,2011-11-15,,2000-01-01,2011-11-15,2011-11-15,2011-11-15,2026-05-22,2026-05-22,3524,3524,0,,
399381.SZ,1000能源,1000能源,国证1000能源,SZSE,深圳证券交易所,,一级行业指数,2011-12-02,,2000-01-01,2011-12-02,2011-12-02,2011-12-02,2026-05-22,2026-05-22,3511,3511,0,,
399382.SZ,1000材料,1000材料,国证1000材料,SZSE,深圳证券交易所,,一级行业指数,2011-12-02,,2000-01-01,2011-12-02,2011-12-02,2011-12-02,2026-05-22,2026-05-22,3511,3511,0,,
399383.SZ,1000工业,1000工业,国证1000工业,SZSE,深圳证券交易所,,一级行业指数,2011-12-02,,2000-01-01,2011-12-02,2011-12-02,2011-12-02,2026-05-22,2026-05-22,3511,3511,0,,
399384.SZ,1000可选,1000可选,国证1000可选,SZSE,深圳证券交易所,,一级行业指数,2011-12-02,,2000-01-01,2011-12-02,2011-12-02,2011-12-02,2026-05-22,2026-05-22,3511,3511,0,,
399385.SZ,1000消费,1000消费,国证1000消费,SZSE,深圳证券交易所,,一级行业指数,2011-12-02,,2000-01-01,2011-12-02,2011-12-02,2011-12-02,2026-05-22,2026-05-22,3511,3511,0,,
399386.SZ,1000医药,1000医药,国证1000医药,SZSE,深圳证券交易所,,一级行业指数,2011-12-02,,2000-01-01,2011-12-02,2011-12-02,2011-12-02,2026-05-22,2026-05-22,3511,3511,0,,
399387.SZ,1000金融,1000金融,国证1000金融,SZSE,深圳证券交易所,,一级行业指数,2011-12-02,,2000-01-01,2011-12-02,2011-12-02,2011-12-02,2026-05-22,2026-05-22,3511,3511,0,,
399388.SZ,1000信息,1000信息,国证1000信息,SZSE,深圳证券交易所,,一级行业指数,2011-12-02,,2000-01-01,2011-12-02,2011-12-02,2011-12-02,2026-05-22,2026-05-22,3511,3511,0,,
399389.SZ,国证通信,国证通信,国证通信指数,SZSE,深圳证券交易所,,主题指数,2011-12-02,,2000-01-01,2011-12-02,2011-12-02,2011-12-02,2026-05-22,2026-05-22,3511,3511,0,,
399390.SZ,1000公用,1000公用,国证1000公用,SZSE,深圳证券交易所,,一级行业指数,2011-12-02,,2000-01-01,2011-12-02,2011-12-02,2011-12-02,2026-05-22,2026-05-22,3511,3511,0,,
000126.SH,消费50,消费50,上证消费50指数,SSE,中证指数有限公司,,主题指数,2011-12-09,,2000-01-01,2005-01-04,2011-12-09,2011-12-09,2026-05-22,2026-05-22,3506,3506,0,,
000052.SH,50基本,50基本,上证50基本面加权指数,SSE,中证指数有限公司,,策略指数,2012-01-09,,2000-01-01,2004-01-02,2012-01-09,2012-01-09,2026-05-22,2026-05-22,3487,3487,0,,
000053.SH,180基本,180基本,上证180基本面加权指数,SSE,中证指数有限公司,,策略指数,2012-01-09,,2000-01-01,2004-01-02,2012-01-09,2012-01-09,2026-05-22,2026-05-22,3487,3487,0,,
000128.SH,380基本,380基本,上证380基本面加权指数,SSE,中证指数有限公司,,策略指数,2012-01-09,,2000-01-01,2004-01-02,2012-01-09,2012-01-09,2026-05-22,2026-05-22,3487,3487,0,,
000129.SH,180波动,180波动,上证180波动率加权指数,SSE,中证指数有限公司,,策略指数,2012-01-09,,2000-01-01,2004-01-02,2012-01-09,2012-01-09,2026-05-22,2026-05-22,3487,3487,0,,
000130.SH,380波动,380波动,上证380波动率加权指数,SSE,中证指数有限公司,,策略指数,2012-01-09,,2000-01-01,2004-01-02,2012-01-09,2012-01-09,2026-05-22,2026-05-22,3487,3487,0,,
399640.SZ,创业基础,创业基础,创业板基础市场指数,SZSE,深圳证券交易所,,规模指数,2012-01-16,,2000-01-01,2012-01-16,2012-01-16,2012-01-16,2026-05-22,2026-05-22,3482,3482,0,,
399641.SZ,深证新兴,深证新兴,深证战略性新兴产业指数,SZSE,深圳证券交易所,,主题指数,2012-02-01,,2000-01-01,2012-02-01,2012-02-01,2012-02-01,2026-05-22,2026-05-22,3475,3475,0,,
399642.SZ,中小新兴,中小新兴,中小企业战略性新兴产业指数,SZSE,深圳证券交易所,,主题指数,2012-02-01,,2000-01-01,2012-02-01,2012-02-01,2012-02-01,2026-05-22,2026-05-22,3475,3475,0,,
399643.SZ,创业新兴,创业新兴,创业板战略性新兴产业指数,SZSE,深圳证券交易所,,主题指数,2012-02-01,,2000-01-01,2012-02-01,2012-02-01,2012-02-01,2026-05-22,2026-05-22,3475,3475,0,,
000131.SH,上证高新,上证高新,上证高新技术企业指数,SSE,中证指数有限公司,,主题指数,2012-02-10,,2000-01-01,2011-07-01,2012-02-10,2012-02-10,2026-05-22,2026-05-22,3468,3468,0,,
399391.SZ,投资时钟,投资时钟,国证投资时钟,SZSE,深圳证券交易所,,策略指数,2012-03-26,,2000-01-01,2012-03-26,2012-03-26,2012-03-26,2026-05-22,2026-05-22,3437,3437,0,,
399644.SZ,深证时钟,深证时钟,深证投资时钟指数,SZSE,深圳证券交易所,,策略指数,2012-03-26,,2000-01-01,2012-03-26,2012-03-26,2012-03-26,2026-05-22,2026-05-22,3437,3437,0,,
399392.SZ,国证新兴,国证新兴,国证新兴产业,SZSE,深圳证券交易所,,主题指数,2012-03-28,,2000-01-01,2012-03-28,2012-03-28,2012-03-28,2026-05-22,2026-05-22,3435,3435,0,,
000811.CSI,细分有色,细分有色,中证细分有色金属产业主题指数,CSI,中证指数有限公司,,主题指数,2012-04-11,,2000-01-01,2005-01-04,2012-04-11,2012-04-11,2026-05-22,2026-05-22,3428,3428,0,,
000811.SH,细分有色(SH),细分有色(SH),中证细分有色金属产业主题指数,SSE,中证指数有限公司,,主题指数,2012-04-11,,2000-01-01,2005-01-04,2012-04-11,2012-04-11,2026-05-22,2026-05-22,3428,3428,0,,
000812.CSI,细分机械,细分机械,中证细分机械设备产业主题指数,CSI,中证指数有限公司,,主题指数,2012-04-11,,2000-01-01,2005-01-04,2012-04-11,2012-04-11,2026-05-22,2026-05-22,3428,3428,0,,
000812.SH,细分机械(SH),细分机械(SH),中证细分机械设备产业主题指数,SSE,中证指数有限公司,,主题指数,2012-04-11,,2000-01-01,2005-01-04,2012-04-11,2012-04-11,2026-05-22,2026-05-22,3428,3428,0,,
000813.CSI,细分化工,细分化工,中证细分化工产业主题指数,CSI,中证指数有限公司,,主题指数,2012-04-11,,2000-01-01,2005-01-04,2012-04-11,2012-04-11,2026-05-22,2026-05-22,3428,3428,0,,
000813.SH,细分化工(SH),细分化工(SH),中证细分化工产业主题指数,SSE,中证指数有限公司,,主题指数,2012-04-11,,2000-01-01,2005-01-04,2012-04-11,2012-04-11,2026-05-22,2026-05-22,3428,3428,0,,
000814.SH,细分医药,细分医药,中证细分医药产业主题指数,SSE,中证指数有限公司,,主题指数,2012-04-11,,2000-01-01,2005-01-04,2012-04-11,2012-04-11,2026-05-22,2026-05-22,3428,3428,0,,
000815.CSI,细分食品,细分食品,中证细分食品饮料产业主题指数,CSI,中证指数有限公司,,主题指数,2012-04-11,,2000-01-01,2005-01-04,2012-04-11,2012-04-11,2026-05-22,2026-05-22,3428,3428,0,,
000815.SH,细分食品(SH),细分食品(SH),中证细分食品饮料产业主题指数,SSE,中证指数有限公司,,主题指数,2012-04-11,,2000-01-01,2005-01-04,2012-04-11,2012-04-11,2026-05-22,2026-05-22,3428,3428,0,,
000132.SH,上证100,上证100,上证100指数,SSE,中证指数有限公司,,规模指数,2012-04-20,,2000-01-01,2004-01-02,2012-04-20,2012-04-20,2026-05-22,2026-05-22,3421,3421,0,,
000133.SH,上证150,上证150,上证150指数,SSE,中证指数有限公司,,规模指数,2012-04-20,,2000-01-01,2004-01-02,2012-04-20,2012-04-20,2026-05-22,2026-05-22,3421,3421,0,,
000819.SH,有色金属,有色金属,中证申万有色金属指数,SSE,中证指数有限公司,,行业指数,2012-05-09,,2000-01-01,2005-01-04,2012-05-09,2012-05-09,2026-05-22,2026-05-22,3410,3410,0,,
000820.CSI,煤炭指数,煤炭指数,中证申万煤炭指数,CSI,中证指数有限公司,,行业指数,2012-05-09,,2000-01-01,2005-01-04,2012-05-09,2012-05-09,2026-05-22,2026-05-22,3410,3410,0,,
000820.SH,煤炭指数(SH),煤炭指数(SH),中证申万煤炭指数,SSE,中证指数有限公司,,行业指数,2012-05-09,,2000-01-01,2005-01-04,2012-05-09,2012-05-09,2026-05-22,2026-05-22,3410,3410,0,,
000134.SH,上证银行,上证银行,上证银行股指数,SSE,中证指数有限公司,,主题指数,2012-05-29,,2000-01-01,2008-01-02,2012-05-29,2012-05-29,2026-05-22,2026-05-22,3396,3396,0,,
000145.SH,优势资源,优势资源,上证优势资源产业指数,SSE,中证指数有限公司,,主题指数,2012-05-29,,2000-01-01,2004-01-02,2012-05-29,2012-05-29,2026-05-22,2026-05-22,3396,3396,0,,
000146.SH,优势制造,优势制造,上证优势制造产业指数,SSE,中证指数有限公司,,主题指数,2012-05-29,,2000-01-01,2004-01-02,2012-05-29,2012-05-29,2026-05-22,2026-05-22,3396,3396,0,,
000147.SH,优势消费,优势消费,上证优势消费产业指数,SSE,中证指数有限公司,,主题指数,2012-05-29,,2000-01-01,2004-01-02,2012-05-29,2012-05-29,2026-05-22,2026-05-22,3396,3396,0,,
000148.SH,消费领先,消费领先,上证消费服务领先指数,SSE,中证指数有限公司,,主题指数,2012-05-29,,2000-01-01,2005-01-04,2012-05-29,2012-05-29,2026-05-22,2026-05-22,3396,3396,0,,
399550.SZ,央视50,央视50,央视财经50指数,SZSE,深圳证券交易所,,主题指数,2012-06-06,,2000-01-01,2010-07-01,2012-06-06,2012-06-06,2026-05-22,2026-05-22,3390,3390,0,,
399645.SZ,100低波,100低波,深证100低波动率指数,SZSE,深圳证券交易所,,策略指数,2012-06-12,,2000-01-01,2012-06-12,2012-06-12,2012-06-12,2026-05-22,2026-05-22,3386,3386,0,,
000149.SH,上证180红利,上证180红利,上证180红利指数,SSE,中证指数有限公司,,策略指数,2012-07-20,,2000-01-01,2005-01-04,2012-07-20,2012-07-20,2026-05-22,2026-05-22,3359,3359,0,,
000150.SH,上证380红利,上证380红利,上证380红利指数,SSE,中证指数有限公司,,策略指数,2012-07-20,,2000-01-01,2005-01-04,2012-07-20,2012-07-20,2026-05-22,2026-05-22,3359,3359,0,,
000151.SH,上国红利,上国红利,上证国有企业红利指数,SSE,中证指数有限公司,,策略指数,2012-07-20,,2000-01-01,2005-01-04,2012-07-20,2012-07-20,2026-05-22,2026-05-22,3359,3359,0,,
000152.SH,上证央企红利,上证央企红利,上证中央企业红利指数,SSE,中证指数有限公司,,策略指数,2012-07-20,,2000-01-01,2005-01-04,2012-07-20,2012-07-20,2026-05-22,2026-05-22,3359,3359,0,,
000153.SH,上证民企红利,上证民企红利,上证民营企业红利指数,SSE,中证指数有限公司,,策略指数,2012-07-20,,2000-01-01,2005-01-04,2012-07-20,2012-07-20,2026-05-22,2026-05-22,3359,3359,0,,
000155.SH,上证市值百强,上证市值百强,上证市值百强指数,SSE,中证指数有限公司,,规模指数,2012-07-20,,2000-01-01,2004-01-02,2012-07-20,2012-07-20,2026-05-22,2026-05-22,3359,3359,0,,
000821.CSI,沪深300红利,沪深300红利,沪深300红利指数,CSI,中证指数有限公司,,策略指数,2012-07-20,,2000-01-01,2004-12-31,2012-07-20,2012-07-20,2026-05-22,2026-05-22,3359,3359,0,,
000824.CSI,中证国企红利,中证国企红利,中证国有企业红利指数,CSI,中证指数有限公司,,策略指数,2012-07-20,,2000-01-01,2005-01-04,2012-07-20,2012-07-20,2026-05-22,2026-05-22,3359,3359,0,,
000825.CSI,中证央企红利,中证央企红利,中证中央企业红利指数,CSI,中证指数有限公司,,策略指数,2012-07-20,,2000-01-01,2005-01-04,2012-07-20,2012-07-20,2026-05-22,2026-05-22,3359,3359,0,,
000135.SH,上证180高贝塔,上证180高贝塔,上证180高贝塔指数,SSE,中证指数有限公司,,策略指数,2012-08-06,,2000-01-01,2004-01-02,2012-08-06,2012-08-06,2026-05-22,2026-05-22,3348,3348,0,,
000136.SH,上证180低贝塔,上证180低贝塔,上证180低贝塔指数,SSE,中证指数有限公司,,策略指数,2012-08-06,,2000-01-01,2004-01-02,2012-08-06,2012-08-06,2026-05-22,2026-05-22,3348,3348,0,,
000137.SH,上证380高贝塔,上证380高贝塔,上证380高贝塔指数,SSE,中证指数有限公司,,策略指数,2012-08-06,,2000-01-01,2004-01-02,2012-08-06,2012-08-06,2026-05-22,2026-05-22,3348,3348,0,,
000138.SH,上证380低贝塔,上证380低贝塔,上证380低贝塔指数,SSE,中证指数有限公司,,策略指数,2012-08-06,,2000-01-01,2004-01-02,2012-08-06,2012-08-06,2026-05-22,2026-05-22,3348,3348,0,,
399646.SZ,深消费50,深消费50,深证消费50指数,SZSE,深圳证券交易所,,主题指数,2012-08-06,,2000-01-01,2005-01-04,2012-08-06,2012-08-06,2026-05-22,2026-05-22,3348,3348,0,,
399647.SZ,深医药50,深医药50,深证医药50指数,SZSE,深圳证券交易所,,主题指数,2012-08-06,,2000-01-01,2005-01-04,2012-08-06,2012-08-06,2026-05-22,2026-05-22,3348,3348,0,,
399648.SZ,深证GDP,深证GDP,深证中经矢量GDP100指数,SZSE,深圳证券交易所,,主题指数,2012-08-08,,2000-01-01,2005-07-01,2012-08-08,2012-08-08,2026-05-22,2026-05-22,3346,3346,0,,
399393.SZ,国证地产,国证地产,国证地产指数,SZSE,深圳证券交易所,,主题指数,2012-08-20,,2000-01-01,2012-08-20,2012-08-20,2012-08-20,2026-05-22,2026-05-22,3338,3338,0,,
399649.SZ,中小红利,中小红利,中小企业红利指数,SZSE,深圳证券交易所,,主题指数,2012-08-20,,2000-01-01,2009-07-01,2012-08-20,2012-08-20,2026-05-22,2026-05-22,3338,3338,0,,
399650.SZ,中小治理,中小治理,中小企业治理指数,SZSE,深圳证券交易所,,主题指数,2012-08-20,,2000-01-01,2009-07-01,2012-08-20,2012-08-20,2026-05-22,2026-05-22,3338,3338,0,,
399651.SZ,中小责任,中小责任,中小企业社会责任指数,SZSE,深圳证券交易所,,主题指数,2012-08-20,,2000-01-01,2009-07-01,2012-08-20,2012-08-20,2026-05-22,2026-05-22,3338,3338,0,,
399652.SZ,中创高新,中创高新,中创高新技术企业指数,SZSE,深圳证券交易所,,主题指数,2012-09-17,,2000-01-01,2011-07-01,2012-09-17,2012-09-17,2026-05-22,2026-05-22,3318,3318,0,,
000158.SH,上证环保,上证环保,上证环保产业指数,SSE,中证指数有限公司,,主题指数,2012-09-25,,2000-01-01,2012-01-04,2012-09-25,2012-09-25,2026-05-22,2026-05-22,3312,3312,0,,
399653.SZ,深证龙头,深证龙头,深证行业龙头指数,SZSE,深圳证券交易所,,主题指数,2012-09-25,,2000-01-01,2010-07-01,2012-09-25,2012-09-25,2026-05-22,2026-05-22,3312,3312,0,,
399394.SZ,国证医药,国证医药,国证医药指数,SZSE,深圳证券交易所,,主题指数,2012-10-29,,2000-01-01,2012-10-29,2012-10-29,2012-10-29,2026-05-22,2026-05-22,3293,3293,0,,
399395.SZ,国证有色,国证有色,国证有色指数,SZSE,深圳证券交易所,,主题指数,2012-10-29,,2000-01-01,2012-10-29,2012-10-29,2012-10-29,2026-05-22,2026-05-22,3293,3293,0,,
399396.SZ,国证食品,国证食品,国证食品指数,SZSE,深圳证券交易所,,主题指数,2012-10-29,,2000-01-01,2012-10-29,2012-10-29,2012-10-29,2026-05-22,2026-05-22,3293,3293,0,,
399397.SZ,国证文化,国证文化,国证文化指数,SZSE,深圳证券交易所,,主题指数,2012-11-09,,2000-01-01,2009-07-01,2012-11-09,2012-11-09,2026-05-22,2026-05-22,3284,3284,0,,
399654.SZ,深证文化,深证文化,深证文化产业指数,SZSE,深圳证券交易所,,主题指数,2012-11-09,,2000-01-01,2009-07-01,2012-11-09,2012-11-09,2026-05-22,2026-05-22,3284,3284,0,,
399398.SZ,绩效指数,绩效指数,国证绩效指数,SZSE,深圳证券交易所,,策略指数,2012-11-19,,2000-01-01,2012-11-19,2012-11-19,2012-11-19,2026-05-22,2026-05-22,3278,3278,0,,
399655.SZ,深证绩效,深证绩效,深证绩效指数,SZSE,深圳证券交易所,,策略指数,2012-11-19,,2000-01-01,2012-11-19,2012-11-19,2012-11-19,2026-05-22,2026-05-22,3278,3278,0,,
399656.SZ,100绩效,100绩效,深证100绩效加权指数,SZSE,深圳证券交易所,,策略指数,2012-11-19,,2000-01-01,2012-11-19,2012-11-19,2012-11-19,2026-05-22,2026-05-22,3278,3278,0,,
399657.SZ,300绩效,300绩效,深证300绩效加权指数,SZSE,深圳证券交易所,,策略指数,2012-11-19,,2000-01-01,2012-11-19,2012-11-19,2012-11-19,2026-05-22,2026-05-22,3278,3278,0,,
399658.SZ,中小绩效,中小绩效,中小100绩效加权指数,SZSE,深圳证券交易所,,策略指数,2012-11-19,,2000-01-01,2012-11-19,2012-11-19,2012-11-19,2026-05-22,2026-05-22,3278,3278,0,,
399399.SZ,中经GDP,中经GDP,中经GDP指数,SZSE,深圳证券交易所,,主题指数,2012-11-23,,2000-01-01,2012-11-23,2012-11-23,2012-11-23,2026-05-22,2026-05-22,3274,3274,0,,
399659.SZ,深成指EW,深成指EW,深证成份等权重指数,SZSE,深圳证券交易所,,策略指数,2012-11-23,,2000-01-01,2012-11-23,2012-11-23,2012-11-23,2026-05-22,2026-05-22,3274,3274,0,,
399660.SZ,中创EW,中创EW,中创100等权重指数,SZSE,深圳证券交易所,,策略指数,2012-11-23,,2000-01-01,2012-11-23,2012-11-23,2012-11-23,2026-05-22,2026-05-22,3274,3274,0,,
399350.SZ,皖江30,皖江30,国元皖江30,SZSE,深圳证券交易所,,主题指数,2012-12-18,,2000-01-01,2010-07-01,2012-12-18,2012-12-18,2026-05-22,2026-05-22,3257,3257,0,,
399661.SZ,深证低波,深证低波,深证300低波动率指数,SZSE,深圳证券交易所,,策略指数,2012-12-20,,2000-01-01,2012-12-20,2012-12-20,2012-12-20,2026-05-22,2026-05-22,3255,3255,0,,
399662.SZ,深证高贝,深证高贝,深证300高贝塔指数,SZSE,深圳证券交易所,,策略指数,2012-12-20,,2000-01-01,2012-12-20,2012-12-20,2012-12-20,2026-05-22,2026-05-22,3255,3255,0,,
399663.SZ,中小低波,中小低波,中小300低波动率指数,SZSE,深圳证券交易所,,策略指数,2012-12-20,,2000-01-01,2012-12-20,2012-12-20,2012-12-20,2026-05-22,2026-05-22,3255,3255,0,,
399664.SZ,中小高贝,中小高贝,中小300高贝塔指数,SZSE,深圳证券交易所,,策略指数,2012-12-20,,2000-01-01,2012-12-20,2012-12-20,2012-12-20,2026-05-22,2026-05-22,3255,3255,0,,
399665.SZ,中创低波,中创低波,中创500低波动率指数,SZSE,深圳证券交易所,,策略指数,2012-12-20,,2000-01-01,2012-12-20,2012-12-20,2012-12-20,2026-05-22,2026-05-22,3255,3255,0,,
399666.SZ,中创高贝,中创高贝,中创500高贝塔指数,SZSE,深圳证券交易所,,策略指数,2012-12-20,,2000-01-01,2012-12-20,2012-12-20,2012-12-20,2026-05-22,2026-05-22,3255,3255,0,,
399965.SZ,800地产,800地产,中证800地产指数,SZSE,中证指数有限公司,,一级行业指数,2012-12-21,,2000-01-01,2005-01-04,2012-12-21,2012-12-21,2026-05-22,2026-05-22,3254,3254,0,,
399966.SZ,中证800证保,中证800证保,中证800证券保险指数,SZSE,中证指数有限公司,,主题指数,2012-12-21,,2000-01-01,2005-01-04,2012-12-21,2012-12-21,2026-05-22,2026-05-22,3254,3254,0,,
480092.CNI,自由现金流R,自由现金流R,国证自由现金流全收益指数,CNI,深圳证券交易所,,策略指数,2012-12-28,,2000-01-01,2013-01-04,2012-12-28,2013-01-04,2026-05-22,2026-05-22,3247,3247,0,,
399012.SZ,创业300,创业300,创业板300指数,SZSE,深圳证券交易所,,规模指数,2013-01-07,,2000-01-01,2012-07-02,2013-01-07,2013-01-07,2026-05-22,2026-05-22,3246,3246,0,,
399667.SZ,创业成长,创业成长,创业板成长指数,SZSE,深圳证券交易所,,风格指数,2013-01-07,,2000-01-01,2012-07-02,2013-01-07,2013-01-07,2026-05-22,2026-05-22,3246,3246,0,,
399668.SZ,创业板V,创业板V,创业板300价值指数,SZSE,深圳证券交易所,,风格指数,2013-01-07,,2000-01-01,2012-07-02,2013-01-07,2013-01-07,2026-05-22,2026-05-22,3246,3246,0,,
000123.SH,上证180动态,上证180动态,上证180动态指数,SSE,中证指数有限公司,,策略指数,2013-02-08,,2000-01-01,2004-01-02,2013-02-08,2013-02-08,2026-05-22,2026-05-22,3222,3222,0,,
000125.SH,上证180稳定,上证180稳定,上证180稳定指数,SSE,中证指数有限公司,,策略指数,2013-02-08,,2000-01-01,2004-01-02,2013-02-08,2013-02-08,2026-05-22,2026-05-22,3222,3222,0,,
000141.SH,上证380动态,上证380动态,上证380动态指数,SSE,中证指数有限公司,,策略指数,2013-02-08,,2000-01-01,2004-01-02,2013-02-08,2013-02-08,2026-05-22,2026-05-22,3222,3222,0,,
000142.SH,上证380稳定,上证380稳定,上证380稳定指数,SSE,中证指数有限公司,,策略指数,2013-02-08,,2000-01-01,2004-01-02,2013-02-08,2013-02-08,2026-05-22,2026-05-22,3222,3222,0,,
399802.SZ,500深市,500深市,中证500深市指数,SZSE,中证指数有限公司,,主题指数,2012-09-05,,2000-01-01,2013-02-26,2012-09-05,2013-02-26,2026-05-22,2026-05-22,3215,3215,0,,
399972.SZ,300深市,300深市,沪深300深市指数,SZSE,中证指数有限公司,,主题指数,2012-06-21,,2000-01-01,2013-02-26,2012-06-21,2013-02-26,2026-05-22,2026-05-22,3215,3215,0,,
399231.SZ,农林指数,农林指数,农林牧渔指数,SZSE,深圳证券交易所,,行业指数,2013-03-04,,2000-01-01,2001-07-02,2013-03-04,2013-03-04,2026-05-22,2026-05-22,3211,3211,0,,
399232.SZ,采矿指数,采矿指数,采矿业指数,SZSE,深圳证券交易所,,行业指数,2013-03-04,,2000-01-01,2001-07-02,2013-03-04,2013-03-04,2026-05-22,2026-05-22,3211,3211,0,,
399233.SZ,制造指数,制造指数,制造业指数,SZSE,深圳证券交易所,,行业指数,2013-03-04,,2000-01-01,2001-07-02,2013-03-04,2013-03-04,2026-05-22,2026-05-22,3211,3211,0,,
399234.SZ,水电指数,水电指数,水电煤气指数,SZSE,深圳证券交易所,,行业指数,2013-03-04,,2000-01-01,2001-07-02,2013-03-04,2013-03-04,2026-05-22,2026-05-22,3211,3211,0,,
399235.SZ,建筑指数,建筑指数,建筑业指数,SZSE,深圳证券交易所,,行业指数,2013-03-04,,2000-01-01,2001-07-02,2013-03-04,2013-03-04,2026-05-22,2026-05-22,3211,3211,0,,
399236.SZ,批零指数,批零指数,批发零售指数,SZSE,深圳证券交易所,,行业指数,2013-03-04,,2000-01-01,2001-09-03,2013-03-04,2013-03-04,2026-05-22,2026-05-22,3211,3211,0,,
399237.SZ,运输指数,运输指数,运输仓储指数,SZSE,深圳证券交易所,,行业指数,2013-03-04,,2000-01-01,2001-07-02,2013-03-04,2013-03-04,2026-05-22,2026-05-22,3211,3211,0,,
399239.SZ,IT指数,IT指数,信息技术指数,SZSE,深圳证券交易所,,行业指数,2013-03-04,,2000-01-01,2001-07-02,2013-03-04,2013-03-04,2026-05-22,2026-05-22,3211,3211,0,,
399240.SZ,金融指数,金融指数,金融业指数,SZSE,深圳证券交易所,,行业指数,2013-03-04,,2000-01-01,2001-07-02,2013-03-04,2013-03-04,2026-05-22,2026-05-22,3211,3211,0,,
399241.SZ,地产指数,地产指数,房地产业指数,SZSE,深圳证券交易所,,行业指数,2013-03-04,,2000-01-01,2001-07-02,2013-03-04,2013-03-04,2026-05-22,2026-05-22,3211,3211,0,,
399243.SZ,科研指数,科研指数,科研服务指数,SZSE,深圳证券交易所,,行业指数,2013-03-04,,2000-01-01,2001-07-02,2013-03-04,2013-03-04,2026-05-22,2026-05-22,3211,3211,0,,
399244.SZ,公共指数,公共指数,公共环保指数,SZSE,深圳证券交易所,,行业指数,2013-03-04,,2000-01-01,2001-07-02,2013-03-04,2013-03-04,2026-05-22,2026-05-22,3211,3211,0,,
399248.SZ,文化指数,文化指数,文化传播指数,SZSE,深圳证券交易所,,行业指数,2013-03-04,,2000-01-01,2001-07-02,2013-03-04,2013-03-04,2026-05-22,2026-05-22,3211,3211,0,,
399400.SZ,大中盘,大中盘,巨潮大中盘指数,SZSE,巨潮公司,,规模指数,2013-03-20,,2000-01-01,2013-03-20,2013-03-20,2013-03-20,2026-05-22,2026-05-22,3199,3199,0,,
399401.SZ,中小盘,中小盘,巨潮中小盘指数,SZSE,巨潮公司,,规模指数,2013-03-20,,2000-01-01,2013-03-20,2013-03-20,2013-03-20,2026-05-22,2026-05-22,3199,3199,0,,
399551.SZ,央视创新,央视创新,央视50创新,SZSE,深圳证券交易所,,主题指数,2013-06-06,,2000-01-01,2010-07-01,2013-06-06,2013-06-06,2026-05-22,2026-05-22,3148,3148,0,,
399552.SZ,央视成长,央视成长,央视50成长,SZSE,深圳证券交易所,,主题指数,2013-06-06,,2000-01-01,2010-07-01,2013-06-06,2013-06-06,2026-05-22,2026-05-22,3148,3148,0,,
399553.SZ,央视回报,央视回报,央视50回报,SZSE,深圳证券交易所,,主题指数,2013-06-06,,2000-01-01,2010-07-01,2013-06-06,2013-06-06,2026-05-22,2026-05-22,3148,3148,0,,
399554.SZ,央视治理,央视治理,央视50治理,SZSE,深圳证券交易所,,主题指数,2013-06-06,,2000-01-01,2010-07-01,2013-06-06,2013-06-06,2026-05-22,2026-05-22,3148,3148,0,,
399555.SZ,央视责任,央视责任,央视50责任,SZSE,深圳证券交易所,,主题指数,2013-06-06,,2000-01-01,2010-07-01,2013-06-06,2013-06-06,2026-05-22,2026-05-22,3148,3148,0,,
399669.SZ,深证农业,深证农业,深证农业综合企业指数,SZSE,深圳证券交易所,,主题指数,2013-06-24,,2000-01-01,2013-06-24,2013-06-24,2013-06-24,2026-05-22,2026-05-22,3139,3139,0,,
399975.CSI,证券公司(CSI),证券公司(CSI),中证全指证券公司指数,CSI,中证指数有限公司,,四级行业指数,2013-07-15,,2000-01-01,2007-07-02,2013-07-15,2013-07-15,2026-05-22,2026-05-22,3124,3124,0,,
399975.SZ,证券公司,证券公司,中证全指证券公司指数,SZSE,中证指数有限公司,,四级行业指数,2013-07-15,,2000-01-01,2007-07-02,2013-07-15,2013-07-15,2026-05-22,2026-05-22,3124,3124,0,,
399986.SZ,中证银行,中证银行,中证银行指数,SZSE,中证指数有限公司,,二级行业指数,2013-07-15,,2000-01-01,2005-01-04,2013-07-15,2013-07-15,2026-05-22,2026-05-22,3124,3124,0,,
931008.CSI,汽车指数,汽车指数,中证全指汽车指数,CSI,中证指数有限公司,,主题指数,2013-07-15,,2000-01-01,2004-12-31,2013-07-15,2013-07-15,2026-05-22,2026-05-22,3124,3124,0,,
931009.CSI,建筑材料,建筑材料,中证全指建筑材料指数,CSI,中证指数有限公司,,主题指数,2013-07-15,,2000-01-01,2004-12-31,2013-07-15,2013-07-15,2026-05-22,2026-05-22,3124,3124,0,,
931160.CSI,通信设备,通信设备,中证全指通信设备指数,CSI,中证指数有限公司,,主题指数,2013-07-15,,2000-01-01,2004-12-31,2013-07-15,2013-07-15,2026-05-22,2026-05-22,3124,3124,0,,
931775.CSI,中证全指房地产,中证全指房地产,中证全指房地产指数,CSI,中证指数有限公司,,一级行业指数,2013-07-15,,2000-01-01,2004-12-31,2013-07-15,2013-07-15,2026-05-22,2026-05-22,3124,3124,0,,
000823.SH,800有色,800有色,中证800有色金属指数,SSE,中证指数有限公司,,二级行业指数,2012-12-21,,2000-01-01,2005-01-04,2012-12-21,2013-08-05,2026-05-22,2026-05-22,3109,3109,0,,
000974.SH,800金融,800金融,中证800金融指数,SSE,中证指数有限公司,,一级行业指数,2013-05-09,,2000-01-01,2005-01-04,2013-05-09,2013-08-05,2026-05-22,2026-05-22,3109,3109,0,,
399402.SZ,周期100,周期100,国证周期100,SZSE,深圳证券交易所,,主题指数,2013-10-28,,2000-01-01,2013-10-28,2013-10-28,2013-10-28,2026-05-22,2026-05-22,3056,3056,0,,
399403.SZ,防御100,防御100,国证防御100,SZSE,深圳证券交易所,,主题指数,2013-10-28,,2000-01-01,2013-10-28,2013-10-28,2013-10-28,2026-05-22,2026-05-22,3056,3056,0,,
399670.SZ,深周期50,深周期50,深证周期行业50指数,SZSE,深圳证券交易所,,主题指数,2013-10-28,,2000-01-01,2013-10-28,2013-10-28,2013-10-28,2026-05-22,2026-05-22,3056,3056,0,,
399671.SZ,深防御50,深防御50,深证防御行业50指数,SZSE,深圳证券交易所,,主题指数,2013-10-28,,2000-01-01,2013-10-28,2013-10-28,2013-10-28,2026-05-22,2026-05-22,3056,3056,0,,
000854.SH,中证500原料,中证500原料,中证500原材料指数,SSE,中证指数有限公司,,一级行业指数,2013-11-06,,2000-01-01,2005-01-04,2013-11-06,2013-11-06,2026-05-22,2026-05-22,3049,3049,0,,
000856.SH,中证500工业,中证500工业,中证500工业指数,SSE,中证指数有限公司,,一级行业指数,2013-11-06,,2000-01-01,2005-01-04,2013-11-06,2013-11-06,2026-05-22,2026-05-22,3049,3049,0,,
000857.SH,中证500医药,中证500医药,中证500医药卫生指数,SSE,中证指数有限公司,,一级行业指数,2013-11-06,,2000-01-01,2005-01-04,2013-11-06,2013-11-06,2026-05-22,2026-05-22,3049,3049,0,,
000858.SH,中证500信息,中证500信息,中证500信息技术指数,SSE,中证指数有限公司,,一级行业指数,2013-11-06,,2000-01-01,2005-01-04,2013-11-06,2013-11-06,2026-05-22,2026-05-22,3049,3049,0,,
399983.CSI,地产等权(CSI),地产等权(CSI),沪深300地产等权重指数,CSI,中证指数有限公司,,策略指数,2013-11-22,,2000-01-01,2005-01-04,2013-11-22,2013-11-22,2026-05-22,2026-05-22,3037,3037,0,,
399983.SZ,地产等权,地产等权,沪深300地产等权重指数,SZSE,中证指数有限公司,,策略指数,2013-11-22,,2000-01-01,2005-01-04,2013-11-22,2013-11-22,2026-05-22,2026-05-22,3037,3037,0,,
399405.SZ,大盘高贝,大盘高贝,巨潮大盘高贝,SZSE,巨潮公司,,策略指数,2013-12-05,,2000-01-01,2013-12-05,2013-12-05,2013-12-05,2026-05-22,2026-05-22,3028,3028,0,,
399406.SZ,中盘低波,中盘低波,巨潮中盘低波,SZSE,巨潮公司,,策略指数,2013-12-05,,2000-01-01,2013-12-05,2013-12-05,2013-12-05,2026-05-22,2026-05-22,3028,3028,0,,
399407.SZ,中盘高贝,中盘高贝,巨潮中盘高贝,SZSE,巨潮公司,,策略指数,2013-12-05,,2000-01-01,2013-12-05,2013-12-05,2013-12-05,2026-05-22,2026-05-22,3028,3028,0,,
399408.SZ,小盘低波,小盘低波,巨潮小盘低波,SZSE,巨潮公司,,策略指数,2013-12-05,,2000-01-01,2013-12-05,2013-12-05,2013-12-05,2026-05-22,2026-05-22,3028,3028,0,,
399409.SZ,小盘高贝,小盘高贝,巨潮小盘高贝,SZSE,巨潮公司,,策略指数,2013-12-05,,2000-01-01,2013-12-05,2013-12-05,2013-12-05,2026-05-22,2026-05-22,3028,3028,0,,
399410.SZ,苏州率先,苏州率先,苏州率先指数,SZSE,深圳证券交易所,,主题指数,2013-12-12,,2000-01-01,2012-01-04,2013-12-12,2013-12-12,2026-05-22,2026-05-22,3023,3023,0,,
399967.SZ,中证军工,中证军工,中证军工指数,SZSE,中证指数有限公司,,主题指数,2013-12-26,,2000-01-01,2005-01-04,2013-12-26,2013-12-26,2026-05-22,2026-05-22,3013,3013,0,,
931892.CSI,有色矿业,有色矿业,中证有色金属矿业主题指数,CSI,中证指数有限公司,,主题指数,2013-07-15,,2000-01-01,2013-12-31,2013-07-15,2013-12-31,2026-05-22,2026-05-22,3010,3010,0,,
399303.SZ,国证2000,国证2000,国证2000指数,SZSE,深圳证券交易所,,规模指数,2014-03-28,,2000-01-01,2010-01-04,2014-03-28,2014-03-28,2026-05-22,2026-05-22,2953,2953,0,,
399411.SZ,红利100,红利100,国证红利加权100指数,SZSE,深圳证券交易所,,策略指数,2014-04-10,,2000-01-01,2009-01-05,2014-04-10,2014-04-10,2026-05-22,2026-05-22,2945,2945,0,,
399672.SZ,深红利50,深红利50,深证红利加权50指数,SZSE,深圳证券交易所,,策略指数,2014-04-10,,2000-01-01,2009-01-05,2014-04-10,2014-04-10,2026-05-22,2026-05-22,2945,2945,0,,
399971.CSI,中证传媒(CSI),中证传媒(CSI),中证传媒指数,CSI,中证指数有限公司,,主题指数,2014-04-15,,2000-01-01,2011-01-04,2014-04-15,2014-04-15,2026-05-22,2026-05-22,2942,2942,0,,
399971.SZ,中证传媒,中证传媒,中证传媒指数,SZSE,中证指数有限公司,,主题指数,2014-04-15,,2000-01-01,2011-01-04,2014-04-15,2014-04-15,2026-05-22,2026-05-22,2942,2942,0,,
399973.CSI,中证国防(CSI),中证国防(CSI),中证国防指数,CSI,中证指数有限公司,,主题指数,2014-04-15,,2000-01-01,2011-07-01,2014-04-15,2014-04-15,2026-05-22,2026-05-22,2942,2942,0,,
399973.SZ,中证国防,中证国防,中证国防指数,SZSE,中证指数有限公司,,主题指数,2014-04-15,,2000-01-01,2011-07-01,2014-04-15,2014-04-15,2026-05-22,2026-05-22,2942,2942,0,,
399970.CSI,中证移动互联(CSI),中证移动互联(CSI),中证移动互联网指数,CSI,中证指数有限公司,,主题指数,2014-05-05,,2000-01-01,2012-07-02,2014-05-05,2014-05-05,2026-05-22,2026-05-22,2930,2930,0,,
399970.SZ,中证移动互联,中证移动互联,中证移动互联网指数,SZSE,中证指数有限公司,,主题指数,2014-05-05,,2000-01-01,2012-07-02,2014-05-05,2014-05-05,2026-05-22,2026-05-22,2930,2930,0,,
399412.SZ,国证新能,国证新能,国证新能源指数,SZSE,深圳证券交易所,,主题指数,2014-05-16,,2000-01-01,2010-07-01,2014-05-16,2014-05-16,2026-05-22,2026-05-22,2921,2921,0,,
399013.SZ,深市精选,深市精选,深市精选指数,SZSE,深圳证券交易所,,主题指数,2014-05-30,,2000-01-01,2014-05-30,2014-05-30,2014-05-30,2026-05-22,2026-05-22,2911,2911,0,,
399556.SZ,央视生态,央视生态,央视生态指数,SZSE,深圳证券交易所,,主题指数,2014-06-06,,2000-01-01,2010-07-01,2014-06-06,2014-06-06,2026-05-22,2026-05-22,2907,2907,0,,
399557.SZ,央视文化,央视文化,央视文化指数,SZSE,深圳证券交易所,,主题指数,2014-06-06,,2000-01-01,2010-07-01,2014-06-06,2014-06-06,2026-05-22,2026-05-22,2907,2907,0,,
399673.SZ,创业板50,创业板50,创业板50指数,SZSE,深圳证券交易所,,规模指数,2014-06-18,,2000-01-01,2010-06-01,2014-06-18,2014-06-18,2026-05-22,2026-05-22,2899,2899,0,,
399611.SZ,中创100R,中创100R,中小创业企业100全收益指数,SZSE,深圳证券交易所,,规模指数,2011-02-28,,2000-01-01,2014-06-23,2011-02-28,2014-06-23,2026-05-22,2026-05-22,2896,2896,0,,
399415.SZ,I100,I100,大数据100,SZSE,深圳证券交易所,,主题指数,2014-09-12,,2000-01-01,2010-01-29,2014-09-12,2014-09-12,2026-05-22,2026-05-22,2838,2838,0,,
399416.SZ,I300,I300,大数据300,SZSE,深圳证券交易所,,主题指数,2014-09-12,,2000-01-01,2010-01-29,2014-09-12,2014-09-12,2026-05-22,2026-05-22,2838,2838,0,,
399996.SZ,中证智能家居,中证智能家居,中证智能家居指数,SZSE,中证指数有限公司,,主题指数,2014-09-17,,2000-01-01,2012-07-02,2014-09-17,2014-09-17,2026-05-22,2026-05-22,2835,2835,0,,
399417.SZ,新能源车,新能源车,国证新能源车指数,SZSE,深圳证券交易所,,主题指数,2014-09-24,,2000-01-01,2010-07-01,2014-09-24,2014-09-24,2026-05-22,2026-05-22,2830,2830,0,,
000852.SH,中证1000,中证1000,中证1000指数,SSE,中证指数有限公司,,规模指数,2014-10-17,,2000-01-01,2005-01-04,2014-10-17,2014-10-17,2026-05-22,2026-05-22,2818,2818,0,,
399852.SZ,中证1000,中证1000,中证1000指数,SZSE,中证指数有限公司,,规模指数,2014-10-17,,2000-01-01,2005-01-04,2014-10-17,2014-10-17,2026-05-22,2026-05-22,2818,2818,0,,
399989.CSI,中证医疗(CSI),中证医疗(CSI),中证医疗指数,CSI,中证指数有限公司,,主题指数,2014-10-31,,2000-01-01,2005-01-04,2014-10-31,2014-10-31,2026-05-22,2026-05-22,2808,2808,0,,
399989.SZ,中证医疗,中证医疗,中证医疗指数,SZSE,中证指数有限公司,,主题指数,2014-10-31,,2000-01-01,2005-01-04,2014-10-31,2014-10-31,2026-05-22,2026-05-22,2808,2808,0,,
000159.SH,沪股通,沪股通,上证沪股通指数,SSE,中证指数有限公司,,主题指数,2014-11-17,,2000-01-01,2004-01-02,2014-11-17,2014-11-17,2026-05-22,2026-05-22,2797,2797,0,,
399418.SZ,数据要素,数据要素,国证数据要素主题指数,SZSE,深圳证券交易所,,主题指数,2014-11-21,,2000-01-01,2009-01-05,2014-11-21,2014-11-21,2026-05-22,2026-05-22,2793,2793,0,,
399976.CSI,CS新能车(CSI),CS新能车(CSI),中证新能源汽车指数,CSI,中证指数有限公司,,主题指数,2014-11-28,,2000-01-01,2012-01-04,2014-11-28,2014-11-28,2026-05-22,2026-05-22,2788,2788,0,,
399976.SZ,CS新能车,CS新能车,中证新能源汽车指数,SZSE,中证指数有限公司,,主题指数,2014-11-28,,2000-01-01,2012-01-04,2014-11-28,2014-11-28,2026-05-22,2026-05-22,2788,2788,0,,
399419.SZ,国证高铁,国证高铁,国证高铁指数,SZSE,深圳证券交易所,,主题指数,2014-12-10,,2000-01-01,2010-07-01,2014-12-10,2014-12-10,2026-05-22,2026-05-22,2780,2780,0,,
399420.SZ,国证保证,国证保证,国证保险证券指数,SZSE,深圳证券交易所,,主题指数,2014-12-10,,2000-01-01,2010-07-01,2014-12-10,2014-12-10,2026-05-22,2026-05-22,2780,2780,0,,
399987.CSI,中证酒(CSI),中证酒(CSI),中证酒指数,CSI,中证指数有限公司,,主题指数,2014-12-10,,2000-01-01,2009-01-05,2014-12-10,2014-12-10,2026-05-22,2026-05-22,2780,2780,0,,
399987.SZ,中证酒,中证酒,中证酒指数,SZSE,中证指数有限公司,,主题指数,2014-12-10,,2000-01-01,2009-01-05,2014-12-10,2014-12-10,2026-05-22,2026-05-22,2780,2780,0,,
399974.SZ,国企改革,国企改革,中证国有企业改革指数,SZSE,中证指数有限公司,,主题指数,2014-08-07,,2000-01-01,2014-04-01,2014-08-07,2014-12-26,2026-05-22,2026-05-22,2768,2768,0,,
399431.SZ,国证银行,国证银行,国证银行行业,SZSE,深圳证券交易所,,二级行业指数,2014-12-30,,2000-01-01,2014-12-30,2014-12-30,2014-12-30,2026-05-22,2026-05-22,2766,2766,0,,
399432.SZ,智能汽车,智能汽车,国证电动智能汽车,SZSE,深圳证券交易所,,主题指数,2014-12-30,,2000-01-01,2014-12-30,2014-12-30,2014-12-30,2026-05-22,2026-05-22,2766,2766,0,,
399433.SZ,国证交运,国证交运,国证交通运输,SZSE,深圳证券交易所,,二级行业指数,2014-12-30,,2000-01-01,2014-12-30,2014-12-30,2014-12-30,2026-05-22,2026-05-22,2766,2766,0,,
399434.SZ,数字传媒,数字传媒,国证数字传媒主题指数,SZSE,深圳证券交易所,,主题指数,2014-12-30,,2000-01-01,2014-12-30,2014-12-30,2014-12-30,2026-05-22,2026-05-22,2766,2766,0,,
399435.SZ,国证农牧,国证农牧,国证农牧渔,SZSE,深圳证券交易所,,二级行业指数,2014-12-30,,2000-01-01,2014-12-30,2014-12-30,2014-12-30,2026-05-22,2026-05-22,2766,2766,0,,
399436.SZ,绿色煤炭,绿色煤炭,国证绿色煤炭指数,SZSE,深圳证券交易所,,主题指数,2014-12-30,,2000-01-01,2014-12-30,2014-12-30,2014-12-30,2026-05-22,2026-05-22,2766,2766,0,,
399437.SZ,证券龙头,证券龙头,国证证券龙头指数,SZSE,深圳证券交易所,,主题指数,2014-12-30,,2000-01-01,2014-12-30,2014-12-30,2014-12-30,2026-05-22,2026-05-22,2766,2766,0,,
399438.SZ,绿色电力,绿色电力,国证绿色电力指数,SZSE,深圳证券交易所,,主题指数,2014-12-30,,2000-01-01,2014-12-30,2014-12-30,2014-12-30,2026-05-22,2026-05-22,2766,2766,0,,
399439.SZ,国证油气,国证油气,国证石油天然气指数,SZSE,深圳证券交易所,,主题指数,2014-12-30,,2000-01-01,2014-12-30,2014-12-30,2014-12-30,2026-05-22,2026-05-22,2766,2766,0,,
399440.SZ,国证钢铁,国证钢铁,国证钢铁行业,SZSE,深圳证券交易所,,四级行业指数,2014-12-30,,2000-01-01,2014-12-30,2014-12-30,2014-12-30,2026-05-22,2026-05-22,2766,2766,0,,
399986.CSI,中证银行(CSI),中证银行(CSI),中证银行指数,CSI,中证指数有限公司,,二级行业指数,2013-07-15,,2000-01-01,2005-01-04,2013-07-15,2014-12-30,2026-05-22,2026-05-22,2766,2766,0,,
931719.CSI,CS电池,CS电池,中证电池主题指数,CSI,中证指数有限公司,,主题指数,2013-07-15,,2000-01-01,2014-12-31,2013-07-15,2014-12-31,2026-05-22,2026-05-22,2765,2765,0,,
399429.SZ,新丝路,新丝路,新丝路指数,SZSE,深圳证券交易所,,主题指数,2015-01-08,,2000-01-01,2012-01-04,2015-01-08,2015-01-08,2026-05-22,2026-05-22,2761,2761,0,,
399441.SZ,生物医药,生物医药,国证生物医药,SZSE,深圳证券交易所,,主题指数,2015-01-20,,2000-01-01,2010-01-04,2015-01-20,2015-01-20,2026-05-22,2026-05-22,2753,2753,0,,
399423.SZ,中关村50,中关村50,中关村50指数,SZSE,深圳证券交易所,,主题指数,2015-02-05,,2000-01-01,2009-01-05,2015-02-05,2015-02-05,2026-05-22,2026-05-22,2741,2741,0,,
399428.SZ,国证定增,国证定增,国证定向增发指数,SZSE,深圳证券交易所,,主题指数,2015-02-17,,2000-01-01,2015-02-17,2015-02-17,2015-02-17,2026-05-22,2026-05-22,2733,2733,0,,
930598.CSI,稀土产业,稀土产业,中证稀土产业指数,CSI,中证指数有限公司,,主题指数,2015-03-02,,2000-01-01,2011-12-30,2015-03-02,2015-03-02,2026-05-22,2026-05-22,2729,2729,0,,
930599.CSI,中证高装,中证高装,中证高端装备制造指数,CSI,中证指数有限公司,,主题指数,2015-03-02,,2000-01-01,2004-12-31,2015-03-02,2015-03-02,2026-05-22,2026-05-22,2729,2729,0,,
930601.CSI,中证软件,中证软件,中证软件服务指数,CSI,中证指数有限公司,,主题指数,2015-03-10,,2000-01-01,2004-12-31,2015-03-10,2015-03-10,2026-05-22,2026-05-22,2723,2723,0,,
399015.SZ,中小创新,中小创新,深证中小创新指数,SZSE,深圳证券交易所,,规模指数,2015-03-24,,2000-01-01,2012-01-04,2015-03-24,2015-03-24,2026-05-22,2026-05-22,2713,2713,0,,
930606.CSI,中证钢铁,中证钢铁,中证钢铁指数,CSI,中证指数有限公司,,主题指数,2015-03-31,,2000-01-01,2008-12-31,2015-03-31,2015-03-31,2026-05-22,2026-05-22,2708,2708,0,,
930608.CSI,中证基建,中证基建,中证基建指数,CSI,中证指数有限公司,,主题指数,2015-03-31,,2000-01-01,2004-12-31,2015-03-31,2015-03-31,2026-05-22,2026-05-22,2708,2708,0,,
930614.CSI,环保50,环保50,中证环保产业50指数,CSI,中证指数有限公司,,主题指数,2015-04-07,,2000-01-01,2011-12-30,2015-04-07,2015-04-07,2026-05-22,2026-05-22,2704,2704,0,,
399707.CSI,CSSW证券(CSI),CSSW证券(CSI),中证申万证券行业指数,CSI,中证指数有限公司,,行业指数,2015-04-16,,2000-01-01,1999-12-30,2015-04-16,2015-04-16,2026-05-22,2026-05-22,2697,2697,0,,
399707.SZ,CSSW证券,CSSW证券,中证申万证券行业指数,SZSE,中证指数有限公司,,行业指数,2015-04-16,,2000-01-01,1999-12-30,2015-04-16,2015-04-16,2026-05-22,2026-05-22,2697,2697,0,,
930620.CSI,CSSW丝路,CSSW丝路,中证申万一带一路主题投资指数,CSI,中证指数有限公司,,主题指数,2015-04-23,,2000-01-01,2008-12-31,2015-04-23,2015-04-23,2026-05-22,2026-05-22,2692,2692,0,,
930621.CSI,CSSW高铁,CSSW高铁,中证申万高铁主题投资指数,CSI,中证指数有限公司,,主题指数,2015-04-23,,2000-01-01,2008-12-31,2015-04-23,2015-04-23,2026-05-22,2026-05-22,2692,2692,0,,
930622.CSI,CSSW白酒,CSSW白酒,中证申万白酒行业投资指数,CSI,中证指数有限公司,,行业指数,2015-04-23,,2000-01-01,2009-01-05,2015-04-23,2015-04-23,2026-05-22,2026-05-22,2692,2692,0,,
930629.CSI,CSSW健康,CSSW健康,中证申万新兴健康产业主题投资指数,CSI,中证指数有限公司,,主题指数,2015-05-08,,2000-01-01,2008-12-31,2015-05-08,2015-05-08,2026-05-22,2026-05-22,2682,2682,0,,
930633.CSI,中证旅游,中证旅游,中证旅游主题指数,CSI,中证指数有限公司,,主题指数,2015-05-08,,2000-01-01,2008-12-31,2015-05-08,2015-05-08,2026-05-22,2026-05-22,2682,2682,0,,
930640.CSI,CSWD重组,CSWD重组,中证万得重组主题指数,CSI,中证指数有限公司,,主题指数,2015-05-08,,2000-01-01,2011-12-30,2015-05-08,2015-05-08,2026-05-22,2026-05-22,2682,2682,0,,
930632.CSI,CS稀金属,CS稀金属,中证稀有金属主题指数,CSI,中证指数有限公司,,主题指数,2015-05-12,,2000-01-01,2011-12-30,2015-05-12,2015-05-12,2026-05-22,2026-05-22,2680,2680,0,,
000824.SH,中证国企红利(SH),中证国企红利(SH),中证国有企业红利指数,SSE,中证指数有限公司,,策略指数,2012-07-20,,2000-01-01,2005-01-04,2012-07-20,2015-05-19,2026-05-22,2026-05-22,2675,2675,0,,
000825.SH,中证央企红利(SH),中证央企红利(SH),中证中央企业红利指数,SSE,中证指数有限公司,,策略指数,2012-07-20,,2000-01-01,2005-01-04,2012-07-20,2015-05-19,2026-05-22,2026-05-22,2675,2675,0,,
000827.SH,中证环保,中证环保,中证环保产业指数,SSE,中证指数有限公司,,主题指数,2012-09-25,,2000-01-01,2015-05-19,2012-09-25,2015-05-19,2026-05-22,2026-05-22,2675,2675,0,,
000855.SH,央视500,央视500,央视财经500指数,SSE,中证指数有限公司,,主题指数,2014-11-03,,2000-01-01,2015-05-19,2014-11-03,2015-05-19,2026-05-22,2026-05-22,2675,2675,0,,
930641.CSI,中证中药,中证中药,中证中药指数,CSI,中证指数有限公司,,主题指数,2015-05-19,,2000-01-01,2004-12-31,2015-05-19,2015-05-19,2026-05-22,2026-05-22,2675,2675,0,,
930648.CSI,CS智消费,CS智消费,中证智能消费主题指数,CSI,中证指数有限公司,,主题指数,2015-06-05,,2000-01-01,2012-06-29,2015-06-05,2015-06-05,2026-05-22,2026-05-22,2662,2662,0,,
930651.CSI,CS计算机,CS计算机,中证计算机主题指数,CSI,中证指数有限公司,,主题指数,2015-06-05,,2000-01-01,2004-12-31,2015-06-05,2015-06-05,2026-05-22,2026-05-22,2662,2662,0,,
930652.CSI,CS电子,CS电子,中证电子指数,CSI,中证指数有限公司,,主题指数,2015-06-05,,2000-01-01,2004-12-31,2015-06-05,2015-06-05,2026-05-22,2026-05-22,2662,2662,0,,
930653.CSI,CS食品饮,CS食品饮,中证食品饮料指数,CSI,中证指数有限公司,,主题指数,2015-06-05,,2000-01-01,2004-12-31,2015-06-05,2015-06-05,2026-05-22,2026-05-22,2662,2662,0,,
399674.SZ,深A医药,深A医药,深A医药卫生指数,SZSE,深圳证券交易所,,一级行业指数,2015-06-08,,2000-01-01,2010-07-01,2015-06-08,2015-06-08,2026-05-22,2026-05-22,2661,2661,0,,
399675.SZ,深互联网,深互联网,深A软件与互联网指数,SZSE,深圳证券交易所,,二级行业指数,2015-06-08,,2000-01-01,2010-07-01,2015-06-08,2015-06-08,2026-05-22,2026-05-22,2661,2661,0,,
399676.SZ,深医药EW,深医药EW,深A医药卫生等权指数,SZSE,深圳证券交易所,,策略指数,2015-06-08,,2000-01-01,2010-07-01,2015-06-08,2015-06-08,2026-05-22,2026-05-22,2661,2661,0,,
399677.SZ,深互联EW,深互联EW,深A软件与互联网等权指数,SZSE,深圳证券交易所,,策略指数,2015-06-08,,2000-01-01,2010-07-01,2015-06-08,2015-06-08,2026-05-22,2026-05-22,2661,2661,0,,
931746.CSI,储能产业,储能产业,中证储能产业指数,CSI,中证指数有限公司,,主题指数,2015-06-11,,2000-01-01,2013-12-31,2015-06-11,2015-06-11,2026-05-22,2026-05-22,2658,2658,0,,
399990.SZ,煤炭等权,煤炭等权,中证煤炭等权指数,SZSE,中证指数有限公司,,策略指数,2015-01-21,,2000-01-01,2009-01-05,2015-01-21,2015-06-15,2026-05-22,2026-05-22,2656,2656,0,,
399991.SZ,一带一路,一带一路,中证一带一路主题指数,SZSE,中证指数有限公司,,主题指数,2015-02-16,,2000-01-01,2015-06-15,2015-02-16,2015-06-15,2026-05-22,2026-05-22,2656,2656,0,,
399994.SZ,信息安全,信息安全,中证信息安全主题指数,SZSE,中证指数有限公司,,主题指数,2015-03-12,,2000-01-01,2015-06-15,2015-03-12,2015-06-15,2026-05-22,2026-05-22,2656,2656,0,,
399995.SZ,基建工程,基建工程,中证基建工程指数,SZSE,中证指数有限公司,,行业指数,2015-03-12,,2000-01-01,2005-01-04,2015-03-12,2015-06-15,2026-05-22,2026-05-22,2656,2656,0,,
399997.SZ,中证白酒,中证白酒,中证白酒指数,SZSE,中证指数有限公司,,主题指数,2015-01-21,,2000-01-01,2009-01-05,2015-01-21,2015-06-15,2026-05-22,2026-05-22,2656,2656,0,,
399678.SZ,深次新股,深次新股,深证次新股指数,SZSE,深圳证券交易所,,主题指数,2015-06-18,,2000-01-01,2011-01-04,2015-06-18,2015-06-18,2026-05-22,2026-05-22,2653,2653,0,,
399679.SZ,深证200R,深证200R,深证200全收益指数,SZSE,深圳证券交易所,,规模指数,2015-06-18,,2000-01-01,2011-09-01,2015-06-18,2015-06-18,2026-05-22,2026-05-22,2653,2653,0,,
000160.SH,沪新丝路,沪新丝路,上证一带一路主题指数,SSE,中证指数有限公司,,主题指数,2015-06-24,,2000-01-01,2013-01-04,2015-06-24,2015-06-24,2026-05-22,2026-05-22,2650,2650,0,,
930660.CSI,CSSW体育,CSSW体育,中证申万体育产业主题投资指数,CSI,中证指数有限公司,,主题指数,2015-06-24,,2000-01-01,2008-12-31,2015-06-24,2015-06-24,2026-05-22,2026-05-22,2650,2650,0,,
930661.CSI,CSSW互金,CSSW互金,中证申万互联网金融主题投资指数,CSI,中证指数有限公司,,主题指数,2015-06-24,,2000-01-01,2011-12-30,2015-06-24,2015-06-24,2026-05-22,2026-05-22,2650,2650,0,,
930697.CSI,家用电器,家用电器,中证全指家用电器指数,CSI,中证指数有限公司,,三级行业指数,2015-07-07,,2000-01-01,2004-12-31,2015-07-07,2015-07-07,2026-05-22,2026-05-22,2641,2641,0,,
399808.SZ,中证新能,中证新能,中证新能源指数,SZSE,中证指数有限公司,,主题指数,2015-02-10,,2000-01-01,2012-01-04,2015-02-10,2015-07-09,2026-05-22,2026-05-22,2639,2639,0,,
930701.CSI,CS京津冀,CS京津冀,中证京津冀协同发展主题指数,CSI,中证指数有限公司,,主题指数,2015-07-09,,2000-01-01,2012-12-31,2015-07-09,2015-07-09,2026-05-22,2026-05-22,2639,2639,0,,
930662.CSI,CS现代农,CS现代农,中证现代农业主题指数,CSI,中证指数有限公司,,主题指数,2015-07-13,,2000-01-01,2010-12-31,2015-07-13,2015-07-13,2026-05-22,2026-05-22,2637,2637,0,,
930707.CSI,中证畜牧,中证畜牧,中证畜牧养殖指数,CSI,中证指数有限公司,,主题指数,2015-07-13,,2000-01-01,2011-12-30,2015-07-13,2015-07-13,2026-05-22,2026-05-22,2637,2637,0,,
930708.CSI,中证有色,中证有色,中证有色金属指数,CSI,中证指数有限公司,,主题指数,2015-07-13,,2000-01-01,2013-07-01,2015-07-13,2015-07-13,2026-05-22,2026-05-22,2637,2637,0,,
399803.SZ,工业4.0,工业4.0,中证工业4.0指数,SZSE,中证指数有限公司,,主题指数,2015-02-13,,2000-01-01,2015-07-27,2015-02-13,2015-07-27,2026-05-22,2026-05-22,2627,2627,0,,
399804.SZ,中证体育,中证体育,中证体育产业指数,SZSE,中证指数有限公司,,主题指数,2015-02-09,,2000-01-01,2015-07-27,2015-02-09,2015-07-27,2026-05-22,2026-05-22,2627,2627,0,,
399805.SZ,互联金融,互联金融,中证互联网金融指数,SZSE,中证指数有限公司,,主题指数,2015-02-10,,2000-01-01,2015-07-27,2015-02-10,2015-07-27,2026-05-22,2026-05-22,2627,2627,0,,
399806.SZ,环境治理,环境治理,中证环境治理指数,SZSE,中证指数有限公司,,主题指数,2014-07-21,,2000-01-01,2015-07-27,2014-07-21,2015-07-27,2026-05-22,2026-05-22,2627,2627,0,,
399807.SZ,高铁产业,高铁产业,中证高铁产业指数,SZSE,中证指数有限公司,,主题指数,2015-01-20,,2000-01-01,2015-07-27,2015-01-20,2015-07-27,2026-05-22,2026-05-22,2627,2627,0,,
399809.SZ,保险主题,保险主题,中证方正富邦保险主题指数,SZSE,中证指数有限公司,,主题指数,2015-02-13,,2000-01-01,2015-07-27,2015-02-13,2015-07-27,2026-05-22,2026-05-22,2627,2627,0,,
930712.CSI,CS物联网,CS物联网,中证物联网主题指数,CSI,中证指数有限公司,,主题指数,2015-07-31,,2000-01-01,2012-06-29,2015-07-31,2015-07-31,2026-05-22,2026-05-22,2623,2623,0,,
930713.CSI,CS人工智,CS人工智,中证人工智能主题指数,CSI,中证指数有限公司,,主题指数,2015-07-31,,2000-01-01,2012-06-29,2015-07-31,2015-07-31,2026-05-22,2026-05-22,2623,2623,0,,
930716.CSI,CS物流,CS物流,中证现代物流指数,CSI,中证指数有限公司,,主题指数,2015-07-31,,2000-01-01,2011-12-30,2015-07-31,2015-07-31,2026-05-22,2026-05-22,2623,2623,0,,
399810.CSI,CSSW传媒(CSI),CSSW传媒(CSI),中证申万传媒行业投资指数,CSI,中证指数有限公司,,行业指数,2015-08-03,,2000-01-01,2004-12-31,2015-08-03,2015-08-03,2026-05-22,2026-05-22,2622,2622,0,,
399810.SZ,CSSW传媒,CSSW传媒,中证申万传媒行业投资指数,SZSE,中证指数有限公司,,行业指数,2015-08-03,,2000-01-01,2004-12-31,2015-08-03,2015-08-03,2026-05-22,2026-05-22,2622,2622,0,,
399811.CSI,CSSW电子(CSI),CSSW电子(CSI),中证申万电子行业投资指数,CSI,中证指数有限公司,,行业指数,2015-08-03,,2000-01-01,2004-12-31,2015-08-03,2015-08-03,2026-05-22,2026-05-22,2622,2622,0,,
399811.SZ,CSSW电子,CSSW电子,中证申万电子行业投资指数,SZSE,中证指数有限公司,,行业指数,2015-08-03,,2000-01-01,2004-12-31,2015-08-03,2015-08-03,2026-05-22,2026-05-22,2622,2622,0,,
930715.CSI,CS朝阳88,CS朝阳88,中证朝阳永续超预期88指数,CSI,中证指数有限公司,,主题指数,2015-08-05,,2000-01-01,2012-01-31,2015-08-05,2015-08-05,2026-05-22,2026-05-22,2620,2620,0,,
930719.CSI,CS精准医,CS精准医,中证精准医疗主题指数,CSI,中证指数有限公司,,主题指数,2015-08-05,,2000-01-01,2012-06-29,2015-08-05,2015-08-05,2026-05-22,2026-05-22,2620,2620,0,,
930720.CSI,CS互医疗,CS互医疗,中证互联网医疗主题指数,CSI,中证指数有限公司,,主题指数,2015-08-05,,2000-01-01,2012-06-29,2015-08-05,2015-08-05,2026-05-22,2026-05-22,2620,2620,0,,
930721.CSI,CS智汽车,CS智汽车,中证智能汽车主题指数,CSI,中证指数有限公司,,主题指数,2015-08-05,,2000-01-01,2012-06-29,2015-08-05,2015-08-05,2026-05-22,2026-05-22,2620,2620,0,,
930725.CSI,CS车联网,CS车联网,中证车联网主题指数,CSI,中证指数有限公司,,主题指数,2015-08-05,,2000-01-01,2012-02-01,2015-08-05,2015-08-05,2026-05-22,2026-05-22,2620,2620,0,,
930726.CSI,CS生医,CS生医,中证生物医药指数,CSI,中证指数有限公司,,主题指数,2015-08-05,,2000-01-01,2012-06-29,2015-08-05,2015-08-05,2026-05-22,2026-05-22,2620,2620,0,,
930734.CSI,360互联+,360互联+,中证360互联网+大数据100指数,CSI,中证指数有限公司,,主题指数,2015-08-10,,2000-01-01,2012-12-31,2015-08-10,2015-08-10,2026-05-22,2026-05-22,2617,2617,0,,
399812.SZ,养老产业,养老产业,中证养老产业指数,SZSE,中证指数有限公司,,主题指数,2014-06-06,,2000-01-01,2005-01-04,2014-06-06,2015-08-19,2026-05-22,2026-05-22,2610,2610,0,,
399814.SZ,大农业,大农业,中证大农业指数,SZSE,中证指数有限公司,,主题指数,2014-07-22,,2000-01-01,2015-08-19,2014-07-22,2015-08-19,2026-05-22,2026-05-22,2610,2610,0,,
930743.CSI,中证生科,中证生科,中证生物科技主题指数,CSI,中证指数有限公司,,主题指数,2015-08-26,,2000-01-01,2011-12-30,2015-08-26,2015-08-26,2026-05-22,2026-05-22,2605,2605,0,,
399680.SZ,深成能源,深成能源,深成能源行业指数,SZSE,深圳证券交易所,,一级行业指数,2015-08-31,,2000-01-01,2010-07-01,2015-08-31,2015-08-31,2026-05-22,2026-05-22,2602,2602,0,,
399681.SZ,深成材料,深成材料,深成原材料行业指数,SZSE,深圳证券交易所,,一级行业指数,2015-08-31,,2000-01-01,2010-07-01,2015-08-31,2015-08-31,2026-05-22,2026-05-22,2602,2602,0,,
399682.SZ,深成工业,深成工业,深成工业行业指数,SZSE,深圳证券交易所,,一级行业指数,2015-08-31,,2000-01-01,2010-07-01,2015-08-31,2015-08-31,2026-05-22,2026-05-22,2602,2602,0,,
399683.SZ,深成可选,深成可选,深成可选消费行业指数,SZSE,深圳证券交易所,,一级行业指数,2015-08-31,,2000-01-01,2010-07-01,2015-08-31,2015-08-31,2026-05-22,2026-05-22,2602,2602,0,,
399684.SZ,深成消费,深成消费,深成主要消费行业指数,SZSE,深圳证券交易所,,一级行业指数,2015-08-31,,2000-01-01,2010-07-01,2015-08-31,2015-08-31,2026-05-22,2026-05-22,2602,2602,0,,
399685.SZ,深成医药,深成医药,深成医药卫生行业指数,SZSE,深圳证券交易所,,一级行业指数,2015-08-31,,2000-01-01,2010-07-01,2015-08-31,2015-08-31,2026-05-22,2026-05-22,2602,2602,0,,
399686.SZ,深成金融,深成金融,深成金融行业指数,SZSE,深圳证券交易所,,一级行业指数,2015-08-31,,2000-01-01,2010-07-01,2015-08-31,2015-08-31,2026-05-22,2026-05-22,2602,2602,0,,
399687.SZ,深成信息,深成信息,深成信息技术行业指数,SZSE,深圳证券交易所,,一级行业指数,2015-08-31,,2000-01-01,2010-07-01,2015-08-31,2015-08-31,2026-05-22,2026-05-22,2602,2602,0,,
399688.SZ,深成电信,深成电信,深成电信业务行业指数,SZSE,深圳证券交易所,,一级行业指数,2015-08-31,,2000-01-01,2010-07-01,2015-08-31,2015-08-31,2026-05-22,2026-05-22,2602,2602,0,,
399689.SZ,深成公用,深成公用,深成公用事业行业指数,SZSE,深圳证券交易所,,一级行业指数,2015-08-31,,2000-01-01,2010-07-01,2015-08-31,2015-08-31,2026-05-22,2026-05-22,2602,2602,0,,
000161.SH,沪中国造,沪中国造,上证中国制造主题指数,SSE,中证指数有限公司,,主题指数,2015-10-29,,2000-01-01,2012-07-02,2015-10-29,2015-10-29,2026-05-22,2026-05-22,2566,2566,0,,
000162.SH,沪互联+,沪互联+,上证互联网+主题指数,SSE,中证指数有限公司,,主题指数,2015-10-29,,2000-01-01,2012-07-02,2015-10-29,2015-10-29,2026-05-22,2026-05-22,2566,2566,0,,
930748.CSI,沪深300USD,沪深300USD,沪深300美元指数,CSI,中证指数有限公司,,规模指数,2015-11-06,,2000-01-01,2004-12-31,2015-11-06,2015-11-06,2026-05-22,2026-05-22,2560,2560,0,,
930749.CSI,沪深300USD(CNH),沪深300USD(CNH),沪深300美元指数(CNH),CSI,中证指数有限公司,,规模指数,2015-11-06,,2000-01-01,2004-12-31,2015-11-06,2015-11-06,2026-05-22,2026-05-22,2560,2560,0,,
930767.CSI,沪深300优选,沪深300优选,沪深300AH优选指数,CSI,中证指数有限公司,,策略指数,2015-12-10,,2000-01-01,2004-12-31,2015-12-10,2015-12-10,2026-05-22,2026-05-22,2536,2536,0,,
930781.CSI,中证影视,中证影视,中证影视主题指数,CSI,中证指数有限公司,,主题指数,2016-02-04,,2000-01-01,2012-06-29,2016-02-04,2016-02-04,2026-05-22,2026-05-22,2497,2497,0,,
930782.CSI,500SNLV,500SNLV,中证500行业中性低波动指数,CSI,中证指数有限公司,,策略指数,2016-02-04,,2000-01-01,2004-12-31,2016-02-04,2016-02-04,2026-05-22,2026-05-22,2497,2497,0,,
930790.CSI,CS娱乐TI,CS娱乐TI,中证娱乐主题指数,CSI,中证指数有限公司,,主题指数,2016-03-22,,2000-01-01,2012-12-31,2016-03-22,2016-03-22,2026-05-22,2026-05-22,2469,2469,0,,
930791.CSI,CS医药TI,CS医药TI,中证医药主题指数,CSI,中证指数有限公司,,主题指数,2016-03-22,,2000-01-01,2004-12-31,2016-03-22,2016-03-22,2026-05-22,2026-05-22,2469,2469,0,,
000847.SH,腾讯济安,腾讯济安,中证腾讯济安价值100A股指数,SSE,中证指数有限公司,,策略指数,2013-11-18,,2000-01-01,2016-04-11,2013-11-18,2016-04-11,2026-05-22,2026-05-22,2456,2456,0,,
000853.SH,CSSW丝路,CSSW丝路,中证申万一带一路主题投资指数,SSE,中证指数有限公司,,主题指数,2015-04-23,,2000-01-01,2016-04-11,2015-04-23,2016-04-11,2026-05-22,2026-05-22,2456,2456,0,,
930796.CSI,全球中国互联网(CNY),全球中国互联网(CNY),中证全球中国互联网指数(人民币),CSI,中证指数有限公司,,主题指数,2016-04-22,,2000-01-01,2013-12-31,2016-04-22,2016-04-22,2026-05-22,2026-05-22,2447,2447,0,,
930820.CSI,CS高端制,CS高端制,中证高端制造主题指数,CSI,中证指数有限公司,,主题指数,2016-05-11,,2000-01-01,2004-12-31,2016-05-11,2016-05-11,2026-05-22,2026-05-22,2435,2435,0,,
930821.CSI,中证VR,中证VR,中证虚拟现实主题指数,CSI,中证指数有限公司,,主题指数,2016-05-11,,2000-01-01,2012-06-29,2016-05-11,2016-05-11,2026-05-22,2026-05-22,2435,2435,0,,
930838.CSI,CS高股息,CS高股息,中证高股息精选指数,CSI,中证指数有限公司,,策略指数,2016-06-08,,2000-01-01,2004-12-31,2016-06-08,2016-06-08,2026-05-22,2026-05-22,2415,2415,0,,
399693.SZ,安防产业,安防产业,深证安防产业指数,SZSE,深圳证券交易所,,主题指数,2016-06-20,,2000-01-01,2012-07-02,2016-06-20,2016-06-20,2026-05-22,2026-05-22,2409,2409,0,,
930850.CSI,智能制造,智能制造,中证智能制造主题指数,CSI,中证指数有限公司,,主题指数,2016-07-20,,2000-01-01,2012-06-29,2016-07-20,2016-07-20,2026-05-22,2026-05-22,2387,2387,0,,
930851.CSI,云计算,云计算,中证云计算与大数据主题指数,CSI,中证指数有限公司,,主题指数,2016-07-20,,2000-01-01,2012-06-29,2016-07-20,2016-07-20,2026-05-22,2026-05-22,2387,2387,0,,
930875.CSI,空天军工,空天军工,中证空天一体军工指数,CSI,中证指数有限公司,,主题指数,2016-08-17,,2000-01-01,2011-06-30,2016-08-17,2016-08-17,2026-05-22,2026-05-22,2367,2367,0,,
930882.CSI,CS珠三角,CS珠三角,中证珠三角沿海区域发展主题指数,CSI,中证指数有限公司,,主题指数,2016-08-17,,2000-01-01,2012-12-31,2016-08-17,2016-08-17,2026-05-22,2026-05-22,2367,2367,0,,
930901.CSI,动漫游戏,动漫游戏,中证动漫游戏指数,CSI,中证指数有限公司,,主题指数,2016-10-18,,2000-01-01,2012-12-31,2016-10-18,2016-10-18,2026-05-22,2026-05-22,2330,2330,0,,
930902.CSI,中证数据,中证数据,中证大数据产业指数,CSI,中证指数有限公司,,主题指数,2016-10-18,,2000-01-01,2012-12-31,2016-10-18,2016-10-18,2026-05-22,2026-05-22,2330,2330,0,,
930903.CSI,中证A股,中证A股,中证A股指数,CSI,中证指数有限公司,,综合指数,2016-10-18,,2000-01-01,2005-01-04,2016-10-18,2016-10-18,2026-05-22,2026-05-22,2330,2330,0,,
399696.SZ,深证创投,深证创投,深证创业投资指数,SZSE,深圳证券交易所,,主题指数,2016-10-21,,2000-01-01,2010-07-01,2016-10-21,2016-10-21,2026-05-22,2026-05-22,2327,2327,0,,
399016.SZ,深证创新,深证创新,深证创新指数,SZSE,深圳证券交易所,,主题指数,2016-12-01,,2000-01-01,2013-01-04,2016-12-01,2016-12-01,2026-05-22,2026-05-22,2298,2298,0,,
399017.SZ,SME创新,SME创新,中小企业创新指数,SZSE,深圳证券交易所,,主题指数,2016-12-01,,2000-01-01,2013-01-04,2016-12-01,2016-12-01,2026-05-22,2026-05-22,2298,2298,0,,
399018.SZ,创业创新,创业创新,创业板创新指数,SZSE,深圳证券交易所,,主题指数,2016-12-01,,2000-01-01,2013-01-04,2016-12-01,2016-12-01,2026-05-22,2026-05-22,2298,2298,0,,
930910.CSI,农牧渔,农牧渔,中证全指农牧渔指数,CSI,中证指数有限公司,,二级行业指数,2016-12-12,,2000-01-01,2004-12-31,2016-12-12,2016-12-12,2026-05-22,2026-05-22,2291,2291,0,,
399692.SZ,创业低波,创业低波,创业300低波动率指数,SZSE,深圳证券交易所,,策略指数,2016-12-20,,2000-01-01,2013-07-01,2016-12-20,2016-12-20,2026-05-22,2026-05-22,2285,2285,0,,
399694.SZ,创业高贝,创业高贝,创业300高贝塔指数,SZSE,深圳证券交易所,,策略指数,2016-12-20,,2000-01-01,2013-07-01,2016-12-20,2016-12-20,2026-05-22,2026-05-22,2285,2285,0,,
399422.SZ,中关村A,中关村A,中关村A指,SZSE,深圳证券交易所,,主题指数,2016-12-21,,2000-01-01,2016-12-21,2016-12-21,2016-12-21,2026-05-22,2026-05-22,2284,2284,0,,
930927.CSI,CR基石,CR基石,中证财新锐联基石经济指数,CSI,中证指数有限公司,,主题指数,2016-12-23,,2000-01-01,2005-06-30,2016-12-23,2016-12-23,2026-05-22,2026-05-22,2282,2282,0,,
930928.CSI,CR新动能,CR新动能,中证财新锐联新动能指数,CSI,中证指数有限公司,,主题指数,2016-12-23,,2000-01-01,2013-06-28,2016-12-23,2016-12-23,2026-05-22,2026-05-22,2282,2282,0,,
931230.CSI,汽车零部件,汽车零部件,中证汽车零部件主题指数,CSI,中证指数有限公司,,主题指数,2013-07-15,,2000-01-01,2016-12-30,2013-07-15,2016-12-30,2026-05-22,2026-05-22,2277,2277,0,,
931798.CSI,光伏龙头30,光伏龙头30,中证光伏龙头30指数,CSI,中证指数有限公司,,主题指数,2009-06-16,,2000-01-01,2016-12-30,2009-06-16,2016-12-30,2026-05-22,2026-05-22,2277,2277,0,,
931802.CSI,中证龙头,中证龙头,中证龙头企业指数,CSI,中证指数有限公司,,主题指数,2010-02-09,,2000-01-01,2016-12-30,2010-02-09,2016-12-30,2026-05-22,2026-05-22,2277,2277,0,,
399697.SZ,中关村60,中关村60,深证中关村民企60指数,SZSE,深圳证券交易所,,主题指数,2017-01-10,,2000-01-01,2009-01-05,2017-01-10,2017-01-10,2026-05-22,2026-05-22,2271,2271,0,,
930937.CSI,稳健成长,稳健成长,中证中信稳健成长策略指数,CSI,中证指数有限公司,,策略指数,2017-01-18,,2000-01-01,2006-12-29,2017-01-18,2017-01-18,2026-05-22,2026-05-22,2265,2265,0,,
000171.CSI,新兴成指,新兴成指,中国战略新兴产业成份指数,CSI,中证指数有限公司,,主题指数,2017-01-25,,2000-01-01,2011-01-04,2017-01-25,2017-01-25,2026-05-22,2026-05-22,2260,2260,0,,
399695.SZ,深证节能,深证节能,深证节能环保指数,SZSE,深圳证券交易所,,主题指数,2017-04-28,,2000-01-01,2010-07-01,2017-04-28,2017-04-28,2026-05-22,2026-05-22,2200,2200,0,,
930955.CSI,红利低波100,红利低波100,中证红利低波动100指数,CSI,中证指数有限公司,,策略指数,2017-05-26,,2000-01-01,2005-12-30,2017-05-26,2017-05-26,2026-05-22,2026-05-22,2181,2181,0,,
399698.SZ,优势成长,优势成长,深证优势成长指数,SZSE,深圳证券交易所,,策略指数,2017-06-15,,2000-01-01,2009-01-05,2017-06-15,2017-06-15,2026-05-22,2026-05-22,2169,2169,0,,
930986.CSI,金融科技,金融科技,中证金融科技主题指数,CSI,中证指数有限公司,,主题指数,2017-06-22,,2000-01-01,2014-06-30,2017-06-22,2017-06-22,2026-05-22,2026-05-22,2164,2164,0,,
931897.CSI,绿色电力,绿色电力,中证绿色电力指数,CSI,中证指数有限公司,,主题指数,2012-12-21,,2000-01-01,2017-06-30,2012-12-21,2017-06-30,2026-05-22,2026-05-22,2158,2158,0,,
000863.SH,CS精准医,CS精准医,中证精准医疗主题指数,SSE,中证指数有限公司,,主题指数,2015-08-05,,2000-01-01,2017-07-06,2015-08-05,2017-07-06,2026-05-22,2026-05-22,2154,2154,0,,
000865.SH,上海国企,上海国企,中证上海国企指数,SSE,中证指数有限公司,,主题指数,2016-05-11,,2000-01-01,2017-07-06,2016-05-11,2017-07-06,2026-05-22,2026-05-22,2154,2154,0,,
930997.CSI,新能源车,新能源车,中证新能源汽车产业指数,CSI,中证指数有限公司,,主题指数,2017-07-19,,2000-01-01,2014-12-31,2017-07-19,2017-07-19,2026-05-22,2026-05-22,2145,2145,0,,
931778.CSI,农牧主题,农牧主题,中证农牧主题指数,CSI,中证指数有限公司,,主题指数,2017-07-21,,2000-01-01,2012-06-29,2017-07-21,2017-07-21,2026-05-22,2026-05-22,2143,2143,0,,
931021.CSI,家电龙头,家电龙头,中证家电龙头指数,CSI,中证指数有限公司,,主题指数,2017-10-17,,2000-01-01,2004-12-31,2017-10-17,2017-10-17,2026-05-22,2026-05-22,2086,2086,0,,
931581.CSI,周期稳健成长50,周期稳健成长50,中证周期稳健成长50指数,CSI,中证指数有限公司,,策略指数,2017-10-18,,2000-01-01,2013-12-31,2017-10-18,2017-10-18,2026-05-22,2026-05-22,2085,2085,0,,
931023.CSI,北京50,北京50,中证北京50指数,CSI,中证指数有限公司,,主题指数,2017-10-30,,2000-01-01,2012-12-31,2017-10-30,2017-10-30,2026-05-22,2026-05-22,2077,2077,0,,
931033.CSI,杭州湾区,杭州湾区,中证杭州湾区指数,CSI,中证指数有限公司,,主题指数,2017-11-08,,2000-01-01,2009-12-31,2017-11-08,2017-11-08,2026-05-22,2026-05-22,2070,2070,0,,
931039.CSI,银行AH,银行AH,中证银行AH价格优选指数,CSI,中证指数有限公司,,策略指数,2017-12-06,,2000-01-01,2004-12-31,2017-12-06,2017-12-06,2026-05-22,2026-05-22,2050,2050,0,,
931052.CSI,国信价值,国信价值,中证国信价值指数,CSI,中证指数有限公司,,策略指数,2017-12-08,,2000-01-01,2007-06-29,2017-12-08,2017-12-08,2026-05-22,2026-05-22,2048,2048,0,,
931053.CSI,高股息策略,高股息策略,中证中信高股息策略指数,CSI,中证指数有限公司,,策略指数,2017-12-11,,2000-01-01,2008-12-31,2017-12-11,2017-12-11,2026-05-22,2026-05-22,2047,2047,0,,
399297.SZ,新浪100,新浪100,深证新浪大数据100指数,SZSE,深圳证券交易所,,主题指数,2017-12-22,,2000-01-01,2014-01-02,2017-12-22,2017-12-22,2026-05-22,2026-05-22,2038,2038,0,,
931247.CSI,中证信创,中证信创,中证信息技术应用创新产业指数,CSI,中证指数有限公司,,主题指数,2012-12-21,,2000-01-01,2017-12-29,2012-12-21,2017-12-29,2026-05-22,2026-05-22,2033,2033,0,,
931992.CSI,疫苗生物,疫苗生物,中证疫苗与生物技术指数,CSI,中证指数有限公司,,主题指数,2013-07-15,,2000-01-01,2017-12-29,2013-07-15,2017-12-29,2026-05-22,2026-05-22,2033,2033,0,,
931066.CSI,军工龙头,军工龙头,中证军工龙头指数,CSI,中证指数有限公司,,主题指数,2018-02-05,,2000-01-01,2012-12-31,2018-02-05,2018-02-05,2026-05-22,2026-05-22,2008,2008,0,,
931067.CSI,绩优策略,绩优策略,中证申万绩优策略指数,CSI,中证指数有限公司,,策略指数,2018-02-14,,2000-01-01,2005-06-30,2018-02-14,2018-02-14,2026-05-22,2026-05-22,2001,2001,0,,
931069.CSI,中金300,中金300,中证中金优选300指数,CSI,中证指数有限公司,,策略指数,2018-02-14,,2000-01-01,2008-12-31,2018-02-14,2018-02-14,2026-05-22,2026-05-22,2001,2001,0,,
000860.CSI,结构调整,结构调整,中证央企结构调整指数,CSI,中证指数有限公司,,主题指数,2018-03-26,,2000-01-01,2018-03-26,2018-03-26,2018-03-26,2026-05-22,2026-05-22,1978,1978,0,,
930738.CSI,四川国改,四川国改,中证四川国企改革指数,CSI,中证指数有限公司,,主题指数,2018-07-10,,2000-01-01,2011-12-30,2018-07-10,2018-07-10,2026-05-22,2026-05-22,1907,1907,0,,
000806.CSI,消费服务,消费服务,中证消费服务领先指数,CSI,中证指数有限公司,,主题指数,2012-02-10,,2000-01-01,2018-09-03,2012-02-10,2018-09-03,2026-05-22,2026-05-22,1868,1868,0,,
000807.CSI,食品饮料,食品饮料,中证申万食品饮料指数,CSI,中证指数有限公司,,行业指数,2012-02-17,,2000-01-01,2018-09-03,2012-02-17,2018-09-03,2026-05-22,2026-05-22,1868,1868,0,,
000908.CSI,300能源,300能源,沪深300能源(一级行业)指数,CSI,中证指数有限公司,,一级行业指数,2007-07-02,,2000-01-01,2018-09-03,2007-07-02,2018-09-03,2026-05-22,2026-05-22,1868,1868,0,,
000909.CSI,300材料,300材料,沪深300原材料(一级行业)指数,CSI,中证指数有限公司,,一级行业指数,2007-07-02,,2000-01-01,2018-09-03,2007-07-02,2018-09-03,2026-05-22,2026-05-22,1868,1868,0,,
000910.CSI,300工业,300工业,沪深300工业指数,CSI,中证指数有限公司,,一级行业指数,2007-07-02,,2000-01-01,2018-09-03,2007-07-02,2018-09-03,2026-05-22,2026-05-22,1868,1868,0,,
000911.CSI,300可选,300可选,沪深300可选消费指数,CSI,中证指数有限公司,,一级行业指数,2007-07-02,,2000-01-01,2018-09-03,2007-07-02,2018-09-03,2026-05-22,2026-05-22,1868,1868,0,,
000912.CSI,300消费,300消费,沪深300主要消费指数,CSI,中证指数有限公司,,一级行业指数,2007-07-02,,2000-01-01,2018-09-03,2007-07-02,2018-09-03,2026-05-22,2026-05-22,1868,1868,0,,
000917.CSI,300公用,300公用,沪深300公用事业(一级行业)指数,CSI,中证指数有限公司,,一级行业指数,2007-07-02,,2000-01-01,2018-09-03,2007-07-02,2018-09-03,2026-05-22,2026-05-22,1868,1868,0,,
000919.CSI,300价值,300价值,沪深300价值指数,CSI,中证指数有限公司,,风格指数,2008-01-21,,2000-01-01,2018-09-03,2008-01-21,2018-09-03,2026-05-22,2026-05-22,1868,1868,0,,
000925.CSI,基本面50,基本面50,中证锐联基本面50 指数,CSI,中证指数有限公司,,策略指数,2009-02-26,,2000-01-01,2018-09-03,2009-02-26,2018-09-03,2026-05-22,2026-05-22,1868,1868,0,,
000931.CSI,800可选,800可选,中证可选消费指数,CSI,中证指数有限公司,,一级行业指数,2009-07-03,,2000-01-01,2018-09-03,2009-07-03,2018-09-03,2026-05-22,2026-05-22,1868,1868,0,,
000952.CSI,300地产,300地产,沪深 300 地产指数,CSI,中证指数有限公司,,一级行业指数,2009-10-28,,2000-01-01,2018-09-03,2009-10-28,2018-09-03,2026-05-22,2026-05-22,1868,1868,0,,
000959.CSI,银河99,银河99,中证银河99指数,CSI,中证指数有限公司,,主题指数,2010-02-09,,2000-01-01,2018-09-03,2010-02-09,2018-09-03,2026-05-22,2026-05-22,1868,1868,0,,
000961.CSI,中证上游,中证上游,中证上游资源产业指数,CSI,中证指数有限公司,,主题指数,2010-04-16,,2000-01-01,2018-09-03,2010-04-16,2018-09-03,2026-05-22,2026-05-22,1868,1868,0,,
000964.CSI,中证新兴,中证新兴,中证新兴产业指数,CSI,中证指数有限公司,,主题指数,2010-04-30,,2000-01-01,2018-09-03,2010-04-30,2018-09-03,2026-05-22,2026-05-22,1868,1868,0,,
000969.CSI,300非周,300非周,沪深300非周期行业指数,CSI,中证指数有限公司,,主题指数,2010-05-28,,2000-01-01,2018-09-03,2010-05-28,2018-09-03,2026-05-22,2026-05-22,1868,1868,0,,
000977.CSI,内地低碳,内地低碳,中证内地低碳经济主题指数,CSI,中证指数有限公司,,主题指数,2011-01-21,,2000-01-01,2018-09-03,2011-01-21,2018-09-03,2026-05-22,2026-05-22,1868,1868,0,,
000978.CSI,医药100,医药100,中证医药100指数,CSI,中证指数有限公司,,主题指数,2011-03-18,,2000-01-01,2018-09-03,2011-03-18,2018-09-03,2026-05-22,2026-05-22,1868,1868,0,,
000979.CSI,大宗商品,大宗商品,中证大宗商品股票指数,CSI,中证指数有限公司,,主题指数,2011-08-22,,2000-01-01,2018-09-03,2011-08-22,2018-09-03,2026-05-22,2026-05-22,1868,1868,0,,
930758.CSI,凤凰50,凤凰50,中证浙江凤凰行动50指数,CSI,中证指数有限公司,,策略指数,2018-11-21,,2000-01-01,2012-12-31,2018-11-21,2018-11-21,2026-05-22,2026-05-22,1817,1817,0,,
930939.CSI,500质量成长,500质量成长,中证500质量成长指数,CSI,中证指数有限公司,,策略指数,2018-11-21,,2000-01-01,2004-12-31,2018-11-21,2018-11-21,2026-05-22,2026-05-22,1817,1817,0,,
931068.CSI,消费龙头,消费龙头,中证消费龙头指数,CSI,中证指数有限公司,,主题指数,2018-11-21,,2000-01-01,2004-12-31,2018-11-21,2018-11-21,2026-05-22,2026-05-22,1817,1817,0,,
931071.CSI,人工智能,人工智能,中证人工智能产业指数,CSI,中证指数有限公司,,主题指数,2018-11-21,,2000-01-01,2014-12-31,2018-11-21,2018-11-21,2026-05-22,2026-05-22,1817,1817,0,,
930740.CSI,300红利低波,300红利低波,沪深300红利低波动指数,CSI,中证指数有限公司,,策略指数,2018-12-04,,2000-01-01,2004-12-31,2018-12-04,2018-12-04,2026-05-22,2026-05-22,1808,1808,0,,
930938.CSI,500成长估值,500成长估值,中证500成长估值指数,CSI,中证指数有限公司,,策略指数,2018-12-04,,2000-01-01,2009-12-31,2018-12-04,2018-12-04,2026-05-22,2026-05-22,1808,1808,0,,
931088.CSI,180ESG,180ESG,中证180 ESG指数,CSI,中证指数有限公司,,主题指数,2018-12-10,,2000-01-01,2015-12-31,2018-12-10,2018-12-10,2026-05-22,2026-05-22,1804,1804,0,,
931271.CSI,通信设备主题,通信设备主题,中证通信设备主题指数,CSI,中证指数有限公司,,主题指数,2012-12-21,,2000-01-01,2018-12-28,2012-12-21,2018-12-28,2026-05-22,2026-05-22,1790,1790,0,,
931743.CSI,半导体材料设备,半导体材料设备,中证半导体材料设备主题指数,CSI,中证指数有限公司,,主题指数,2012-12-21,,2000-01-01,2018-12-28,2012-12-21,2018-12-28,2026-05-22,2026-05-22,1790,1790,0,,
931136.CSI,深圳科技,深圳科技,中证深圳科技创新主题指数,CSI,中证指数有限公司,,主题指数,2019-01-22,,2000-01-01,2014-11-14,2019-01-22,2019-01-22,2026-05-22,2026-05-22,1775,1775,0,,
399295.SZ,创价值,创价值,创业板低波价值指数,SZSE,深圳证券交易所,,风格指数,2019-01-23,,2000-01-01,2018-09-03,2019-01-23,2019-01-23,2026-05-22,2026-05-22,1774,1774,0,,
399296.SZ,创成长,创成长,创业板动量成长指数,SZSE,深圳证券交易所,,风格指数,2019-01-23,,2000-01-01,2018-09-03,2019-01-23,2019-01-23,2026-05-22,2026-05-22,1774,1774,0,,
399292.SZ,民企发展,民企发展,深证民企发展指数,SZSE,深圳证券交易所,,主题指数,2019-03-05,,2000-01-01,2018-09-03,2019-03-05,2019-03-05,2026-05-22,2026-05-22,1750,1750,0,,
931087.CSI,科技龙头,科技龙头,中证科技龙头指数,CSI,中证指数有限公司,,主题指数,2019-03-20,,2000-01-01,2012-06-29,2019-03-20,2019-03-20,2026-05-22,2026-05-22,1739,1739,0,,
931133.CSI,经济蓝筹,经济蓝筹,中证华夏经济蓝筹股票指数,CSI,中证指数有限公司,,策略指数,2019-03-20,,2000-01-01,2004-12-31,2019-03-20,2019-03-20,2026-05-22,2026-05-22,1739,1739,0,,
931139.CSI,CS消费50,CS消费50,中证消费50指数,CSI,中证指数有限公司,,主题指数,2019-03-20,,2000-01-01,2004-12-31,2019-03-20,2019-03-20,2026-05-22,2026-05-22,1739,1739,0,,
931140.CSI,医药50,医药50,中证医药50指数,CSI,中证指数有限公司,,主题指数,2019-03-20,,2000-01-01,2004-12-31,2019-03-20,2019-03-20,2026-05-22,2026-05-22,1739,1739,0,,
931141.CSI,CS长三角,CS长三角,中证长三角一体化发展主题指数,CSI,中证指数有限公司,,主题指数,2019-03-20,,2000-01-01,2012-12-31,2019-03-20,2019-03-20,2026-05-22,2026-05-22,1739,1739,0,,
931142.CSI,东证竞争,东证竞争,中证东方红竞争力指数,CSI,中证指数有限公司,,策略指数,2019-03-20,,2000-01-01,2009-12-31,2019-03-20,2019-03-20,2026-05-22,2026-05-22,1739,1739,0,,
931865.CSI,中证半导,中证半导,中证半导体产业指数,CSI,中证指数有限公司,,主题指数,2019-03-20,,2000-01-01,2016-12-30,2019-03-20,2019-03-20,2026-05-22,2026-05-22,1739,1739,0,,
399293.SZ,创业大盘,创业大盘,创业板大盘指数,SZSE,深圳证券交易所,,规模指数,2019-04-18,,2000-01-01,2018-09-03,2019-04-18,2019-04-18,2026-05-22,2026-05-22,1719,1719,0,,
931151.CSI,光伏产业,光伏产业,中证光伏产业指数,CSI,中证指数有限公司,,主题指数,2019-04-22,,2000-01-01,2012-12-31,2019-04-22,2019-04-22,2026-05-22,2026-05-22,1717,1717,0,,
931152.CSI,CS创新药,CS创新药,中证创新药产业指数,CSI,中证指数有限公司,,主题指数,2019-04-22,,2000-01-01,2014-12-31,2019-04-22,2019-04-22,2026-05-22,2026-05-22,1717,1717,0,,
931079.CSI,5G通信,5G通信,中证5G通信主题指数,CSI,中证指数有限公司,,主题指数,2019-04-25,,2000-01-01,2015-12-31,2019-04-25,2019-04-25,2026-05-22,2026-05-22,1714,1714,0,,
931163.CSI,浙江100,浙江100,中证浙江100指数,CSI,中证指数有限公司,,主题指数,2019-04-25,,2000-01-01,2012-12-31,2019-04-25,2019-04-25,2026-05-22,2026-05-22,1714,1714,0,,
931165.CSI,新兴科技100,新兴科技100,中证新兴科技100策略指数,CSI,中证指数有限公司,,策略指数,2019-04-25,,2000-01-01,2008-12-31,2019-04-25,2019-04-25,2026-05-22,2026-05-22,1714,1714,0,,
931166.CSI,医药健康100,医药健康100,中证医药健康100策略指数,CSI,中证指数有限公司,,策略指数,2019-04-25,,2000-01-01,2008-12-31,2019-04-25,2019-04-25,2026-05-22,2026-05-22,1714,1714,0,,
931167.CSI,先进制造100,先进制造100,中证先进制造100策略指数,CSI,中证指数有限公司,,策略指数,2019-04-25,,2000-01-01,2008-12-31,2019-04-25,2019-04-25,2026-05-22,2026-05-22,1714,1714,0,,
000859.CSI,国企一带一路,国企一带一路,中证国企一带一路指数,CSI,中证指数有限公司,,主题指数,2019-05-16,,2000-01-01,2019-05-16,2019-05-16,2019-05-16,2026-05-22,2026-05-22,1702,1702,0,,
000861.CSI,央企创新,央企创新,中证央企创新驱动指数,CSI,中证指数有限公司,,主题指数,2019-05-16,,2000-01-01,2019-05-16,2019-05-16,2019-05-16,2026-05-22,2026-05-22,1702,1702,0,,
931159.CSI,创新100,创新100,中证研发创新100指数,CSI,中证指数有限公司,,主题指数,2019-05-16,,2000-01-01,2014-06-30,2019-05-16,2019-05-16,2026-05-22,2026-05-22,1702,1702,0,,
931144.CSI,通信技术,通信技术,中证通信技术主题指数,CSI,中证指数有限公司,,主题指数,2019-05-30,,2000-01-01,2015-12-31,2019-05-30,2019-05-30,2026-05-22,2026-05-22,1692,1692,0,,
931186.CSI,中证科技,中证科技,中证科技50策略指数,CSI,中证指数有限公司,,主题指数,2019-05-30,,2000-01-01,2012-12-31,2019-05-30,2019-05-30,2026-05-22,2026-05-22,1692,1692,0,,
931187.CSI,科技100,科技100,中证科技100指数,CSI,中证指数有限公司,,主题指数,2019-05-30,,2000-01-01,2014-06-13,2019-05-30,2019-05-30,2026-05-22,2026-05-22,1692,1692,0,,
000805.CSI,A股资源,A股资源,中证A股资源产业指数,CSI,中证指数有限公司,,主题指数,2012-01-06,,2000-01-01,2019-06-03,2012-01-06,2019-06-03,2026-05-22,2026-05-22,1690,1690,0,,
000808.CSI,医药生物,医药生物,中证申万医药生物指数,CSI,中证指数有限公司,,行业指数,2012-02-17,,2000-01-01,2019-06-03,2012-02-17,2019-06-03,2026-05-22,2026-05-22,1690,1690,0,,
000904.CSI,中证200,中证200,中证中盘200指数,CSI,中证指数有限公司,,规模指数,2007-01-15,,2000-01-01,2019-06-03,2007-01-15,2019-06-03,2026-05-22,2026-05-22,1690,1690,0,,
000918.CSI,300成长,300成长,沪深300成长指数,CSI,中证指数有限公司,,风格指数,2008-01-21,,2000-01-01,2019-06-03,2008-01-21,2019-06-03,2026-05-22,2026-05-22,1690,1690,0,,
000944.CSI,内地资源,内地资源,中证内地资源主题指数,CSI,中证指数有限公司,,主题指数,2009-10-28,,2000-01-01,2019-06-03,2009-10-28,2019-06-03,2026-05-22,2026-05-22,1690,1690,0,,
000966.CSI,基本400,基本400,中证锐联基本面400指数,CSI,中证指数有限公司,,策略指数,2010-06-02,,2000-01-01,2019-06-03,2010-06-02,2019-06-03,2026-05-22,2026-05-22,1690,1690,0,,
000971.CSI,等权90,等权90,中证等权重90指数,CSI,中证指数有限公司,,策略指数,2010-12-02,,2000-01-01,2019-06-03,2010-12-02,2019-06-03,2026-05-22,2026-05-22,1690,1690,0,,
000984.CSI,300等权,300等权,沪深300等权重指数,CSI,中证指数有限公司,,策略指数,2011-08-02,,2000-01-01,2019-06-03,2011-08-02,2019-06-03,2026-05-22,2026-05-22,1690,1690,0,,
000990.CSI,全指消费,全指消费,中证全指主要消费指数,CSI,中证指数有限公司,,一级行业指数,2011-08-02,,2000-01-01,2019-06-03,2011-08-02,2019-06-03,2026-05-22,2026-05-22,1690,1690,0,,
000998.CSI,中证TMT,中证TMT,中证TMT产业主题指数,CSI,中证指数有限公司,,主题指数,2011-11-08,,2000-01-01,2019-06-03,2011-11-08,2019-06-03,2026-05-22,2026-05-22,1690,1690,0,,
399294.SZ,中小创Q,中小创Q,中小创业质量指数,SZSE,深圳证券交易所,,策略指数,2019-06-06,,2000-01-01,2018-09-03,2019-06-06,2019-06-06,2026-05-22,2026-05-22,1687,1687,0,,
399291.SZ,创精选88,创精选88,创精选88指数,SZSE,深圳证券交易所,,策略指数,2019-11-06,,2000-01-01,2019-06-03,2019-11-06,2019-11-06,2026-05-22,2026-05-22,1585,1585,0,,
931268.CSI,持续发展,持续发展,中证可持续发展100指数,CSI,中证指数有限公司,,主题指数,2019-11-15,,2000-01-01,2014-06-30,2019-11-15,2019-11-15,2026-05-22,2026-05-22,1578,1578,0,,
931375.CSI,300质量低波,300质量低波,沪深300质量成长低波动指数,CSI,中证指数有限公司,,策略指数,2019-11-25,,2000-01-01,2004-12-31,2019-11-25,2019-11-25,2026-05-22,2026-05-22,1572,1572,0,,
931380.CSI,科技50,科技50,中证科技50指数,CSI,中证指数有限公司,,主题指数,2019-11-25,,2000-01-01,2014-06-30,2019-11-25,2019-11-25,2026-05-22,2026-05-22,1572,1572,0,,
931381.CSI,中证长三角,中证长三角,中证长三角领先指数,CSI,中证指数有限公司,,主题指数,2019-11-25,,2000-01-01,2012-12-31,2019-11-25,2019-11-25,2026-05-22,2026-05-22,1572,1572,0,,
931382.CSI,智选300ESG领先,智选300ESG领先,中证智选300ESG领先指数,CSI,中证指数有限公司,,主题指数,2019-11-25,,2000-01-01,2015-12-31,2019-11-25,2019-11-25,2026-05-22,2026-05-22,1572,1572,0,,
931372.CSI,浙江国资,浙江国资,中证浙江国资创新发展指数,CSI,中证指数有限公司,,主题指数,2019-12-09,,2000-01-01,2012-12-31,2019-12-09,2019-12-09,2026-05-22,2026-05-22,1562,1562,0,,
399286.SZ,区块链50,区块链50,深证区块链50指数,SZSE,深圳证券交易所,,主题指数,2019-12-24,,2000-01-01,2019-06-03,2019-12-24,2019-12-24,2026-05-22,2026-05-22,1551,1551,0,,
931402.CSI,证券先锋,证券先锋,中证证券公司先锋策略指数,CSI,中证指数有限公司,,策略指数,2020-01-14,,2000-01-01,2013-12-31,2020-01-14,2020-01-14,2026-05-22,2026-05-22,1537,1537,0,,
931403.CSI,品牌工程,品牌工程,中证新华社民族品牌工程指数,CSI,中证指数有限公司,,主题指数,2020-01-14,,2000-01-01,2017-08-25,2020-01-14,2020-01-14,2026-05-22,2026-05-22,1537,1537,0,,
931393.CSI,湖北指数,湖北指数,中证湖北新旧动能转换指数,CSI,中证指数有限公司,,主题指数,2020-02-04,,2000-01-01,2012-12-31,2020-02-04,2020-02-04,2026-05-22,2026-05-22,1528,1528,0,,
399088.SZ,深创100,深创100,深证创新100指数,SZSE,深圳证券交易所,,规模指数,2020-02-18,,2000-01-01,2019-06-03,2020-02-18,2020-02-18,2026-05-22,2026-05-22,1518,1518,0,,
399282.SZ,大数据50,大数据50,深证大数据50指数,SZSE,深圳证券交易所,,主题指数,2020-02-18,,2000-01-01,2019-06-03,2020-02-18,2020-02-18,2026-05-22,2026-05-22,1518,1518,0,,
399283.SZ,机器人50,机器人50,深证机器人50指数,SZSE,深圳证券交易所,,主题指数,2020-02-18,,2000-01-01,2019-06-03,2020-02-18,2020-02-18,2026-05-22,2026-05-22,1518,1518,0,,
399284.SZ,AI 50,AI 50,深证人工智能50指数,SZSE,深圳证券交易所,,主题指数,2020-02-18,,2000-01-01,2019-06-03,2020-02-18,2020-02-18,2026-05-22,2026-05-22,1518,1518,0,,
399285.SZ,物联网50,物联网50,深证物联网50指数,SZSE,深圳证券交易所,,主题指数,2020-02-18,,2000-01-01,2019-06-03,2020-02-18,2020-02-18,2026-05-22,2026-05-22,1518,1518,0,,
931406.CSI,5G 50,5G 50,中证5G产业50指数,CSI,中证指数有限公司,,主题指数,2020-02-20,,2000-01-01,2015-12-31,2020-02-20,2020-02-20,2026-05-22,2026-05-22,1516,1516,0,,
931412.CSI,证券公司30,证券公司30,中证证券公司30指数,CSI,中证指数有限公司,,主题指数,2020-02-20,,2000-01-01,2013-12-31,2020-02-20,2020-02-20,2026-05-22,2026-05-22,1516,1516,0,,
931440.CSI,创新药30,创新药30,中证创新药30指数,CSI,中证指数有限公司,,主题指数,2020-04-21,,2000-01-01,2014-12-31,2020-04-21,2020-04-21,2026-05-22,2026-05-22,1474,1474,0,,
931446.CSI,东证红利低波,东证红利低波,中证东方红红利低波动指数,CSI,中证指数有限公司,,策略指数,2020-04-21,,2000-01-01,2009-12-31,2020-04-21,2020-04-21,2026-05-22,2026-05-22,1474,1474,0,,
931447.CSI,科技先锋,科技先锋,中证科技先锋指数,CSI,中证指数有限公司,,主题指数,2020-04-21,,2000-01-01,2014-06-30,2020-04-21,2020-04-21,2026-05-22,2026-05-22,1474,1474,0,,
931456.CSI,中国教育,中国教育,中证全球中国教育主题指数,CSI,中证指数有限公司,,主题指数,2020-04-21,,2000-01-01,2014-12-31,2020-04-21,2020-04-21,2026-05-22,2026-05-22,1474,1474,0,,
931463.CSI,300 ESG,300 ESG,沪深300 ESG基准指数,CSI,中证指数有限公司,,主题指数,2020-04-30,,2000-01-01,2017-06-30,2020-04-30,2020-04-30,2026-05-22,2026-05-22,1467,1467,0,,
931465.CSI,300 ESG领先,300 ESG领先,沪深300 ESG领先指数,CSI,中证指数有限公司,,主题指数,2020-04-30,,2000-01-01,2017-06-30,2020-04-30,2020-04-30,2026-05-22,2026-05-22,1467,1467,0,,
931476.CSI,ESG120策略,ESG120策略,中证ESG 120策略指数,CSI,中证指数有限公司,,策略指数,2020-04-30,,2000-01-01,2017-06-30,2020-04-30,2020-04-30,2026-05-22,2026-05-22,1467,1467,0,,
931477.CSI,华夏银行ESG,华夏银行ESG,中证华夏银行ESG指数,CSI,中证指数有限公司,,策略指数,2020-04-30,,2000-01-01,2017-06-30,2020-04-30,2020-04-30,2026-05-22,2026-05-22,1467,1467,0,,
931479.CSI,证券保险,证券保险,中证证券保险领先指数,CSI,中证指数有限公司,,二级行业指数,2020-05-06,,2000-01-01,2015-12-31,2020-05-06,2020-05-06,2026-05-22,2026-05-22,1466,1466,0,,
931480.CSI,线上消费,线上消费,中证线上消费主题指数,CSI,中证指数有限公司,,主题指数,2020-05-06,,2000-01-01,2014-12-31,2020-05-06,2020-05-06,2026-05-22,2026-05-22,1466,1466,0,,
931484.CSI,CS医药创新,CS医药创新,中证医药及医疗器械创新指数,CSI,中证指数有限公司,,主题指数,2020-05-06,,2000-01-01,2014-12-31,2020-05-06,2020-05-06,2026-05-22,2026-05-22,1466,1466,0,,
399277.SZ,公共健康,公共健康,深证公共健康50指数,SZSE,深圳证券交易所,,主题指数,2020-05-08,,2000-01-01,2019-06-03,2020-05-08,2020-05-08,2026-05-22,2026-05-22,1464,1464,0,,
399278.SZ,长江100,长江100,深证长江经济带100指数,SZSE,深圳证券交易所,,主题指数,2020-05-08,,2000-01-01,2019-06-03,2020-05-08,2020-05-08,2026-05-22,2026-05-22,1464,1464,0,,
399279.SZ,云科技50,云科技50,深证云科技50指数,SZSE,深圳证券交易所,,主题指数,2020-05-08,,2000-01-01,2019-06-03,2020-05-08,2020-05-08,2026-05-22,2026-05-22,1464,1464,0,,
399280.SZ,生物50,生物50,深证生物医药50指数,SZSE,深圳证券交易所,,主题指数,2020-05-08,,2000-01-01,2019-06-03,2020-05-08,2020-05-08,2026-05-22,2026-05-22,1464,1464,0,,
399281.SZ,电子50,电子50,深证消费电子50指数,SZSE,深圳证券交易所,,主题指数,2020-05-08,,2000-01-01,2019-06-03,2020-05-08,2020-05-08,2026-05-22,2026-05-22,1464,1464,0,,
931468.CSI,红利质量,红利质量,中证红利质量指数,CSI,中证指数有限公司,,策略指数,2020-05-21,,2000-01-01,2004-12-31,2020-05-21,2020-05-21,2026-05-22,2026-05-22,1455,1455,0,,
931469.CSI,云计算50,云计算50,中证云计算50指数,CSI,中证指数有限公司,,主题指数,2020-06-12,,2000-01-01,2014-12-31,2020-06-12,2020-06-12,2026-05-22,2026-05-22,1439,1439,0,,
931494.CSI,消费电子,消费电子,中证消费电子主题指数,CSI,中证指数有限公司,,主题指数,2020-06-12,,2000-01-01,2012-12-31,2020-06-12,2020-06-12,2026-05-22,2026-05-22,1439,1439,0,,
931522.CSI,央企新动能,央企新动能,中证央企新动能主题指数,CSI,中证指数有限公司,,主题指数,2020-07-01,,2000-01-01,2014-12-31,2020-07-01,2020-07-01,2026-05-22,2026-05-22,1428,1428,0,,
931495.CSI,工业互联,工业互联,中证工业互联网主题指数,CSI,中证指数有限公司,,主题指数,2020-07-08,,2000-01-01,2014-12-31,2020-07-08,2020-07-08,2026-05-22,2026-05-22,1423,1423,0,,
931521.CSI,高装细分50,高装细分50,中证高端装备细分50指数,CSI,中证指数有限公司,,主题指数,2020-07-08,,2000-01-01,2012-12-31,2020-07-08,2020-07-08,2026-05-22,2026-05-22,1423,1423,0,,
000688.SH,科创50,科创50,上证科创板50成份指数,SSE,中证指数有限公司,,规模指数,2020-07-23,,2000-01-01,2019-12-31,2020-07-23,2020-07-23,2026-05-22,2026-05-22,1412,1412,0,,
931526.CSI,企业核心竞争力50,企业核心竞争力50,中证企业核心竞争力50指数,CSI,中证指数有限公司,,主题指数,2020-08-24,,2000-01-01,2017-06-30,2020-08-24,2020-08-24,2026-05-22,2026-05-22,1390,1390,0,,
931559.CSI,苏银理财长三角,苏银理财长三角,中证苏银理财长三角创新指数,CSI,中证指数有限公司,,主题指数,2020-08-27,,2000-01-01,2014-12-31,2020-08-27,2020-08-27,2026-05-22,2026-05-22,1387,1387,0,,
399275.SZ,创医药,创医药,创业板医药卫生指数,SZSE,深圳证券交易所,,主题指数,2020-10-26,,2000-01-01,2019-06-03,2020-10-26,2020-10-26,2026-05-22,2026-05-22,1351,1351,0,,
399276.SZ,创科技,创科技,创业板科技指数,SZSE,深圳证券交易所,,主题指数,2020-10-26,,2000-01-01,2019-06-03,2020-10-26,2020-10-26,2026-05-22,2026-05-22,1351,1351,0,,
931579.CSI,东证优势成长,东证优势成长,中证东方红优势成长指数,CSI,中证指数有限公司,,策略指数,2020-11-09,,2000-01-01,2009-12-31,2020-11-09,2020-11-09,2026-05-22,2026-05-22,1341,1341,0,,
931582.CSI,数字经济,数字经济,中证数字经济主题指数,CSI,中证指数有限公司,,主题指数,2020-11-09,,2000-01-01,2016-12-30,2020-11-09,2020-11-09,2026-05-22,2026-05-22,1341,1341,0,,
931585.CSI,卫星导航,卫星导航,中证卫星导航产业指数,CSI,中证指数有限公司,,主题指数,2020-11-09,,2000-01-01,2015-12-31,2020-11-09,2020-11-09,2026-05-22,2026-05-22,1341,1341,0,,
931586.CSI,300价值稳健,300价值稳健,中证智选300价值稳健策略指数,CSI,中证指数有限公司,,策略指数,2020-11-09,,2000-01-01,2004-12-31,2020-11-09,2020-11-09,2026-05-22,2026-05-22,1341,1341,0,,
931587.CSI,500价值稳健,500价值稳健,中证智选500价值稳健策略指数,CSI,中证指数有限公司,,策略指数,2020-11-09,,2000-01-01,2004-12-31,2020-11-09,2020-11-09,2026-05-22,2026-05-22,1341,1341,0,,
931588.CSI,1000价值稳健,1000价值稳健,中证智选1000价值稳健策略指数,CSI,中证指数有限公司,,策略指数,2020-11-09,,2000-01-01,2004-12-31,2020-11-09,2020-11-09,2026-05-22,2026-05-22,1341,1341,0,,
931589.CSI,300成长创新,300成长创新,中证智选300成长创新策略指数,CSI,中证指数有限公司,,策略指数,2020-11-09,,2000-01-01,2004-12-31,2020-11-09,2020-11-09,2026-05-22,2026-05-22,1341,1341,0,,
931590.CSI,500成长创新,500成长创新,中证智选500成长创新策略指数,CSI,中证指数有限公司,,策略指数,2020-11-09,,2000-01-01,2004-12-31,2020-11-09,2020-11-09,2026-05-22,2026-05-22,1341,1341,0,,
931591.CSI,1000成长创新,1000成长创新,中证智选1000成长创新策略指数,CSI,中证指数有限公司,,策略指数,2020-11-09,,2000-01-01,2004-12-31,2020-11-09,2020-11-09,2026-05-22,2026-05-22,1341,1341,0,,
931593.CSI,科技领先,科技领先,中证科技领先指数,CSI,中证指数有限公司,,策略指数,2020-12-22,,2000-01-01,2014-06-30,2020-12-22,2020-12-22,2026-05-22,2026-05-22,1310,1310,0,,
931594.CSI,卫星产业,卫星产业,中证卫星产业指数,CSI,中证指数有限公司,,主题指数,2020-12-22,,2000-01-01,2015-12-31,2020-12-22,2020-12-22,2026-05-22,2026-05-22,1310,1310,0,,
399269.SZ,创质量,创质量,创业板质量优势100指数,SZSE,深圳证券交易所,,策略指数,2021-01-12,,2000-01-01,2019-06-03,2021-01-12,2021-01-12,2026-05-22,2026-05-22,1296,1296,0,,
931647.CSI,兴银理财均衡300,兴银理财均衡300,中证兴银理财均衡300指数,CSI,中证指数有限公司,,策略指数,2021-03-05,,2000-01-01,2004-12-31,2021-03-05,2021-03-05,2026-05-22,2026-05-22,1263,1263,0,,
931652.CSI,厦门指数,厦门指数,中证厦门发展主题指数,CSI,中证指数有限公司,,主题指数,2021-04-07,,2000-01-01,2012-12-31,2021-04-07,2021-04-07,2026-05-22,2026-05-22,1241,1241,0,,
931648.CSI,500ESG,500ESG,中证500 ESG基准指数,CSI,中证指数有限公司,,主题指数,2021-04-12,,2000-01-01,2017-06-30,2021-04-12,2021-04-12,2026-05-22,2026-05-22,1238,1238,0,,
931672.CSI,风电产业,风电产业,中证风电产业指数,CSI,中证指数有限公司,,主题指数,2021-04-29,,2000-01-01,2014-12-31,2021-04-29,2021-04-29,2026-05-22,2026-05-22,1225,1225,0,,
931695.CSI,成渝经济圈,成渝经济圈,中证成渝地区双城经济圈成份指数,CSI,中证指数有限公司,,主题指数,2021-04-29,,2000-01-01,2011-12-30,2021-04-29,2021-04-29,2026-05-22,2026-05-22,1225,1225,0,,
931687.CSI,证券时报价值100,证券时报价值100,中证证券时报主板价值100指数,CSI,中证指数有限公司,,主题指数,2021-05-14,,2000-01-01,2007-06-29,2021-05-14,2021-05-14,2026-05-22,2026-05-22,1217,1217,0,,
931643.CSI,科创创业50,科创创业50,中证科创创业50指数,CSI,中证指数有限公司,,规模指数,2021-06-01,,2000-01-01,2019-12-31,2021-06-01,2021-06-01,2026-05-22,2026-05-22,1205,1205,0,,
931877.CSI,科创创业50净收益,科创创业50净收益,中证科创创业50净收益指数,CSI,中证指数有限公司,,规模指数,2021-06-01,,2000-01-01,2019-12-31,2021-06-01,2021-06-01,2026-05-22,2026-05-22,1205,1205,0,,
931696.CSI,科技50策略,科技50策略,中证科技优势成长50策略指数,CSI,中证指数有限公司,,策略指数,2021-07-12,,2000-01-01,2008-12-31,2021-07-12,2021-07-12,2026-05-22,2026-05-22,1177,1177,0,,
931697.CSI,消费50策略,消费50策略,中证消费优势成长50策略指数,CSI,中证指数有限公司,,策略指数,2021-07-12,,2000-01-01,2008-12-31,2021-07-12,2021-07-12,2026-05-22,2026-05-22,1177,1177,0,,
931698.CSI,医药50策略,医药50策略,中证医药优势成长50策略指数,CSI,中证指数有限公司,,策略指数,2021-07-12,,2000-01-01,2008-12-31,2021-07-12,2021-07-12,2026-05-22,2026-05-22,1177,1177,0,,
931725.CSI,中华联合优质成长,中华联合优质成长,中证中华联合优质成长指数,CSI,中证指数有限公司,,策略指数,2021-08-09,,2000-01-01,2004-12-31,2021-08-09,2021-08-09,2026-05-22,2026-05-22,1157,1157,0,,
000682.SH,科创信息,科创信息,上证科创板新一代信息技术指数,SSE,中证指数有限公司,,主题指数,2021-08-16,,2000-01-01,2020-01-02,2021-08-16,2021-08-16,2026-05-22,2026-05-22,1152,1152,0,,
931733.CSI,绿色能源,绿色能源,中证绿色能源指数,CSI,中证指数有限公司,,主题指数,2021-08-19,,2000-01-01,2013-12-31,2021-08-19,2021-08-19,2026-05-22,2026-05-22,1149,1149,0,,
931718.CSI,高端造质量成长50,高端造质量成长50,中证高端制造质量成长50指数,CSI,中证指数有限公司,,策略指数,2021-08-25,,2000-01-01,2014-12-31,2021-08-25,2021-08-25,2026-05-22,2026-05-22,1145,1145,0,,
399030.SZ,碳科技30,碳科技30,创业板碳中和科技动力指数,SZSE,深圳证券交易所,,主题指数,2021-09-26,,2000-01-01,2019-06-03,2021-09-26,2021-09-27,2026-05-22,2026-05-22,1124,1124,0,,
399060.SZ,碳科技60,碳科技60,国证CIKD碳中和科技动力指数,SZSE,深圳证券交易所,,主题指数,2021-09-26,,2000-01-01,2019-06-03,2021-09-26,2021-09-27,2026-05-22,2026-05-22,1124,1124,0,,
931752.CSI,工程机械主题,工程机械主题,中证工程机械主题指数,CSI,中证指数有限公司,,主题指数,2021-09-27,,2000-01-01,2016-06-30,2021-09-27,2021-09-27,2026-05-22,2026-05-22,1124,1124,0,,
931755.CSI,SEEE碳中和,SEEE碳中和,中证上海环交所碳中和指数,CSI,中证指数有限公司,,主题指数,2021-10-21,,2000-01-01,2017-06-30,2021-10-21,2021-10-21,2026-05-22,2026-05-22,1111,1111,0,,
931772.CSI,碳中和60,碳中和60,中证碳中和60指数,CSI,中证指数有限公司,,主题指数,2021-11-09,,2000-01-01,2017-06-30,2021-11-09,2021-11-09,2026-05-22,2026-05-22,1098,1098,0,,
931791.CSI,大盘蓝筹25,大盘蓝筹25,中证大盘蓝筹25指数,CSI,中证指数有限公司,,规模指数,2021-12-13,,2000-01-01,2014-12-31,2021-12-13,2021-12-13,2026-05-22,2026-05-22,1074,1074,0,,
931792.CSI,新能车15,新能车15,中证新能源车15指数,CSI,中证指数有限公司,,主题指数,2021-12-13,,2000-01-01,2014-12-31,2021-12-13,2021-12-13,2026-05-22,2026-05-22,1074,1074,0,,
931793.CSI,半导体15,半导体15,中证半导体15指数,CSI,中证指数有限公司,,主题指数,2021-12-13,,2000-01-01,2014-12-31,2021-12-13,2021-12-13,2026-05-22,2026-05-22,1074,1074,0,,
931799.CSI,国寿资产ESG绿色低碳100,国寿资产ESG绿色低碳100,中证国寿资产ESG绿色低碳100指数,CSI,中证指数有限公司,,策略指数,2021-12-13,,2000-01-01,2017-06-30,2021-12-13,2021-12-13,2026-05-22,2026-05-22,1074,1074,0,,
931840.CSI,大盘蓝筹25USD,大盘蓝筹25USD,中证大盘蓝筹25美元指数,CSI,中证指数有限公司,,规模指数,2021-12-13,,2000-01-01,2014-12-31,2021-12-13,2021-12-13,2026-05-22,2026-05-22,1074,1074,0,,
931841.CSI,新能车15USD,新能车15USD,中证新能源车15美元指数,CSI,中证指数有限公司,,主题指数,2021-12-13,,2000-01-01,2014-12-31,2021-12-13,2021-12-13,2026-05-22,2026-05-22,1074,1074,0,,
931842.CSI,半导体15USD,半导体15USD,中证半导体15美元指数,CSI,中证指数有限公司,,主题指数,2021-12-13,,2000-01-01,2014-12-31,2021-12-13,2021-12-13,2026-05-22,2026-05-22,1074,1074,0,,
399274.SZ,深新基建,深新基建,深证新基建50指数,SZSE,深圳证券交易所,,主题指数,2022-04-11,,2000-01-01,2019-06-03,2022-04-11,2022-04-11,2026-05-22,2026-05-22,997,997,0,,
000683.SH,科创生物,科创生物,上证科创板生物医药指数,SSE,中证指数有限公司,,主题指数,2022-05-09,,2000-01-01,2020-01-02,2022-05-09,2022-05-09,2026-05-22,2026-05-22,980,980,0,,
931866.CSI,中证机床,中证机床,中证机床指数,CSI,中证指数有限公司,,主题指数,2022-05-09,,2000-01-01,2016-12-30,2022-05-09,2022-05-09,2026-05-22,2026-05-22,980,980,0,,
931852.CSI,每经品牌100,每经品牌100,中证每经上市公司品牌价值100指数,CSI,中证指数有限公司,,策略指数,2022-05-10,,2000-01-01,2018-05-10,2022-05-10,2022-05-10,2026-05-22,2026-05-22,979,979,0,,
000685.SH,科创芯片,科创芯片,上证科创板芯片指数,SSE,中证指数有限公司,,主题指数,2022-06-13,,2000-01-01,2020-01-02,2022-06-13,2022-06-13,2026-05-22,2026-05-22,956,956,0,,
931235.CSI,中证电信,中证电信,中证电信主题指数,CSI,中证指数有限公司,,主题指数,2022-07-21,,2000-01-01,2018-12-28,2022-07-21,2022-07-21,2026-05-22,2026-05-22,928,928,0,,
000687.SH,科创高装,科创高装,上证科创板高端装备制造指数,SSE,中证指数有限公司,,主题指数,2022-08-15,,2000-01-01,2020-01-02,2022-08-15,2022-08-15,2026-05-22,2026-05-22,911,911,0,,
000689.SH,科创材料,科创材料,上证科创板新材料指数,SSE,中证指数有限公司,,主题指数,2022-08-15,,2000-01-01,2020-01-02,2022-08-15,2022-08-15,2026-05-22,2026-05-22,911,911,0,,
399262.SZ,数字经济,数字经济,深证数字经济指数,SZSE,深圳证券交易所,,主题指数,2022-09-29,,2000-01-01,2019-06-03,2022-09-29,2022-09-29,2026-05-22,2026-05-22,879,879,0,,
399263.SZ,创业数字,创业数字,创业板数字经济指数,SZSE,深圳证券交易所,,主题指数,2022-09-29,,2000-01-01,2019-06-03,2022-09-29,2022-09-29,2026-05-22,2026-05-22,879,879,0,,
399264.SZ,创业软件,创业软件,创业板软件指数,SZSE,深圳证券交易所,,主题指数,2022-09-29,,2000-01-01,2019-06-03,2022-09-29,2022-09-29,2026-05-22,2026-05-22,879,879,0,,
399265.SZ,创新药械,创新药械,创业板创新药与创新医疗器械指数,SZSE,深圳证券交易所,,主题指数,2022-09-29,,2000-01-01,2019-06-03,2022-09-29,2022-09-29,2026-05-22,2026-05-22,879,879,0,,
399266.SZ,创新能源,创新能源,创业板新能源指数,SZSE,深圳证券交易所,,主题指数,2022-09-29,,2000-01-01,2019-06-03,2022-09-29,2022-09-29,2026-05-22,2026-05-22,879,879,0,,
931994.CSI,电网设备主题,电网设备主题,中证电网设备主题指数,CSI,中证指数有限公司,,主题指数,2022-10-11,,2000-01-01,2014-06-30,2022-10-11,2022-10-11,2026-05-22,2026-05-22,876,876,0,,
932004.CSI,国新央企综指,国新央企综指,中证国新央企综合指数,CSI,中证指数有限公司,,主题指数,2022-10-11,,2000-01-01,2011-12-30,2022-10-11,2022-10-11,2026-05-22,2026-05-22,876,876,0,,
000690.SH,科创成长,科创成长,上证科创板成长指数,SSE,中证指数有限公司,,策略指数,2022-11-04,,2000-01-01,2020-01-02,2022-11-04,2022-11-04,2026-05-22,2026-05-22,858,858,0,,
899050.BJ,北证50,北证50,北证50成份指数,OTH,北京证券交易所,,规模指数,2022-11-21,,2000-01-01,2022-12-19,2022-11-21,2022-12-19,2026-05-22,2026-05-22,827,827,0,,
932075.CSI,全指金融,全指金融,中证全指金融指数,CSI,中证指数有限公司,,一级行业指数,2023-03-13,,2000-01-01,2004-12-31,2023-03-13,2023-03-13,2026-05-22,2026-05-22,773,773,0,,
932076.CSI,全指地产,全指地产,中证全指地产指数,CSI,中证指数有限公司,,一级行业指数,2023-03-13,,2000-01-01,2004-12-31,2023-03-13,2023-03-13,2026-05-22,2026-05-22,773,773,0,,
932077.CSI,全指能源行业,全指能源行业,中证全指能源行业指数,CSI,中证指数有限公司,,一级行业指数,2023-03-13,,2000-01-01,2004-12-31,2023-03-13,2023-03-13,2026-05-22,2026-05-22,773,773,0,,
932078.CSI,全指材料行业,全指材料行业,中证全指原材料行业指数,CSI,中证指数有限公司,,一级行业指数,2023-03-13,,2000-01-01,2004-12-31,2023-03-13,2023-03-13,2026-05-22,2026-05-22,773,773,0,,
932079.CSI,全指工业行业,全指工业行业,中证全指工业行业指数,CSI,中证指数有限公司,,一级行业指数,2023-03-13,,2000-01-01,2004-12-31,2023-03-13,2023-03-13,2026-05-22,2026-05-22,773,773,0,,
932080.CSI,全指可选行业,全指可选行业,中证全指可选消费行业指数,CSI,中证指数有限公司,,一级行业指数,2023-03-13,,2000-01-01,2004-12-31,2023-03-13,2023-03-13,2026-05-22,2026-05-22,773,773,0,,
932081.CSI,全指消费行业,全指消费行业,中证全指主要消费行业指数,CSI,中证指数有限公司,,一级行业指数,2023-03-13,,2000-01-01,2004-12-31,2023-03-13,2023-03-13,2026-05-22,2026-05-22,773,773,0,,
932082.CSI,全指医药行业,全指医药行业,中证全指医药卫生行业指数,CSI,中证指数有限公司,,一级行业指数,2023-03-13,,2000-01-01,2004-12-31,2023-03-13,2023-03-13,2026-05-22,2026-05-22,773,773,0,,
932083.CSI,全指金融行业,全指金融行业,中证全指金融行业指数,CSI,中证指数有限公司,,一级行业指数,2023-03-13,,2000-01-01,2004-12-31,2023-03-13,2023-03-13,2026-05-22,2026-05-22,773,773,0,,
932084.CSI,全指信息行业,全指信息行业,中证全指信息技术行业指数,CSI,中证指数有限公司,,一级行业指数,2023-03-13,,2000-01-01,2004-12-31,2023-03-13,2023-03-13,2026-05-22,2026-05-22,773,773,0,,
932085.CSI,全指通信行业,全指通信行业,中证全指通信服务行业指数,CSI,中证指数有限公司,,一级行业指数,2023-03-13,,2000-01-01,2004-12-31,2023-03-13,2023-03-13,2026-05-22,2026-05-22,773,773,0,,
932086.CSI,全指公用行业,全指公用行业,中证全指公用事业行业指数,CSI,中证指数有限公司,,一级行业指数,2023-03-13,,2000-01-01,2004-12-31,2023-03-13,2023-03-13,2026-05-22,2026-05-22,773,773,0,,
470046.CNI,深证XRR,深证XRR,深证扩展现实主题全收益指数,CNI,深圳证券交易所,,主题指数,2023-03-14,,2000-01-01,2019-06-03,2023-03-14,2023-03-14,2026-05-22,2026-05-22,772,772,0,,
470047.CNI,数字文化R,数字文化R,深证数字文化主题全收益指数,CNI,深圳证券交易所,,主题指数,2023-03-14,,2000-01-01,2019-06-03,2023-03-14,2023-03-14,2026-05-22,2026-05-22,772,772,0,,
470048.CNI,新型显示R,新型显示R,深证新型显示技术主题全收益指数,CNI,深圳证券交易所,,主题指数,2023-03-14,,2000-01-01,2019-06-03,2023-03-14,2023-03-14,2026-05-22,2026-05-22,772,772,0,,
970046.CNI,深证XR,深证XR,深证扩展现实主题指数,CNI,深圳证券交易所,,主题指数,2023-03-14,,2000-01-01,2019-06-03,2023-03-14,2023-03-14,2026-05-22,2026-05-22,772,772,0,,
970047.CNI,数字文化,数字文化,深证数字文化主题指数,CNI,深圳证券交易所,,主题指数,2023-03-14,,2000-01-01,2019-06-03,2023-03-14,2023-03-14,2026-05-22,2026-05-22,772,772,0,,
970048.CNI,新型显示,新型显示,深证新型显示技术主题指数,CNI,深圳证券交易所,,主题指数,2023-03-14,,2000-01-01,2019-06-03,2023-03-14,2023-03-14,2026-05-22,2026-05-22,772,772,0,,
932087.CSI,集成电路,集成电路,中证全指集成电路指数,CSI,中证指数有限公司,,三级行业指数,2023-03-29,,2000-01-01,2021-12-31,2023-03-29,2023-03-29,2026-05-22,2026-05-22,761,761,0,,
932094.CSI,软件开发,软件开发,中证全指软件开发指数,CSI,中证指数有限公司,,三级行业指数,2023-03-29,,2000-01-01,2021-12-31,2023-03-29,2023-03-29,2026-05-22,2026-05-22,761,761,0,,
000692.SH,科创新能,科创新能,上证科创板新能源主题指数,SSE,中证指数有限公司,,主题指数,2023-04-03,,2000-01-01,2020-01-02,2023-04-03,2023-04-03,2026-05-22,2026-05-22,758,758,0,,
000693.SH,科创机械,科创机械,上证科创板工业机械指数,SSE,中证指数有限公司,,主题指数,2023-04-03,,2000-01-01,2020-01-02,2023-04-03,2023-04-03,2026-05-22,2026-05-22,758,758,0,,
000695.SH,科长三角,科长三角,上证科创板长三角指数,SSE,中证指数有限公司,,主题指数,2023-04-03,,2000-01-01,2020-01-02,2023-04-03,2023-04-03,2026-05-22,2026-05-22,758,758,0,,
470049.CNI,深证数字交通R,深证数字交通R,深证数字交通主题全收益指数,CNI,深圳证券交易所,,主题指数,2023-04-12,,2000-01-01,2019-06-03,2023-04-12,2023-04-12,2026-05-22,2026-05-22,752,752,0,,
470050.CNI,深证卫星导航R,深证卫星导航R,深证卫星导航全收益指数,CNI,深圳证券交易所,,主题指数,2023-04-12,,2000-01-01,2019-06-03,2023-04-12,2023-04-12,2026-05-22,2026-05-22,752,752,0,,
470052.CNI,深证数字安全R,深证数字安全R,深证数字安全主题全收益指数,CNI,深圳证券交易所,,主题指数,2023-04-12,,2000-01-01,2019-06-03,2023-04-12,2023-04-12,2026-05-22,2026-05-22,752,752,0,,
470053.CNI,深证数据要素R,深证数据要素R,深证数据要素主题全收益指数,CNI,深圳证券交易所,,主题指数,2023-04-12,,2000-01-01,2019-06-03,2023-04-12,2023-04-12,2026-05-22,2026-05-22,752,752,0,,
970049.CNI,深证数字交通,深证数字交通,深证数字交通主题指数,CNI,深圳证券交易所,,主题指数,2023-04-12,,2000-01-01,2019-06-03,2023-04-12,2023-04-12,2026-05-22,2026-05-22,752,752,0,,
970050.CNI,深证卫星导航,深证卫星导航,深证卫星导航指数,CNI,深圳证券交易所,,主题指数,2023-04-12,,2000-01-01,2019-06-03,2023-04-12,2023-04-12,2026-05-22,2026-05-22,752,752,0,,
970051.CNI,深证算力设施,深证算力设施,深证算力基础设施主题指数,CNI,深圳证券交易所,,主题指数,2023-04-12,,2000-01-01,2019-06-03,2023-04-12,2023-04-12,2026-05-22,2026-05-22,752,752,0,,
970052.CNI,深证数字安全,深证数字安全,深证数字安全主题指数,CNI,深圳证券交易所,,主题指数,2023-04-12,,2000-01-01,2019-06-03,2023-04-12,2023-04-12,2026-05-22,2026-05-22,752,752,0,,
970053.CNI,深证数据要素,深证数据要素,深证数据要素主题指数,CNI,深圳证券交易所,,主题指数,2023-04-12,,2000-01-01,2019-06-03,2023-04-12,2023-04-12,2026-05-22,2026-05-22,752,752,0,,
931234.CSI,长三角示范区50,长三角示范区50,中证长三角生态绿色一体化发展示范区50指数,CSI,中证指数有限公司,,主题指数,2023-04-13,,2000-01-01,2019-12-31,2023-04-13,2023-04-13,2026-05-22,2026-05-22,751,751,0,,
489015.CNI,智选策略100R,智选策略100R,新华中诚信智选策略100全收益指数,CNI,新华指数、中诚信指数,,主题指数,2023-04-24,,2000-01-01,2023-04-24,2023-04-24,2023-04-24,2026-05-22,2026-05-22,744,744,0,,
931132.CSI,诚通央企红利,诚通央企红利,中证诚通央企红利指数,CSI,中证指数有限公司,,策略指数,2023-05-04,,2000-01-01,2016-12-30,2023-05-04,2023-05-04,2026-05-22,2026-05-22,739,739,0,,
931231.CSI,央企红利50,央企红利50,中证央企红利50指数,CSI,中证指数有限公司,,策略指数,2023-05-04,,2000-01-01,2016-12-30,2023-05-04,2023-05-04,2026-05-22,2026-05-22,739,739,0,,
931243.CSI,诚通央企ESG,诚通央企ESG,中证诚通央企ESG指数,CSI,中证指数有限公司,,主题指数,2023-05-04,,2000-01-01,2016-12-30,2023-05-04,2023-05-04,2026-05-22,2026-05-22,739,739,0,,
931248.CSI,油气资源,油气资源,中证油气资源指数,CSI,中证指数有限公司,,主题指数,2023-06-12,,2000-01-01,2014-12-31,2023-06-12,2023-06-12,2026-05-22,2026-05-22,712,712,0,,
931529.CSI,国企数字经济,国企数字经济,中证诚通国企数字经济指数,CSI,中证指数有限公司,,主题指数,2023-08-04,,2000-01-01,2016-12-30,2023-08-04,2023-08-04,2026-05-22,2026-05-22,675,675,0,,
000698.SH,科创100,科创100,上证科创板100指数,SSE,中证指数有限公司,,规模指数,2023-08-07,,2000-01-01,2020-01-02,2023-08-07,2023-08-07,2026-05-22,2026-05-22,674,674,0,,
399258.SZ,绿色低碳,绿色低碳,深证绿色低碳指数,SZSE,深圳证券交易所,,主题指数,2023-08-08,,2000-01-01,2019-06-03,2023-08-08,2023-08-08,2026-05-22,2026-05-22,673,673,0,,
399259.SZ,创业低碳,创业低碳,创业板绿色低碳指数,SZSE,深圳证券交易所,,主题指数,2023-08-08,,2000-01-01,2019-06-03,2023-08-08,2023-08-08,2026-05-22,2026-05-22,673,673,0,,
399260.SZ,先进制造,先进制造,深证先进制造指数,SZSE,深圳证券交易所,,主题指数,2023-08-08,,2000-01-01,2019-06-03,2023-08-08,2023-08-08,2026-05-22,2026-05-22,673,673,0,,
399261.SZ,创业制造,创业制造,创业板先进制造指数,SZSE,深圳证券交易所,,主题指数,2023-08-08,,2000-01-01,2019-06-03,2023-08-08,2023-08-08,2026-05-22,2026-05-22,673,673,0,,
931232.CSI,朝阳100,朝阳100,中证朝阳永续多因子100策略指数,CSI,中证指数有限公司,,策略指数,2023-08-08,,2000-01-01,2012-01-31,2023-08-08,2023-08-08,2026-05-22,2026-05-22,673,673,0,,
CN2258.CNI,绿色低碳R,绿色低碳R,深证绿色低碳全收益指数,CNI,深圳证券交易所,,主题指数,2023-08-08,,2000-01-01,2019-06-03,2023-08-08,2023-08-08,2026-05-22,2026-05-22,673,673,0,,
CN2259.CNI,创业低碳R,创业低碳R,创业板绿色低碳全收益指数,CNI,深圳证券交易所,,主题指数,2023-08-08,,2000-01-01,2019-06-03,2023-08-08,2023-08-08,2026-05-22,2026-05-22,673,673,0,,
CN2260.CNI,先进制造R,先进制造R,深证先进制造全收益指数,CNI,深圳证券交易所,,主题指数,2023-08-08,,2000-01-01,2019-06-03,2023-08-08,2023-08-08,2026-05-22,2026-05-22,673,673,0,,
CN2261.CNI,创业制造R,创业制造R,创业板先进制造全收益指数,CNI,深圳证券交易所,,主题指数,2023-08-08,,2000-01-01,2019-06-03,2023-08-08,2023-08-08,2026-05-22,2026-05-22,673,673,0,,
932000.CSI,中证2000,中证2000,中证2000指数,CSI,中证指数有限公司,,规模指数,2023-08-11,,2000-01-01,2013-12-31,2023-08-11,2023-08-11,2026-05-22,2026-05-22,670,670,0,,
471004.CNI,创业板战略科技R,创业板战略科技R,创业板战略科技全收益指数,CNI,深圳证券交易所,,主题指数,2023-08-28,,2000-01-01,2019-07-01,2023-08-28,2023-08-28,2026-05-22,2026-05-22,659,659,0,,
971004.CNI,创业板战略科技,创业板战略科技,创业板战略科技指数,CNI,深圳证券交易所,,主题指数,2023-08-28,,2000-01-01,2019-07-01,2023-08-28,2023-08-28,2026-05-22,2026-05-22,659,659,0,,
470054.CNI,深证智能电网R,深证智能电网R,深证智能电网全收益指数,CNI,深圳证券交易所,,主题指数,2023-08-30,,2000-01-01,2019-07-01,2023-08-30,2023-08-30,2026-05-22,2026-05-22,657,657,0,,
970054.CNI,深证智能电网,深证智能电网,深证智能电网指数,CNI,深圳证券交易所,,主题指数,2023-08-30,,2000-01-01,2019-07-01,2023-08-30,2023-08-30,2026-05-22,2026-05-22,657,657,0,,
399850.SZ,深证50,深证50,深证50指数,SZSE,深圳证券交易所,,规模指数,2023-10-18,,2000-01-01,2023-10-18,2023-10-18,2023-10-18,2026-05-22,2026-05-22,628,628,0,,
931837.CSI,央企现代产业,央企现代产业,中证国新央企现代产业引领指数,CSI,中证指数有限公司,,主题指数,2023-10-18,,2000-01-01,2016-12-30,2023-10-18,2023-10-18,2026-05-22,2026-05-22,628,628,0,,
CN2850.CNI,深证50R,深证50R,深证50全收益指数,CNI,深圳证券交易所,,规模指数,2023-10-18,,2000-01-01,2023-10-18,2023-10-18,2023-10-18,2026-05-22,2026-05-22,628,628,0,,
931823.CSI,国资央企50,国资央企50,中证国资央企50指数,CSI,中证指数有限公司,,主题指数,2023-11-09,,2000-01-01,2016-12-30,2023-11-09,2023-11-09,2026-05-22,2026-05-22,612,612,0,,
399019.SZ,创业200,创业200,创业板中盘200指数,SZSE,深圳证券交易所,,规模指数,2023-11-15,,2000-01-01,2023-11-15,2023-11-15,2023-11-15,2026-05-22,2026-05-22,608,608,0,,
399020.SZ,创业小盘,创业小盘,创业板小盘300指数,SZSE,深圳证券交易所,,规模指数,2023-11-15,,2000-01-01,2023-11-15,2023-11-15,2023-11-15,2026-05-22,2026-05-22,608,608,0,,
399750.SZ,深主板50,深主板50,深证主板50指数,SZSE,深圳证券交易所,,规模指数,2023-11-15,,2000-01-01,2023-11-15,2023-11-15,2023-11-15,2026-05-22,2026-05-22,608,608,0,,
CN2019.SZ,创业200R,创业200R,创业板中盘200全收益指数,SZSE,深圳证券交易所,,规模指数,2023-11-15,,2000-01-01,2023-11-15,2023-11-15,2023-11-15,2026-05-22,2026-05-22,608,608,0,,
CN2020.SZ,创业小盘R,创业小盘R,创业板小盘300全收益指数,SZSE,深圳证券交易所,,规模指数,2023-11-15,,2000-01-01,2023-11-15,2023-11-15,2023-11-15,2026-05-22,2026-05-22,608,608,0,,
CN2750.SZ,深主板50R,深主板50R,深证主板50全收益指数,SZSE,深圳证券交易所,,规模指数,2023-11-15,,2000-01-01,2023-11-15,2023-11-15,2023-11-15,2026-05-22,2026-05-22,608,608,0,,
470062.CNI,深红利300R,深红利300R,深证红利300全收益指数,CNI,深圳证券交易所,,策略指数,2023-11-28,,2000-01-01,2019-07-01,2023-11-28,2023-11-28,2026-05-22,2026-05-22,599,599,0,,
470063.CNI,深证回购R,深证回购R,深证回购全收益指数,CNI,深圳证券交易所,,策略指数,2023-11-28,,2000-01-01,2019-07-01,2023-11-28,2023-11-28,2026-05-22,2026-05-22,599,599,0,,
970062.CNI,深红利300,深红利300,深证红利300指数,CNI,深圳证券交易所,,策略指数,2023-11-28,,2000-01-01,2019-07-01,2023-11-28,2023-11-28,2026-05-22,2026-05-22,599,599,0,,
970063.CNI,深证回购,深证回购,深证回购指数,CNI,深圳证券交易所,,策略指数,2023-11-28,,2000-01-01,2019-07-01,2023-11-28,2023-11-28,2026-05-22,2026-05-22,599,599,0,,
470057.CNI,深证民企50R,深证民企50R,深证民企50全收益指数,CNI,深圳证券交易所,,主题指数,2023-12-12,,2000-01-01,2019-07-01,2023-12-12,2023-12-12,2026-05-22,2026-05-22,589,589,0,,
470058.CNI,深证民企治理R,深证民企治理R,深证民企治理全收益指数,CNI,深圳证券交易所,,主题指数,2023-12-12,,2000-01-01,2019-07-01,2023-12-12,2023-12-12,2026-05-22,2026-05-22,589,589,0,,
470059.CNI,深证民企科技R,深证民企科技R,深证民企科技创新全收益指数,CNI,深圳证券交易所,,主题指数,2023-12-12,,2000-01-01,2019-07-01,2023-12-12,2023-12-12,2026-05-22,2026-05-22,589,589,0,,
970057.CNI,深证民企50,深证民企50,深证民企50指数,CNI,深圳证券交易所,,主题指数,2023-12-12,,2000-01-01,2019-07-01,2023-12-12,2023-12-12,2026-05-22,2026-05-22,589,589,0,,
970058.CNI,深证民企治理,深证民企治理,深证民企治理指数,CNI,深圳证券交易所,,主题指数,2023-12-12,,2000-01-01,2019-07-01,2023-12-12,2023-12-12,2026-05-22,2026-05-22,589,589,0,,
970059.CNI,深证民企科技,深证民企科技,深证民企科技创新指数,CNI,深圳证券交易所,,主题指数,2023-12-12,,2000-01-01,2019-07-01,2023-12-12,2023-12-12,2026-05-22,2026-05-22,589,589,0,,
470055.CNI,深证国企ESGR,深证国企ESGR,深证国企ESG全收益指数,CNI,深圳证券交易所,,主题指数,2023-12-22,,2000-01-01,2019-07-01,2023-12-22,2023-12-22,2026-05-22,2026-05-22,581,581,0,,
470056.CNI,深证民企ESGR,深证民企ESGR,深证民企ESG全收益指数,CNI,深圳证券交易所,,主题指数,2023-12-22,,2000-01-01,2019-07-01,2023-12-22,2023-12-22,2026-05-22,2026-05-22,581,581,0,,
470060.CNI,深证ESG成长R,深证ESG成长R,深证ESG成长全收益指数,CNI,深圳证券交易所,,策略指数,2023-12-22,,2000-01-01,2019-07-01,2023-12-22,2023-12-22,2026-05-22,2026-05-22,581,581,0,,
470061.CNI,深证ESG价值R,深证ESG价值R,深证ESG价值全收益指数,CNI,深圳证券交易所,,策略指数,2023-12-22,,2000-01-01,2019-07-01,2023-12-22,2023-12-22,2026-05-22,2026-05-22,581,581,0,,
970055.CNI,深证国企ESG,深证国企ESG,深证国企ESG指数,CNI,深圳证券交易所,,主题指数,2023-12-22,,2000-01-01,2019-07-01,2023-12-22,2023-12-22,2026-05-22,2026-05-22,581,581,0,,
970056.CNI,深证民企ESG,深证民企ESG,深证民企ESG指数,CNI,深圳证券交易所,,主题指数,2023-12-22,,2000-01-01,2019-07-01,2023-12-22,2023-12-22,2026-05-22,2026-05-22,581,581,0,,
970060.CNI,深证ESG成长,深证ESG成长,深证ESG成长指数,CNI,深圳证券交易所,,策略指数,2023-12-22,,2000-01-01,2019-07-01,2023-12-22,2023-12-22,2026-05-22,2026-05-22,581,581,0,,
970061.CNI,深证ESG价值,深证ESG价值,深证ESG价值指数,CNI,深圳证券交易所,,策略指数,2023-12-22,,2000-01-01,2019-07-01,2023-12-22,2023-12-22,2026-05-22,2026-05-22,581,581,0,,
930050.CSI,中证A50,中证A50,中证A50指数,CSI,中证指数有限公司,,规模指数,2024-01-02,,2000-01-01,2014-12-31,2024-01-02,2024-01-02,2026-05-22,2026-05-22,575,575,0,,
489016.CNI,红利价值R,红利价值R,新华中诚信红利价值全收益指数,CNI,新华指数、中诚信指数,,策略指数,2024-01-05,,2000-01-01,2024-01-05,2024-01-05,2024-01-05,2026-05-22,2026-05-22,572,572,0,,
989016.CNI,红利价值,红利价值,新华中诚信红利价值指数,CNI,新华指数、中诚信指数,,策略指数,2024-01-05,,2000-01-01,2024-01-05,2024-01-05,2024-01-05,2026-05-22,2026-05-22,572,572,0,,
931834.CSI,华福福建100,华福福建100,中证华福福建100指数,CSI,中证指数有限公司,,主题指数,2024-01-19,,2000-01-01,2017-12-29,2024-01-19,2024-01-19,2026-05-22,2026-05-22,562,562,0,,
470064.CNI,深证国企股东回报R,深证国企股东回报R,深证国企股东回报全收益指数,CNI,深圳证券交易所,,主题指数,2024-01-26,,2000-01-01,2019-07-01,2024-01-26,2024-01-26,2026-05-22,2026-05-22,557,557,0,,
470065.CNI,深证优质信披R,深证优质信披R,深证优质信披全收益指数,CNI,深圳证券交易所,,主题指数,2024-01-26,,2000-01-01,2019-07-01,2024-01-26,2024-01-26,2026-05-22,2026-05-22,557,557,0,,
970064.CNI,深证国企股东回报,深证国企股东回报,深证国企股东回报指数,CNI,深圳证券交易所,,主题指数,2024-01-26,,2000-01-01,2019-07-01,2024-01-26,2024-01-26,2026-05-22,2026-05-22,557,557,0,,
970065.CNI,深证优质信披,深证优质信披,深证优质信披指数,CNI,深圳证券交易所,,主题指数,2024-01-26,,2000-01-01,2019-07-01,2024-01-26,2024-01-26,2026-05-22,2026-05-22,557,557,0,,
000691.SH,科创ESG,科创ESG,上证科创板ESG指数,SSE,中证指数有限公司,,主题指数,2024-03-21,,2000-01-01,2024-03-20,2024-03-21,2024-03-21,2026-05-22,2026-05-22,524,524,0,,
932257.CSI,国新央企小盘,国新央企小盘,中证国新央企小盘指数,CSI,中证指数有限公司,,主题指数,2024-03-29,,2000-01-01,2016-12-30,2024-03-29,2024-03-29,2026-05-22,2026-05-22,518,518,0,,
932046.CSI,建行科技(长三角),建行科技(长三角),中证建行科技创新领先(长三角)指数,CSI,中证指数有限公司,,主题指数,2024-05-08,,2000-01-01,2019-12-31,2024-05-08,2024-05-08,2026-05-22,2026-05-22,495,495,0,,
931848.CSI,800红利低波,800红利低波,中证800红利低波动指数,CSI,中证指数有限公司,,策略指数,2024-05-21,,2000-01-01,2013-12-31,2024-05-21,2024-05-21,2026-05-22,2026-05-22,486,486,0,,
470071.CNI,深证民企成长R,深证民企成长R,深证民企成长全收益指数,CNI,深圳证券交易所,,主题指数,2024-06-21,,2000-01-01,2019-07-01,2024-06-21,2024-06-21,2026-05-22,2026-05-22,464,464,0,,
470072.CNI,深证民企价值R,深证民企价值R,深证民企价值全收益指数,CNI,深圳证券交易所,,主题指数,2024-06-21,,2000-01-01,2019-07-01,2024-06-21,2024-06-21,2026-05-22,2026-05-22,464,464,0,,
970071.CNI,深证民企成长,深证民企成长,深证民企成长指数,CNI,深圳证券交易所,,主题指数,2024-06-21,,2000-01-01,2019-07-01,2024-06-21,2024-06-21,2026-05-22,2026-05-22,464,464,0,,
970072.CNI,深证民企价值,深证民企价值,深证民企价值指数,CNI,深圳证券交易所,,主题指数,2024-06-21,,2000-01-01,2019-07-01,2024-06-21,2024-06-21,2026-05-22,2026-05-22,464,464,0,,
470069.CNI,深证绿色制造R,深证绿色制造R,深证绿色制造全收益指数,CNI,深圳证券交易所,,主题指数,2024-06-28,,2000-01-01,2019-07-01,2024-06-28,2024-06-28,2026-05-22,2026-05-22,459,459,0,,
470076.CNI,深证绿色化工R,深证绿色化工R,深证绿色化工全收益指数,CNI,深圳证券交易所,,主题指数,2024-06-28,,2000-01-01,2019-07-01,2024-06-28,2024-06-28,2026-05-22,2026-05-22,459,459,0,,
470077.CNI,深证绿色建材R,深证绿色建材R,深证绿色建材全收益指数,CNI,深圳证券交易所,,主题指数,2024-06-28,,2000-01-01,2019-07-01,2024-06-28,2024-06-28,2026-05-22,2026-05-22,459,459,0,,
932306.CSI,战略新兴100,战略新兴100,中证战略新兴产业100指数,CSI,中证指数有限公司,,主题指数,2024-06-28,,2000-01-01,2010-12-31,2024-06-28,2024-06-28,2026-05-22,2026-05-22,459,459,0,,
932308.CSI,红利200,红利200,中证红利200指数,CSI,中证指数有限公司,,策略指数,2024-06-28,,2000-01-01,2013-12-31,2024-06-28,2024-06-28,2026-05-22,2026-05-22,459,459,0,,
970069.CNI,深证绿色制造,深证绿色制造,深证绿色制造指数,CNI,深圳证券交易所,,主题指数,2024-06-28,,2000-01-01,2019-07-01,2024-06-28,2024-06-28,2026-05-22,2026-05-22,459,459,0,,
970076.CNI,深证绿色化工,深证绿色化工,深证绿色化工指数,CNI,深圳证券交易所,,主题指数,2024-06-28,,2000-01-01,2019-07-01,2024-06-28,2024-06-28,2026-05-22,2026-05-22,459,459,0,,
970077.CNI,深证绿色建材,深证绿色建材,深证绿色建材指数,CNI,深圳证券交易所,,主题指数,2024-06-28,,2000-01-01,2019-07-01,2024-06-28,2024-06-28,2026-05-22,2026-05-22,459,459,0,,
932266.CSI,国企战略新兴,国企战略新兴,中证诚通国企战略新兴产业指数,CSI,中证指数有限公司,,主题指数,2024-07-02,,2000-01-01,2016-12-30,2024-07-02,2024-07-02,2026-05-22,2026-05-22,457,457,0,,
932315.CSI,中证红利质量,中证红利质量,中证全指红利质量指数,CSI,中证指数有限公司,,策略指数,2024-07-08,,2000-01-01,2013-12-31,2024-07-08,2024-07-08,2026-05-22,2026-05-22,453,453,0,,
470074.CNI,深证智能穿戴R,深证智能穿戴R,深证智能穿戴主题全收益指数,CNI,深圳证券交易所,,主题指数,2024-07-11,,2000-01-01,2019-07-01,2024-07-11,2024-07-11,2026-05-22,2026-05-22,450,450,0,,
470075.CNI,深证AIGCR,深证AIGCR,深证AIGC主题全收益指数,CNI,深圳证券交易所,,主题指数,2024-07-11,,2000-01-01,2019-07-01,2024-07-11,2024-07-11,2026-05-22,2026-05-22,450,450,0,,
970070.CNI,创业板人工智能,创业板人工智能,创业板人工智能指数,CNI,深圳证券交易所,,主题指数,2024-07-11,,2000-01-01,2019-07-01,2024-07-11,2024-07-11,2026-05-22,2026-05-22,450,450,0,,
970074.CNI,深证智能穿戴,深证智能穿戴,深证智能穿戴主题指数,CNI,深圳证券交易所,,主题指数,2024-07-11,,2000-01-01,2019-07-01,2024-07-11,2024-07-11,2026-05-22,2026-05-22,450,450,0,,
970075.CNI,深证AIGC,深证AIGC,深证AIGC主题指数,CNI,深圳证券交易所,,主题指数,2024-07-11,,2000-01-01,2019-07-01,2024-07-11,2024-07-11,2026-05-22,2026-05-22,450,450,0,,
950180.CSI,科创AI,科创AI,上证科创板人工智能指数,CSI,中证指数有限公司,,主题指数,2024-07-25,,2000-01-01,2022-12-30,2024-07-25,2024-07-25,2026-05-22,2026-05-22,440,440,0,,
000888.SH,上证收益,上证收益,上证综合全收益指数,SSE,中证指数有限公司,,综合指数,2020-10-09,,2000-01-01,2024-07-26,2020-10-09,2024-07-26,2026-05-22,2026-05-22,439,439,0,,
950125.CSI,科创半导体材料设备,科创半导体材料设备,上证科创板半导体材料设备主题指数,CSI,中证指数有限公司,,主题指数,2024-07-26,,2000-01-01,2019-12-31,2024-07-26,2024-07-26,2026-05-22,2026-05-22,439,439,0,,
950125.SH,科创半导体材料设备,科创半导体材料设备,上证科创板半导体材料设备主题指数,SSE,中证指数有限公司,,主题指数,2024-07-26,,2000-01-01,2024-07-25,2024-07-26,2024-07-26,2026-05-22,2026-05-22,439,439,0,,
950162.CSI,科创芯片设计,科创芯片设计,上证科创板芯片设计主题指数,CSI,中证指数有限公司,,主题指数,2024-07-26,,2000-01-01,2019-12-31,2024-07-26,2024-07-26,2026-05-22,2026-05-22,439,439,0,,
000699.SH,科创200,科创200,上证科创板200指数,SSE,中证指数有限公司,,规模指数,2024-08-20,,2000-01-01,2024-08-19,2024-08-20,2024-08-20,2026-05-22,2026-05-22,422,422,0,,
950161.CSI,科创新药,科创新药,上证科创板创新药指数,CSI,中证指数有限公司,,主题指数,2024-08-23,,2000-01-01,2022-12-30,2024-08-23,2024-08-23,2026-05-22,2026-05-22,419,419,0,,
000510.CSI,中证A500,中证A500,中证A500指数,CSI,中证指数有限公司,,规模指数,2024-09-23,,2000-01-01,2005-01-04,2024-09-23,2024-09-23,2026-05-22,2026-05-22,400,400,0,,
000510.SH,中证A500,中证A500,中证A500指数,SSE,中证指数有限公司,,规模指数,2024-09-23,,2000-01-01,2024-09-23,2024-09-23,2024-09-23,2026-05-22,2026-05-22,400,400,0,,
950333.CSI,智选创新价值,智选创新价值,上证智选科创板创新价值指数,CSI,中证指数有限公司,,策略指数,2024-09-25,,2000-01-01,2019-12-31,2024-09-25,2024-09-25,2026-05-22,2026-05-22,398,398,0,,
950333.SH,智选创新价值,智选创新价值,上证智选科创板创新价值指数,SSE,中证指数有限公司,,策略指数,2024-09-25,,2000-01-01,2024-09-25,2024-09-25,2024-09-25,2026-05-22,2026-05-22,398,398,0,,
931258.CSI,东证价值,东证价值,中证东方红价值领先指数,CSI,中证指数有限公司,,策略指数,2024-09-30,,2000-01-01,2009-12-31,2024-09-30,2024-09-30,2026-05-22,2026-05-22,395,395,0,,
932305.CSI,智选高股息,智选高股息,中证智选高股息策略指数,CSI,中证指数有限公司,,策略指数,2024-09-30,,2000-01-01,2005-12-30,2024-09-30,2024-09-30,2026-05-22,2026-05-22,395,395,0,,
489017.CNI,质量优势R,质量优势R,新华中诚信质量优势全收益指数,CNI,新华指数、中诚信指数,,策略指数,2024-10-22,,2000-01-01,2024-10-22,2024-10-22,2024-10-22,2026-05-22,2026-05-22,384,384,0,,
989017.CNI,质量优势,质量优势,新华中诚信质量优势指数,CNI,新华指数、中诚信指数,,策略指数,2024-10-22,,2000-01-01,2024-10-22,2024-10-22,2024-10-22,2026-05-22,2026-05-22,384,384,0,,
931599.CSI,湖南50,湖南50,中证湖南50指数,CSI,中证指数有限公司,,主题指数,2024-10-30,,2000-01-01,2018-12-28,2024-10-30,2024-10-30,2026-05-22,2026-05-22,378,378,0,,
932366.CSI,300现金流,300现金流,沪深300自由现金流指数,CSI,中证指数有限公司,,策略指数,2024-11-12,,2000-01-01,2013-12-31,2024-11-12,2024-11-12,2026-05-22,2026-05-22,369,369,0,,
932367.CSI,500现金流,500现金流,中证500自由现金流指数,CSI,中证指数有限公司,,策略指数,2024-11-12,,2000-01-01,2013-12-31,2024-11-12,2024-11-12,2026-05-22,2026-05-22,369,369,0,,
480150.CNI,单项冠军R,单项冠军R,国证制造业单项冠军全收益指数,CNI,深圳证券交易所,,主题指数,2012-12-28,,2000-01-01,2024-12-11,2012-12-28,2024-12-11,2026-05-22,2026-05-22,348,348,0,,
932365.CSI,中证现金流,中证现金流,中证全指自由现金流指数,CSI,中证指数有限公司,,策略指数,2024-12-11,,2000-01-01,2013-12-31,2024-12-11,2024-12-11,2026-05-22,2026-05-22,348,348,0,,
932368.CSI,800现金流,800现金流,中证800自由现金流指数,CSI,中证指数有限公司,,策略指数,2024-12-11,,2000-01-01,2013-12-31,2024-12-11,2024-12-11,2026-05-22,2026-05-22,348,348,0,,
470080.CNI,科技50R,科技50R,深证科技50全收益指数,CNI,深圳证券交易所,,主题指数,2024-12-24,,2000-01-01,2024-12-23,2024-12-24,2024-12-24,2026-05-22,2026-05-22,339,339,0,,
970080.CNI,科技50,科技50,深证科技50指数,CNI,深圳证券交易所,,主题指数,2024-12-24,,2000-01-01,2024-12-23,2024-12-24,2024-12-24,2026-05-22,2026-05-22,339,339,0,,
950253.CSI,国新科创国企,国新科创国企,上证国新科创板国企指数,CSI,中证指数有限公司,,主题指数,2025-01-02,,2000-01-01,2022-12-30,2025-01-02,2025-01-02,2026-05-22,2026-05-22,333,333,0,,
000680.SH,科创综指,科创综指,上证科创板综合指数,SSE,中证指数有限公司,,综合指数,2025-01-20,,2000-01-01,2025-01-17,2025-01-20,2025-01-20,2026-05-22,2026-05-22,321,321,0,,
000681.SH,科创价格,科创价格,上证科创板综合价格指数,SSE,中证指数有限公司,,综合指数,2025-01-20,,2000-01-01,2025-01-17,2025-01-20,2025-01-20,2026-05-22,2026-05-22,321,321,0,,
932359.CSI,国新国企人工智能,国新国企人工智能,中证国新国企人工智能主题指数,CSI,中证指数有限公司,,主题指数,2025-01-21,,2000-01-01,2018-12-28,2025-01-21,2025-01-21,2026-05-22,2026-05-22,320,320,0,,
932419.CSI,国新国企航空航天,国新国企航空航天,中证国新国企航空航天科技指数,CSI,中证指数有限公司,,主题指数,2025-01-21,,2000-01-01,2018-12-28,2025-01-21,2025-01-21,2026-05-22,2026-05-22,320,320,0,,
931855.CSI,通用航空,通用航空,中证通用航空主题指数,CSI,中证指数有限公司,,主题指数,2025-04-02,,2000-01-01,2020-12-31,2025-04-02,2025-04-02,2026-05-22,2026-05-22,275,275,0,,
932422.CSI,A500红利低波,A500红利低波,中证A500红利低波动指数,CSI,中证指数有限公司,,策略指数,2025-04-09,,2000-01-01,2013-12-31,2025-04-09,2025-04-09,2026-05-22,2026-05-22,271,271,0,,
932420.CSI,智选船舶产业,智选船舶产业,中证智选船舶产业指数,CSI,中证指数有限公司,,行业指数,2025-05-28,,2000-01-01,2019-12-31,2025-05-28,2025-05-28,2026-05-22,2026-05-22,239,239,0,,
950580.CSI,上证580,上证580,上证580指数,CSI,中证指数有限公司,,规模指数,2025-06-16,,2000-01-01,2018-12-28,2025-06-16,2025-06-16,2026-05-22,2026-05-22,227,227,0,,
970081.CNI,创业板电池,创业板电池,创业板电池指数,CNI,深圳证券交易所,,主题指数,2025-06-27,,2000-01-01,2025-06-26,2025-06-27,2025-06-27,2026-05-22,2026-05-22,218,218,0,,
970082.CNI,创业板医疗,创业板医疗,创业板医疗指数,CNI,深圳证券交易所,,主题指数,2025-06-27,,2000-01-01,2025-06-26,2025-06-27,2025-06-27,2026-05-22,2026-05-22,218,218,0,,
970084.CNI,创业板传媒,创业板传媒,创业板传媒指数,CNI,深圳证券交易所,,主题指数,2025-06-27,,2000-01-01,2025-06-26,2025-06-27,2025-06-27,2026-05-22,2026-05-22,218,218,0,,
970085.CNI,创业板金融科技,创业板金融科技,创业板金融科技指数,CNI,深圳证券交易所,,主题指数,2025-06-27,,2000-01-01,2025-06-26,2025-06-27,2025-06-27,2026-05-22,2026-05-22,218,218,0,,
899601.BJ,北证专精特新,北证专精特新,北证专精特新指数,OTH,北京证券交易所,,主题指数,2025-06-30,,2000-01-01,2025-06-27,2025-06-30,2025-06-30,2026-05-22,2026-05-22,217,217,0,,
950228.SH,智选科创价值50,智选科创价值50,上证智选科创板价值50策略指数,SSE,中证指数有限公司,,策略指数,2024-08-23,,2000-01-01,2025-07-18,2024-08-23,2025-07-18,2026-05-22,2026-05-22,203,203,0,,
399267.SZ,专精特新,专精特新,创业板专精特新指数,SZSE,深圳证券交易所,,主题指数,2025-07-21,,2000-01-01,2025-07-18,2025-07-21,2025-07-21,2026-05-22,2026-05-22,202,202,0,,
399268.SZ,深小巨人,深小巨人,深证专精特新指数,SZSE,深圳证券交易所,,主题指数,2025-07-21,,2000-01-01,2025-07-18,2025-07-21,2025-07-21,2026-05-22,2026-05-22,202,202,0,,
932357.CSI,专精特新100,专精特新100,中证专精特新100指数,CSI,中证指数有限公司,,主题指数,2025-07-21,,2000-01-01,2018-12-28,2025-07-21,2025-07-21,2026-05-22,2026-05-22,202,202,0,,
950222.CSI,沪专精特新,沪专精特新,上证专精特新指数,CSI,中证指数有限公司,,主题指数,2025-07-21,,2000-01-01,2018-12-28,2025-07-21,2025-07-21,2026-05-22,2026-05-22,202,202,0,,
950357.CSI,科创专精特新,科创专精特新,上证科创板专精特新指数,CSI,中证指数有限公司,,主题指数,2025-07-21,,2000-01-01,2024-06-28,2025-07-21,2025-07-21,2026-05-22,2026-05-22,202,202,0,,
