dataset,trade_date,row_count,distinct_business_keys
moneyflow,2010-01-04,834,834
moneyflow,2010-01-05,1627,1627
moneyflow,2010-01-06,1628,1628
moneyflow,2010-01-07,1626,1626
moneyflow,2010-01-08,1622,1622
moneyflow,2010-01-11,1626,1626
moneyflow,2010-01-12,1637,1637
moneyflow,2010-01-13,1642,1642
moneyflow,2010-01-14,1642,1642
moneyflow,2010-01-15,1613,1613
moneyflow,2010-01-18,1645,1645
moneyflow,2010-01-19,1638,1638
moneyflow,2010-01-20,1646,1646
moneyflow,2010-01-21,1657,1657
moneyflow,2010-01-22,1653,1653
moneyflow,2010-01-25,1645,1645
moneyflow,2010-01-26,1664,1664
moneyflow,2010-01-27,1666,1666
moneyflow,2010-01-28,1658,1658
moneyflow,2010-01-29,1661,1661
moneyflow,2010-02-01,1658,1658
moneyflow,2010-02-02,1670,1670
moneyflow,2010-02-03,1667,1667
moneyflow,2010-02-04,1681,1681
moneyflow,2010-02-05,1669,1669
moneyflow,2010-02-08,1663,1663
moneyflow,2010-02-09,1674,1674
moneyflow,2010-02-10,1685,1685
moneyflow,2010-02-11,1687,1687
moneyflow,2010-02-12,1702,1702
moneyflow,2010-02-22,1692,1692
moneyflow,2010-02-23,1684,1684
moneyflow,2010-02-24,1694,1694
moneyflow,2010-02-25,1676,1676
moneyflow,2010-02-26,1660,1660
moneyflow,2010-03-01,1683,1683
moneyflow,2010-03-02,1671,1671
moneyflow,2010-03-03,1685,1685
moneyflow,2010-03-04,1695,1695
moneyflow,2010-03-05,1690,1690
moneyflow,2010-03-08,1696,1696
moneyflow,2010-03-09,1706,1706
moneyflow,2010-03-10,1698,1698
moneyflow,2010-03-11,1707,1707
moneyflow,2010-03-12,1698,1698
moneyflow,2010-03-15,1696,1696
moneyflow,2010-03-16,1710,1710
moneyflow,2010-03-17,1703,1703
moneyflow,2010-03-18,1695,1695
moneyflow,2010-03-19,1699,1699
moneyflow,2010-03-22,1693,1693
moneyflow,2010-03-23,1710,1710
moneyflow,2010-03-24,1709,1709
moneyflow,2010-03-25,1699,1699
moneyflow,2010-03-26,1696,1696
moneyflow,2010-03-29,1698,1698
moneyflow,2010-03-30,830,830
moneyflow,2010-03-31,1691,1691
moneyflow,2010-04-01,1723,1723
moneyflow,2010-04-02,1707,1707
moneyflow,2010-04-06,1712,1712
moneyflow,2010-04-07,1716,1716
moneyflow,2010-04-08,1703,1703
moneyflow,2010-04-09,1696,1696
moneyflow,2010-04-12,1693,1693
moneyflow,2010-04-13,1718,1718
moneyflow,2010-04-14,1731,1731
moneyflow,2010-04-15,1696,1696
moneyflow,2010-04-16,1663,1663
moneyflow,2010-04-19,1702,1702
moneyflow,2010-04-20,1678,1678
moneyflow,2010-04-21,1716,1716
moneyflow,2010-04-22,1682,1682
moneyflow,2010-04-23,1685,1685
moneyflow,2010-04-26,1696,1696
moneyflow,2010-04-27,1709,1709
moneyflow,2010-04-28,1696,1696
moneyflow,2010-04-29,1717,1717
moneyflow,2010-04-30,1724,1724
moneyflow,2010-05-04,1747,1747
moneyflow,2010-05-05,1737,1737
moneyflow,2010-05-06,1731,1731
moneyflow,2010-05-07,1720,1720
moneyflow,2010-05-10,1714,1714
moneyflow,2010-05-11,1725,1725
moneyflow,2010-05-12,1722,1722
moneyflow,2010-05-13,1726,1726
moneyflow,2010-05-14,1721,1721
moneyflow,2010-05-17,1722,1722
moneyflow,2010-05-18,1677,1677
moneyflow,2010-05-19,1722,1722
moneyflow,2010-05-20,1710,1710
moneyflow,2010-05-21,1692,1692
moneyflow,2010-05-24,1738,1738
moneyflow,2010-05-25,1745,1745
moneyflow,2010-05-26,1736,1736
moneyflow,2010-05-27,1752,1752
moneyflow,2010-05-28,1724,1724
moneyflow,2010-05-31,1739,1739
moneyflow,2010-06-01,1771,1771
moneyflow,2010-06-02,1770,1770
moneyflow,2010-06-03,1759,1759
moneyflow,2010-06-04,1761,1761
moneyflow,2010-06-07,1770,1770
moneyflow,2010-06-08,1770,1770
moneyflow,2010-06-09,1777,1777
moneyflow,2010-06-10,1766,1766
moneyflow,2010-06-11,1770,1770
moneyflow,2010-06-17,1733,1733
moneyflow,2010-06-18,1741,1741
moneyflow,2010-06-21,1770,1770
moneyflow,2010-06-22,1767,1767
moneyflow,2010-06-23,1770,1770
moneyflow,2010-06-24,1793,1793
moneyflow,2010-06-25,1766,1766
moneyflow,2010-06-28,1745,1745
moneyflow,2010-06-29,1751,1751
moneyflow,2010-06-30,1768,1768
moneyflow,2010-07-01,1805,1805
moneyflow,2010-07-02,1805,1805
moneyflow,2010-07-05,1788,1788
moneyflow,2010-07-06,1797,1797
moneyflow,2010-07-07,1799,1799
moneyflow,2010-07-08,1803,1803
moneyflow,2010-07-09,1794,1794
moneyflow,2010-07-12,1796,1796
moneyflow,2010-07-13,1815,1815
moneyflow,2010-07-14,1814,1814
moneyflow,2010-07-15,1799,1799
moneyflow,2010-07-16,1799,1799
moneyflow,2010-07-19,1803,1803
moneyflow,2010-07-20,1812,1812
moneyflow,2010-07-21,1811,1811
moneyflow,2010-07-22,1809,1809
moneyflow,2010-07-23,1804,1804
moneyflow,2010-07-26,1798,1798
moneyflow,2010-07-27,1809,1809
moneyflow,2010-07-28,1795,1795
moneyflow,2010-07-29,1795,1795
moneyflow,2010-07-30,1809,1809
moneyflow,2010-08-02,1810,1810
moneyflow,2010-08-03,1821,1821
moneyflow,2010-08-04,1819,1819
moneyflow,2010-08-05,1811,1811
moneyflow,2010-08-06,1818,1818
moneyflow,2010-08-09,1812,1812
moneyflow,2010-08-10,1812,1812
moneyflow,2010-08-11,1814,1814
moneyflow,2010-08-12,1815,1815
moneyflow,2010-08-13,1805,1805
moneyflow,2010-08-16,1786,1786
moneyflow,2010-08-17,1822,1822
moneyflow,2010-08-18,1813,1813
moneyflow,2010-08-19,1818,1818
moneyflow,2010-08-20,1822,1822
moneyflow,2010-08-23,1810,1810
moneyflow,2010-08-24,1822,1822
moneyflow,2010-08-25,1818,1818
moneyflow,2010-08-26,1826,1826
moneyflow,2010-08-27,1805,1805
moneyflow,2010-08-30,1817,1817
moneyflow,2010-08-31,1839,1839
moneyflow,2010-09-01,1838,1838
moneyflow,2010-09-02,1842,1842
moneyflow,2010-09-03,1832,1832
moneyflow,2010-09-06,1836,1836
moneyflow,2010-09-07,1835,1835
moneyflow,2010-09-08,1836,1836
moneyflow,2010-09-09,1844,1844
moneyflow,2010-09-10,1830,1830
moneyflow,2010-09-13,1823,1823
moneyflow,2010-09-14,1846,1846
moneyflow,2010-09-15,1822,1822
moneyflow,2010-09-16,1835,1835
moneyflow,2010-09-17,1832,1832
moneyflow,2010-09-20,1834,1834
moneyflow,2010-09-21,1858,1858
moneyflow,2010-09-27,1827,1827
moneyflow,2010-09-28,1863,1863
moneyflow,2010-09-29,1867,1867
moneyflow,2010-09-30,1878,1878
moneyflow,2010-10-08,1874,1874
moneyflow,2010-10-11,1875,1875
moneyflow,2010-10-12,1869,1869
moneyflow,2010-10-13,1874,1874
moneyflow,2010-10-14,1877,1877
moneyflow,2010-10-15,1868,1868
moneyflow,2010-10-18,1873,1873
moneyflow,2010-10-19,1881,1881
moneyflow,2010-10-20,1883,1883
moneyflow,2010-10-21,1895,1895
moneyflow,2010-10-22,1886,1886
moneyflow,2010-10-25,1884,1884
moneyflow,2010-10-26,1886,1886
moneyflow,2010-10-27,1881,1881
moneyflow,2010-10-28,1887,1887
moneyflow,2010-10-29,1893,1893
moneyflow,2010-11-01,1890,1890
moneyflow,2010-11-02,1898,1898
moneyflow,2010-11-03,1897,1897
moneyflow,2010-11-04,1901,1901
moneyflow,2010-11-05,1895,1895
moneyflow,2010-11-08,1882,1882
moneyflow,2010-11-09,1897,1897
moneyflow,2010-11-10,1892,1892
moneyflow,2010-11-11,1891,1891
moneyflow,2010-11-12,1879,1879
moneyflow,2010-11-15,1895,1895
moneyflow,2010-11-16,1893,1893
moneyflow,2010-11-17,1905,1905
moneyflow,2010-11-18,1908,1908
moneyflow,2010-11-19,1913,1913
moneyflow,2010-11-22,1905,1905
moneyflow,2010-11-23,1910,1910
moneyflow,2010-11-24,1918,1918
moneyflow,2010-11-25,1914,1914
moneyflow,2010-11-26,1906,1906
moneyflow,2010-11-29,1906,1906
moneyflow,2010-11-30,1914,1914
moneyflow,2010-12-01,1924,1924
moneyflow,2010-12-02,1917,1917
moneyflow,2010-12-03,1906,1906
moneyflow,2010-12-06,1900,1900
moneyflow,2010-12-07,1931,1931
moneyflow,2010-12-08,1923,1923
moneyflow,2010-12-09,1927,1927
moneyflow,2010-12-10,1925,1925
moneyflow,2010-12-13,1920,1920
moneyflow,2010-12-14,1942,1942
moneyflow,2010-12-15,1911,1911
moneyflow,2010-12-16,1920,1920
moneyflow,2010-12-17,1922,1922
moneyflow,2010-12-20,1927,1927
moneyflow,2010-12-21,1933,1933
moneyflow,2010-12-22,1927,1927
moneyflow,2010-12-23,1932,1932
moneyflow,2010-12-24,1935,1935
moneyflow,2010-12-27,1917,1917
moneyflow,2010-12-28,1936,1936
moneyflow,2010-12-29,1931,1931
moneyflow,2010-12-30,1928,1928
moneyflow,2010-12-31,1953,1953
moneyflow,2011-01-04,1967,1967
moneyflow,2011-01-05,1955,1955
moneyflow,2011-01-06,1957,1957
moneyflow,2011-01-07,1961,1961
moneyflow,2011-01-10,1962,1962
moneyflow,2011-01-11,1972,1972
moneyflow,2011-01-12,1965,1965
moneyflow,2011-01-13,1972,1972
moneyflow,2011-01-14,1971,1971
moneyflow,2011-01-17,1969,1969
moneyflow,2011-01-18,1972,1972
moneyflow,2011-01-19,1979,1979
moneyflow,2011-01-20,1968,1968
moneyflow,2011-01-21,1972,1972
moneyflow,2011-01-24,1964,1964
moneyflow,2011-01-25,1983,1983
moneyflow,2011-01-26,1974,1974
moneyflow,2011-01-27,1976,1976
moneyflow,2011-01-28,1982,1982
moneyflow,2011-01-31,1979,1979
moneyflow,2011-02-01,2013,2013
moneyflow,2011-02-09,2009,2009
moneyflow,2011-02-10,2004,2004
moneyflow,2011-02-11,1989,1989
moneyflow,2011-02-14,1988,1988
moneyflow,2011-02-15,1991,1991
moneyflow,2011-02-16,1988,1988
moneyflow,2011-02-17,2004,2004
moneyflow,2011-02-18,1985,1985
moneyflow,2011-02-21,1991,1991
moneyflow,2011-02-22,1996,1996
moneyflow,2011-02-23,1999,1999
moneyflow,2011-02-24,2010,2010
moneyflow,2011-02-25,1993,1993
moneyflow,2011-02-28,1988,1988
moneyflow,2011-03-01,2010,2010
moneyflow,2011-03-02,2016,2016
moneyflow,2011-03-03,2020,2020
moneyflow,2011-03-04,2018,2018
moneyflow,2011-03-07,2006,2006
moneyflow,2011-03-08,2017,2017
moneyflow,2011-03-09,2020,2020
moneyflow,2011-03-10,2018,2018
moneyflow,2011-03-11,2013,2013
moneyflow,2011-03-14,2007,2007
moneyflow,2011-03-15,2014,2014
moneyflow,2011-03-16,2015,2015
moneyflow,2011-03-17,2020,2020
moneyflow,2011-03-18,1993,1993
moneyflow,2011-03-21,1999,1999
moneyflow,2011-03-22,2013,2013
moneyflow,2011-03-23,2021,2021
moneyflow,2011-03-24,2032,2032
moneyflow,2011-03-25,2012,2012
moneyflow,2011-03-28,1999,1999
moneyflow,2011-03-29,2023,2023
moneyflow,2011-03-30,2022,2022
moneyflow,2011-03-31,2018,2018
moneyflow,2011-04-01,2021,2021
moneyflow,2011-04-06,2005,2005
moneyflow,2011-04-07,2017,2017
moneyflow,2011-04-08,1974,1974
moneyflow,2011-04-11,2025,2025
moneyflow,2011-04-12,2009,2009
moneyflow,2011-04-13,2030,2030
moneyflow,2011-04-14,2039,2039
moneyflow,2011-04-15,1972,1972
moneyflow,2011-04-18,1989,1989
moneyflow,2011-04-19,2002,2002
moneyflow,2011-04-20,1988,1988
moneyflow,2011-04-21,2009,2009
moneyflow,2011-04-22,1973,1973
moneyflow,2011-04-25,2017,2017
moneyflow,2011-04-26,2025,2025
moneyflow,2011-04-27,2027,2027
moneyflow,2011-04-28,2015,2015
moneyflow,2011-04-29,2021,2021
moneyflow,2011-05-03,2054,2054
moneyflow,2011-05-04,2046,2046
moneyflow,2011-05-05,2033,2033
moneyflow,2011-05-06,2009,2009
moneyflow,2011-05-09,2021,2021
moneyflow,2011-05-10,1992,1992
moneyflow,2011-05-11,2044,2044
moneyflow,2011-05-12,2031,2031
moneyflow,2011-05-13,2010,2010
moneyflow,2011-05-16,2023,2023
moneyflow,2011-05-17,2038,2038
moneyflow,2011-05-18,1983,1983
moneyflow,2011-05-19,2044,2044
moneyflow,2011-05-20,1979,1979
moneyflow,2011-05-23,2051,2051
moneyflow,2011-05-24,2076,2076
moneyflow,2011-05-25,2058,2058
moneyflow,2011-05-26,2055,2055
moneyflow,2011-05-27,2048,2048
moneyflow,2011-05-30,2058,2058
moneyflow,2011-05-31,2075,2075
moneyflow,2011-06-01,2083,2083
moneyflow,2011-06-02,2085,2085
moneyflow,2011-06-03,2081,2081
moneyflow,2011-06-07,2082,2082
moneyflow,2011-06-08,2066,2066
moneyflow,2011-06-09,2079,2079
moneyflow,2011-06-10,2067,2067
moneyflow,2011-06-13,2087,2087
moneyflow,2011-06-14,2100,2100
moneyflow,2011-06-15,2088,2088
moneyflow,2011-06-16,2085,2085
moneyflow,2011-06-17,2092,2092
moneyflow,2011-06-20,2075,2075
moneyflow,2011-06-21,2087,2087
moneyflow,2011-06-22,2110,2110
moneyflow,2011-06-23,2098,2098
moneyflow,2011-06-24,2079,2079
moneyflow,2011-06-27,2091,2091
moneyflow,2011-06-28,2088,2088
moneyflow,2011-06-29,2065,2065
moneyflow,2011-06-30,2068,2068
moneyflow,2011-07-01,2106,2106
moneyflow,2011-07-04,2099,2099
moneyflow,2011-07-05,2107,2107
moneyflow,2011-07-06,2118,2118
moneyflow,2011-07-07,2117,2117
moneyflow,2011-07-08,2122,2122
moneyflow,2011-07-11,2111,2111
moneyflow,2011-07-12,2127,2127
moneyflow,2011-07-13,2125,2125
moneyflow,2011-07-14,2130,2130
moneyflow,2011-07-15,2120,2120
moneyflow,2011-07-18,2112,2112
moneyflow,2011-07-19,2135,2135
moneyflow,2011-07-20,2121,2121
moneyflow,2011-07-21,2121,2121
moneyflow,2011-07-22,2126,2126
moneyflow,2011-07-25,2126,2126
moneyflow,2011-07-26,2139,2139
moneyflow,2011-07-27,2123,2123
moneyflow,2011-07-28,2133,2133
moneyflow,2011-07-29,2122,2122
moneyflow,2011-08-01,2124,2124
moneyflow,2011-08-02,2136,2136
moneyflow,2011-08-03,2134,2134
moneyflow,2011-08-04,2144,2144
moneyflow,2011-08-05,2125,2125
moneyflow,2011-08-08,2125,2125
moneyflow,2011-08-09,2151,2151
moneyflow,2011-08-10,2149,2149
moneyflow,2011-08-11,2152,2152
moneyflow,2011-08-12,2136,2136
moneyflow,2011-08-15,2145,2145
moneyflow,2011-08-16,2148,2148
moneyflow,2011-08-17,2143,2143
moneyflow,2011-08-18,2141,2141
moneyflow,2011-08-19,2143,2143
moneyflow,2011-08-22,2148,2148
moneyflow,2011-08-23,2157,2157
moneyflow,2011-08-24,2155,2155
moneyflow,2011-08-25,2155,2155
moneyflow,2011-08-26,2156,2156
moneyflow,2011-08-29,2161,2161
moneyflow,2011-08-30,2166,2166
moneyflow,2011-08-31,2153,2153
moneyflow,2011-09-01,2166,2166
moneyflow,2011-09-02,2150,2150
moneyflow,2011-09-05,2147,2147
moneyflow,2011-09-06,2142,2142
moneyflow,2011-09-07,2165,2165
moneyflow,2011-09-08,2144,2144
moneyflow,2011-09-09,2147,2147
moneyflow,2011-09-13,2155,2155
moneyflow,2011-09-14,2162,2162
moneyflow,2011-09-15,2144,2144
moneyflow,2011-09-16,2138,2138
moneyflow,2011-09-19,2166,2166
moneyflow,2011-09-20,2174,2174
moneyflow,2011-09-21,2188,2188
moneyflow,2011-09-22,2179,2179
moneyflow,2011-09-23,2180,2180
moneyflow,2011-09-26,2169,2169
moneyflow,2011-09-27,2180,2180
moneyflow,2011-09-28,2185,2185
moneyflow,2011-09-29,2172,2172
moneyflow,2011-09-30,2174,2174
moneyflow,2011-10-10,2161,2161
moneyflow,2011-10-11,2183,2183
moneyflow,2011-10-12,2186,2186
moneyflow,2011-10-13,2186,2186
moneyflow,2011-10-14,2168,2168
moneyflow,2011-10-17,2163,2163
moneyflow,2011-10-18,2171,2171
moneyflow,2011-10-19,2189,2189
moneyflow,2011-10-20,2195,2195
moneyflow,2011-10-21,2194,2194
moneyflow,2011-10-24,2205,2205
moneyflow,2011-10-25,2196,2196
moneyflow,2011-10-26,2190,2190
moneyflow,2011-10-27,2188,2188
moneyflow,2011-10-28,2194,2194
moneyflow,2011-10-31,2192,2192
moneyflow,2011-11-01,2206,2206
moneyflow,2011-11-02,2202,2202
moneyflow,2011-11-03,2204,2204
moneyflow,2011-11-04,2201,2201
moneyflow,2011-11-07,2187,2187
moneyflow,2011-11-08,2189,2189
moneyflow,2011-11-09,2187,2187
moneyflow,2011-11-10,2180,2180
moneyflow,2011-11-11,2171,2171
moneyflow,2011-11-14,2173,2173
moneyflow,2011-11-15,2167,2167
moneyflow,2011-11-16,2199,2199
moneyflow,2011-11-17,2199,2199
moneyflow,2011-11-18,2185,2185
moneyflow,2011-11-21,2192,2192
moneyflow,2011-11-22,2200,2200
moneyflow,2011-11-23,2208,2208
moneyflow,2011-11-24,2205,2205
moneyflow,2011-11-25,2209,2209
moneyflow,2011-11-28,2191,2191
moneyflow,2011-11-29,2205,2205
moneyflow,2011-11-30,2197,2197
moneyflow,2011-12-01,2204,2204
moneyflow,2011-12-02,2210,2210
moneyflow,2011-12-05,2206,2206
moneyflow,2011-12-06,2214,2214
moneyflow,2011-12-07,2215,2215
moneyflow,2011-12-08,2215,2215
moneyflow,2011-12-09,2211,2211
moneyflow,2011-12-12,2215,2215
moneyflow,2011-12-13,2224,2224
moneyflow,2011-12-14,2224,2224
moneyflow,2011-12-15,2207,2207
moneyflow,2011-12-16,2201,2201
moneyflow,2011-12-19,2206,2206
moneyflow,2011-12-20,2210,2210
moneyflow,2011-12-21,2207,2207
moneyflow,2011-12-22,2210,2210
moneyflow,2011-12-23,2211,2211
moneyflow,2011-12-26,2196,2196
moneyflow,2011-12-27,2219,2219
moneyflow,2011-12-28,2197,2197
moneyflow,2011-12-29,2196,2196
moneyflow,2011-12-30,2209,2209
moneyflow,2012-01-04,2225,2225
moneyflow,2012-01-05,2217,2217
moneyflow,2012-01-06,2234,2234
moneyflow,2012-01-09,2227,2227
moneyflow,2012-01-10,2237,2237
moneyflow,2012-01-11,2236,2236
moneyflow,2012-01-12,2222,2222
moneyflow,2012-01-13,2216,2216
moneyflow,2012-01-16,2178,2178
moneyflow,2012-01-17,2229,2229
moneyflow,2012-01-18,2241,2241
moneyflow,2012-01-19,2247,2247
moneyflow,2012-01-20,2238,2238
moneyflow,2012-01-30,2243,2243
moneyflow,2012-01-31,2239,2239
moneyflow,2012-02-01,2244,2244
moneyflow,2012-02-02,2237,2237
moneyflow,2012-02-03,2225,2225
moneyflow,2012-02-06,2232,2232
moneyflow,2012-02-07,2229,2229
moneyflow,2012-02-08,2221,2221
moneyflow,2012-02-09,2229,2229
moneyflow,2012-02-10,2230,2230
moneyflow,2012-02-13,2244,2244
moneyflow,2012-02-14,2243,2243
moneyflow,2012-02-15,2237,2237
moneyflow,2012-02-16,2242,2242
moneyflow,2012-02-17,2239,2239
moneyflow,2012-02-20,2234,2234
moneyflow,2012-02-21,2247,2247
moneyflow,2012-02-22,2246,2246
moneyflow,2012-02-23,2242,2242
moneyflow,2012-02-24,2240,2240
moneyflow,2012-02-27,2233,2233
moneyflow,2012-02-28,2237,2237
moneyflow,2012-02-29,2244,2244
moneyflow,2012-03-01,2253,2253
moneyflow,2012-03-02,2246,2246
moneyflow,2012-03-05,2244,2244
moneyflow,2012-03-06,2244,2244
moneyflow,2012-03-07,2247,2247
moneyflow,2012-03-08,2253,2253
moneyflow,2012-03-09,2231,2231
moneyflow,2012-03-12,2244,2244
moneyflow,2012-03-13,2254,2254
moneyflow,2012-03-14,2261,2261
moneyflow,2012-03-15,2244,2244
moneyflow,2012-03-16,2238,2238
moneyflow,2012-03-19,2255,2255
moneyflow,2012-03-20,2241,2241
moneyflow,2012-03-21,2245,2245
moneyflow,2012-03-22,2258,2258
moneyflow,2012-03-23,2247,2247
moneyflow,2012-03-26,2249,2249
moneyflow,2012-03-27,2263,2263
moneyflow,2012-03-28,2257,2257
moneyflow,2012-03-29,2260,2260
moneyflow,2012-03-30,2240,2240
moneyflow,2012-04-05,2249,2249
moneyflow,2012-04-06,2240,2240
moneyflow,2012-04-09,2252,2252
moneyflow,2012-04-10,2242,2242
moneyflow,2012-04-11,2265,2265
moneyflow,2012-04-12,2246,2246
moneyflow,2012-04-13,2253,2253
moneyflow,2012-04-16,2246,2246
moneyflow,2012-04-17,2243,2243
moneyflow,2012-04-18,2222,2222
moneyflow,2012-04-19,2226,2226
moneyflow,2012-04-20,2168,2168
moneyflow,2012-04-23,2220,2220
moneyflow,2012-04-24,2265,2265
moneyflow,2012-04-25,2246,2246
moneyflow,2012-04-26,2234,2234
moneyflow,2012-04-27,2213,2213
moneyflow,2012-05-02,2266,2266
moneyflow,2012-05-03,2266,2266
moneyflow,2012-05-04,2275,2275
moneyflow,2012-05-07,2269,2269
moneyflow,2012-05-08,2238,2238
moneyflow,2012-05-09,2266,2266
moneyflow,2012-05-10,2231,2231
moneyflow,2012-05-11,2229,2229
moneyflow,2012-05-14,2275,2275
moneyflow,2012-05-15,2248,2248
moneyflow,2012-05-16,2231,2231
moneyflow,2012-05-17,2261,2261
moneyflow,2012-05-18,2202,2202
moneyflow,2012-05-21,2270,2270
moneyflow,2012-05-22,2273,2273
moneyflow,2012-05-23,2285,2285
moneyflow,2012-05-24,2299,2299
moneyflow,2012-05-25,2251,2251
moneyflow,2012-05-28,2295,2295
moneyflow,2012-05-29,2287,2287
moneyflow,2012-05-30,2297,2297
moneyflow,2012-05-31,2303,2303
moneyflow,2012-06-01,2312,2312
moneyflow,2012-06-04,2309,2309
moneyflow,2012-06-05,2312,2312
moneyflow,2012-06-06,2298,2298
moneyflow,2012-06-07,2316,2316
moneyflow,2012-06-08,2291,2291
moneyflow,2012-06-11,2313,2313
moneyflow,2012-06-12,2326,2326
moneyflow,2012-06-13,2345,2345
moneyflow,2012-06-14,2340,2340
moneyflow,2012-06-15,2308,2308
moneyflow,2012-06-18,2309,2309
moneyflow,2012-06-19,2337,2337
moneyflow,2012-06-20,2321,2321
moneyflow,2012-06-21,2318,2318
moneyflow,2012-06-25,2298,2298
moneyflow,2012-06-26,2318,2318
moneyflow,2012-06-27,2327,2327
moneyflow,2012-06-28,2293,2293
moneyflow,2012-06-29,2299,2299
moneyflow,2012-07-02,2349,2349
moneyflow,2012-07-03,2358,2358
moneyflow,2012-07-04,2350,2350
moneyflow,2012-07-05,2346,2346
moneyflow,2012-07-06,2346,2346
moneyflow,2012-07-09,2361,2361
moneyflow,2012-07-10,2363,2363
moneyflow,2012-07-11,2368,2368
moneyflow,2012-07-12,2367,2367
moneyflow,2012-07-13,2369,2369
moneyflow,2012-07-16,2365,2365
moneyflow,2012-07-17,2369,2369
moneyflow,2012-07-18,2366,2366
moneyflow,2012-07-19,2365,2365
moneyflow,2012-07-20,2366,2366
moneyflow,2012-07-23,2365,2365
moneyflow,2012-07-24,2365,2365
moneyflow,2012-07-25,2372,2372
moneyflow,2012-07-26,2378,2378
moneyflow,2012-07-27,2376,2376
moneyflow,2012-07-30,2377,2377
moneyflow,2012-07-31,2381,2381
moneyflow,2012-08-01,2384,2384
moneyflow,2012-08-02,2379,2379
moneyflow,2012-08-03,2387,2387
moneyflow,2012-08-06,2381,2381
moneyflow,2012-08-07,2382,2382
moneyflow,2012-08-08,2385,2385
moneyflow,2012-08-09,2386,2386
moneyflow,2012-08-10,2388,2388
moneyflow,2012-08-13,2386,2386
moneyflow,2012-08-14,2385,2385
moneyflow,2012-08-15,2389,2389
moneyflow,2012-08-16,2389,2389
moneyflow,2012-08-17,2392,2392
moneyflow,2012-08-20,2389,2389
moneyflow,2012-08-21,2387,2387
moneyflow,2012-08-22,2385,2385
moneyflow,2012-08-23,2381,2381
moneyflow,2012-08-24,2386,2386
moneyflow,2012-08-27,2377,2377
moneyflow,2012-08-28,2375,2375
moneyflow,2012-08-29,2382,2382
moneyflow,2012-08-30,2383,2383
moneyflow,2012-08-31,2382,2382
moneyflow,2012-09-03,2385,2385
moneyflow,2012-09-04,2394,2394
moneyflow,2012-09-05,2399,2399
moneyflow,2012-09-06,2398,2398
moneyflow,2012-09-07,2395,2395
moneyflow,2012-09-10,2397,2397
moneyflow,2012-09-11,2396,2396
moneyflow,2012-09-12,2402,2402
moneyflow,2012-09-13,2404,2404
moneyflow,2012-09-14,2395,2395
moneyflow,2012-09-17,2397,2397
moneyflow,2012-09-18,2400,2400
moneyflow,2012-09-19,2399,2399
moneyflow,2012-09-20,2400,2400
moneyflow,2012-09-21,2405,2405
moneyflow,2012-09-24,2398,2398
moneyflow,2012-09-25,2397,2397
moneyflow,2012-09-26,2395,2395
moneyflow,2012-09-27,2402,2402
moneyflow,2012-09-28,2401,2401
moneyflow,2012-10-08,2397,2397
moneyflow,2012-10-09,2401,2401
moneyflow,2012-10-10,2404,2404
moneyflow,2012-10-11,2405,2405
moneyflow,2012-10-12,2405,2405
moneyflow,2012-10-15,2400,2400
moneyflow,2012-10-16,2404,2404
moneyflow,2012-10-17,2406,2406
moneyflow,2012-10-18,2408,2408
moneyflow,2012-10-19,2412,2412
moneyflow,2012-10-22,2412,2412
moneyflow,2012-10-23,2416,2416
moneyflow,2012-10-24,2413,2413
moneyflow,2012-10-25,2412,2412
moneyflow,2012-10-26,2415,2415
moneyflow,2012-10-29,2416,2416
moneyflow,2012-10-30,2415,2415
moneyflow,2012-10-31,2414,2414
moneyflow,2012-11-01,2415,2415
moneyflow,2012-11-02,2418,2418
moneyflow,2012-11-05,2414,2414
moneyflow,2012-11-06,2414,2414
moneyflow,2012-11-07,2414,2414
moneyflow,2012-11-08,2418,2418
moneyflow,2012-11-09,2418,2418
moneyflow,2012-11-12,2415,2415
moneyflow,2012-11-13,2418,2418
moneyflow,2012-11-14,2417,2417
moneyflow,2012-11-15,2419,2419
moneyflow,2012-11-16,2417,2417
moneyflow,2012-11-19,2416,2416
moneyflow,2012-11-20,2414,2414
moneyflow,2012-11-21,2416,2416
moneyflow,2012-11-22,2413,2413
moneyflow,2012-11-23,2409,2409
moneyflow,2012-11-26,2409,2409
moneyflow,2012-11-27,2408,2408
moneyflow,2012-11-28,2410,2410
moneyflow,2012-11-29,2410,2410
moneyflow,2012-11-30,2403,2403
moneyflow,2012-12-03,2400,2400
moneyflow,2012-12-04,2401,2401
moneyflow,2012-12-05,2399,2399
moneyflow,2012-12-06,2405,2405
moneyflow,2012-12-07,2399,2399
moneyflow,2012-12-10,2394,2394
moneyflow,2012-12-11,2401,2401
moneyflow,2012-12-12,2399,2399
moneyflow,2012-12-13,2396,2396
moneyflow,2012-12-14,2400,2400
moneyflow,2012-12-17,2397,2397
moneyflow,2012-12-18,2397,2397
moneyflow,2012-12-19,2400,2400
moneyflow,2012-12-20,2404,2404
moneyflow,2012-12-21,2405,2405
moneyflow,2012-12-24,2399,2399
moneyflow,2012-12-25,2397,2397
moneyflow,2012-12-26,2395,2395
moneyflow,2012-12-27,2397,2397
moneyflow,2012-12-28,2395,2395
moneyflow,2012-12-31,2399,2399
moneyflow,2013-01-04,2403,2403
moneyflow,2013-01-07,2394,2394
moneyflow,2013-01-08,2389,2389
moneyflow,2013-01-09,2393,2393
moneyflow,2013-01-10,2384,2384
moneyflow,2013-01-11,2385,2385
moneyflow,2013-01-14,2391,2391
moneyflow,2013-01-15,2388,2388
moneyflow,2013-01-16,2388,2388
moneyflow,2013-01-17,2388,2388
moneyflow,2013-01-18,2393,2393
moneyflow,2013-01-21,2394,2394
moneyflow,2013-01-22,2400,2400
moneyflow,2013-01-23,2398,2398
moneyflow,2013-01-24,2398,2398
moneyflow,2013-01-25,2393,2393
moneyflow,2013-01-28,2389,2389
moneyflow,2013-01-29,2389,2389
moneyflow,2013-01-30,2394,2394
moneyflow,2013-01-31,2400,2400
moneyflow,2013-02-01,2400,2400
moneyflow,2013-02-04,2401,2401
moneyflow,2013-02-05,2405,2405
moneyflow,2013-02-06,2404,2404
moneyflow,2013-02-07,2404,2404
moneyflow,2013-02-08,2418,2418
moneyflow,2013-02-18,2416,2416
moneyflow,2013-02-19,2411,2411
moneyflow,2013-02-20,2412,2412
moneyflow,2013-02-21,2413,2413
moneyflow,2013-02-22,2410,2410
moneyflow,2013-02-25,2407,2407
moneyflow,2013-02-26,2408,2408
moneyflow,2013-02-27,2408,2408
moneyflow,2013-02-28,2406,2406
moneyflow,2013-03-01,2402,2402
moneyflow,2013-03-04,2394,2394
moneyflow,2013-03-05,2397,2397
moneyflow,2013-03-06,2397,2397
moneyflow,2013-03-07,2396,2396
moneyflow,2013-03-08,2399,2399
moneyflow,2013-03-11,2401,2401
moneyflow,2013-03-12,2401,2401
moneyflow,2013-03-13,2400,2400
moneyflow,2013-03-14,2402,2402
moneyflow,2013-03-15,2401,2401
moneyflow,2013-03-18,2398,2398
moneyflow,2013-03-19,2405,2405
moneyflow,2013-03-20,2404,2404
moneyflow,2013-03-21,2405,2405
moneyflow,2013-03-22,2405,2405
moneyflow,2013-03-25,2392,2392
moneyflow,2013-03-26,2394,2394
moneyflow,2013-03-27,2396,2396
moneyflow,2013-03-28,2392,2392
moneyflow,2013-03-29,2389,2389
moneyflow,2013-04-01,2397,2397
moneyflow,2013-04-02,2392,2392
moneyflow,2013-04-03,2392,2392
moneyflow,2013-04-08,2387,2387
moneyflow,2013-04-09,2391,2391
moneyflow,2013-04-10,2390,2390
moneyflow,2013-04-11,2391,2391
moneyflow,2013-04-12,2391,2391
moneyflow,2013-04-15,2391,2391
moneyflow,2013-04-16,2394,2394
moneyflow,2013-04-17,2389,2389
moneyflow,2013-04-18,2385,2385
moneyflow,2013-04-19,2386,2386
moneyflow,2013-04-22,2386,2386
moneyflow,2013-04-23,2385,2385
moneyflow,2013-04-24,2384,2384
moneyflow,2013-04-25,2386,2386
moneyflow,2013-04-26,2380,2380
moneyflow,2013-05-02,2379,2379
moneyflow,2013-05-03,2394,2394
moneyflow,2013-05-06,2392,2392
moneyflow,2013-05-07,2395,2395
moneyflow,2013-05-08,2391,2391
moneyflow,2013-05-09,2395,2395
moneyflow,2013-05-10,2395,2395
moneyflow,2013-05-13,2385,2385
moneyflow,2013-05-14,2388,2388
moneyflow,2013-05-15,2389,2389
moneyflow,2013-05-16,2386,2386
moneyflow,2013-05-17,2383,2383
moneyflow,2013-05-20,2376,2376
moneyflow,2013-05-21,2382,2382
moneyflow,2013-05-22,2384,2384
moneyflow,2013-05-23,2385,2385
moneyflow,2013-05-24,2381,2381
moneyflow,2013-05-27,2375,2375
moneyflow,2013-05-28,2375,2375
moneyflow,2013-05-29,2378,2378
moneyflow,2013-05-30,2379,2379
moneyflow,2013-05-31,2378,2378
moneyflow,2013-06-03,2375,2375
moneyflow,2013-06-04,2380,2380
moneyflow,2013-06-05,2379,2379
moneyflow,2013-06-06,2381,2381
moneyflow,2013-06-07,2374,2374
moneyflow,2013-06-13,2364,2364
moneyflow,2013-06-14,2369,2369
moneyflow,2013-06-17,2360,2360
moneyflow,2013-06-18,2362,2362
moneyflow,2013-06-19,2364,2364
moneyflow,2013-06-20,2358,2358
moneyflow,2013-06-21,2362,2362
moneyflow,2013-06-24,2361,2361
moneyflow,2013-06-25,2361,2361
moneyflow,2013-06-26,2360,2360
moneyflow,2013-06-27,2364,2364
moneyflow,2013-06-28,2368,2368
moneyflow,2013-07-01,2371,2371
moneyflow,2013-07-02,2371,2371
moneyflow,2013-07-03,2374,2374
moneyflow,2013-07-04,2367,2367
moneyflow,2013-07-05,2367,2367
moneyflow,2013-07-08,2362,2362
moneyflow,2013-07-09,2361,2361
moneyflow,2013-07-10,2363,2363
moneyflow,2013-07-11,2367,2367
moneyflow,2013-07-12,2366,2366
moneyflow,2013-07-15,2361,2361
moneyflow,2013-07-16,2360,2360
moneyflow,2013-07-17,2361,2361
moneyflow,2013-07-18,2357,2357
moneyflow,2013-07-19,2363,2363
moneyflow,2013-07-22,2353,2353
moneyflow,2013-07-23,2354,2354
moneyflow,2013-07-24,2354,2354
moneyflow,2013-07-25,2357,2357
moneyflow,2013-07-26,2355,2355
moneyflow,2013-07-29,2354,2354
moneyflow,2013-07-30,2356,2356
moneyflow,2013-07-31,2359,2359
moneyflow,2013-08-01,2358,2358
moneyflow,2013-08-02,2364,2364
moneyflow,2013-08-05,2358,2358
moneyflow,2013-08-06,2356,2356
moneyflow,2013-08-07,2349,2349
moneyflow,2013-08-08,2347,2347
moneyflow,2013-08-09,2352,2352
moneyflow,2013-08-12,2347,2347
moneyflow,2013-08-13,2346,2346
moneyflow,2013-08-14,2349,2349
moneyflow,2013-08-15,2347,2347
moneyflow,2013-08-16,2348,2348
moneyflow,2013-08-19,2345,2345
moneyflow,2013-08-20,2353,2353
moneyflow,2013-08-21,2356,2356
moneyflow,2013-08-22,2353,2353
moneyflow,2013-08-23,2356,2356
moneyflow,2013-08-26,2361,2361
moneyflow,2013-08-27,2355,2355
moneyflow,2013-08-28,2353,2353
moneyflow,2013-08-29,2355,2355
moneyflow,2013-08-30,2359,2359
moneyflow,2013-09-02,2354,2354
moneyflow,2013-09-03,2360,2360
moneyflow,2013-09-04,2361,2361
moneyflow,2013-09-05,2364,2364
moneyflow,2013-09-06,2363,2363
moneyflow,2013-09-09,2358,2358
moneyflow,2013-09-10,2358,2358
moneyflow,2013-09-11,2357,2357
moneyflow,2013-09-12,2354,2354
moneyflow,2013-09-13,2352,2352
moneyflow,2013-09-16,2352,2352
moneyflow,2013-09-17,2354,2354
moneyflow,2013-09-18,2354,2354
moneyflow,2013-09-23,2351,2351
moneyflow,2013-09-24,2355,2355
moneyflow,2013-09-25,2351,2351
moneyflow,2013-09-26,2352,2352
moneyflow,2013-09-27,2358,2358
moneyflow,2013-09-30,2363,2363
moneyflow,2013-10-08,2365,2365
moneyflow,2013-10-09,2361,2361
moneyflow,2013-10-10,2364,2364
moneyflow,2013-10-11,2365,2365
moneyflow,2013-10-14,2358,2358
moneyflow,2013-10-15,2356,2356
moneyflow,2013-10-16,2353,2353
moneyflow,2013-10-17,2355,2355
moneyflow,2013-10-18,2359,2359
moneyflow,2013-10-21,2355,2355
moneyflow,2013-10-22,2355,2355
moneyflow,2013-10-23,2359,2359
moneyflow,2013-10-24,2363,2363
moneyflow,2013-10-25,2349,2349
moneyflow,2013-10-28,2353,2353
moneyflow,2013-10-29,2356,2356
moneyflow,2013-10-30,2359,2359
moneyflow,2013-10-31,2350,2350
moneyflow,2013-11-01,2351,2351
moneyflow,2013-11-04,2345,2345
moneyflow,2013-11-05,2350,2350
moneyflow,2013-11-06,2351,2351
moneyflow,2013-11-07,2352,2352
moneyflow,2013-11-08,2357,2357
moneyflow,2013-11-11,2350,2350
moneyflow,2013-11-12,2357,2357
moneyflow,2013-11-13,2355,2355
moneyflow,2013-11-14,2351,2351
moneyflow,2013-11-15,2351,2351
moneyflow,2013-11-18,2344,2344
moneyflow,2013-11-19,2346,2346
moneyflow,2013-11-20,2345,2345
moneyflow,2013-11-21,2343,2343
moneyflow,2013-11-22,2338,2338
moneyflow,2013-11-25,2338,2338
moneyflow,2013-11-26,2340,2340
moneyflow,2013-11-27,2339,2339
moneyflow,2013-11-28,2336,2336
moneyflow,2013-11-29,2337,2337
moneyflow,2013-12-02,2337,2337
moneyflow,2013-12-03,2342,2342
moneyflow,2013-12-04,2343,2343
moneyflow,2013-12-05,2343,2343
moneyflow,2013-12-06,2344,2344
moneyflow,2013-12-09,2339,2339
moneyflow,2013-12-10,2343,2343
moneyflow,2013-12-11,2347,2347
moneyflow,2013-12-12,2342,2342
moneyflow,2013-12-13,2343,2343
moneyflow,2013-12-16,2343,2343
moneyflow,2013-12-17,2342,2342
moneyflow,2013-12-18,2337,2337
moneyflow,2013-12-19,2339,2339
moneyflow,2013-12-20,2344,2344
moneyflow,2013-12-23,2341,2341
moneyflow,2013-12-24,2347,2347
moneyflow,2013-12-25,2347,2347
moneyflow,2013-12-26,2350,2350
moneyflow,2013-12-27,2349,2349
moneyflow,2013-12-30,2350,2350
moneyflow,2013-12-31,2349,2349
moneyflow,2014-01-02,2351,2351
moneyflow,2014-01-03,2342,2342
moneyflow,2014-01-06,2343,2343
moneyflow,2014-01-07,2348,2348
moneyflow,2014-01-08,2344,2344
moneyflow,2014-01-09,2345,2345
moneyflow,2014-01-10,2340,2340
moneyflow,2014-01-13,2339,2339
moneyflow,2014-01-14,2339,2339
moneyflow,2014-01-15,2340,2340
moneyflow,2014-01-16,2335,2335
moneyflow,2014-01-17,2339,2339
moneyflow,2014-01-20,2342,2342
moneyflow,2014-01-21,2355,2355
moneyflow,2014-01-22,2359,2359
moneyflow,2014-01-23,2369,2369
moneyflow,2014-01-24,2372,2372
moneyflow,2014-01-27,2378,2378
moneyflow,2014-01-28,2388,2388
moneyflow,2014-01-29,2391,2391
moneyflow,2014-01-30,2396,2396
moneyflow,2014-02-07,2393,2393
moneyflow,2014-02-10,2386,2386
moneyflow,2014-02-11,2384,2384
moneyflow,2014-02-12,2387,2387
moneyflow,2014-02-13,2379,2379
moneyflow,2014-02-14,2372,2372
moneyflow,2014-02-17,2369,2369
moneyflow,2014-02-18,2369,2369
moneyflow,2014-02-19,2374,2374
moneyflow,2014-02-20,2366,2366
moneyflow,2014-02-21,2372,2372
moneyflow,2014-02-24,2373,2373
moneyflow,2014-02-25,2374,2374
moneyflow,2014-02-26,2368,2368
moneyflow,2014-02-27,2373,2373
moneyflow,2014-02-28,2379,2379
moneyflow,2014-03-03,2376,2376
moneyflow,2014-03-04,2382,2382
moneyflow,2014-03-05,2384,2384
moneyflow,2014-03-06,2375,2375
moneyflow,2014-03-07,2376,2376
moneyflow,2014-03-10,2379,2379
moneyflow,2014-03-11,2376,2376
moneyflow,2014-03-12,2373,2373
moneyflow,2014-03-13,2368,2368
moneyflow,2014-03-14,2367,2367
moneyflow,2014-03-17,2366,2366
moneyflow,2014-03-18,2368,2368
moneyflow,2014-03-19,2366,2366
moneyflow,2014-03-20,2369,2369
moneyflow,2014-03-21,2366,2366
moneyflow,2014-03-24,2352,2352
moneyflow,2014-03-25,2355,2355
moneyflow,2014-03-26,2354,2354
moneyflow,2014-03-27,2351,2351
moneyflow,2014-03-28,2353,2353
moneyflow,2014-03-31,2340,2340
moneyflow,2014-04-01,2340,2340
moneyflow,2014-04-02,2338,2338
moneyflow,2014-04-03,2343,2343
moneyflow,2014-04-04,2347,2347
moneyflow,2014-04-08,2341,2341
moneyflow,2014-04-09,2339,2339
moneyflow,2014-04-10,2336,2336
moneyflow,2014-04-11,2329,2329
moneyflow,2014-04-14,2325,2325
moneyflow,2014-04-15,2322,2322
moneyflow,2014-04-16,2319,2319
moneyflow,2014-04-17,2322,2322
moneyflow,2014-04-18,2324,2324
moneyflow,2014-04-21,2317,2317
moneyflow,2014-04-22,2319,2319
moneyflow,2014-04-23,2325,2325
moneyflow,2014-04-24,2323,2323
moneyflow,2014-04-25,2319,2319
moneyflow,2014-04-28,2305,2305
moneyflow,2014-04-29,2311,2311
moneyflow,2014-04-30,2315,2315
moneyflow,2014-05-05,2308,2308
moneyflow,2014-05-06,2310,2310
moneyflow,2014-05-07,2315,2315
moneyflow,2014-05-08,2309,2309
moneyflow,2014-05-09,2307,2307
moneyflow,2014-05-12,2305,2305
moneyflow,2014-05-13,2309,2309
moneyflow,2014-05-14,2313,2313
moneyflow,2014-05-15,2315,2315
moneyflow,2014-05-16,2313,2313
moneyflow,2014-05-19,2312,2312
moneyflow,2014-05-20,2316,2316
moneyflow,2014-05-21,2312,2312
moneyflow,2014-05-22,2317,2317
moneyflow,2014-05-23,2315,2315
moneyflow,2014-05-26,2309,2309
moneyflow,2014-05-27,2312,2312
moneyflow,2014-05-28,2310,2310
moneyflow,2014-05-29,2309,2309
moneyflow,2014-05-30,2308,2308
moneyflow,2014-06-03,2307,2307
moneyflow,2014-06-04,2312,2312
moneyflow,2014-06-05,2303,2303
moneyflow,2014-06-06,2303,2303
moneyflow,2014-06-09,2301,2301
moneyflow,2014-06-10,2307,2307
moneyflow,2014-06-11,2304,2304
moneyflow,2014-06-12,2299,2299
moneyflow,2014-06-13,2294,2294
moneyflow,2014-06-16,2296,2296
moneyflow,2014-06-17,2307,2307
moneyflow,2014-06-18,2304,2304
moneyflow,2014-06-19,2304,2304
moneyflow,2014-06-20,2310,2310
moneyflow,2014-06-23,2304,2304
moneyflow,2014-06-24,2309,2309
moneyflow,2014-06-25,2299,2299
moneyflow,2014-06-26,2300,2300
moneyflow,2014-06-27,2303,2303
moneyflow,2014-06-30,2298,2298
moneyflow,2014-07-01,2306,2306
moneyflow,2014-07-02,2314,2314
moneyflow,2014-07-03,2306,2306
moneyflow,2014-07-04,2300,2300
moneyflow,2014-07-07,2302,2302
moneyflow,2014-07-08,2302,2302
moneyflow,2014-07-09,2302,2302
moneyflow,2014-07-10,2301,2301
moneyflow,2014-07-11,2297,2297
moneyflow,2014-07-14,2295,2295
moneyflow,2014-07-15,2299,2299
moneyflow,2014-07-16,2300,2300
moneyflow,2014-07-17,2294,2294
moneyflow,2014-07-18,2298,2298
moneyflow,2014-07-21,2289,2289
moneyflow,2014-07-22,2290,2290
moneyflow,2014-07-23,2299,2299
moneyflow,2014-07-24,2300,2300
moneyflow,2014-07-25,2304,2304
moneyflow,2014-07-28,2304,2304
moneyflow,2014-07-29,2306,2306
moneyflow,2014-07-30,2306,2306
moneyflow,2014-07-31,2315,2315
moneyflow,2014-08-01,2317,2317
moneyflow,2014-08-04,2316,2316
moneyflow,2014-08-05,2319,2319
moneyflow,2014-08-06,2316,2316
moneyflow,2014-08-07,2318,2318
moneyflow,2014-08-08,2321,2321
moneyflow,2014-08-11,2319,2319
moneyflow,2014-08-12,2314,2314
moneyflow,2014-08-13,2311,2311
moneyflow,2014-08-14,2311,2311
moneyflow,2014-08-15,2314,2314
moneyflow,2014-08-18,2303,2303
moneyflow,2014-08-19,2311,2311
moneyflow,2014-08-20,2312,2312
moneyflow,2014-08-21,2319,2319
moneyflow,2014-08-22,2320,2320
moneyflow,2014-08-25,2314,2314
moneyflow,2014-08-26,2310,2310
moneyflow,2014-08-27,2311,2311
moneyflow,2014-08-28,2304,2304
moneyflow,2014-08-29,2308,2308
moneyflow,2014-09-01,2304,2304
moneyflow,2014-09-02,2309,2309
moneyflow,2014-09-03,2312,2312
moneyflow,2014-09-04,2307,2307
moneyflow,2014-09-05,2321,2321
moneyflow,2014-09-09,2310,2310
moneyflow,2014-09-10,2315,2315
moneyflow,2014-09-11,2307,2307
moneyflow,2014-09-12,2316,2316
moneyflow,2014-09-15,2311,2311
moneyflow,2014-09-16,2310,2310
moneyflow,2014-09-17,2315,2315
moneyflow,2014-09-18,2313,2313
moneyflow,2014-09-19,2313,2313
moneyflow,2014-09-22,2302,2302
moneyflow,2014-09-23,2304,2304
moneyflow,2014-09-24,2306,2306
moneyflow,2014-09-25,2311,2311
moneyflow,2014-09-26,2320,2320
moneyflow,2014-09-29,2310,2310
moneyflow,2014-09-30,2330,2330
moneyflow,2014-10-08,2315,2315
moneyflow,2014-10-09,2321,2321
moneyflow,2014-10-10,2319,2319
moneyflow,2014-10-13,2304,2304
moneyflow,2014-10-14,2308,2308
moneyflow,2014-10-15,2311,2311
moneyflow,2014-10-16,2314,2314
moneyflow,2014-10-17,2318,2318
moneyflow,2014-10-20,2323,2323
moneyflow,2014-10-21,2321,2321
moneyflow,2014-10-22,2326,2326
moneyflow,2014-10-23,2316,2316
moneyflow,2014-10-24,2318,2318
moneyflow,2014-10-27,2316,2316
moneyflow,2014-10-28,2321,2321
moneyflow,2014-10-29,2312,2312
moneyflow,2014-10-30,2320,2320
moneyflow,2014-10-31,2325,2325
moneyflow,2014-11-03,2323,2323
moneyflow,2014-11-04,2329,2329
moneyflow,2014-11-05,2336,2336
moneyflow,2014-11-06,2336,2336
moneyflow,2014-11-07,2342,2342
moneyflow,2014-11-10,2334,2334
moneyflow,2014-11-11,2337,2337
moneyflow,2014-11-12,2339,2339
moneyflow,2014-11-13,2337,2337
moneyflow,2014-11-14,2340,2340
moneyflow,2014-11-17,2325,2325
moneyflow,2014-11-18,2330,2330
moneyflow,2014-11-19,2325,2325
moneyflow,2014-11-20,2308,2308
moneyflow,2014-11-21,2310,2310
moneyflow,2014-11-24,2306,2306
moneyflow,2014-11-25,2307,2307
moneyflow,2014-11-26,2309,2309
moneyflow,2014-11-27,2300,2300
moneyflow,2014-11-28,2305,2305
moneyflow,2014-12-01,2292,2292
moneyflow,2014-12-02,2304,2304
moneyflow,2014-12-03,2315,2315
moneyflow,2014-12-04,2311,2311
moneyflow,2014-12-05,2319,2319
moneyflow,2014-12-08,2307,2307
moneyflow,2014-12-09,2312,2312
moneyflow,2014-12-10,2318,2318
moneyflow,2014-12-11,2318,2318
moneyflow,2014-12-12,2324,2324
moneyflow,2014-12-15,2329,2329
moneyflow,2014-12-16,2337,2337
moneyflow,2014-12-17,2337,2337
moneyflow,2014-12-18,2326,2326
moneyflow,2014-12-19,2322,2322
moneyflow,2014-12-22,2322,2322
moneyflow,2014-12-23,2325,2325
moneyflow,2014-12-24,2320,2320
moneyflow,2014-12-25,2323,2323
moneyflow,2014-12-26,2323,2323
moneyflow,2014-12-29,2319,2319
moneyflow,2014-12-30,2338,2338
moneyflow,2014-12-31,2342,2342
moneyflow,2015-01-05,2339,2339
moneyflow,2015-01-06,2338,2338
moneyflow,2015-01-07,2343,2343
moneyflow,2015-01-08,2340,2340
moneyflow,2015-01-09,2339,2339
moneyflow,2015-01-12,2335,2335
moneyflow,2015-01-13,2332,2332
moneyflow,2015-01-14,2331,2331
moneyflow,2015-01-15,2324,2324
moneyflow,2015-01-16,2333,2333
moneyflow,2015-01-19,2323,2323
moneyflow,2015-01-20,2323,2323
moneyflow,2015-01-21,2325,2325
moneyflow,2015-01-22,2330,2330
moneyflow,2015-01-23,2332,2332
moneyflow,2015-01-26,2334,2334
moneyflow,2015-01-27,2339,2339
moneyflow,2015-01-28,2348,2348
moneyflow,2015-01-29,2352,2352
moneyflow,2015-01-30,2352,2352
moneyflow,2015-02-02,2344,2344
moneyflow,2015-02-03,2350,2350
moneyflow,2015-02-04,2349,2349
moneyflow,2015-02-05,2346,2346
moneyflow,2015-02-06,2344,2344
moneyflow,2015-02-09,2343,2343
moneyflow,2015-02-10,2344,2344
moneyflow,2015-02-11,2352,2352
moneyflow,2015-02-12,2355,2355
moneyflow,2015-02-13,2356,2356
moneyflow,2015-02-16,2362,2362
moneyflow,2015-02-17,2391,2391
moneyflow,2015-02-25,2383,2383
moneyflow,2015-02-26,2383,2383
moneyflow,2015-02-27,2384,2384
moneyflow,2015-03-02,2375,2375
moneyflow,2015-03-03,2374,2374
moneyflow,2015-03-04,2374,2374
moneyflow,2015-03-05,2366,2366
moneyflow,2015-03-06,2366,2366
moneyflow,2015-03-09,2360,2360
moneyflow,2015-03-10,2363,2363
moneyflow,2015-03-11,2367,2367
moneyflow,2015-03-12,2364,2364
moneyflow,2015-03-13,2355,2355
moneyflow,2015-03-16,2347,2347
moneyflow,2015-03-17,2346,2346
moneyflow,2015-03-18,2352,2352
moneyflow,2015-03-19,2347,2347
moneyflow,2015-03-20,2355,2355
moneyflow,2015-03-23,2343,2343
moneyflow,2015-03-24,2350,2350
moneyflow,2015-03-25,2347,2347
moneyflow,2015-03-26,2340,2340
moneyflow,2015-03-27,2342,2342
moneyflow,2015-03-30,2325,2325
moneyflow,2015-03-31,2338,2338
moneyflow,2015-04-01,2338,2338
moneyflow,2015-04-02,2332,2332
moneyflow,2015-04-03,2343,2343
moneyflow,2015-04-07,2328,2328
moneyflow,2015-04-08,2329,2329
moneyflow,2015-04-09,2320,2320
moneyflow,2015-04-10,2323,2323
moneyflow,2015-04-13,2322,2322
moneyflow,2015-04-14,2327,2327
moneyflow,2015-04-15,2312,2312
moneyflow,2015-04-16,2311,2311
moneyflow,2015-04-17,2318,2318
moneyflow,2015-04-20,2318,2318
moneyflow,2015-04-21,2327,2327
moneyflow,2015-04-22,2340,2340
moneyflow,2015-04-23,2350,2350
moneyflow,2015-04-24,2357,2357
moneyflow,2015-04-27,2361,2361
moneyflow,2015-04-28,2368,2368
moneyflow,2015-04-29,2372,2372
moneyflow,2015-04-30,2365,2365
moneyflow,2015-05-04,2357,2357
moneyflow,2015-05-05,2347,2347
moneyflow,2015-05-06,2349,2349
moneyflow,2015-05-07,2350,2350
moneyflow,2015-05-08,2347,2347
moneyflow,2015-05-11,2359,2359
moneyflow,2015-05-12,2366,2366
moneyflow,2015-05-13,2357,2357
moneyflow,2015-05-14,2357,2357
moneyflow,2015-05-15,2368,2368
moneyflow,2015-05-18,2357,2357
moneyflow,2015-05-19,2357,2357
moneyflow,2015-05-20,2361,2361
moneyflow,2015-05-21,2359,2359
moneyflow,2015-05-22,2349,2349
moneyflow,2015-05-25,2327,2327
moneyflow,2015-05-26,2335,2335
moneyflow,2015-05-27,2341,2341
moneyflow,2015-05-28,2335,2335
moneyflow,2015-05-29,2334,2334
moneyflow,2015-06-01,2318,2318
moneyflow,2015-06-02,2315,2315
moneyflow,2015-06-03,2313,2313
moneyflow,2015-06-04,2320,2320
moneyflow,2015-06-05,2315,2315
moneyflow,2015-06-08,2299,2299
moneyflow,2015-06-09,2304,2304
moneyflow,2015-06-10,2310,2310
moneyflow,2015-06-11,2319,2319
moneyflow,2015-06-12,2324,2324
moneyflow,2015-06-15,2329,2329
moneyflow,2015-06-16,2324,2324
moneyflow,2015-06-17,2326,2326
moneyflow,2015-06-18,2322,2322
moneyflow,2015-06-19,2327,2327
moneyflow,2015-06-23,2332,2332
moneyflow,2015-06-24,2346,2346
moneyflow,2015-06-25,2347,2347
moneyflow,2015-06-26,2360,2360
moneyflow,2015-06-29,2348,2348
moneyflow,2015-06-30,2335,2335
moneyflow,2015-07-01,2342,2342
moneyflow,2015-07-02,2320,2320
moneyflow,2015-07-03,2269,2269
moneyflow,2015-07-06,2216,2216
moneyflow,2015-07-07,2017,2017
moneyflow,2015-07-08,1465,1465
moneyflow,2015-07-09,1339,1339
moneyflow,2015-07-10,1395,1395
moneyflow,2015-07-13,1749,1749
moneyflow,2015-07-14,1999,1999
moneyflow,2015-07-15,2095,2095
moneyflow,2015-07-16,2111,2111
moneyflow,2015-07-17,2149,2149
moneyflow,2015-07-20,2217,2217
moneyflow,2015-07-21,2241,2241
moneyflow,2015-07-22,2256,2256
moneyflow,2015-07-23,2254,2254
moneyflow,2015-07-24,2259,2259
moneyflow,2015-07-27,2251,2251
moneyflow,2015-07-28,2255,2255
moneyflow,2015-07-29,2263,2263
moneyflow,2015-07-30,2268,2268
moneyflow,2015-07-31,2276,2276
moneyflow,2015-08-03,2268,2268
moneyflow,2015-08-04,2265,2265
moneyflow,2015-08-05,2270,2270
moneyflow,2015-08-06,2268,2268
moneyflow,2015-08-07,2270,2270
moneyflow,2015-08-10,2267,2267
moneyflow,2015-08-11,2275,2275
moneyflow,2015-08-12,2276,2276
moneyflow,2015-08-13,2279,2279
moneyflow,2015-08-14,2292,2292
moneyflow,2015-08-17,2292,2292
moneyflow,2015-08-18,2292,2292
moneyflow,2015-08-19,2297,2297
moneyflow,2015-08-20,2301,2301
moneyflow,2015-08-21,2304,2304
moneyflow,2015-08-24,2300,2300
moneyflow,2015-08-25,2297,2297
moneyflow,2015-08-26,2285,2285
moneyflow,2015-08-27,2266,2266
moneyflow,2015-08-28,2275,2275
moneyflow,2015-08-31,2281,2281
moneyflow,2015-09-01,2282,2282
moneyflow,2015-09-02,2287,2287
moneyflow,2015-09-07,2278,2278
moneyflow,2015-09-08,2298,2298
moneyflow,2015-09-09,2305,2305
moneyflow,2015-09-10,2311,2311
moneyflow,2015-09-11,2317,2317
moneyflow,2015-09-14,2315,2315
moneyflow,2015-09-15,2320,2320
moneyflow,2015-09-16,2325,2325
moneyflow,2015-09-17,2324,2324
moneyflow,2015-09-18,2328,2328
moneyflow,2015-09-21,2331,2331
moneyflow,2015-09-22,2340,2340
moneyflow,2015-09-23,2326,2326
moneyflow,2015-09-24,2331,2331
moneyflow,2015-09-25,2341,2341
moneyflow,2015-09-28,2338,2338
moneyflow,2015-09-29,2340,2340
moneyflow,2015-09-30,2349,2349
moneyflow,2015-10-08,2344,2344
moneyflow,2015-10-09,2353,2353
moneyflow,2015-10-12,2350,2350
moneyflow,2015-10-13,2348,2348
moneyflow,2015-10-14,2352,2352
moneyflow,2015-10-15,2335,2335
moneyflow,2015-10-16,2334,2334
moneyflow,2015-10-19,2321,2321
moneyflow,2015-10-20,2323,2323
moneyflow,2015-10-21,2326,2326
moneyflow,2015-10-22,2340,2340
moneyflow,2015-10-23,2350,2350
moneyflow,2015-10-26,2361,2361
moneyflow,2015-10-27,2358,2358
moneyflow,2015-10-28,2368,2368
moneyflow,2015-10-29,2379,2379
moneyflow,2015-10-30,2384,2384
moneyflow,2015-11-02,2381,2381
moneyflow,2015-11-03,2385,2385
moneyflow,2015-11-04,2393,2393
moneyflow,2015-11-05,2398,2398
moneyflow,2015-11-06,2394,2394
moneyflow,2015-11-09,2407,2407
moneyflow,2015-11-10,2416,2416
moneyflow,2015-11-11,2416,2416
moneyflow,2015-11-12,2427,2427
moneyflow,2015-11-13,2432,2432
moneyflow,2015-11-16,2429,2429
moneyflow,2015-11-17,2432,2432
moneyflow,2015-11-18,2441,2441
moneyflow,2015-11-19,2441,2441
moneyflow,2015-11-20,2441,2441
moneyflow,2015-11-23,2448,2448
moneyflow,2015-11-24,2453,2453
moneyflow,2015-11-25,2461,2461
moneyflow,2015-11-26,2461,2461
moneyflow,2015-11-27,2461,2461
moneyflow,2015-11-30,2471,2471
moneyflow,2015-12-01,2472,2472
moneyflow,2015-12-02,2475,2475
moneyflow,2015-12-03,2475,2475
moneyflow,2015-12-04,2479,2479
moneyflow,2015-12-07,2484,2484
moneyflow,2015-12-08,2496,2496
moneyflow,2015-12-09,2502,2502
moneyflow,2015-12-10,2507,2507
moneyflow,2015-12-11,2504,2504
moneyflow,2015-12-14,2509,2509
moneyflow,2015-12-15,2515,2515
moneyflow,2015-12-16,2516,2516
moneyflow,2015-12-17,2510,2510
moneyflow,2015-12-18,2511,2511
moneyflow,2015-12-21,2511,2511
moneyflow,2015-12-22,2518,2518
moneyflow,2015-12-23,2524,2524
moneyflow,2015-12-24,2517,2517
moneyflow,2015-12-25,2531,2531
moneyflow,2015-12-28,2534,2534
moneyflow,2015-12-29,2531,2531
moneyflow,2015-12-30,2525,2525
moneyflow,2015-12-31,2542,2542
moneyflow,2016-01-04,2546,2546
moneyflow,2016-01-05,2550,2550
moneyflow,2016-01-06,2553,2553
moneyflow,2016-01-07,2553,2553
moneyflow,2016-01-08,2545,2545
moneyflow,2016-01-11,2543,2543
moneyflow,2016-01-12,2551,2551
moneyflow,2016-01-13,2551,2551
moneyflow,2016-01-14,2555,2555
moneyflow,2016-01-15,2559,2559
moneyflow,2016-01-18,2544,2544
moneyflow,2016-01-19,2554,2554
moneyflow,2016-01-20,2561,2561
moneyflow,2016-01-21,2558,2558
moneyflow,2016-01-22,2559,2559
moneyflow,2016-01-25,2563,2563
moneyflow,2016-01-26,2560,2560
moneyflow,2016-01-27,2558,2558
moneyflow,2016-01-28,2560,2560
moneyflow,2016-01-29,2555,2555
moneyflow,2016-02-01,2552,2552
moneyflow,2016-02-02,2552,2552
moneyflow,2016-02-03,2553,2553
moneyflow,2016-02-04,2551,2551
moneyflow,2016-02-05,2556,2556
moneyflow,2016-02-15,2558,2558
moneyflow,2016-02-16,2560,2560
moneyflow,2016-02-17,2564,2564
moneyflow,2016-02-18,2567,2567
moneyflow,2016-02-19,2563,2563
moneyflow,2016-02-22,2551,2551
moneyflow,2016-02-23,2551,2551
moneyflow,2016-02-24,2544,2544
moneyflow,2016-02-25,2539,2539
moneyflow,2016-02-26,2539,2539
moneyflow,2016-02-29,2535,2535
moneyflow,2016-03-01,2540,2540
moneyflow,2016-03-02,2543,2543
moneyflow,2016-03-03,2540,2540
moneyflow,2016-03-04,2542,2542
moneyflow,2016-03-07,2538,2538
moneyflow,2016-03-08,2539,2539
moneyflow,2016-03-09,2542,2542
moneyflow,2016-03-10,2551,2551
moneyflow,2016-03-11,2555,2555
moneyflow,2016-03-14,2554,2554
moneyflow,2016-03-15,2557,2557
moneyflow,2016-03-16,2561,2561
moneyflow,2016-03-17,2557,2557
moneyflow,2016-03-18,2554,2554
moneyflow,2016-03-21,2546,2546
moneyflow,2016-03-22,2545,2545
moneyflow,2016-03-23,2546,2546
moneyflow,2016-03-24,2534,2534
moneyflow,2016-03-25,2537,2537
moneyflow,2016-03-28,2528,2528
moneyflow,2016-03-29,2530,2530
moneyflow,2016-03-30,2524,2524
moneyflow,2016-03-31,2531,2531
moneyflow,2016-04-01,2522,2522
moneyflow,2016-04-05,2514,2514
moneyflow,2016-04-06,2508,2508
moneyflow,2016-04-07,2510,2510
moneyflow,2016-04-08,2515,2515
moneyflow,2016-04-11,2504,2504
moneyflow,2016-04-12,2511,2511
moneyflow,2016-04-13,2512,2512
moneyflow,2016-04-14,2515,2515
moneyflow,2016-04-15,2510,2510
moneyflow,2016-04-18,2511,2511
moneyflow,2016-04-19,2517,2517
moneyflow,2016-04-20,2514,2514
moneyflow,2016-04-21,2516,2516
moneyflow,2016-04-22,2516,2516
moneyflow,2016-04-25,2517,2517
moneyflow,2016-04-26,2516,2516
moneyflow,2016-04-27,2523,2523
moneyflow,2016-04-28,2523,2523
moneyflow,2016-04-29,2523,2523
moneyflow,2016-05-03,2531,2531
moneyflow,2016-05-04,2540,2540
moneyflow,2016-05-05,2537,2537
moneyflow,2016-05-06,2541,2541
moneyflow,2016-05-09,2531,2531
moneyflow,2016-05-10,2540,2540
moneyflow,2016-05-11,2544,2544
moneyflow,2016-05-12,2540,2540
moneyflow,2016-05-13,2538,2538
moneyflow,2016-05-16,2542,2542
moneyflow,2016-05-17,2546,2546
moneyflow,2016-05-18,2544,2544
moneyflow,2016-05-19,2540,2540
moneyflow,2016-05-20,2543,2543
moneyflow,2016-05-23,2538,2538
moneyflow,2016-05-24,2542,2542
moneyflow,2016-05-25,2544,2544
moneyflow,2016-05-26,2549,2549
moneyflow,2016-05-27,2548,2548
moneyflow,2016-05-30,2553,2553
moneyflow,2016-05-31,2551,2551
moneyflow,2016-06-01,2548,2548
moneyflow,2016-06-02,2551,2551
moneyflow,2016-06-03,2556,2556
moneyflow,2016-06-06,2551,2551
moneyflow,2016-06-07,2563,2563
moneyflow,2016-06-08,2566,2566
moneyflow,2016-06-13,2562,2562
moneyflow,2016-06-14,2564,2564
moneyflow,2016-06-15,2569,2569
moneyflow,2016-06-16,2567,2567
moneyflow,2016-06-17,2566,2566
moneyflow,2016-06-20,2561,2561
moneyflow,2016-06-21,2564,2564
moneyflow,2016-06-22,2572,2572
moneyflow,2016-06-23,2575,2575
moneyflow,2016-06-24,2579,2579
moneyflow,2016-06-27,2576,2576
moneyflow,2016-06-28,2580,2580
moneyflow,2016-06-29,2578,2578
moneyflow,2016-06-30,2580,2580
moneyflow,2016-07-01,2586,2586
moneyflow,2016-07-04,2587,2587
moneyflow,2016-07-05,2595,2595
moneyflow,2016-07-06,2597,2597
moneyflow,2016-07-07,2601,2601
moneyflow,2016-07-08,2600,2600
moneyflow,2016-07-11,2599,2599
moneyflow,2016-07-12,2606,2606
moneyflow,2016-07-13,2600,2600
moneyflow,2016-07-14,2605,2605
moneyflow,2016-07-15,2610,2610
moneyflow,2016-07-18,2614,2614
moneyflow,2016-07-19,2615,2615
moneyflow,2016-07-20,2616,2616
moneyflow,2016-07-21,2618,2618
moneyflow,2016-07-22,2620,2620
moneyflow,2016-07-25,2619,2619
moneyflow,2016-07-26,2630,2630
moneyflow,2016-07-27,2635,2635
moneyflow,2016-07-28,2703,2703
moneyflow,2016-07-29,2640,2640
moneyflow,2016-08-01,2644,2644
moneyflow,2016-08-02,2654,2654
moneyflow,2016-08-03,2650,2650
moneyflow,2016-08-04,2649,2649
moneyflow,2016-08-05,2653,2653
moneyflow,2016-08-08,2658,2658
moneyflow,2016-08-09,2663,2663
moneyflow,2016-08-10,2668,2668
moneyflow,2016-08-11,2667,2667
moneyflow,2016-08-12,2674,2674
moneyflow,2016-08-15,2669,2669
moneyflow,2016-08-16,2671,2671
moneyflow,2016-08-17,2675,2675
moneyflow,2016-08-18,2682,2682
moneyflow,2016-08-19,2679,2679
moneyflow,2016-08-22,2683,2683
moneyflow,2016-08-23,2685,2685
moneyflow,2016-08-24,2683,2683
moneyflow,2016-08-25,2679,2679
moneyflow,2016-08-26,2681,2681
moneyflow,2016-08-29,2671,2671
moneyflow,2016-08-30,2680,2680
moneyflow,2016-08-31,2678,2678
moneyflow,2016-09-01,2686,2686
moneyflow,2016-09-02,2685,2685
moneyflow,2016-09-05,2690,2690
moneyflow,2016-09-06,2694,2694
moneyflow,2016-09-07,2686,2686
moneyflow,2016-09-08,2689,2689
moneyflow,2016-09-09,2688,2688
moneyflow,2016-09-12,2678,2678
moneyflow,2016-09-13,2682,2682
moneyflow,2016-09-14,2675,2675
moneyflow,2016-09-19,2670,2670
moneyflow,2016-09-20,2679,2679
moneyflow,2016-09-21,2677,2677
moneyflow,2016-09-22,2680,2680
moneyflow,2016-09-23,2677,2677
moneyflow,2016-09-26,2682,2682
moneyflow,2016-09-27,2687,2687
moneyflow,2016-09-28,2692,2692
moneyflow,2016-09-29,2695,2695
moneyflow,2016-09-30,2700,2700
moneyflow,2016-10-10,2698,2698
moneyflow,2016-10-11,2697,2697
moneyflow,2016-10-12,2713,2713
moneyflow,2016-10-13,2713,2713
moneyflow,2016-10-14,2718,2718
moneyflow,2016-10-17,2720,2720
moneyflow,2016-10-18,2719,2719
moneyflow,2016-10-19,2703,2703
moneyflow,2016-10-20,2721,2721
moneyflow,2016-10-21,2725,2725
moneyflow,2016-10-24,2732,2732
moneyflow,2016-10-25,2737,2737
moneyflow,2016-10-26,2741,2741
moneyflow,2016-10-27,2740,2740
moneyflow,2016-10-28,2741,2741
moneyflow,2016-10-31,2743,2743
moneyflow,2016-11-01,2749,2749
moneyflow,2016-11-02,2744,2744
moneyflow,2016-11-03,2752,2752
moneyflow,2016-11-04,2757,2757
moneyflow,2016-11-07,2754,2754
moneyflow,2016-11-08,2752,2752
moneyflow,2016-11-09,2754,2754
moneyflow,2016-11-10,2753,2753
moneyflow,2016-11-11,2752,2752
moneyflow,2016-11-14,2750,2750
moneyflow,2016-11-15,2747,2747
moneyflow,2016-11-16,2751,2751
moneyflow,2016-11-17,2741,2741
moneyflow,2016-11-18,2741,2741
moneyflow,2016-11-21,2740,2740
moneyflow,2016-11-22,2746,2746
moneyflow,2016-11-23,2754,2754
moneyflow,2016-11-24,2752,2752
moneyflow,2016-11-25,2751,2751
moneyflow,2016-11-28,2752,2752
moneyflow,2016-11-29,2755,2755
moneyflow,2016-11-30,2765,2765
moneyflow,2016-12-01,2764,2764
moneyflow,2016-12-02,2767,2767
moneyflow,2016-12-05,2770,2770
moneyflow,2016-12-06,2773,2773
moneyflow,2016-12-07,2776,2776
moneyflow,2016-12-08,2777,2777
moneyflow,2016-12-09,2777,2777
moneyflow,2016-12-12,2778,2778
moneyflow,2016-12-13,2783,2783
moneyflow,2016-12-14,2788,2788
moneyflow,2016-12-15,2778,2778
moneyflow,2016-12-16,2778,2778
moneyflow,2016-12-19,2779,2779
moneyflow,2016-12-20,2789,2789
moneyflow,2016-12-21,2791,2791
moneyflow,2016-12-22,2787,2787
moneyflow,2016-12-23,2793,2793
moneyflow,2016-12-26,2804,2804
moneyflow,2016-12-27,2810,2810
moneyflow,2016-12-28,2811,2811
moneyflow,2016-12-29,2811,2811
moneyflow,2016-12-30,2822,2822
moneyflow,2017-01-03,2822,2822
moneyflow,2017-01-04,2829,2829
moneyflow,2017-01-05,2827,2827
moneyflow,2017-01-06,2835,2835
moneyflow,2017-01-09,2836,2836
moneyflow,2017-01-10,2837,2837
moneyflow,2017-01-11,2838,2838
moneyflow,2017-01-12,2847,2847
moneyflow,2017-01-13,2851,2851
moneyflow,2017-01-16,2845,2845
moneyflow,2017-01-17,2850,2850
moneyflow,2017-01-18,2855,2855
moneyflow,2017-01-19,2855,2855
moneyflow,2017-01-20,2866,2866
moneyflow,2017-01-23,2870,2870
moneyflow,2017-01-24,2876,2876
moneyflow,2017-01-25,2879,2879
moneyflow,2017-01-26,2882,2882
moneyflow,2017-02-03,2877,2877
moneyflow,2017-02-06,2876,2876
moneyflow,2017-02-07,2876,2876
moneyflow,2017-02-08,2882,2882
moneyflow,2017-02-09,2880,2880
moneyflow,2017-02-10,2883,2883
moneyflow,2017-02-13,2882,2882
moneyflow,2017-02-14,2881,2881
moneyflow,2017-02-15,2888,2888
moneyflow,2017-02-16,2888,2888
moneyflow,2017-02-17,2893,2893
moneyflow,2017-02-20,2878,2878
moneyflow,2017-02-21,2884,2884
moneyflow,2017-02-22,2884,2884
moneyflow,2017-02-23,2886,2886
moneyflow,2017-02-24,2888,2888
moneyflow,2017-02-27,2891,2891
moneyflow,2017-02-28,2890,2890
moneyflow,2017-03-01,2893,2893
moneyflow,2017-03-02,2897,2897
moneyflow,2017-03-03,2899,2899
moneyflow,2017-03-06,2898,2898
moneyflow,2017-03-07,2902,2902
moneyflow,2017-03-08,2902,2902
moneyflow,2017-03-09,2904,2904
moneyflow,2017-03-10,2910,2910
moneyflow,2017-03-13,2902,2902
moneyflow,2017-03-14,2904,2904
moneyflow,2017-03-15,2904,2904
moneyflow,2017-03-16,2904,2904
moneyflow,2017-03-17,2914,2914
moneyflow,2017-03-20,2901,2901
moneyflow,2017-03-21,2911,2911
moneyflow,2017-03-22,2910,2910
moneyflow,2017-03-23,2917,2917
moneyflow,2017-03-24,2922,2922
moneyflow,2017-03-27,2918,2918
moneyflow,2017-03-28,2921,2921
moneyflow,2017-03-29,2932,2932
moneyflow,2017-03-30,2938,2938
moneyflow,2017-03-31,2933,2933
moneyflow,2017-04-05,2930,2930
moneyflow,2017-04-06,2931,2931
moneyflow,2017-04-07,2939,2939
moneyflow,2017-04-10,2930,2930
moneyflow,2017-04-11,2927,2927
moneyflow,2017-04-12,2944,2944
moneyflow,2017-04-13,2936,2936
moneyflow,2017-04-14,2935,2935
moneyflow,2017-04-17,2955,2955
moneyflow,2017-04-18,2954,2954
moneyflow,2017-04-19,2963,2963
moneyflow,2017-04-20,2948,2948
moneyflow,2017-04-21,2952,2952
moneyflow,2017-04-24,2947,2947
moneyflow,2017-04-25,2955,2955
moneyflow,2017-04-26,2958,2958
moneyflow,2017-04-27,2956,2956
moneyflow,2017-04-28,2954,2954
moneyflow,2017-05-02,2940,2940
moneyflow,2017-05-03,2959,2959
moneyflow,2017-05-04,2955,2955
moneyflow,2017-05-05,2961,2961
moneyflow,2017-05-08,2959,2959
moneyflow,2017-05-09,2963,2963
moneyflow,2017-05-10,2957,2957
moneyflow,2017-05-11,2966,2966
moneyflow,2017-05-12,2957,2957
moneyflow,2017-05-15,2954,2954
moneyflow,2017-05-16,2950,2950
moneyflow,2017-05-17,2953,2953
moneyflow,2017-05-18,2957,2957
moneyflow,2017-05-19,2973,2973
moneyflow,2017-05-22,2975,2975
moneyflow,2017-05-23,2980,2980
moneyflow,2017-05-24,2982,2982
moneyflow,2017-05-25,2978,2978
moneyflow,2017-05-26,2979,2979
moneyflow,2017-05-31,2977,2977
moneyflow,2017-06-01,2978,2978
moneyflow,2017-06-02,2974,2974
moneyflow,2017-06-05,2967,2967
moneyflow,2017-06-06,2967,2967
moneyflow,2017-06-07,2974,2974
moneyflow,2017-06-08,2974,2974
moneyflow,2017-06-09,2980,2980
moneyflow,2017-06-12,2977,2977
moneyflow,2017-06-13,2977,2977
moneyflow,2017-06-14,2988,2988
moneyflow,2017-06-15,2983,2983
moneyflow,2017-06-16,2989,2989
moneyflow,2017-06-19,2999,2999
moneyflow,2017-06-20,3006,3006
moneyflow,2017-06-21,3011,3011
moneyflow,2017-06-22,3009,3009
moneyflow,2017-06-23,3017,3017
moneyflow,2017-06-26,3014,3014
moneyflow,2017-06-27,3016,3016
moneyflow,2017-06-28,3015,3015
moneyflow,2017-06-29,3018,3018
moneyflow,2017-06-30,3016,3016
moneyflow,2017-07-03,3014,3014
moneyflow,2017-07-04,3019,3019
moneyflow,2017-07-05,3023,3023
moneyflow,2017-07-06,3018,3018
moneyflow,2017-07-07,3019,3019
moneyflow,2017-07-10,3010,3010
moneyflow,2017-07-11,3022,3022
moneyflow,2017-07-12,3023,3023
moneyflow,2017-07-13,3021,3021
moneyflow,2017-07-14,3027,3027
moneyflow,2017-07-17,3028,3028
moneyflow,2017-07-18,3016,3016
moneyflow,2017-07-19,3016,3016
moneyflow,2017-07-20,3015,3015
moneyflow,2017-07-21,3027,3027
moneyflow,2017-07-24,3030,3030
moneyflow,2017-07-25,3033,3033
moneyflow,2017-07-26,3035,3035
moneyflow,2017-07-27,3042,3042
moneyflow,2017-07-28,3035,3035
moneyflow,2017-07-31,3041,3041
moneyflow,2017-08-01,3049,3049
moneyflow,2017-08-02,3061,3061
moneyflow,2017-08-03,3063,3063
moneyflow,2017-08-04,3061,3061
moneyflow,2017-08-07,3065,3065
moneyflow,2017-08-08,3067,3067
moneyflow,2017-08-09,3074,3074
moneyflow,2017-08-10,3079,3079
moneyflow,2017-08-11,3083,3083
moneyflow,2017-08-14,3087,3087
moneyflow,2017-08-15,3087,3087
moneyflow,2017-08-16,3090,3090
moneyflow,2017-08-17,3085,3085
moneyflow,2017-08-18,3091,3091
moneyflow,2017-08-21,3097,3097
moneyflow,2017-08-22,3095,3095
moneyflow,2017-08-23,3102,3102
moneyflow,2017-08-24,3099,3099
moneyflow,2017-08-25,3105,3105
moneyflow,2017-08-28,3109,3109
moneyflow,2017-08-29,3108,3108
moneyflow,2017-08-30,3109,3109
moneyflow,2017-08-31,3110,3110
moneyflow,2017-09-01,3125,3125
moneyflow,2017-09-04,3119,3119
moneyflow,2017-09-05,3126,3126
moneyflow,2017-09-06,3127,3127
moneyflow,2017-09-07,3124,3124
moneyflow,2017-09-08,3112,3112
moneyflow,2017-09-11,3114,3114
moneyflow,2017-09-12,3116,3116
moneyflow,2017-09-13,3116,3116
moneyflow,2017-09-14,3124,3124
moneyflow,2017-09-15,3130,3130
moneyflow,2017-09-18,3130,3130
moneyflow,2017-09-19,3139,3139
moneyflow,2017-09-20,3140,3140
moneyflow,2017-09-21,3148,3148
moneyflow,2017-09-22,3153,3153
moneyflow,2017-09-25,3154,3154
moneyflow,2017-09-26,3168,3168
moneyflow,2017-09-27,3163,3163
moneyflow,2017-09-28,3168,3168
moneyflow,2017-09-29,3173,3173
moneyflow,2017-10-09,3172,3172
moneyflow,2017-10-10,3176,3176
moneyflow,2017-10-11,3173,3173
moneyflow,2017-10-12,3176,3176
moneyflow,2017-10-13,3185,3185
moneyflow,2017-10-16,3184,3184
moneyflow,2017-10-17,3180,3180
moneyflow,2017-10-18,3179,3179
moneyflow,2017-10-19,3179,3179
moneyflow,2017-10-20,3182,3182
moneyflow,2017-10-23,3171,3171
moneyflow,2017-10-24,3182,3182
moneyflow,2017-10-25,3186,3186
moneyflow,2017-10-26,3185,3185
moneyflow,2017-10-27,3194,3194
moneyflow,2017-10-30,3200,3200
moneyflow,2017-10-31,3207,3207
moneyflow,2017-11-01,3208,3208
moneyflow,2017-11-02,3220,3220
moneyflow,2017-11-03,3227,3227
moneyflow,2017-11-06,3228,3228
moneyflow,2017-11-07,3231,3231
moneyflow,2017-11-08,3234,3234
moneyflow,2017-11-09,3235,3235
moneyflow,2017-11-10,3236,3236
moneyflow,2017-11-13,3234,3234
moneyflow,2017-11-14,3234,3234
moneyflow,2017-11-15,3234,3234
moneyflow,2017-11-16,3226,3226
moneyflow,2017-11-17,3237,3237
moneyflow,2017-11-20,3230,3230
moneyflow,2017-11-21,3228,3228
moneyflow,2017-11-22,3233,3233
moneyflow,2017-11-23,3235,3235
moneyflow,2017-11-24,3232,3232
moneyflow,2017-11-27,3236,3236
moneyflow,2017-11-28,3227,3227
moneyflow,2017-11-29,3227,3227
moneyflow,2017-11-30,3231,3231
moneyflow,2017-12-01,3232,3232
moneyflow,2017-12-04,3228,3228
moneyflow,2017-12-05,3234,3234
moneyflow,2017-12-06,3233,3233
moneyflow,2017-12-07,3226,3226
moneyflow,2017-12-08,3232,3232
moneyflow,2017-12-11,3225,3225
moneyflow,2017-12-12,3227,3227
moneyflow,2017-12-13,3225,3225
moneyflow,2017-12-14,3230,3230
moneyflow,2017-12-15,3238,3238
moneyflow,2017-12-18,3238,3238
moneyflow,2017-12-19,3236,3236
moneyflow,2017-12-20,3244,3244
moneyflow,2017-12-21,3241,3241
moneyflow,2017-12-22,3244,3244
moneyflow,2017-12-25,3247,3247
moneyflow,2017-12-26,3245,3245
moneyflow,2017-12-27,3245,3245
moneyflow,2017-12-28,3240,3240
moneyflow,2017-12-29,3245,3245
moneyflow,2018-01-02,3246,3246
moneyflow,2018-01-03,3253,3253
moneyflow,2018-01-04,3252,3252
moneyflow,2018-01-05,3257,3257
moneyflow,2018-01-08,3256,3256
moneyflow,2018-01-09,3258,3258
moneyflow,2018-01-10,3262,3262
moneyflow,2018-01-11,3266,3266
moneyflow,2018-01-12,3266,3266
moneyflow,2018-01-15,3272,3272
moneyflow,2018-01-16,3274,3274
moneyflow,2018-01-17,3268,3268
moneyflow,2018-01-18,3268,3268
moneyflow,2018-01-19,3274,3274
moneyflow,2018-01-22,3267,3267
moneyflow,2018-01-23,3270,3270
moneyflow,2018-01-24,3275,3275
moneyflow,2018-01-25,3270,3270
moneyflow,2018-01-26,3267,3267
moneyflow,2018-01-29,3264,3264
moneyflow,2018-01-30,3265,3265
moneyflow,2018-01-31,3258,3258
moneyflow,2018-02-01,3254,3254
moneyflow,2018-02-02,3212,3212
moneyflow,2018-02-05,3163,3163
moneyflow,2018-02-06,3156,3156
moneyflow,2018-02-07,3145,3145
moneyflow,2018-02-08,3141,3141
moneyflow,2018-02-09,3148,3148
moneyflow,2018-02-12,3162,3162
moneyflow,2018-02-13,3171,3171
moneyflow,2018-02-14,3185,3185
moneyflow,2018-02-22,3196,3196
moneyflow,2018-02-23,3205,3205
moneyflow,2018-02-26,3220,3220
moneyflow,2018-02-27,3230,3230
moneyflow,2018-02-28,3224,3224
moneyflow,2018-03-01,3221,3221
moneyflow,2018-03-02,3232,3232
moneyflow,2018-03-05,3226,3226
moneyflow,2018-03-06,3227,3227
moneyflow,2018-03-07,3231,3231
moneyflow,2018-03-08,3229,3229
moneyflow,2018-03-09,3230,3230
moneyflow,2018-03-12,3233,3233
moneyflow,2018-03-13,3230,3230
moneyflow,2018-03-14,3229,3229
moneyflow,2018-03-15,3236,3236
moneyflow,2018-03-16,3239,3239
moneyflow,2018-03-19,3242,3242
moneyflow,2018-03-20,3238,3238
moneyflow,2018-03-21,3242,3242
moneyflow,2018-03-22,3244,3244
moneyflow,2018-03-23,3249,3249
moneyflow,2018-03-26,3249,3249
moneyflow,2018-03-27,3244,3244
moneyflow,2018-03-28,3241,3241
moneyflow,2018-03-29,3241,3241
moneyflow,2018-03-30,3246,3246
moneyflow,2018-04-02,3247,3247
moneyflow,2018-04-03,3251,3251
moneyflow,2018-04-04,3253,3253
moneyflow,2018-04-09,3249,3249
moneyflow,2018-04-10,3254,3254
moneyflow,2018-04-11,3254,3254
moneyflow,2018-04-12,3262,3262
moneyflow,2018-04-13,3261,3261
moneyflow,2018-04-16,3260,3260
moneyflow,2018-04-17,3257,3257
moneyflow,2018-04-18,3253,3253
moneyflow,2018-04-19,3252,3252
moneyflow,2018-04-20,3253,3253
moneyflow,2018-04-23,3255,3255
moneyflow,2018-04-24,3259,3259
moneyflow,2018-04-25,3263,3263
moneyflow,2018-04-26,3264,3264
moneyflow,2018-04-27,3269,3269
moneyflow,2018-05-02,3264,3264
moneyflow,2018-05-03,3276,3276
moneyflow,2018-05-04,3275,3275
moneyflow,2018-05-07,3280,3280
moneyflow,2018-05-08,3278,3278
moneyflow,2018-05-09,3276,3276
moneyflow,2018-05-10,3280,3280
moneyflow,2018-05-11,3288,3288
moneyflow,2018-05-14,3293,3293
moneyflow,2018-05-15,3293,3293
moneyflow,2018-05-16,3301,3301
moneyflow,2018-05-17,3305,3305
moneyflow,2018-05-18,3305,3305
moneyflow,2018-05-21,3301,3301
moneyflow,2018-05-22,3301,3301
moneyflow,2018-05-23,3304,3304
moneyflow,2018-05-24,3299,3299
moneyflow,2018-05-25,3304,3304
moneyflow,2018-05-28,3309,3309
moneyflow,2018-05-29,3305,3305
moneyflow,2018-05-30,3300,3300
moneyflow,2018-05-31,3296,3296
moneyflow,2018-06-01,3299,3299
moneyflow,2018-06-04,3303,3303
moneyflow,2018-06-05,3307,3307
moneyflow,2018-06-06,3304,3304
moneyflow,2018-06-07,3299,3299
moneyflow,2018-06-08,3298,3298
moneyflow,2018-06-11,3302,3302
moneyflow,2018-06-12,3301,3301
moneyflow,2018-06-13,3303,3303
moneyflow,2018-06-14,3302,3302
moneyflow,2018-06-15,3297,3297
moneyflow,2018-06-19,3282,3282
moneyflow,2018-06-20,3285,3285
moneyflow,2018-06-21,3284,3284
moneyflow,2018-06-22,3290,3290
moneyflow,2018-06-25,3295,3295
moneyflow,2018-06-26,3301,3301
moneyflow,2018-06-27,3310,3310
moneyflow,2018-06-28,3315,3315
moneyflow,2018-06-29,3321,3321
moneyflow,2018-07-02,3334,3334
moneyflow,2018-07-03,3342,3342
moneyflow,2018-07-04,3340,3340
moneyflow,2018-07-05,3343,3343
moneyflow,2018-07-06,3345,3345
moneyflow,2018-07-09,3354,3354
moneyflow,2018-07-10,3356,3356
moneyflow,2018-07-11,3355,3355
moneyflow,2018-07-12,3355,3355
moneyflow,2018-07-13,3359,3359
moneyflow,2018-07-16,3369,3369
moneyflow,2018-07-17,3372,3372
moneyflow,2018-07-18,3376,3376
moneyflow,2018-07-19,3375,3375
moneyflow,2018-07-20,3383,3383
moneyflow,2018-07-23,3382,3382
moneyflow,2018-07-24,3380,3380
moneyflow,2018-07-25,3385,3385
moneyflow,2018-07-26,3387,3387
moneyflow,2018-07-27,3386,3386
moneyflow,2018-07-30,3388,3388
moneyflow,2018-07-31,3392,3392
moneyflow,2018-08-01,3396,3396
moneyflow,2018-08-02,3398,3398
moneyflow,2018-08-03,3402,3402
moneyflow,2018-08-06,3404,3404
moneyflow,2018-08-07,3410,3410
moneyflow,2018-08-08,3408,3408
moneyflow,2018-08-09,3410,3410
moneyflow,2018-08-10,3410,3410
moneyflow,2018-08-13,3410,3410
moneyflow,2018-08-14,3413,3413
moneyflow,2018-08-15,3413,3413
moneyflow,2018-08-16,3414,3414
moneyflow,2018-08-17,3419,3419
moneyflow,2018-08-20,3421,3421
moneyflow,2018-08-21,3421,3421
moneyflow,2018-08-22,3423,3423
moneyflow,2018-08-23,3419,3419
moneyflow,2018-08-24,3424,3424
moneyflow,2018-08-27,3428,3428
moneyflow,2018-08-28,3432,3432
moneyflow,2018-08-29,3431,3431
moneyflow,2018-08-30,3434,3434
moneyflow,2018-08-31,3436,3436
moneyflow,2018-09-03,3438,3438
moneyflow,2018-09-04,3438,3438
moneyflow,2018-09-05,3441,3441
moneyflow,2018-09-06,3440,3440
moneyflow,2018-09-07,3437,3437
moneyflow,2018-09-10,3434,3434
moneyflow,2018-09-11,3438,3438
moneyflow,2018-09-12,3439,3439
moneyflow,2018-09-13,3445,3445
moneyflow,2018-09-14,3447,3447
moneyflow,2018-09-17,3447,3447
moneyflow,2018-09-18,3450,3450
moneyflow,2018-09-19,3447,3447
moneyflow,2018-09-20,3451,3451
moneyflow,2018-09-21,3455,3455
moneyflow,2018-09-25,3462,3462
moneyflow,2018-09-26,3465,3465
moneyflow,2018-09-27,3467,3467
moneyflow,2018-09-28,3468,3468
moneyflow,2018-10-08,3463,3463
moneyflow,2018-10-09,3474,3474
moneyflow,2018-10-10,3478,3478
moneyflow,2018-10-11,3475,3475
moneyflow,2018-10-12,3480,3480
moneyflow,2018-10-15,3478,3478
moneyflow,2018-10-16,3483,3483
moneyflow,2018-10-17,3484,3484
moneyflow,2018-10-18,3480,3480
moneyflow,2018-10-19,3477,3477
moneyflow,2018-10-22,3472,3472
moneyflow,2018-10-23,3473,3473
moneyflow,2018-10-24,3474,3474
moneyflow,2018-10-25,3470,3470
moneyflow,2018-10-26,3472,3472
moneyflow,2018-10-29,3479,3479
moneyflow,2018-10-30,3483,3483
moneyflow,2018-10-31,3478,3478
moneyflow,2018-11-01,3480,3480
moneyflow,2018-11-02,3481,3481
moneyflow,2018-11-05,3490,3490
moneyflow,2018-11-06,3490,3490
moneyflow,2018-11-07,3494,3494
moneyflow,2018-11-08,3497,3497
moneyflow,2018-11-09,3501,3501
moneyflow,2018-11-12,3505,3505
moneyflow,2018-11-13,3507,3507
moneyflow,2018-11-14,3508,3508
moneyflow,2018-11-15,3512,3512
moneyflow,2018-11-16,3519,3519
moneyflow,2018-11-19,3519,3519
moneyflow,2018-11-20,3518,3518
moneyflow,2018-11-21,3518,3518
moneyflow,2018-11-22,3522,3522
moneyflow,2018-11-23,3525,3525
moneyflow,2018-11-26,3524,3524
moneyflow,2018-11-27,3525,3525
moneyflow,2018-11-28,3531,3531
moneyflow,2018-11-29,3532,3532
moneyflow,2018-11-30,3534,3534
moneyflow,2018-12-03,3536,3536
moneyflow,2018-12-04,3538,3538
moneyflow,2018-12-05,3539,3539
moneyflow,2018-12-06,3539,3539
moneyflow,2018-12-07,3541,3541
moneyflow,2018-12-10,3545,3545
moneyflow,2018-12-11,3542,3542
moneyflow,2018-12-12,3546,3546
moneyflow,2018-12-13,3546,3546
moneyflow,2018-12-14,3547,3547
moneyflow,2018-12-17,3546,3546
moneyflow,2018-12-18,3544,3544
moneyflow,2018-12-19,3543,3543
moneyflow,2018-12-20,3548,3548
moneyflow,2018-12-21,3548,3548
moneyflow,2018-12-24,3547,3547
moneyflow,2018-12-25,3542,3542
moneyflow,2018-12-26,3541,3541
moneyflow,2018-12-27,3542,3542
moneyflow,2018-12-28,3549,3549
moneyflow,2019-01-02,3553,3553
moneyflow,2019-01-03,3554,3554
moneyflow,2019-01-04,3554,3554
moneyflow,2019-01-07,3553,3553
moneyflow,2019-01-08,3555,3555
moneyflow,2019-01-09,3555,3555
moneyflow,2019-01-10,3558,3558
moneyflow,2019-01-11,3559,3559
moneyflow,2019-01-14,3556,3556
moneyflow,2019-01-15,3556,3556
moneyflow,2019-01-16,3558,3558
moneyflow,2019-01-17,3560,3560
moneyflow,2019-01-18,3558,3558
moneyflow,2019-01-21,3559,3559
moneyflow,2019-01-22,3559,3559
moneyflow,2019-01-23,3559,3559
moneyflow,2019-01-24,3562,3562
moneyflow,2019-01-25,3562,3562
moneyflow,2019-01-28,3564,3564
moneyflow,2019-01-29,3564,3564
moneyflow,2019-01-30,3567,3567
moneyflow,2019-01-31,3567,3567
moneyflow,2019-02-01,3568,3568
moneyflow,2019-02-11,3570,3570
moneyflow,2019-02-12,3570,3570
moneyflow,2019-02-13,3571,3571
moneyflow,2019-02-14,3572,3572
moneyflow,2019-02-15,3571,3571
moneyflow,2019-02-18,3571,3571
moneyflow,2019-02-19,3570,3570
moneyflow,2019-02-20,3565,3565
moneyflow,2019-02-21,3571,3571
moneyflow,2019-02-22,3572,3572
moneyflow,2019-02-25,3568,3568
moneyflow,2019-02-26,3568,3568
moneyflow,2019-02-27,3568,3568
moneyflow,2019-02-28,3569,3569
moneyflow,2019-03-01,3573,3573
moneyflow,2019-03-04,3573,3573
moneyflow,2019-03-05,3571,3571
moneyflow,2019-03-06,3566,3566
moneyflow,2019-03-07,3571,3571
moneyflow,2019-03-08,3574,3574
moneyflow,2019-03-11,3575,3575
moneyflow,2019-03-12,3572,3572
moneyflow,2019-03-13,3570,3570
moneyflow,2019-03-14,3572,3572
moneyflow,2019-03-15,3574,3574
moneyflow,2019-03-18,3570,3570
moneyflow,2019-03-19,3571,3571
moneyflow,2019-03-20,3573,3573
moneyflow,2019-03-21,3572,3572
moneyflow,2019-03-22,3570,3570
moneyflow,2019-03-25,3564,3564
moneyflow,2019-03-26,3564,3564
moneyflow,2019-03-27,3559,3559
moneyflow,2019-03-28,3562,3562
moneyflow,2019-03-29,3565,3565
moneyflow,2019-04-01,3569,3569
moneyflow,2019-04-02,3574,3574
moneyflow,2019-04-03,3566,3566
moneyflow,2019-04-04,3568,3568
moneyflow,2019-04-08,3575,3575
moneyflow,2019-04-09,3575,3575
moneyflow,2019-04-10,3578,3578
moneyflow,2019-04-11,3574,3574
moneyflow,2019-04-12,3579,3579
moneyflow,2019-04-15,3580,3580
moneyflow,2019-04-16,3578,3578
moneyflow,2019-04-17,3583,3583
moneyflow,2019-04-18,3588,3588
moneyflow,2019-04-19,3587,3587
moneyflow,2019-04-22,3586,3586
moneyflow,2019-04-23,3585,3585
moneyflow,2019-04-24,3587,3587
moneyflow,2019-04-25,3579,3579
moneyflow,2019-04-26,3577,3577
moneyflow,2019-04-29,3568,3568
moneyflow,2019-04-30,3552,3552
moneyflow,2019-05-06,3575,3575
moneyflow,2019-05-07,3577,3577
moneyflow,2019-05-08,3577,3577
moneyflow,2019-05-09,3583,3583
moneyflow,2019-05-10,3584,3584
moneyflow,2019-05-13,3581,3581
moneyflow,2019-05-14,3582,3582
moneyflow,2019-05-15,3583,3583
moneyflow,2019-05-16,3585,3585
moneyflow,2019-05-17,3589,3589
moneyflow,2019-05-20,3586,3586
moneyflow,2019-05-21,3590,3590
moneyflow,2019-05-22,3592,3592
moneyflow,2019-05-23,3592,3592
moneyflow,2019-05-24,3595,3595
moneyflow,2019-05-27,3597,3597
moneyflow,2019-05-28,3597,3597
moneyflow,2019-05-29,3600,3600
moneyflow,2019-05-30,3598,3598
moneyflow,2019-05-31,3599,3599
moneyflow,2019-06-03,3595,3595
moneyflow,2019-06-04,3596,3596
moneyflow,2019-06-05,3595,3595
moneyflow,2019-06-06,3599,3599
moneyflow,2019-06-10,3595,3595
moneyflow,2019-06-11,3596,3596
moneyflow,2019-06-12,3595,3595
moneyflow,2019-06-13,3595,3595
moneyflow,2019-06-14,3597,3597
moneyflow,2019-06-17,3596,3596
moneyflow,2019-06-18,3598,3598
moneyflow,2019-06-19,3599,3599
moneyflow,2019-06-20,3601,3601
moneyflow,2019-06-21,3602,3602
moneyflow,2019-06-24,3604,3604
moneyflow,2019-06-25,3605,3605
moneyflow,2019-06-26,3605,3605
moneyflow,2019-06-27,3607,3607
moneyflow,2019-06-28,3611,3611
moneyflow,2019-07-01,3610,3610
moneyflow,2019-07-02,3611,3611
moneyflow,2019-07-03,3610,3610
moneyflow,2019-07-04,3607,3607
moneyflow,2019-07-05,3612,3612
moneyflow,2019-07-08,3609,3609
moneyflow,2019-07-09,3605,3605
moneyflow,2019-07-10,3607,3607
moneyflow,2019-07-11,3605,3605
moneyflow,2019-07-12,3609,3609
moneyflow,2019-07-15,3611,3611
moneyflow,2019-07-16,3613,3613
moneyflow,2019-07-17,3612,3612
moneyflow,2019-07-18,3613,3613
moneyflow,2019-07-19,3613,3613
moneyflow,2019-07-22,3639,3639
moneyflow,2019-07-23,3639,3639
moneyflow,2019-07-24,3638,3638
moneyflow,2019-07-25,3640,3640
moneyflow,2019-07-26,3642,3642
moneyflow,2019-07-29,3643,3643
moneyflow,2019-07-30,3641,3641
moneyflow,2019-07-31,3646,3646
moneyflow,2019-08-01,3646,3646
moneyflow,2019-08-02,3648,3648
moneyflow,2019-08-05,3649,3649
moneyflow,2019-08-06,3650,3650
moneyflow,2019-08-07,3649,3649
moneyflow,2019-08-08,3650,3650
moneyflow,2019-08-09,3652,3652
moneyflow,2019-08-12,3652,3652
moneyflow,2019-08-13,3652,3652
moneyflow,2019-08-14,3650,3650
moneyflow,2019-08-15,3655,3655
moneyflow,2019-08-16,3654,3654
moneyflow,2019-08-19,3651,3651
moneyflow,2019-08-20,3651,3651
moneyflow,2019-08-21,3651,3651
moneyflow,2019-08-22,3651,3651
moneyflow,2019-08-23,3651,3651
moneyflow,2019-08-26,3653,3653
moneyflow,2019-08-27,3653,3653
moneyflow,2019-08-28,3656,3656
moneyflow,2019-08-29,3656,3656
moneyflow,2019-08-30,3660,3660
moneyflow,2019-09-02,3661,3661
moneyflow,2019-09-03,3661,3661
moneyflow,2019-09-04,3661,3661
moneyflow,2019-09-05,3663,3663
moneyflow,2019-09-06,3663,3663
moneyflow,2019-09-09,3664,3664
moneyflow,2019-09-10,3661,3661
moneyflow,2019-09-11,3661,3661
moneyflow,2019-09-12,3662,3662
moneyflow,2019-09-16,3662,3662
moneyflow,2019-09-17,3665,3665
moneyflow,2019-09-18,3664,3664
moneyflow,2019-09-19,3662,3662
moneyflow,2019-09-20,3665,3665
moneyflow,2019-09-23,3663,3663
moneyflow,2019-09-24,3662,3662
moneyflow,2019-09-25,3665,3665
moneyflow,2019-09-26,3663,3663
moneyflow,2019-09-27,3664,3664
moneyflow,2019-09-30,3670,3670
moneyflow,2019-10-08,3666,3666
moneyflow,2019-10-09,3666,3666
moneyflow,2019-10-10,3667,3667
moneyflow,2019-10-11,3669,3669
moneyflow,2019-10-14,3670,3670
moneyflow,2019-10-15,3672,3672
moneyflow,2019-10-16,3672,3672
moneyflow,2019-10-17,3671,3671
moneyflow,2019-10-18,3673,3673
moneyflow,2019-10-21,3671,3671
moneyflow,2019-10-22,3672,3672
moneyflow,2019-10-23,3674,3674
moneyflow,2019-10-24,3675,3675
moneyflow,2019-10-25,3676,3676
moneyflow,2019-10-28,3677,3677
moneyflow,2019-10-29,3680,3680
moneyflow,2019-10-30,3680,3680
moneyflow,2019-10-31,3682,3682
moneyflow,2019-11-01,3683,3683
moneyflow,2019-11-04,3684,3684
moneyflow,2019-11-05,3691,3691
moneyflow,2019-11-06,3691,3691
moneyflow,2019-11-07,3696,3696
moneyflow,2019-11-08,3699,3699
moneyflow,2019-11-11,3701,3701
moneyflow,2019-11-12,3703,3703
moneyflow,2019-11-13,3697,3697
moneyflow,2019-11-14,3701,3701
moneyflow,2019-11-15,3703,3703
moneyflow,2019-11-18,3708,3708
moneyflow,2019-11-19,3707,3707
moneyflow,2019-11-20,3707,3707
moneyflow,2019-11-21,3710,3710
moneyflow,2019-11-22,3712,3712
moneyflow,2019-11-25,3715,3715
moneyflow,2019-11-26,3714,3714
moneyflow,2019-11-27,3714,3714
moneyflow,2019-11-28,3712,3712
moneyflow,2019-11-29,3713,3713
moneyflow,2019-12-02,3711,3711
moneyflow,2019-12-03,3716,3716
moneyflow,2019-12-04,3716,3716
moneyflow,2019-12-05,3719,3719
moneyflow,2019-12-06,3719,3719
moneyflow,2019-12-09,3720,3720
moneyflow,2019-12-10,3719,3719
moneyflow,2019-12-11,3722,3722
moneyflow,2019-12-12,3723,3723
moneyflow,2019-12-13,3726,3726
moneyflow,2019-12-16,3730,3730
moneyflow,2019-12-17,3731,3731
moneyflow,2019-12-18,3730,3730
moneyflow,2019-12-19,3731,3731
moneyflow,2019-12-20,3731,3731
moneyflow,2019-12-23,3735,3735
moneyflow,2019-12-24,3738,3738
moneyflow,2019-12-25,3735,3735
moneyflow,2019-12-26,3736,3736
moneyflow,2019-12-27,3738,3738
moneyflow,2019-12-30,3740,3740
moneyflow,2019-12-31,3741,3741
moneyflow,2020-01-02,3740,3740
moneyflow,2020-01-03,3741,3741
moneyflow,2020-01-06,3743,3743
moneyflow,2020-01-07,3743,3743
moneyflow,2020-01-08,3742,3742
moneyflow,2020-01-09,3742,3742
moneyflow,2020-01-10,3740,3740
moneyflow,2020-01-13,3740,3740
moneyflow,2020-01-14,3742,3742
moneyflow,2020-01-15,3742,3742
moneyflow,2020-01-16,3744,3744
moneyflow,2020-01-17,3747,3747
moneyflow,2020-01-20,3751,3751
moneyflow,2020-01-21,3752,3752
moneyflow,2020-01-22,3756,3756
moneyflow,2020-01-23,3759,3759
moneyflow,2020-02-03,3756,3756
moneyflow,2020-02-04,3761,3761
moneyflow,2020-02-05,3764,3764
moneyflow,2020-02-06,3764,3764
moneyflow,2020-02-07,3766,3766
moneyflow,2020-02-10,3766,3766
moneyflow,2020-02-11,3769,3769
moneyflow,2020-02-12,3771,3771
moneyflow,2020-02-13,3773,3773
moneyflow,2020-02-14,3774,3774
moneyflow,2020-02-17,3775,3775
moneyflow,2020-02-18,3775,3775
moneyflow,2020-02-19,3777,3777
moneyflow,2020-02-20,3777,3777
moneyflow,2020-02-21,3780,3780
moneyflow,2020-02-24,3781,3781
moneyflow,2020-02-25,3781,3781
moneyflow,2020-02-26,3781,3781
moneyflow,2020-02-27,3782,3782
moneyflow,2020-02-28,3783,3783
moneyflow,2020-03-02,3782,3782
moneyflow,2020-03-03,3781,3781
moneyflow,2020-03-04,3778,3778
moneyflow,2020-03-05,3779,3779
moneyflow,2020-03-06,3778,3778
moneyflow,2020-03-09,3777,3777
moneyflow,2020-03-10,3778,3778
moneyflow,2020-03-11,3776,3776
moneyflow,2020-03-12,3777,3777
moneyflow,2020-03-13,3778,3778
moneyflow,2020-03-16,3777,3777
moneyflow,2020-03-17,3777,3777
moneyflow,2020-03-18,3777,3777
moneyflow,2020-03-19,3781,3781
moneyflow,2020-03-20,3782,3782
moneyflow,2020-03-23,3785,3785
moneyflow,2020-03-24,3784,3784
moneyflow,2020-03-25,3783,3783
moneyflow,2020-03-26,3787,3787
moneyflow,2020-03-27,3789,3789
moneyflow,2020-03-30,3789,3789
moneyflow,2020-03-31,3789,3789
moneyflow,2020-04-01,3790,3790
moneyflow,2020-04-02,3791,3791
moneyflow,2020-04-03,3792,3792
moneyflow,2020-04-07,3789,3789
moneyflow,2020-04-08,3789,3789
moneyflow,2020-04-09,3791,3791
moneyflow,2020-04-10,3792,3792
moneyflow,2020-04-13,3791,3791
moneyflow,2020-04-14,3791,3791
moneyflow,2020-04-15,3790,3790
moneyflow,2020-04-16,3797,3797
moneyflow,2020-04-17,3800,3800
moneyflow,2020-04-20,3796,3796
moneyflow,2020-04-21,3798,3798
moneyflow,2020-04-22,3802,3802
moneyflow,2020-04-23,3803,3803
moneyflow,2020-04-24,3802,3802
moneyflow,2020-04-27,3802,3802
moneyflow,2020-04-28,3794,3794
moneyflow,2020-04-29,3785,3785
moneyflow,2020-04-30,3770,3770
moneyflow,2020-05-06,3796,3796
moneyflow,2020-05-07,3803,3803
moneyflow,2020-05-08,3805,3805
moneyflow,2020-05-11,3807,3807
moneyflow,2020-05-12,3807,3807
moneyflow,2020-05-13,3810,3810
moneyflow,2020-05-14,3812,3812
moneyflow,2020-05-15,3813,3813
moneyflow,2020-05-18,3812,3812
moneyflow,2020-05-19,3811,3811
moneyflow,2020-05-20,3813,3813
moneyflow,2020-05-21,3814,3814
moneyflow,2020-05-22,3817,3817
moneyflow,2020-05-25,3817,3817
moneyflow,2020-05-26,3817,3817
moneyflow,2020-05-27,3811,3811
moneyflow,2020-05-28,3814,3814
moneyflow,2020-05-29,3813,3813
moneyflow,2020-06-01,3812,3812
moneyflow,2020-06-02,3817,3817
moneyflow,2020-06-03,3818,3818
moneyflow,2020-06-04,3818,3818
moneyflow,2020-06-05,3819,3819
moneyflow,2020-06-08,3822,3822
moneyflow,2020-06-09,3827,3827
moneyflow,2020-06-10,3826,3826
moneyflow,2020-06-11,3826,3826
moneyflow,2020-06-12,3827,3827
moneyflow,2020-06-15,3830,3830
moneyflow,2020-06-16,3835,3835
moneyflow,2020-06-17,3833,3833
moneyflow,2020-06-18,3836,3836
moneyflow,2020-06-19,3838,3838
moneyflow,2020-06-22,3838,3838
moneyflow,2020-06-23,3837,3837
moneyflow,2020-06-24,3835,3835
moneyflow,2020-06-29,3839,3839
moneyflow,2020-06-30,3835,3835
moneyflow,2020-07-01,3846,3846
moneyflow,2020-07-02,3847,3847
moneyflow,2020-07-03,3849,3849
moneyflow,2020-07-06,3849,3849
moneyflow,2020-07-07,3848,3848
moneyflow,2020-07-08,3854,3854
moneyflow,2020-07-09,3856,3856
moneyflow,2020-07-10,3857,3857
moneyflow,2020-07-13,3859,3859
moneyflow,2020-07-14,3862,3862
moneyflow,2020-07-15,3861,3861
moneyflow,2020-07-16,3864,3864
moneyflow,2020-07-17,3869,3869
moneyflow,2020-07-20,3868,3868
moneyflow,2020-07-21,3871,3871
moneyflow,2020-07-22,3877,3877
moneyflow,2020-07-23,3880,3880
moneyflow,2020-07-24,3882,3882
moneyflow,2020-07-27,3884,3884
moneyflow,2020-07-28,3883,3883
moneyflow,2020-07-29,3886,3886
moneyflow,2020-07-30,3888,3888
moneyflow,2020-07-31,3894,3894
moneyflow,2020-08-03,3893,3893
moneyflow,2020-08-04,3895,3895
moneyflow,2020-08-05,3897,3897
moneyflow,2020-08-06,3900,3900
moneyflow,2020-08-07,3901,3901
moneyflow,2020-08-10,3906,3906
moneyflow,2020-08-11,3905,3905
moneyflow,2020-08-12,3908,3908
moneyflow,2020-08-13,3909,3909
moneyflow,2020-08-14,3911,3911
moneyflow,2020-08-17,3915,3915
moneyflow,2020-08-18,3917,3917
moneyflow,2020-08-19,3918,3918
moneyflow,2020-08-20,3921,3921
moneyflow,2020-08-21,3923,3923
moneyflow,2020-08-24,3939,3939
moneyflow,2020-08-25,3943,3943
moneyflow,2020-08-26,3944,3944
moneyflow,2020-08-27,3944,3944
moneyflow,2020-08-28,3948,3948
moneyflow,2020-08-31,3950,3950
moneyflow,2020-09-01,3953,3953
moneyflow,2020-09-02,3956,3956
moneyflow,2020-09-03,3961,3961
moneyflow,2020-09-04,3958,3958
moneyflow,2020-09-07,3958,3958
moneyflow,2020-09-08,3962,3962
moneyflow,2020-09-09,3957,3957
moneyflow,2020-09-10,3963,3963
moneyflow,2020-09-11,3966,3966
moneyflow,2020-09-14,3962,3962
moneyflow,2020-09-15,3969,3969
moneyflow,2020-09-16,3973,3973
moneyflow,2020-09-17,3978,3978
moneyflow,2020-09-18,3985,3985
moneyflow,2020-09-21,3985,3985
moneyflow,2020-09-22,3992,3992
moneyflow,2020-09-23,3993,3993
moneyflow,2020-09-24,3997,3997
moneyflow,2020-09-25,4003,4003
moneyflow,2020-09-28,4006,4006
moneyflow,2020-09-29,4012,4012
moneyflow,2020-09-30,4015,4015
moneyflow,2020-10-09,4018,4018
moneyflow,2020-10-12,4017,4017
moneyflow,2020-10-13,4022,4022
moneyflow,2020-10-14,4020,4020
moneyflow,2020-10-15,4022,4022
moneyflow,2020-10-16,4024,4024
moneyflow,2020-10-19,4027,4027
moneyflow,2020-10-20,4028,4028
moneyflow,2020-10-21,4029,4029
moneyflow,2020-10-22,4033,4033
moneyflow,2020-10-23,4035,4035
moneyflow,2020-10-26,4036,4036
moneyflow,2020-10-27,4037,4037
moneyflow,2020-10-28,4038,4038
moneyflow,2020-10-29,4042,4042
moneyflow,2020-10-30,4043,4043
moneyflow,2020-11-02,4043,4043
moneyflow,2020-11-03,4043,4043
moneyflow,2020-11-04,4043,4043
moneyflow,2020-11-05,4048,4048
moneyflow,2020-11-06,4049,4049
moneyflow,2020-11-09,4055,4055
moneyflow,2020-11-10,4056,4056
moneyflow,2020-11-11,4058,4058
moneyflow,2020-11-12,4061,4061
moneyflow,2020-11-13,4058,4058
moneyflow,2020-11-16,4059,4059
moneyflow,2020-11-17,4061,4061
moneyflow,2020-11-18,4065,4065
moneyflow,2020-11-19,4064,4064
moneyflow,2020-11-20,4064,4064
moneyflow,2020-11-23,4065,4065
moneyflow,2020-11-24,4064,4064
moneyflow,2020-11-25,4063,4063
moneyflow,2020-11-26,4068,4068
moneyflow,2020-11-27,4068,4068
moneyflow,2020-11-30,4066,4066
moneyflow,2020-12-01,4068,4068
moneyflow,2020-12-02,4068,4068
moneyflow,2020-12-03,4071,4071
moneyflow,2020-12-04,4072,4072
moneyflow,2020-12-07,4073,4073
moneyflow,2020-12-08,4078,4078
moneyflow,2020-12-09,4078,4078
moneyflow,2020-12-10,4079,4079
moneyflow,2020-12-11,4082,4082
moneyflow,2020-12-14,4084,4084
moneyflow,2020-12-15,4088,4088
moneyflow,2020-12-16,4091,4091
moneyflow,2020-12-17,4091,4091
moneyflow,2020-12-18,4094,4094
moneyflow,2020-12-21,4096,4096
moneyflow,2020-12-22,4095,4095
moneyflow,2020-12-23,4098,4098
moneyflow,2020-12-24,4100,4100
moneyflow,2020-12-25,4103,4103
moneyflow,2020-12-28,4106,4106
moneyflow,2020-12-29,4112,4112
moneyflow,2020-12-30,4114,4114
moneyflow,2020-12-31,4116,4116
moneyflow,2021-01-04,4119,4119
moneyflow,2021-01-05,4120,4120
moneyflow,2021-01-06,4122,4122
moneyflow,2021-01-07,4127,4127
moneyflow,2021-01-08,4128,4128
moneyflow,2021-01-11,4124,4124
moneyflow,2021-01-12,4125,4125
moneyflow,2021-01-13,4127,4127
moneyflow,2021-01-14,4124,4124
moneyflow,2021-01-15,4121,4121
moneyflow,2021-01-18,4124,4124
moneyflow,2021-01-19,4128,4128
moneyflow,2021-01-20,4128,4128
moneyflow,2021-01-21,4131,4131
moneyflow,2021-01-22,4135,4135
moneyflow,2021-01-25,4133,4133
moneyflow,2021-01-26,4136,4136
moneyflow,2021-01-27,4140,4140
moneyflow,2021-01-28,4146,4146
moneyflow,2021-01-29,4148,4148
moneyflow,2021-02-01,4152,4152
moneyflow,2021-02-02,4153,4153
moneyflow,2021-02-03,4154,4154
moneyflow,2021-02-04,4154,4154
moneyflow,2021-02-05,4155,4155
moneyflow,2021-02-08,4157,4157
moneyflow,2021-02-09,4164,4164
moneyflow,2021-02-10,4172,4172
moneyflow,2021-02-18,4167,4167
moneyflow,2021-02-19,4171,4171
moneyflow,2021-02-22,4170,4170
moneyflow,2021-02-23,4171,4171
moneyflow,2021-02-24,4173,4173
moneyflow,2021-02-25,4175,4175
moneyflow,2021-02-26,4176,4176
moneyflow,2021-03-01,4177,4177
moneyflow,2021-03-02,4178,4178
moneyflow,2021-03-03,4179,4179
moneyflow,2021-03-04,4179,4179
moneyflow,2021-03-05,4180,4180
moneyflow,2021-03-08,4182,4182
moneyflow,2021-03-09,4183,4183
moneyflow,2021-03-10,4184,4184
moneyflow,2021-03-11,4184,4184
moneyflow,2021-03-12,4185,4185
moneyflow,2021-03-15,4185,4185
moneyflow,2021-03-16,4187,4187
moneyflow,2021-03-17,4189,4189
moneyflow,2021-03-18,4191,4191
moneyflow,2021-03-19,4189,4189
moneyflow,2021-03-22,4200,4200
moneyflow,2021-03-23,4201,4201
moneyflow,2021-03-24,4200,4200
moneyflow,2021-03-25,4204,4204
moneyflow,2021-03-26,4208,4208
moneyflow,2021-03-29,4213,4213
moneyflow,2021-03-30,4216,4216
moneyflow,2021-03-31,4214,4214
moneyflow,2021-04-01,4219,4219
moneyflow,2021-04-02,4219,4219
moneyflow,2021-04-06,4226,4226
moneyflow,2021-04-07,4224,4224
moneyflow,2021-04-08,4227,4227
moneyflow,2021-04-09,4231,4231
moneyflow,2021-04-12,4235,4235
moneyflow,2021-04-13,4238,4238
moneyflow,2021-04-14,4240,4240
moneyflow,2021-04-15,4239,4239
moneyflow,2021-04-16,4243,4243
moneyflow,2021-04-19,4247,4247
moneyflow,2021-04-20,4250,4250
moneyflow,2021-04-21,4258,4258
moneyflow,2021-04-22,4258,4258
moneyflow,2021-04-23,4250,4250
moneyflow,2021-04-26,4256,4256
moneyflow,2021-04-27,4245,4245
moneyflow,2021-04-28,4258,4258
moneyflow,2021-04-29,4243,4243
moneyflow,2021-04-30,4237,4237
moneyflow,2021-05-06,4264,4264
moneyflow,2021-05-07,4264,4264
moneyflow,2021-05-10,4265,4265
moneyflow,2021-05-11,4268,4268
moneyflow,2021-05-12,4274,4274
moneyflow,2021-05-13,4281,4281
moneyflow,2021-05-14,4279,4279
moneyflow,2021-05-17,4282,4282
moneyflow,2021-05-18,4278,4278
moneyflow,2021-05-19,4279,4279
moneyflow,2021-05-20,4293,4293
moneyflow,2021-05-21,4294,4294
moneyflow,2021-05-24,4292,4292
moneyflow,2021-05-25,4298,4298
moneyflow,2021-05-26,4303,4303
moneyflow,2021-05-27,4305,4305
moneyflow,2021-05-28,4308,4308
moneyflow,2021-05-31,4310,4310
moneyflow,2021-06-01,4311,4311
moneyflow,2021-06-02,4314,4314
moneyflow,2021-06-03,4317,4317
moneyflow,2021-06-04,4318,4318
moneyflow,2021-06-07,4318,4318
moneyflow,2021-06-08,4322,4322
moneyflow,2021-06-09,4323,4323
moneyflow,2021-06-10,4324,4324
moneyflow,2021-06-11,4330,4330
moneyflow,2021-06-15,4327,4327
moneyflow,2021-06-16,4328,4328
moneyflow,2021-06-17,4333,4333
moneyflow,2021-06-18,4334,4334
moneyflow,2021-06-21,4330,4330
moneyflow,2021-06-22,4338,4338
moneyflow,2021-06-23,4339,4339
moneyflow,2021-06-24,4342,4342
moneyflow,2021-06-25,4347,4347
moneyflow,2021-06-28,4351,4351
moneyflow,2021-06-29,4355,4355
moneyflow,2021-06-30,4357,4357
moneyflow,2021-07-01,4359,4359
moneyflow,2021-07-02,4361,4361
moneyflow,2021-07-05,4363,4363
moneyflow,2021-07-06,4368,4368
moneyflow,2021-07-07,4373,4373
moneyflow,2021-07-08,4377,4377
moneyflow,2021-07-09,4378,4378
moneyflow,2021-07-12,4378,4378
moneyflow,2021-07-13,4380,4380
moneyflow,2021-07-14,4378,4378
moneyflow,2021-07-15,4378,4378
moneyflow,2021-07-16,4382,4382
moneyflow,2021-07-19,4381,4381
moneyflow,2021-07-20,4384,4384
moneyflow,2021-07-21,4383,4383
moneyflow,2021-07-22,4389,4389
moneyflow,2021-07-23,4391,4391
moneyflow,2021-07-26,4395,4395
moneyflow,2021-07-27,4396,4396
moneyflow,2021-07-28,4400,4400
moneyflow,2021-07-29,4402,4402
moneyflow,2021-07-30,4405,4405
moneyflow,2021-08-02,4406,4406
moneyflow,2021-08-03,4408,4408
moneyflow,2021-08-04,4414,4414
moneyflow,2021-08-05,4418,4418
moneyflow,2021-08-06,4420,4420
moneyflow,2021-08-09,4419,4419
moneyflow,2021-08-10,4423,4423
moneyflow,2021-08-11,4423,4423
moneyflow,2021-08-12,4427,4427
moneyflow,2021-08-13,4432,4432
moneyflow,2021-08-16,4434,4434
moneyflow,2021-08-17,4437,4437
moneyflow,2021-08-18,4437,4437
moneyflow,2021-08-19,4440,4440
moneyflow,2021-08-20,4443,4443
moneyflow,2021-08-23,4443,4443
moneyflow,2021-08-24,4447,4447
moneyflow,2021-08-25,4446,4446
moneyflow,2021-08-26,4448,4448
moneyflow,2021-08-27,4449,4449
moneyflow,2021-08-30,4449,4449
moneyflow,2021-08-31,4448,4448
moneyflow,2021-09-01,4449,4449
moneyflow,2021-09-02,4447,4447
moneyflow,2021-09-03,4447,4447
moneyflow,2021-09-06,4449,4449
moneyflow,2021-09-07,4453,4453
moneyflow,2021-09-08,4455,4455
moneyflow,2021-09-09,4460,4460
moneyflow,2021-09-10,4461,4461
moneyflow,2021-09-13,4467,4467
moneyflow,2021-09-14,4471,4471
moneyflow,2021-09-15,4471,4471
moneyflow,2021-09-16,4471,4471
moneyflow,2021-09-17,4472,4472
moneyflow,2021-09-22,4469,4469
moneyflow,2021-09-23,4467,4467
moneyflow,2021-09-24,4449,4449
moneyflow,2021-09-27,4468,4468
moneyflow,2021-09-28,4472,4472
moneyflow,2021-09-29,4477,4477
moneyflow,2021-09-30,4479,4479
moneyflow,2021-10-08,4481,4481
moneyflow,2021-10-11,4482,4482
moneyflow,2021-10-12,4485,4485
moneyflow,2021-10-13,4486,4486
moneyflow,2021-10-14,4487,4487
moneyflow,2021-10-15,4489,4489
moneyflow,2021-10-18,4494,4494
moneyflow,2021-10-19,4496,4496
moneyflow,2021-10-20,4498,4498
moneyflow,2021-10-21,4502,4502
moneyflow,2021-10-22,4503,4503
moneyflow,2021-10-25,4503,4503
moneyflow,2021-10-26,4506,4506
moneyflow,2021-10-27,4512,4512
moneyflow,2021-10-28,4518,4518
moneyflow,2021-10-29,4517,4517
moneyflow,2021-11-01,4520,4520
moneyflow,2021-11-02,4523,4523
moneyflow,2021-11-03,4523,4523
moneyflow,2021-11-04,4524,4524
moneyflow,2021-11-05,4524,4524
moneyflow,2021-11-08,4525,4525
moneyflow,2021-11-09,4521,4521
moneyflow,2021-11-10,4524,4524
moneyflow,2021-11-11,4523,4523
moneyflow,2021-11-12,4528,4528
moneyflow,2021-11-15,4530,4530
moneyflow,2021-11-16,4533,4533
moneyflow,2021-11-17,4534,4534
moneyflow,2021-11-18,4540,4540
moneyflow,2021-11-19,4542,4542
moneyflow,2021-11-22,4545,4545
moneyflow,2021-11-23,4546,4546
moneyflow,2021-11-24,4545,4545
moneyflow,2021-11-25,4542,4542
moneyflow,2021-11-26,4547,4547
moneyflow,2021-11-29,4548,4548
moneyflow,2021-11-30,4549,4549
moneyflow,2021-12-01,4550,4550
moneyflow,2021-12-02,4552,4552
moneyflow,2021-12-03,4552,4552
moneyflow,2021-12-06,4557,4557
moneyflow,2021-12-07,4559,4559
moneyflow,2021-12-08,4560,4560
moneyflow,2021-12-09,4562,4562
moneyflow,2021-12-10,4565,4565
moneyflow,2021-12-13,4565,4565
moneyflow,2021-12-14,4565,4565
moneyflow,2021-12-15,4566,4566
moneyflow,2021-12-16,4568,4568
moneyflow,2021-12-17,4568,4568
moneyflow,2021-12-20,4571,4571
moneyflow,2021-12-21,4570,4570
moneyflow,2021-12-22,4574,4574
moneyflow,2021-12-23,4581,4581
moneyflow,2021-12-24,4584,4584
moneyflow,2021-12-27,4585,4585
moneyflow,2021-12-28,4588,4588
moneyflow,2021-12-29,4589,4589
moneyflow,2021-12-30,4591,4591
moneyflow,2021-12-31,4590,4590
moneyflow,2022-01-04,4591,4591
moneyflow,2022-01-05,4592,4592
moneyflow,2022-01-06,4594,4594
moneyflow,2022-01-07,4597,4597
moneyflow,2022-01-10,4596,4596
moneyflow,2022-01-11,4599,4599
moneyflow,2022-01-12,4601,4601
moneyflow,2022-01-13,4602,4602
moneyflow,2022-01-14,4602,4602
moneyflow,2022-01-17,4603,4603
moneyflow,2022-01-18,4607,4607
moneyflow,2022-01-19,4606,4606
moneyflow,2022-01-20,4607,4607
moneyflow,2022-01-21,4608,4608
moneyflow,2022-01-24,4611,4611
moneyflow,2022-01-25,4611,4611
moneyflow,2022-01-26,4612,4612
moneyflow,2022-01-27,4618,4618
moneyflow,2022-01-28,4623,4623
moneyflow,2022-02-07,4623,4623
moneyflow,2022-02-08,4622,4622
moneyflow,2022-02-09,4624,4624
moneyflow,2022-02-10,4627,4627
moneyflow,2022-02-11,4627,4627
moneyflow,2022-02-14,4628,4628
moneyflow,2022-02-15,4630,4630
moneyflow,2022-02-16,4632,4632
moneyflow,2022-02-17,4632,4632
moneyflow,2022-02-18,4635,4635
moneyflow,2022-02-21,4635,4635
moneyflow,2022-02-22,4636,4636
moneyflow,2022-02-23,4637,4637
moneyflow,2022-02-24,4638,4638
moneyflow,2022-02-25,4638,4638
moneyflow,2022-02-28,4639,4639
moneyflow,2022-03-01,4640,4640
moneyflow,2022-03-02,4639,4639
moneyflow,2022-03-03,4639,4639
moneyflow,2022-03-04,4640,4640
moneyflow,2022-03-07,4641,4641
moneyflow,2022-03-08,4639,4639
moneyflow,2022-03-09,4638,4638
moneyflow,2022-03-10,4640,4640
moneyflow,2022-03-11,4643,4643
moneyflow,2022-03-14,4648,4648
moneyflow,2022-03-15,4652,4652
moneyflow,2022-03-16,4653,4653
moneyflow,2022-03-17,4655,4655
moneyflow,2022-03-18,4657,4657
moneyflow,2022-03-21,4658,4658
moneyflow,2022-03-22,4664,4664
moneyflow,2022-03-23,4667,4667
moneyflow,2022-03-24,4666,4666
moneyflow,2022-03-25,4666,4666
moneyflow,2022-03-28,4668,4668
moneyflow,2022-03-29,4671,4671
moneyflow,2022-03-30,4672,4672
moneyflow,2022-03-31,4668,4668
moneyflow,2022-04-01,4668,4668
moneyflow,2022-04-06,4667,4667
moneyflow,2022-04-07,4668,4668
moneyflow,2022-04-08,4669,4669
moneyflow,2022-04-11,4669,4669
moneyflow,2022-04-12,4674,4674
moneyflow,2022-04-13,4678,4678
moneyflow,2022-04-14,4679,4679
moneyflow,2022-04-15,4676,4676
moneyflow,2022-04-18,4673,4673
moneyflow,2022-04-19,4679,4679
moneyflow,2022-04-20,4682,4682
moneyflow,2022-04-21,4687,4687
moneyflow,2022-04-22,4690,4690
moneyflow,2022-04-25,4691,4691
moneyflow,2022-04-26,4689,4689
moneyflow,2022-04-27,4685,4685
moneyflow,2022-04-28,4678,4678
moneyflow,2022-04-29,4678,4678
moneyflow,2022-05-05,4625,4625
moneyflow,2022-05-06,4658,4658
moneyflow,2022-05-09,4659,4659
moneyflow,2022-05-10,4662,4662
moneyflow,2022-05-11,4662,4662
moneyflow,2022-05-12,4663,4663
moneyflow,2022-05-13,4665,4665
moneyflow,2022-05-16,4664,4664
moneyflow,2022-05-17,4666,4666
moneyflow,2022-05-18,4665,4665
moneyflow,2022-05-19,4663,4663
moneyflow,2022-05-20,4668,4668
moneyflow,2022-05-23,4667,4667
moneyflow,2022-05-24,4668,4668
moneyflow,2022-05-25,4672,4672
moneyflow,2022-05-26,4678,4678
moneyflow,2022-05-27,4677,4677
moneyflow,2022-05-30,4680,4680
moneyflow,2022-05-31,4686,4686
moneyflow,2022-06-01,4687,4687
moneyflow,2022-06-02,4687,4687
moneyflow,2022-06-06,4701,4701
moneyflow,2022-06-07,4703,4703
moneyflow,2022-06-08,4707,4707
moneyflow,2022-06-09,4706,4706
moneyflow,2022-06-10,4711,4711
moneyflow,2022-06-13,4715,4715
moneyflow,2022-06-14,4713,4713
moneyflow,2022-06-15,4715,4715
moneyflow,2022-06-16,4711,4711
moneyflow,2022-06-17,4708,4708
moneyflow,2022-06-20,4710,4710
moneyflow,2022-06-21,4712,4712
moneyflow,2022-06-22,4708,4708
moneyflow,2022-06-23,4711,4711
moneyflow,2022-06-24,4709,4709
moneyflow,2022-06-27,4708,4708
moneyflow,2022-06-28,4706,4706
moneyflow,2022-06-29,4705,4705
moneyflow,2022-06-30,4706,4706
moneyflow,2022-07-01,4711,4711
moneyflow,2022-07-04,4705,4705
moneyflow,2022-07-05,4709,4709
moneyflow,2022-07-06,4713,4713
moneyflow,2022-07-07,4714,4714
moneyflow,2022-07-08,4717,4717
moneyflow,2022-07-11,4716,4716
moneyflow,2022-07-12,4715,4715
moneyflow,2022-07-13,4715,4715
moneyflow,2022-07-14,4719,4719
moneyflow,2022-07-15,4723,4723
moneyflow,2022-07-18,4725,4725
moneyflow,2022-07-19,4724,4724
moneyflow,2022-07-20,4724,4724
moneyflow,2022-07-21,4724,4724
moneyflow,2022-07-22,4726,4726
moneyflow,2022-07-25,4724,4724
moneyflow,2022-07-26,4728,4728
moneyflow,2022-07-27,4729,4729
moneyflow,2022-07-28,4730,4730
moneyflow,2022-07-29,4732,4732
moneyflow,2022-08-01,4734,4734
moneyflow,2022-08-02,4738,4738
moneyflow,2022-08-03,4739,4739
moneyflow,2022-08-04,4740,4740
moneyflow,2022-08-05,4744,4744
moneyflow,2022-08-08,4748,4748
moneyflow,2022-08-09,4749,4749
moneyflow,2022-08-10,4749,4749
moneyflow,2022-08-11,4749,4749
moneyflow,2022-08-12,4752,4752
moneyflow,2022-08-15,4750,4750
moneyflow,2022-08-16,4756,4756
moneyflow,2022-08-17,4757,4757
moneyflow,2022-08-18,4764,4764
moneyflow,2022-08-19,4767,4767
moneyflow,2022-08-22,4767,4767
moneyflow,2022-08-23,4768,4768
moneyflow,2022-08-24,4768,4768
moneyflow,2022-08-25,4772,4772
moneyflow,2022-08-26,4774,4774
moneyflow,2022-08-29,4778,4778
moneyflow,2022-08-30,4778,4778
moneyflow,2022-08-31,4784,4784
moneyflow,2022-09-01,4782,4782
moneyflow,2022-09-02,4787,4787
moneyflow,2022-09-05,4788,4788
moneyflow,2022-09-06,4787,4787
moneyflow,2022-09-07,4787,4787
moneyflow,2022-09-08,4791,4791
moneyflow,2022-09-09,4796,4796
moneyflow,2022-09-13,4796,4796
moneyflow,2022-09-14,4797,4797
moneyflow,2022-09-15,4795,4795
moneyflow,2022-09-16,4796,4796
moneyflow,2022-09-19,4801,4801
moneyflow,2022-09-20,4803,4803
moneyflow,2022-09-21,4809,4809
moneyflow,2022-09-22,4808,4808
moneyflow,2022-09-23,4810,4810
moneyflow,2022-09-26,4814,4814
moneyflow,2022-09-27,4816,4816
moneyflow,2022-09-28,4819,4819
moneyflow,2022-09-29,4820,4820
moneyflow,2022-09-30,4821,4821
moneyflow,2022-10-10,4824,4824
moneyflow,2022-10-11,4825,4825
moneyflow,2022-10-12,4827,4827
moneyflow,2022-10-13,4828,4828
moneyflow,2022-10-14,4830,4830
moneyflow,2022-10-17,4827,4827
moneyflow,2022-10-18,4829,4829
moneyflow,2022-10-19,4835,4835
moneyflow,2022-10-20,4835,4835
moneyflow,2022-10-21,4836,4836
moneyflow,2022-10-24,4836,4836
moneyflow,2022-10-25,4837,4837
moneyflow,2022-10-26,4839,4839
moneyflow,2022-10-27,4840,4840
moneyflow,2022-10-28,4843,4843
moneyflow,2022-10-31,4844,4844
moneyflow,2022-11-01,4847,4847
moneyflow,2022-11-02,4846,4846
moneyflow,2022-11-03,4847,4847
moneyflow,2022-11-04,4849,4849
moneyflow,2022-11-07,4852,4852
moneyflow,2022-11-08,4851,4851
moneyflow,2022-11-09,4855,4855
moneyflow,2022-11-10,4856,4856
moneyflow,2022-11-11,4858,4858
moneyflow,2022-11-14,4857,4857
moneyflow,2022-11-15,4857,4857
moneyflow,2022-11-16,4860,4860
moneyflow,2022-11-17,4859,4859
moneyflow,2022-11-18,4861,4861
moneyflow,2022-11-21,4863,4863
moneyflow,2022-11-22,4867,4867
moneyflow,2022-11-23,4868,4868
moneyflow,2022-11-24,4870,4870
moneyflow,2022-11-25,4871,4871
moneyflow,2022-11-28,4872,4872
moneyflow,2022-11-29,4874,4874
moneyflow,2022-11-30,4875,4875
moneyflow,2022-12-01,4876,4876
moneyflow,2022-12-02,4876,4876
moneyflow,2022-12-05,4874,4874
moneyflow,2022-12-06,4874,4874
moneyflow,2022-12-07,4874,4874
moneyflow,2022-12-08,4877,4877
moneyflow,2022-12-09,4877,4877
moneyflow,2022-12-12,4882,4882
moneyflow,2022-12-13,4882,4882
moneyflow,2022-12-14,4881,4881
moneyflow,2022-12-15,4883,4883
moneyflow,2022-12-16,4886,4886
moneyflow,2022-12-19,4882,4882
moneyflow,2022-12-20,4882,4882
moneyflow,2022-12-21,4878,4878
moneyflow,2022-12-22,4886,4886
moneyflow,2022-12-23,4889,4889
moneyflow,2022-12-26,4889,4889
moneyflow,2022-12-27,4893,4893
moneyflow,2022-12-28,4893,4893
moneyflow,2022-12-29,4896,4896
moneyflow,2022-12-30,4897,4897
moneyflow,2023-01-03,4898,4898
moneyflow,2023-01-04,4900,4900
moneyflow,2023-01-05,4900,4900
moneyflow,2023-01-06,4900,4900
moneyflow,2023-01-09,4897,4897
moneyflow,2023-01-10,4901,4901
moneyflow,2023-01-11,4901,4901
moneyflow,2023-01-12,4898,4898
moneyflow,2023-01-13,4899,4899
moneyflow,2023-01-16,4900,4900
moneyflow,2023-01-17,4898,4898
moneyflow,2023-01-18,4899,4899
moneyflow,2023-01-19,4899,4899
moneyflow,2023-01-20,4900,4900
moneyflow,2023-01-30,4899,4899
moneyflow,2023-01-31,4898,4898
moneyflow,2023-02-01,4900,4900
moneyflow,2023-02-02,4902,4902
moneyflow,2023-02-03,4899,4899
moneyflow,2023-02-06,4900,4900
moneyflow,2023-02-07,4902,4902
moneyflow,2023-02-08,4902,4902
moneyflow,2023-02-09,4905,4905
moneyflow,2023-02-10,4906,4906
moneyflow,2023-02-13,4907,4907
moneyflow,2023-02-14,4907,4907
moneyflow,2023-02-15,4908,4908
moneyflow,2023-02-16,4912,4912
moneyflow,2023-02-17,4913,4913
moneyflow,2023-02-20,4916,4916
moneyflow,2023-02-21,4916,4916
moneyflow,2023-02-22,4917,4917
moneyflow,2023-02-23,4916,4916
moneyflow,2023-02-24,4915,4915
moneyflow,2023-02-27,4915,4915
moneyflow,2023-02-28,4916,4916
moneyflow,2023-03-01,4918,4918
moneyflow,2023-03-02,4920,4920
moneyflow,2023-03-03,4921,4921
moneyflow,2023-03-06,4922,4922
moneyflow,2023-03-07,4923,4923
moneyflow,2023-03-08,4923,4923
moneyflow,2023-03-09,4924,4924
moneyflow,2023-03-10,4925,4925
moneyflow,2023-03-13,4929,4929
moneyflow,2023-03-14,4930,4930
moneyflow,2023-03-15,4931,4931
moneyflow,2023-03-16,4931,4931
moneyflow,2023-03-17,4931,4931
moneyflow,2023-03-20,4929,4929
moneyflow,2023-03-21,4934,4934
moneyflow,2023-03-22,4933,4933
moneyflow,2023-03-23,4935,4935
moneyflow,2023-03-24,4936,4936
moneyflow,2023-03-27,4938,4938
moneyflow,2023-03-28,4939,4939
moneyflow,2023-03-29,4942,4942
moneyflow,2023-03-30,4941,4941
moneyflow,2023-03-31,4941,4941
moneyflow,2023-04-03,4942,4942
moneyflow,2023-04-04,4947,4947
moneyflow,2023-04-06,4946,4946
moneyflow,2023-04-07,4945,4945
moneyflow,2023-04-10,4955,4955
moneyflow,2023-04-11,4956,4956
moneyflow,2023-04-12,4955,4955
moneyflow,2023-04-13,4956,4956
moneyflow,2023-04-14,4954,4954
moneyflow,2023-04-17,4956,4956
moneyflow,2023-04-18,4962,4962
moneyflow,2023-04-19,4961,4961
moneyflow,2023-04-20,4964,4964
moneyflow,2023-04-21,4963,4963
moneyflow,2023-04-24,4963,4963
moneyflow,2023-04-25,4963,4963
moneyflow,2023-04-26,4955,4955
moneyflow,2023-04-27,4951,4951
moneyflow,2023-04-28,4938,4938
moneyflow,2023-05-04,4902,4902
moneyflow,2023-05-05,4942,4942
moneyflow,2023-05-08,4943,4943
moneyflow,2023-05-09,4940,4940
moneyflow,2023-05-10,4942,4942
moneyflow,2023-05-11,4945,4945
moneyflow,2023-05-12,4947,4947
moneyflow,2023-05-15,4947,4947
moneyflow,2023-05-16,4952,4952
moneyflow,2023-05-17,4955,4955
moneyflow,2023-05-18,4957,4957
moneyflow,2023-05-19,4960,4960
moneyflow,2023-05-22,4951,4951
moneyflow,2023-05-23,4963,4963
moneyflow,2023-05-24,4965,4965
moneyflow,2023-05-25,4965,4965
moneyflow,2023-05-26,4964,4964
moneyflow,2023-05-29,4960,4960
moneyflow,2023-05-30,4962,4962
moneyflow,2023-05-31,4964,4964
moneyflow,2023-06-01,4965,4965
moneyflow,2023-06-02,5166,5166
moneyflow,2023-06-05,4967,4967
moneyflow,2023-06-06,4968,4968
moneyflow,2023-06-07,4968,4968
moneyflow,2023-06-08,4969,4969
moneyflow,2023-06-09,4973,4973
moneyflow,2023-06-12,4975,4975
moneyflow,2023-06-13,4975,4975
moneyflow,2023-06-14,4973,4973
moneyflow,2023-06-15,4976,4976
moneyflow,2023-06-16,4974,4974
moneyflow,2023-06-19,4980,4980
moneyflow,2023-06-20,4982,4982
moneyflow,2023-06-21,4986,4986
moneyflow,2023-06-26,4986,4986
moneyflow,2023-06-27,4988,4988
moneyflow,2023-06-28,4994,4994
moneyflow,2023-06-29,4995,4995
moneyflow,2023-06-30,4999,4999
moneyflow,2023-07-03,4999,4999
moneyflow,2023-07-04,5000,5000
moneyflow,2023-07-05,5001,5001
moneyflow,2023-07-06,4999,4999
moneyflow,2023-07-07,5002,5002
moneyflow,2023-07-10,5002,5002
moneyflow,2023-07-11,5001,5001
moneyflow,2023-07-12,5003,5003
moneyflow,2023-07-13,5002,5002
moneyflow,2023-07-14,5003,5003
moneyflow,2023-07-17,5006,5006
moneyflow,2023-07-18,5006,5006
moneyflow,2023-07-19,5010,5010
moneyflow,2023-07-20,5012,5012
moneyflow,2023-07-21,5012,5012
moneyflow,2023-07-24,5013,5013
moneyflow,2023-07-25,5016,5016
moneyflow,2023-07-26,5019,5019
moneyflow,2023-07-27,5019,5019
moneyflow,2023-07-28,5021,5021
moneyflow,2023-07-31,5021,5021
moneyflow,2023-08-01,5022,5022
moneyflow,2023-08-02,5022,5022
moneyflow,2023-08-03,5025,5025
moneyflow,2023-08-04,5026,5026
moneyflow,2023-08-07,5027,5027
moneyflow,2023-08-08,5028,5028
moneyflow,2023-08-09,5031,5031
moneyflow,2023-08-10,5033,5033
moneyflow,2023-08-11,5034,5034
moneyflow,2023-08-14,5033,5033
moneyflow,2023-08-15,5035,5035
moneyflow,2023-08-16,5037,5037
moneyflow,2023-08-17,5038,5038
moneyflow,2023-08-18,5040,5040
moneyflow,2023-08-21,5040,5040
moneyflow,2023-08-22,5041,5041
moneyflow,2023-08-23,5044,5044
moneyflow,2023-08-24,5044,5044
moneyflow,2023-08-25,5045,5045
moneyflow,2023-08-28,5046,5046
moneyflow,2023-08-29,5045,5045
moneyflow,2023-08-30,5047,5047
moneyflow,2023-08-31,5047,5047
moneyflow,2023-09-01,5046,5046
moneyflow,2023-09-04,5045,5045
moneyflow,2023-09-05,5049,5049
moneyflow,2023-09-06,5050,5050
moneyflow,2023-09-07,5050,5050
moneyflow,2023-09-08,5051,5051
moneyflow,2023-09-11,5052,5052
moneyflow,2023-09-12,5053,5053
moneyflow,2023-09-13,5053,5053
moneyflow,2023-09-14,5054,5054
moneyflow,2023-09-15,5054,5054
moneyflow,2023-09-18,5054,5054
moneyflow,2023-09-19,5054,5054
moneyflow,2023-09-20,5056,5056
moneyflow,2023-09-21,5057,5057
moneyflow,2023-09-22,5058,5058
moneyflow,2023-09-25,5059,5059
moneyflow,2023-09-26,5059,5059
moneyflow,2023-09-27,5059,5059
moneyflow,2023-09-28,5058,5058
moneyflow,2023-10-09,5058,5058
moneyflow,2023-10-10,5061,5061
moneyflow,2023-10-11,5060,5060
moneyflow,2023-10-12,5061,5061
moneyflow,2023-10-13,5061,5061
moneyflow,2023-10-16,5062,5062
moneyflow,2023-10-17,5064,5064
moneyflow,2023-10-18,5063,5063
moneyflow,2023-10-19,5065,5065
moneyflow,2023-10-20,5066,5066
moneyflow,2023-10-23,5067,5067
moneyflow,2023-10-24,5066,5066
moneyflow,2023-10-25,5068,5068
moneyflow,2023-10-26,5068,5068
moneyflow,2023-10-27,5068,5068
moneyflow,2023-10-30,5067,5067
moneyflow,2023-10-31,5070,5070
moneyflow,2023-11-01,5072,5072
moneyflow,2023-11-02,5071,5071
moneyflow,2023-11-03,5073,5073
moneyflow,2023-11-06,5067,5067
moneyflow,2023-11-07,5069,5069
moneyflow,2023-11-08,5072,5072
moneyflow,2023-11-09,5071,5071
moneyflow,2023-11-10,5071,5071
moneyflow,2023-11-13,5073,5073
moneyflow,2023-11-14,5073,5073
moneyflow,2023-11-15,5072,5072
moneyflow,2023-11-16,5071,5071
moneyflow,2023-11-17,5072,5072
moneyflow,2023-11-20,5074,5074
moneyflow,2023-11-21,5076,5076
moneyflow,2023-11-22,5075,5075
moneyflow,2023-11-23,5076,5076
moneyflow,2023-11-24,5076,5076
moneyflow,2023-11-27,5078,5078
moneyflow,2023-11-28,5078,5078
moneyflow,2023-11-29,5080,5080
moneyflow,2023-11-30,5079,5079
moneyflow,2023-12-01,5080,5080
moneyflow,2023-12-04,5079,5079
moneyflow,2023-12-05,5080,5080
moneyflow,2023-12-06,5081,5081
moneyflow,2023-12-07,5079,5079
moneyflow,2023-12-08,5082,5082
moneyflow,2023-12-11,5082,5082
moneyflow,2023-12-12,5082,5082
moneyflow,2023-12-13,5084,5084
moneyflow,2023-12-14,5085,5085
moneyflow,2023-12-15,5085,5085
moneyflow,2023-12-18,5085,5085
moneyflow,2023-12-19,5082,5082
moneyflow,2023-12-20,5085,5085
moneyflow,2023-12-21,5085,5085
moneyflow,2023-12-22,5085,5085
moneyflow,2023-12-25,5085,5085
moneyflow,2023-12-26,5087,5087
moneyflow,2023-12-27,5088,5088
moneyflow,2023-12-28,5085,5085
moneyflow,2023-12-29,5088,5088
moneyflow,2024-01-02,5088,5088
moneyflow,2024-01-03,5089,5089
moneyflow,2024-01-04,5089,5089
moneyflow,2024-01-05,5090,5090
moneyflow,2024-01-08,5089,5089
moneyflow,2024-01-09,5090,5090
moneyflow,2024-01-10,5092,5092
moneyflow,2024-01-11,5093,5093
moneyflow,2024-01-12,5090,5090
moneyflow,2024-01-15,5091,5091
moneyflow,2024-01-16,5093,5093
moneyflow,2024-01-17,5093,5093
moneyflow,2024-01-18,5095,5095
moneyflow,2024-01-19,5096,5096
moneyflow,2024-01-22,5096,5096
moneyflow,2024-01-23,5096,5096
moneyflow,2024-01-24,5097,5097
moneyflow,2024-01-25,5098,5098
moneyflow,2024-01-26,5098,5098
moneyflow,2024-01-29,5099,5099
moneyflow,2024-01-30,5099,5099
moneyflow,2024-01-31,5100,5100
moneyflow,2024-02-01,5100,5100
moneyflow,2024-02-02,5100,5100
moneyflow,2024-02-05,5099,5099
moneyflow,2024-02-06,5100,5100
moneyflow,2024-02-07,5101,5101
moneyflow,2024-02-08,5103,5103
moneyflow,2024-02-19,5103,5103
moneyflow,2024-02-20,5103,5103
moneyflow,2024-02-21,5103,5103
moneyflow,2024-02-22,5103,5103
moneyflow,2024-02-23,5102,5102
moneyflow,2024-02-26,5101,5101
moneyflow,2024-02-27,5102,5102
moneyflow,2024-02-28,5102,5102
moneyflow,2024-02-29,5102,5102
moneyflow,2024-03-01,5103,5103
moneyflow,2024-03-04,5103,5103
moneyflow,2024-03-05,5103,5103
moneyflow,2024-03-06,5101,5101
moneyflow,2024-03-07,5101,5101
moneyflow,2024-03-08,5101,5101
moneyflow,2024-03-11,5100,5100
moneyflow,2024-03-12,5102,5102
moneyflow,2024-03-13,5104,5104
moneyflow,2024-03-14,5104,5104
moneyflow,2024-03-15,5103,5103
moneyflow,2024-03-18,5102,5102
moneyflow,2024-03-19,5104,5104
moneyflow,2024-03-20,5105,5105
moneyflow,2024-03-21,5105,5105
moneyflow,2024-03-22,5105,5105
moneyflow,2024-03-25,5105,5105
moneyflow,2024-03-26,5106,5106
moneyflow,2024-03-27,5108,5108
moneyflow,2024-03-28,5109,5109
moneyflow,2024-03-29,5108,5108
moneyflow,2024-04-01,5110,5110
moneyflow,2024-04-02,5111,5111
moneyflow,2024-04-03,5110,5110
moneyflow,2024-04-08,5112,5112
moneyflow,2024-04-09,5113,5113
moneyflow,2024-04-10,5113,5113
moneyflow,2024-04-11,5114,5114
moneyflow,2024-04-12,5114,5114
moneyflow,2024-04-15,5114,5114
moneyflow,2024-04-16,5114,5114
moneyflow,2024-04-17,5113,5113
moneyflow,2024-04-18,5112,5112
moneyflow,2024-04-19,5110,5110
moneyflow,2024-04-22,5109,5109
moneyflow,2024-04-23,5108,5108
moneyflow,2024-04-24,5109,5109
moneyflow,2024-04-25,5106,5106
moneyflow,2024-04-26,5097,5097
moneyflow,2024-04-29,5088,5088
moneyflow,2024-04-30,5052,5052
moneyflow,2024-05-06,5093,5093
moneyflow,2024-05-07,5093,5093
moneyflow,2024-05-08,5091,5091
moneyflow,2024-05-09,5092,5092
moneyflow,2024-05-10,5092,5092
moneyflow,2024-05-13,5091,5091
moneyflow,2024-05-14,5094,5094
moneyflow,2024-05-15,5095,5095
moneyflow,2024-05-16,5094,5094
moneyflow,2024-05-17,5094,5094
moneyflow,2024-05-20,5090,5090
moneyflow,2024-05-21,5093,5093
moneyflow,2024-05-22,5094,5094
moneyflow,2024-05-23,5094,5094
moneyflow,2024-05-24,5094,5094
moneyflow,2024-05-27,5092,5092
moneyflow,2024-05-28,5092,5092
moneyflow,2024-05-29,5092,5092
moneyflow,2024-05-30,5092,5092
moneyflow,2024-05-31,5091,5091
moneyflow,2024-06-03,5091,5091
moneyflow,2024-06-04,5090,5090
moneyflow,2024-06-05,5095,5095
moneyflow,2024-06-06,5097,5097
moneyflow,2024-06-07,5094,5094
moneyflow,2024-06-11,5094,5094
moneyflow,2024-06-12,5098,5098
moneyflow,2024-06-13,5099,5099
moneyflow,2024-06-14,5100,5100
moneyflow,2024-06-17,5099,5099
moneyflow,2024-06-18,5097,5097
moneyflow,2024-06-19,5096,5096
moneyflow,2024-06-20,5095,5095
moneyflow,2024-06-21,5095,5095
moneyflow,2024-06-24,5093,5093
moneyflow,2024-06-25,5088,5088
moneyflow,2024-06-26,5095,5095
moneyflow,2024-06-27,5089,5089
moneyflow,2024-06-28,5088,5088
moneyflow,2024-07-01,5086,5086
moneyflow,2024-07-02,5086,5086
moneyflow,2024-07-03,5085,5085
moneyflow,2024-07-04,5086,5086
moneyflow,2024-07-05,5085,5085
moneyflow,2024-07-08,5084,5084
moneyflow,2024-07-09,5090,5090
moneyflow,2024-07-10,5092,5092
moneyflow,2024-07-11,5092,5092
moneyflow,2024-07-12,5092,5092
moneyflow,2024-07-15,5093,5093
moneyflow,2024-07-16,5093,5093
moneyflow,2024-07-17,5090,5090
moneyflow,2024-07-18,5087,5087
moneyflow,2024-07-19,5086,5086
moneyflow,2024-07-22,5085,5085
moneyflow,2024-07-23,5085,5085
moneyflow,2024-07-24,5085,5085
moneyflow,2024-07-25,5083,5083
moneyflow,2024-07-26,5085,5085
moneyflow,2024-07-29,5083,5083
moneyflow,2024-07-30,5084,5084
moneyflow,2024-07-31,5084,5084
moneyflow,2024-08-01,5084,5084
moneyflow,2024-08-02,5086,5086
moneyflow,2024-08-05,5084,5084
moneyflow,2024-08-06,5085,5085
moneyflow,2024-08-07,5086,5086
moneyflow,2024-08-08,5087,5087
moneyflow,2024-08-09,5087,5087
moneyflow,2024-08-12,5088,5088
moneyflow,2024-08-13,5088,5088
moneyflow,2024-08-14,5089,5089
moneyflow,2024-08-15,5089,5089
moneyflow,2024-08-16,5089,5089
moneyflow,2024-08-19,5088,5088
moneyflow,2024-08-20,5089,5089
moneyflow,2024-08-21,5090,5090
moneyflow,2024-08-22,5089,5089
moneyflow,2024-08-23,5087,5087
moneyflow,2024-08-26,5089,5089
moneyflow,2024-08-27,5088,5088
moneyflow,2024-08-28,5088,5088
moneyflow,2024-08-29,5087,5087
moneyflow,2024-08-30,5087,5087
moneyflow,2024-09-02,5085,5085
moneyflow,2024-09-03,5086,5086
moneyflow,2024-09-04,5086,5086
moneyflow,2024-09-05,5086,5086
moneyflow,2024-09-06,5086,5086
moneyflow,2024-09-09,5084,5084
moneyflow,2024-09-10,5084,5084
moneyflow,2024-09-11,5088,5088
moneyflow,2024-09-12,5088,5088
moneyflow,2024-09-13,5088,5088
moneyflow,2024-09-18,5084,5084
moneyflow,2024-09-19,5089,5089
moneyflow,2024-09-20,5089,5089
moneyflow,2024-09-23,5090,5090
moneyflow,2024-09-24,5091,5091
moneyflow,2024-09-25,5093,5093
moneyflow,2024-09-26,5094,5094
moneyflow,2024-09-27,5094,5094
moneyflow,2024-09-30,5091,5091
moneyflow,2024-10-08,5087,5087
moneyflow,2024-10-09,5087,5087
moneyflow,2024-10-10,5089,5089
moneyflow,2024-10-11,5089,5089
moneyflow,2024-10-14,5090,5090
moneyflow,2024-10-15,5091,5091
moneyflow,2024-10-16,5094,5094
moneyflow,2024-10-17,5097,5097
moneyflow,2024-10-18,5096,5096
moneyflow,2024-10-21,5096,5096
moneyflow,2024-10-22,5096,5096
moneyflow,2024-10-23,5093,5093
moneyflow,2024-10-24,5095,5095
moneyflow,2024-10-25,5095,5095
moneyflow,2024-10-28,5091,5091
moneyflow,2024-10-29,5092,5092
moneyflow,2024-10-30,5090,5090
moneyflow,2024-10-31,5092,5092
moneyflow,2024-11-01,5092,5092
moneyflow,2024-11-04,5093,5093
moneyflow,2024-11-05,5096,5096
moneyflow,2024-11-06,5097,5097
moneyflow,2024-11-07,5097,5097
moneyflow,2024-11-08,5099,5099
moneyflow,2024-11-11,5094,5094
moneyflow,2024-11-12,5095,5095
moneyflow,2024-11-13,5095,5095
moneyflow,2024-11-14,5096,5096
moneyflow,2024-11-15,5097,5097
moneyflow,2024-11-18,5094,5094
moneyflow,2024-11-19,5096,5096
moneyflow,2024-11-20,5100,5100
moneyflow,2024-11-21,5100,5100
moneyflow,2024-11-22,5102,5102
moneyflow,2024-11-25,5101,5101
moneyflow,2024-11-26,5103,5103
moneyflow,2024-11-27,5102,5102
moneyflow,2024-11-28,5100,5100
moneyflow,2024-11-29,5105,5105
moneyflow,2024-12-02,5103,5103
moneyflow,2024-12-03,5103,5103
moneyflow,2024-12-04,5103,5103
moneyflow,2024-12-05,5106,5106
moneyflow,2024-12-06,5104,5104
moneyflow,2024-12-09,5102,5102
moneyflow,2024-12-10,5104,5104
moneyflow,2024-12-11,5105,5105
moneyflow,2024-12-12,5106,5106
moneyflow,2024-12-13,5105,5105
moneyflow,2024-12-16,5109,5109
moneyflow,2024-12-17,5106,5106
moneyflow,2024-12-18,5107,5107
moneyflow,2024-12-19,5106,5106
moneyflow,2024-12-20,5111,5111
moneyflow,2024-12-23,5109,5109
moneyflow,2024-12-24,5109,5109
moneyflow,2024-12-25,5106,5106
moneyflow,2024-12-26,5109,5109
moneyflow,2024-12-27,5107,5107
moneyflow,2024-12-30,5104,5104
moneyflow,2024-12-31,5107,5107
moneyflow,2025-01-02,5105,5105
moneyflow,2025-01-03,5108,5108
moneyflow,2025-01-06,5106,5106
moneyflow,2025-01-07,5109,5109
moneyflow,2025-01-08,5109,5109
moneyflow,2025-01-09,5110,5110
moneyflow,2025-01-10,5111,5111
moneyflow,2025-01-13,5110,5110
moneyflow,2025-01-14,5113,5113
moneyflow,2025-01-15,5115,5115
moneyflow,2025-01-16,5115,5115
moneyflow,2025-01-17,5114,5114
moneyflow,2025-01-20,5113,5113
moneyflow,2025-01-21,5115,5115
moneyflow,2025-01-22,5119,5119
moneyflow,2025-01-23,5120,5120
moneyflow,2025-01-24,5117,5117
moneyflow,2025-01-27,5118,5118
moneyflow,2025-02-05,5120,5120
moneyflow,2025-02-06,5120,5120
moneyflow,2025-02-07,5121,5121
moneyflow,2025-02-10,5122,5122
moneyflow,2025-02-11,5121,5121
moneyflow,2025-02-12,5121,5121
moneyflow,2025-02-13,5122,5122
moneyflow,2025-02-14,5121,5121
moneyflow,2025-02-17,5125,5125
moneyflow,2025-02-18,5124,5124
moneyflow,2025-02-19,5124,5124
moneyflow,2025-02-20,5123,5123
moneyflow,2025-02-21,5125,5125
moneyflow,2025-02-24,5122,5122
moneyflow,2025-02-25,5120,5120
moneyflow,2025-02-26,5121,5121
moneyflow,2025-02-27,5119,5119
moneyflow,2025-02-28,5119,5119
moneyflow,2025-03-03,5117,5117
moneyflow,2025-03-04,5119,5119
moneyflow,2025-03-05,5118,5118
moneyflow,2025-03-06,5116,5116
moneyflow,2025-03-07,5117,5117
moneyflow,2025-03-10,5117,5117
moneyflow,2025-03-11,5120,5120
moneyflow,2025-03-12,5119,5119
moneyflow,2025-03-13,5121,5121
moneyflow,2025-03-14,5121,5121
moneyflow,2025-03-17,5116,5116
moneyflow,2025-03-18,5123,5123
moneyflow,2025-03-19,5120,5120
moneyflow,2025-03-20,5122,5122
moneyflow,2025-03-21,5123,5123
moneyflow,2025-03-24,5123,5123
moneyflow,2025-03-25,5126,5126
moneyflow,2025-03-26,5127,5127
moneyflow,2025-03-27,5128,5128
moneyflow,2025-03-28,5126,5126
moneyflow,2025-03-31,5128,5128
moneyflow,2025-04-01,5127,5127
moneyflow,2025-04-02,5129,5129
moneyflow,2025-04-03,5128,5128
moneyflow,2025-04-07,5126,5126
moneyflow,2025-04-08,5127,5127
moneyflow,2025-04-09,5130,5130
moneyflow,2025-04-10,5130,5130
moneyflow,2025-04-11,5129,5129
moneyflow,2025-04-14,5128,5128
moneyflow,2025-04-15,5126,5126
moneyflow,2025-04-16,5130,5130
moneyflow,2025-04-17,5130,5130
moneyflow,2025-04-18,5129,5129
moneyflow,2025-04-21,5129,5129
moneyflow,2025-04-22,5127,5127
moneyflow,2025-04-23,5129,5129
moneyflow,2025-04-24,5129,5129
moneyflow,2025-04-25,5128,5128
moneyflow,2025-04-28,5122,5122
moneyflow,2025-04-29,5096,5096
moneyflow,2025-04-30,5097,5097
moneyflow,2025-05-06,5121,5121
moneyflow,2025-05-07,5123,5123
moneyflow,2025-05-08,5124,5124
moneyflow,2025-05-09,5124,5124
moneyflow,2025-05-12,5124,5124
moneyflow,2025-05-13,5125,5125
moneyflow,2025-05-14,5125,5125
moneyflow,2025-05-15,5124,5124
moneyflow,2025-05-16,5125,5125
moneyflow,2025-05-19,5122,5122
moneyflow,2025-05-20,5128,5128
moneyflow,2025-05-21,5124,5124
moneyflow,2025-05-22,5120,5120
moneyflow,2025-05-23,5122,5122
moneyflow,2025-05-26,5120,5120
moneyflow,2025-05-27,5120,5120
moneyflow,2025-05-28,5118,5118
moneyflow,2025-05-29,5121,5121
moneyflow,2025-05-30,5119,5119
moneyflow,2025-06-03,5115,5115
moneyflow,2025-06-04,5121,5121
moneyflow,2025-06-05,5123,5123
moneyflow,2025-06-06,5126,5126
moneyflow,2025-06-09,5122,5122
moneyflow,2025-06-10,5128,5128
moneyflow,2025-06-11,5131,5131
moneyflow,2025-06-12,5131,5131
moneyflow,2025-06-13,5131,5131
moneyflow,2025-06-16,5134,5134
moneyflow,2025-06-17,5139,5139
moneyflow,2025-06-18,5139,5139
moneyflow,2025-06-19,5138,5138
moneyflow,2025-06-20,5140,5140
moneyflow,2025-06-23,5135,5135
moneyflow,2025-06-24,5139,5139
moneyflow,2025-06-25,5140,5140
moneyflow,2025-06-26,5142,5142
moneyflow,2025-06-27,5138,5138
moneyflow,2025-06-30,5138,5138
moneyflow,2025-07-01,5137,5137
moneyflow,2025-07-02,5136,5136
moneyflow,2025-07-03,5136,5136
moneyflow,2025-07-04,5137,5137
moneyflow,2025-07-07,5137,5137
moneyflow,2025-07-08,5137,5137
moneyflow,2025-07-09,5140,5140
moneyflow,2025-07-10,5140,5140
moneyflow,2025-07-11,5143,5143
moneyflow,2025-07-14,5140,5140
moneyflow,2025-07-15,5140,5140
moneyflow,2025-07-16,5139,5139
moneyflow,2025-07-17,5140,5140
moneyflow,2025-07-18,5139,5139
moneyflow,2025-07-21,5137,5137
moneyflow,2025-07-22,5135,5135
moneyflow,2025-07-23,5139,5139
moneyflow,2025-07-24,5138,5138
moneyflow,2025-07-25,5140,5140
moneyflow,2025-07-28,5141,5141
moneyflow,2025-07-29,5145,5145
moneyflow,2025-07-30,5145,5145
moneyflow,2025-07-31,5140,5140
moneyflow,2025-08-01,5141,5141
moneyflow,2025-08-04,5138,5138
moneyflow,2025-08-05,5139,5139
moneyflow,2025-08-06,5141,5141
moneyflow,2025-08-07,5140,5140
moneyflow,2025-08-08,5141,5141
moneyflow,2025-08-11,5143,5143
moneyflow,2025-08-12,5146,5146
moneyflow,2025-08-13,5142,5142
moneyflow,2025-08-14,5142,5142
moneyflow,2025-08-15,5141,5141
moneyflow,2025-08-18,5139,5139
moneyflow,2025-08-19,5142,5142
moneyflow,2025-08-20,5139,5139
moneyflow,2025-08-21,5142,5142
moneyflow,2025-08-22,5142,5142
moneyflow,2025-08-25,5142,5142
moneyflow,2025-08-26,5143,5143
moneyflow,2025-08-27,5144,5144
moneyflow,2025-08-28,5144,5144
moneyflow,2025-08-29,5141,5141
moneyflow,2025-09-01,5141,5141
moneyflow,2025-09-02,5142,5142
moneyflow,2025-09-03,5144,5144
moneyflow,2025-09-04,5143,5143
moneyflow,2025-09-05,5144,5144
moneyflow,2025-09-08,5145,5145
moneyflow,2025-09-09,5146,5146
moneyflow,2025-09-10,5148,5148
moneyflow,2025-09-11,5146,5146
moneyflow,2025-09-12,5149,5149
moneyflow,2025-09-15,5148,5148
moneyflow,2025-09-16,5149,5149
moneyflow,2025-09-17,5148,5148
moneyflow,2025-09-18,5147,5147
moneyflow,2025-09-19,5148,5148
moneyflow,2025-09-22,5144,5144
moneyflow,2025-09-23,5149,5149
moneyflow,2025-09-24,5147,5147
moneyflow,2025-09-25,5150,5150
moneyflow,2025-09-26,5150,5150
moneyflow,2025-09-29,5144,5144
moneyflow,2025-09-30,5147,5147
moneyflow,2025-10-09,5143,5143
moneyflow,2025-10-10,5145,5145
moneyflow,2025-10-13,5147,5147
moneyflow,2025-10-14,5147,5147
moneyflow,2025-10-15,5147,5147
moneyflow,2025-10-16,5150,5150
moneyflow,2025-10-17,5153,5153
moneyflow,2025-10-20,5152,5152
moneyflow,2025-10-21,5151,5151
moneyflow,2025-10-22,5151,5151
moneyflow,2025-10-23,5153,5153
moneyflow,2025-10-24,5154,5154
moneyflow,2025-10-27,5153,5153
moneyflow,2025-10-28,5153,5153
moneyflow,2025-10-29,5153,5153
moneyflow,2025-10-30,5152,5152
moneyflow,2025-10-31,5153,5153
moneyflow,2025-11-03,5154,5154
moneyflow,2025-11-04,5154,5154
moneyflow,2025-11-05,5154,5154
moneyflow,2025-11-06,5154,5154
moneyflow,2025-11-07,5155,5155
moneyflow,2025-11-10,5158,5158
moneyflow,2025-11-11,5158,5158
moneyflow,2025-11-12,5160,5160
moneyflow,2025-11-13,5159,5159
moneyflow,2025-11-14,5157,5157
moneyflow,2025-11-17,5156,5156
moneyflow,2025-11-18,5158,5158
moneyflow,2025-11-19,5160,5160
moneyflow,2025-11-20,5159,5159
moneyflow,2025-11-21,5161,5161
moneyflow,2025-11-24,5157,5157
moneyflow,2025-11-25,5155,5155
moneyflow,2025-11-26,5151,5151
moneyflow,2025-11-27,5150,5150
moneyflow,2025-11-28,5149,5149
moneyflow,2025-12-01,5148,5148
moneyflow,2025-12-02,5151,5151
moneyflow,2025-12-03,5157,5157
moneyflow,2025-12-04,5155,5155
moneyflow,2025-12-05,5153,5153
moneyflow,2025-12-08,5155,5155
moneyflow,2025-12-09,5156,5156
moneyflow,2025-12-10,5153,5153
moneyflow,2025-12-11,5156,5156
moneyflow,2025-12-12,5158,5158
moneyflow,2025-12-15,5157,5157
moneyflow,2025-12-16,5159,5159
moneyflow,2025-12-17,5160,5160
moneyflow,2025-12-18,5163,5163
moneyflow,2025-12-19,5162,5162
moneyflow,2025-12-22,5158,5158
moneyflow,2025-12-23,5163,5163
moneyflow,2025-12-24,5165,5165
moneyflow,2025-12-25,5167,5167
moneyflow,2025-12-26,5166,5166
moneyflow,2025-12-29,5168,5168
moneyflow,2025-12-30,5170,5170
moneyflow,2025-12-31,5171,5171
moneyflow,2026-01-05,5171,5171
moneyflow,2026-01-06,5173,5173
moneyflow,2026-01-07,5174,5174
moneyflow,2026-01-08,5173,5173
moneyflow,2026-01-09,5172,5172
moneyflow,2026-01-12,5172,5172
moneyflow,2026-01-13,5165,5165
moneyflow,2026-01-14,5167,5167
moneyflow,2026-01-15,5170,5170
moneyflow,2026-01-16,5172,5172
moneyflow,2026-01-19,5173,5173
moneyflow,2026-01-20,5179,5179
moneyflow,2026-01-21,5176,5176
moneyflow,2026-01-22,5176,5176
moneyflow,2026-01-23,5177,5177
moneyflow,2026-01-26,5173,5173
moneyflow,2026-01-27,5173,5173
moneyflow,2026-01-28,5173,5173
moneyflow,2026-01-29,5174,5174
moneyflow,2026-01-30,5171,5171
moneyflow,2026-02-02,5173,5173
moneyflow,2026-02-03,5174,5174
moneyflow,2026-02-04,5177,5177
moneyflow,2026-02-05,5177,5177
moneyflow,2026-02-06,5175,5175
moneyflow,2026-02-09,5174,5174
moneyflow,2026-02-10,5178,5178
moneyflow,2026-02-11,5178,5178
moneyflow,2026-02-12,5182,5182
moneyflow,2026-02-13,5180,5180
moneyflow,2026-02-24,5180,5180
moneyflow,2026-02-25,5177,5177
moneyflow,2026-02-26,5176,5176
moneyflow,2026-02-27,5176,5176
moneyflow,2026-03-02,5175,5175
moneyflow,2026-03-03,5177,5177
moneyflow,2026-03-04,5178,5178
moneyflow,2026-03-05,5179,5179
moneyflow,2026-03-06,5180,5180
moneyflow,2026-03-09,5183,5183
moneyflow,2026-03-10,5181,5181
moneyflow,2026-03-11,5184,5184
moneyflow,2026-03-12,5184,5184
moneyflow,2026-03-13,5183,5183
moneyflow,2026-03-16,5182,5182
moneyflow,2026-03-17,5180,5180
moneyflow,2026-03-18,5180,5180
moneyflow,2026-03-19,5180,5180
moneyflow,2026-03-20,5181,5181
moneyflow,2026-03-23,5183,5183
moneyflow,2026-03-24,5181,5181
moneyflow,2026-03-25,5182,5182
moneyflow,2026-03-26,5181,5181
moneyflow,2026-03-27,5177,5177
moneyflow,2026-03-30,5174,5174
moneyflow,2026-03-31,5179,5179
moneyflow,2026-04-01,5182,5182
moneyflow,2026-04-02,5182,5182
moneyflow,2026-04-03,5183,5183
moneyflow,2026-04-07,5181,5181
moneyflow,2026-04-08,5186,5186
moneyflow,2026-04-09,5187,5187
moneyflow,2026-04-10,5190,5190
moneyflow,2026-04-13,5188,5188
moneyflow,2026-04-14,5190,5190
moneyflow,2026-04-15,5188,5188
moneyflow,2026-04-16,5191,5191
moneyflow,2026-04-17,5190,5190
moneyflow,2026-04-20,5185,5185
moneyflow,2026-04-21,5190,5190
moneyflow,2026-04-22,5189,5189
moneyflow,2026-04-23,5187,5187
moneyflow,2026-04-24,5187,5187
moneyflow,2026-04-27,5185,5185
moneyflow,2026-04-28,5178,5178
moneyflow,2026-04-29,5152,5152
moneyflow,2026-04-30,5151,5151
moneyflow,2026-05-06,5180,5180
moneyflow,2026-05-07,5182,5182
moneyflow,2026-05-08,5180,5180
moneyflow,2026-05-11,5180,5180
moneyflow,2026-05-12,5179,5179
moneyflow,2026-05-13,5183,5183
moneyflow,2026-05-14,5183,5183
moneyflow,2026-05-15,5184,5184
moneyflow,2026-05-18,5187,5187
moneyflow,2026-05-19,5182,5182
moneyflow,2026-05-20,5186,5186
moneyflow,2026-05-21,5189,5189
moneyflow,2026-05-22,5191,5191
moneyflow,2026-05-25,5191,5191
moneyflow,2026-05-26,5191,5191
moneyflow,2026-05-27,5191,5191
moneyflow,2026-05-28,5191,5191
moneyflow,2026-05-29,5190,5190
moneyflow,2026-06-01,5192,5192
moneyflow,2026-06-02,5191,5191
moneyflow,2026-06-03,5195,5195
moneyflow,2026-06-04,5195,5195
moneyflow,2026-06-05,5197,5197
moneyflow,2026-06-08,5198,5198
moneyflow,2026-06-09,5198,5198
moneyflow,2026-06-10,5195,5195
moneyflow,2026-06-11,5193,5193
moneyflow,2026-06-12,5194,5194
moneyflow,2026-06-15,5189,5189
moneyflow,2026-06-16,5194,5194
moneyflow,2026-06-17,5190,5190
moneyflow,2026-06-18,5188,5188
moneyflow,2026-06-22,5191,5191
moneyflow,2026-06-23,5193,5193
moneyflow,2026-06-24,5192,5192
moneyflow,2026-06-25,5191,5191
moneyflow,2026-06-26,5193,5193
moneyflow,2026-06-29,5189,5189
moneyflow,2026-06-30,5186,5186
moneyflow,2026-07-01,5189,5189
moneyflow,2026-07-02,5194,5194
moneyflow,2026-07-03,5193,5193
moneyflow,2026-07-06,5194,5194
moneyflow,2026-07-07,5194,5194
moneyflow,2026-07-08,5194,5194
moneyflow,2026-07-09,5194,5194
moneyflow,2026-07-10,5194,5194
moneyflow,2026-07-13,5197,5197
moneyflow,2026-07-14,5197,5197
moneyflow,2026-07-15,5198,5198
moneyflow,2026-07-16,5197,5197
moneyflow,2026-07-17,5195,5195
moneyflow,2026-07-20,5197,5197
moneyflow,2026-07-21,5198,5198
moneyflow,2026-07-22,5198,5198
moneyflow,2026-07-23,5198,5198
moneyflow,2026-07-24,5197,5197
moneyflow,2026-07-27,5193,5193
moneyflow,2026-07-28,5194,5194
moneyflow,2026-07-29,5193,5193
moneyflow,2026-07-30,5197,5197
moneyflow,2026-07-31,5197,5197
moneyflow,2026-08-03,5197,5197
moneyflow,2026-08-04,5536,5536
moneyflow,2026-08-05,5532,5532
moneyflow,2026-08-06,5533,5533
moneyflow,2026-08-07,5535,5535
moneyflow,2026-08-10,5538,5538
moneyflow,2026-08-11,5539,5539
moneyflow,2026-08-12,5539,5539
moneyflow,2026-08-13,5540,5540
moneyflow,2026-08-14,5540,5540
moneyflow,2026-08-17,5539,5539
moneyflow,2026-08-18,5540,5540
moneyflow,2026-08-19,5541,5541
moneyflow,2026-08-20,5541,5541
moneyflow,2026-08-21,5543,5543
moneyflow,2026-08-24,5545,5545
moneyflow,2026-08-25,5546,5546
moneyflow,2026-08-26,5547,5547
moneyflow,2026-08-27,5547,5547
moneyflow,2026-08-28,5547,5547
moneyflow,2026-08-31,5545,5545
moneyflow,2026-09-01,5546,5546
moneyflow,2026-09-02,5547,5547
moneyflow,2026-09-03,5549,5549
moneyflow,2026-09-04,5548,5548
moneyflow,2026-09-07,5549,5549
moneyflow,2026-09-08,5549,5549
moneyflow,2026-09-09,5550,5550
moneyflow,2026-09-10,5549,5549
moneyflow,2026-09-11,5550,5550
moneyflow,2026-09-14,5550,5550
moneyflow,2026-09-15,5548,5548
moneyflow,2026-09-16,5550,5550
moneyflow,2026-09-17,5553,5553
moneyflow,2026-09-18,5553,5553
moneyflow,2026-09-21,5553,5553
moneyflow,2026-09-22,5554,5554
moneyflow,2026-09-23,5555,5555
moneyflow,2026-09-24,5569,5569
moneyflow,2026-09-28,5569,5569
moneyflow,2026-09-29,5571,5571
moneyflow,2026-09-30,5572,5572
moneyflow_dc,2023-09-11,5412,5412
moneyflow_dc,2023-09-12,5412,5412
moneyflow_dc,2023-09-13,5413,5413
moneyflow_dc,2023-09-14,5414,5414
moneyflow_dc,2023-09-15,5414,5414
moneyflow_dc,2023-09-18,5415,5415
moneyflow_dc,2023-09-19,5416,5416
moneyflow_dc,2023-09-20,5416,5416
moneyflow_dc,2023-09-21,5417,5417
moneyflow_dc,2023-09-22,5417,5417
moneyflow_dc,2023-09-25,5418,5418
moneyflow_dc,2023-09-26,5419,5419
moneyflow_dc,2023-09-27,5419,5419
moneyflow_dc,2023-09-28,5419,5419
moneyflow_dc,2023-10-09,5419,5419
moneyflow_dc,2023-10-10,5419,5419
moneyflow_dc,2023-10-11,5420,5420
moneyflow_dc,2023-10-12,5421,5421
moneyflow_dc,2023-10-13,5422,5422
moneyflow_dc,2023-10-16,5422,5422
moneyflow_dc,2023-10-17,5423,5423
moneyflow_dc,2023-10-18,5423,5423
moneyflow_dc,2023-10-19,5424,5424
moneyflow_dc,2023-10-20,5425,5425
moneyflow_dc,2023-10-23,5425,5425
moneyflow_dc,2023-10-24,5425,5425
moneyflow_dc,2023-10-25,5426,5426
moneyflow_dc,2023-10-26,5426,5426
moneyflow_dc,2023-10-27,5427,5427
moneyflow_dc,2023-10-30,5427,5427
moneyflow_dc,2023-10-31,5428,5428
moneyflow_dc,2023-11-01,5428,5428
moneyflow_dc,2023-11-02,5428,5428
moneyflow_dc,2023-11-03,5428,5428
moneyflow_dc,2023-11-06,5428,5428
moneyflow_dc,2023-11-07,5428,5428
moneyflow_dc,2023-11-08,5428,5428
moneyflow_dc,2023-11-09,5429,5429
moneyflow_dc,2023-11-10,5431,5431
moneyflow_dc,2023-11-13,5431,5431
moneyflow_dc,2023-11-14,5431,5431
moneyflow_dc,2023-11-15,5432,5432
moneyflow_dc,2023-11-16,5433,5433
moneyflow_dc,2023-11-17,5434,5434
moneyflow_dc,2023-11-20,5434,5434
moneyflow_dc,2023-11-21,5434,5434
moneyflow_dc,2023-11-23,5435,5435
moneyflow_dc,2023-11-24,5437,5437
moneyflow_dc,2023-11-27,5437,5437
moneyflow_dc,2023-11-28,5437,5437
moneyflow_dc,2023-11-29,5438,5438
moneyflow_dc,2023-11-30,5438,5438
moneyflow_dc,2023-12-01,5440,5440
moneyflow_dc,2023-12-04,5440,5440
moneyflow_dc,2023-12-05,5441,5441
moneyflow_dc,2023-12-06,5441,5441
moneyflow_dc,2023-12-07,5442,5442
moneyflow_dc,2023-12-08,5443,5443
moneyflow_dc,2023-12-11,5444,5444
moneyflow_dc,2023-12-12,5445,5445
moneyflow_dc,2023-12-13,5445,5445
moneyflow_dc,2023-12-14,5446,5446
moneyflow_dc,2023-12-15,5446,5446
moneyflow_dc,2023-12-18,5446,5446
moneyflow_dc,2023-12-19,5446,5446
moneyflow_dc,2023-12-20,5446,5446
moneyflow_dc,2023-12-21,5447,5447
moneyflow_dc,2023-12-22,5449,5449
moneyflow_dc,2023-12-25,5449,5449
moneyflow_dc,2023-12-26,5449,5449
moneyflow_dc,2023-12-27,5449,5449
moneyflow_dc,2023-12-28,5450,5450
moneyflow_dc,2023-12-29,5451,5451
moneyflow_dc,2024-01-02,5451,5451
moneyflow_dc,2024-01-03,5452,5452
moneyflow_dc,2024-01-04,5452,5452
moneyflow_dc,2024-01-05,5453,5453
moneyflow_dc,2024-01-08,5453,5453
moneyflow_dc,2024-01-09,5453,5453
moneyflow_dc,2024-01-10,5453,5453
moneyflow_dc,2024-01-11,5455,5455
moneyflow_dc,2024-01-12,5455,5455
moneyflow_dc,2024-01-15,5455,5455
moneyflow_dc,2024-01-16,5456,5456
moneyflow_dc,2024-01-17,5456,5456
moneyflow_dc,2024-01-18,5456,5456
moneyflow_dc,2024-01-19,5457,5457
moneyflow_dc,2024-01-22,5458,5458
moneyflow_dc,2024-01-23,5459,5459
moneyflow_dc,2024-01-24,5459,5459
moneyflow_dc,2024-01-25,5459,5459
moneyflow_dc,2024-01-26,5459,5459
moneyflow_dc,2024-01-29,5459,5459
moneyflow_dc,2024-01-30,5459,5459
moneyflow_dc,2024-01-31,5461,5461
moneyflow_dc,2024-02-01,5461,5461
moneyflow_dc,2024-02-02,5461,5461
moneyflow_dc,2024-02-05,5461,5461
moneyflow_dc,2024-02-06,5461,5461
moneyflow_dc,2024-02-07,5461,5461
moneyflow_dc,2024-02-08,5461,5461
moneyflow_dc,2024-02-19,5461,5461
moneyflow_dc,2024-02-20,5461,5461
moneyflow_dc,2024-02-21,5461,5461
moneyflow_dc,2024-02-22,5461,5461
moneyflow_dc,2024-02-23,5463,5463
moneyflow_dc,2024-02-26,5463,5463
moneyflow_dc,2024-02-27,5463,5463
moneyflow_dc,2024-02-28,5463,5463
moneyflow_dc,2024-02-29,5463,5463
moneyflow_dc,2024-03-01,5465,5465
moneyflow_dc,2024-03-04,5465,5465
moneyflow_dc,2024-03-05,5465,5465
moneyflow_dc,2024-03-06,5465,5465
moneyflow_dc,2024-03-07,5466,5466
moneyflow_dc,2024-03-08,5467,5467
moneyflow_dc,2024-03-11,5467,5467
moneyflow_dc,2024-03-12,5467,5467
moneyflow_dc,2024-03-13,5467,5467
moneyflow_dc,2024-03-14,5468,5468
moneyflow_dc,2024-03-15,5469,5469
moneyflow_dc,2024-03-18,5469,5469
moneyflow_dc,2024-03-19,5469,5469
moneyflow_dc,2024-03-20,5469,5469
moneyflow_dc,2024-03-21,5471,5471
moneyflow_dc,2024-03-22,5471,5471
moneyflow_dc,2024-03-25,5471,5471
moneyflow_dc,2024-03-26,5471,5471
moneyflow_dc,2024-03-27,5471,5471
moneyflow_dc,2024-03-28,5471,5471
moneyflow_dc,2024-03-29,5471,5471
moneyflow_dc,2024-04-01,5471,5471
moneyflow_dc,2024-04-02,5471,5471
moneyflow_dc,2024-04-03,5471,5471
moneyflow_dc,2024-04-08,5471,5471
moneyflow_dc,2024-04-09,5471,5471
moneyflow_dc,2024-04-10,5471,5471
moneyflow_dc,2024-04-11,5471,5471
moneyflow_dc,2024-04-12,5471,5471
moneyflow_dc,2024-04-15,5471,5471
moneyflow_dc,2024-04-16,5471,5471
moneyflow_dc,2024-04-17,5472,5472
moneyflow_dc,2024-04-18,5472,5472
moneyflow_dc,2024-04-19,5472,5472
moneyflow_dc,2024-04-22,5473,5473
moneyflow_dc,2024-04-23,5473,5473
moneyflow_dc,2024-04-24,5473,5473
moneyflow_dc,2024-04-25,5721,5721
moneyflow_dc,2024-04-26,5721,5721
moneyflow_dc,2024-04-29,5721,5721
moneyflow_dc,2024-04-30,5721,5721
moneyflow_dc,2024-05-06,5721,5721
moneyflow_dc,2024-05-07,5721,5721
moneyflow_dc,2024-05-08,5721,5721
moneyflow_dc,2024-05-09,5721,5721
moneyflow_dc,2024-05-10,5721,5721
moneyflow_dc,2024-05-13,5721,5721
moneyflow_dc,2024-05-14,5721,5721
moneyflow_dc,2024-05-15,5721,5721
moneyflow_dc,2024-05-16,5722,5722
moneyflow_dc,2024-05-17,5722,5722
moneyflow_dc,2024-05-20,5722,5722
moneyflow_dc,2024-05-21,5722,5722
moneyflow_dc,2024-05-22,5722,5722
moneyflow_dc,2024-05-23,5723,5723
moneyflow_dc,2024-05-24,5724,5724
moneyflow_dc,2024-05-27,5724,5724
moneyflow_dc,2024-05-28,5724,5724
moneyflow_dc,2024-05-29,5724,5724
moneyflow_dc,2024-05-30,5725,5725
moneyflow_dc,2024-05-31,5726,5726
moneyflow_dc,2024-06-03,5726,5726
moneyflow_dc,2024-06-04,5726,5726
moneyflow_dc,2024-06-05,5726,5726
moneyflow_dc,2024-06-06,5728,5728
moneyflow_dc,2024-06-07,5728,5728
moneyflow_dc,2024-06-11,5728,5728
moneyflow_dc,2024-06-12,5728,5728
moneyflow_dc,2024-06-13,5728,5728
moneyflow_dc,2024-06-14,5729,5729
moneyflow_dc,2024-06-17,5729,5729
moneyflow_dc,2024-06-18,5730,5730
moneyflow_dc,2024-06-19,5730,5730
moneyflow_dc,2024-06-20,5730,5730
moneyflow_dc,2024-06-21,5731,5731
moneyflow_dc,2024-06-24,5731,5731
moneyflow_dc,2024-06-25,5731,5731
moneyflow_dc,2024-06-26,5731,5731
moneyflow_dc,2024-06-27,5732,5732
moneyflow_dc,2024-06-28,5732,5732
moneyflow_dc,2024-07-01,5732,5732
moneyflow_dc,2024-07-02,5732,5732
moneyflow_dc,2024-07-03,5732,5732
moneyflow_dc,2024-07-04,5732,5732
moneyflow_dc,2024-07-05,5732,5732
moneyflow_dc,2024-07-08,5733,5733
moneyflow_dc,2024-07-09,5733,5733
moneyflow_dc,2024-07-10,5733,5733
moneyflow_dc,2024-07-11,5733,5733
moneyflow_dc,2024-07-12,5735,5735
moneyflow_dc,2024-07-15,5735,5735
moneyflow_dc,2024-07-16,5735,5735
moneyflow_dc,2024-07-17,5735,5735
moneyflow_dc,2024-07-18,5736,5736
moneyflow_dc,2024-07-19,5736,5736
moneyflow_dc,2024-07-22,5736,5736
moneyflow_dc,2024-07-23,5736,5736
moneyflow_dc,2024-07-24,5736,5736
moneyflow_dc,2024-07-25,5736,5736
moneyflow_dc,2024-07-26,5738,5738
moneyflow_dc,2024-07-29,5738,5738
moneyflow_dc,2024-07-30,5738,5738
moneyflow_dc,2024-07-31,5738,5738
moneyflow_dc,2024-08-01,5738,5738
moneyflow_dc,2024-08-02,5739,5739
moneyflow_dc,2024-08-05,5739,5739
moneyflow_dc,2024-08-06,5739,5739
moneyflow_dc,2024-08-07,5740,5740
moneyflow_dc,2024-08-08,5740,5740
moneyflow_dc,2024-08-09,5741,5741
moneyflow_dc,2024-08-12,5741,5741
moneyflow_dc,2024-08-13,5741,5741
moneyflow_dc,2024-08-14,5741,5741
moneyflow_dc,2024-08-15,5742,5742
moneyflow_dc,2024-08-16,5743,5743
moneyflow_dc,2024-08-19,5743,5743
moneyflow_dc,2024-08-20,5743,5743
moneyflow_dc,2024-08-21,5744,5744
moneyflow_dc,2024-08-22,5745,5745
moneyflow_dc,2024-08-23,5745,5745
moneyflow_dc,2024-08-26,5745,5745
moneyflow_dc,2024-08-27,5745,5745
moneyflow_dc,2024-08-28,5745,5745
moneyflow_dc,2024-08-29,5748,5748
moneyflow_dc,2024-08-30,5748,5748
moneyflow_dc,2024-09-02,5748,5748
moneyflow_dc,2024-09-03,5748,5748
moneyflow_dc,2024-09-04,5748,5748
moneyflow_dc,2024-09-05,5750,5750
moneyflow_dc,2024-09-06,5750,5750
moneyflow_dc,2024-09-09,5750,5750
moneyflow_dc,2024-09-10,5750,5750
moneyflow_dc,2024-09-11,5750,5750
moneyflow_dc,2024-09-12,5750,5750
moneyflow_dc,2024-09-13,5753,5753
moneyflow_dc,2024-09-18,5753,5753
moneyflow_dc,2024-09-19,5753,5753
moneyflow_dc,2024-09-20,5755,5755
moneyflow_dc,2024-09-23,5755,5755
moneyflow_dc,2024-09-24,5755,5755
moneyflow_dc,2024-09-25,5756,5756
moneyflow_dc,2024-09-26,5757,5757
moneyflow_dc,2024-09-27,5758,5758
moneyflow_dc,2024-09-30,5758,5758
moneyflow_dc,2024-10-08,5758,5758
moneyflow_dc,2024-10-09,5758,5758
moneyflow_dc,2024-10-10,5759,5759
moneyflow_dc,2024-10-11,5760,5760
moneyflow_dc,2024-10-14,5760,5760
moneyflow_dc,2024-10-15,5760,5760
moneyflow_dc,2024-10-16,5760,5760
moneyflow_dc,2024-10-17,5762,5762
moneyflow_dc,2024-10-18,5762,5762
moneyflow_dc,2024-10-21,5762,5762
moneyflow_dc,2024-10-22,5761,5761
moneyflow_dc,2024-10-23,5762,5762
moneyflow_dc,2024-10-24,5762,5762
moneyflow_dc,2024-10-25,5762,5762
moneyflow_dc,2024-10-28,5763,5763
moneyflow_dc,2024-10-29,5764,5764
moneyflow_dc,2024-10-30,5764,5764
moneyflow_dc,2024-10-31,5767,5767
moneyflow_dc,2024-11-01,5767,5767
moneyflow_dc,2024-11-04,5773,5773
moneyflow_dc,2024-11-05,5773,5773
moneyflow_dc,2024-11-06,5773,5773
moneyflow_dc,2024-11-07,5774,5774
moneyflow_dc,2024-11-08,5775,5775
moneyflow_dc,2024-11-11,5776,5776
moneyflow_dc,2024-11-12,5776,5776
moneyflow_dc,2024-11-13,5776,5776
moneyflow_dc,2024-11-14,5777,5777
moneyflow_dc,2024-11-15,5778,5778
moneyflow_dc,2024-11-18,5778,5778
moneyflow_dc,2024-11-19,5779,5779
moneyflow_dc,2024-11-20,5780,5780
moneyflow_dc,2024-11-21,5780,5780
moneyflow_dc,2024-11-22,5781,5781
moneyflow_dc,2024-11-25,5781,5781
moneyflow_dc,2024-11-26,5780,5780
moneyflow_dc,2024-11-27,5780,5780
moneyflow_dc,2024-11-28,5781,5781
moneyflow_dc,2024-11-29,5782,5782
moneyflow_dc,2024-12-02,5782,5782
moneyflow_dc,2024-12-03,5782,5782
moneyflow_dc,2024-12-04,5782,5782
moneyflow_dc,2024-12-05,5785,5785
moneyflow_dc,2024-12-06,5785,5785
moneyflow_dc,2024-12-09,5785,5785
moneyflow_dc,2024-12-10,5786,5786
moneyflow_dc,2024-12-11,5787,5787
moneyflow_dc,2024-12-12,5788,5788
moneyflow_dc,2024-12-13,5788,5788
moneyflow_dc,2024-12-16,5788,5788
moneyflow_dc,2024-12-17,5788,5788
moneyflow_dc,2024-12-18,5789,5789
moneyflow_dc,2024-12-19,5790,5790
moneyflow_dc,2024-12-20,5792,5792
moneyflow_dc,2024-12-23,5792,5792
moneyflow_dc,2024-12-24,5792,5792
moneyflow_dc,2024-12-25,5792,5792
moneyflow_dc,2024-12-26,5795,5795
moneyflow_dc,2024-12-27,5795,5795
moneyflow_dc,2024-12-30,5795,5795
moneyflow_dc,2024-12-31,5795,5795
moneyflow_dc,2025-01-02,5797,5797
moneyflow_dc,2025-01-03,5799,5799
moneyflow_dc,2025-01-06,5799,5799
moneyflow_dc,2025-01-07,5799,5799
moneyflow_dc,2025-01-08,5801,5801
moneyflow_dc,2025-01-09,5801,5801
moneyflow_dc,2025-01-10,5801,5801
moneyflow_dc,2025-01-13,5802,5802
moneyflow_dc,2025-01-14,5802,5802
moneyflow_dc,2025-01-15,5802,5802
moneyflow_dc,2025-01-16,5802,5802
moneyflow_dc,2025-01-17,5802,5802
moneyflow_dc,2025-01-20,5802,5802
moneyflow_dc,2025-01-21,5802,5802
moneyflow_dc,2025-01-22,5802,5802
moneyflow_dc,2025-01-23,5802,5802
moneyflow_dc,2025-01-24,5802,5802
moneyflow_dc,2025-01-27,5802,5802
moneyflow_dc,2025-02-05,5802,5802
moneyflow_dc,2025-02-06,5804,5804
moneyflow_dc,2025-02-07,5804,5804
moneyflow_dc,2025-02-10,5804,5804
moneyflow_dc,2025-02-11,5804,5804
moneyflow_dc,2025-02-12,5805,5805
moneyflow_dc,2025-02-13,5806,5806
moneyflow_dc,2025-02-14,5807,5807
moneyflow_dc,2025-02-17,5806,5806
moneyflow_dc,2025-02-18,5806,5806
moneyflow_dc,2025-02-19,5806,5806
moneyflow_dc,2025-02-20,5808,5808
moneyflow_dc,2025-02-21,5809,5809
moneyflow_dc,2025-02-24,5809,5809
moneyflow_dc,2025-02-25,5809,5809
moneyflow_dc,2025-02-26,5809,5809
moneyflow_dc,2025-02-27,5810,5810
moneyflow_dc,2025-02-28,5812,5812
moneyflow_dc,2025-03-03,5812,5812
moneyflow_dc,2025-03-04,5812,5812
moneyflow_dc,2025-03-05,5812,5812
moneyflow_dc,2025-03-06,5814,5814
moneyflow_dc,2025-03-07,5815,5815
moneyflow_dc,2025-03-10,5815,5815
moneyflow_dc,2025-03-11,5815,5815
moneyflow_dc,2025-03-12,5815,5815
moneyflow_dc,2025-03-13,5817,5817
moneyflow_dc,2025-03-14,5818,5818
moneyflow_dc,2025-03-17,5818,5818
moneyflow_dc,2025-03-18,5818,5818
moneyflow_dc,2025-03-19,5818,5818
moneyflow_dc,2025-03-20,5820,5820
moneyflow_dc,2025-03-21,5821,5821
moneyflow_dc,2025-03-24,5821,5821
moneyflow_dc,2025-03-25,5821,5821
moneyflow_dc,2025-03-26,5822,5822
moneyflow_dc,2025-03-27,5824,5824
moneyflow_dc,2025-03-28,5825,5825
moneyflow_dc,2025-03-31,5825,5825
moneyflow_dc,2025-04-01,5826,5826
moneyflow_dc,2025-04-02,5827,5827
moneyflow_dc,2025-04-03,5829,5829
moneyflow_dc,2025-04-07,5829,5829
moneyflow_dc,2025-04-08,5829,5829
moneyflow_dc,2025-04-09,5829,5829
moneyflow_dc,2025-04-10,6041,6041
moneyflow_dc,2025-04-11,6068,6068
moneyflow_dc,2025-04-14,6068,6068
moneyflow_dc,2025-04-15,6068,6068
moneyflow_dc,2025-04-16,6068,6068
moneyflow_dc,2025-04-17,6069,6069
moneyflow_dc,2025-04-18,6069,6069
moneyflow_dc,2025-04-21,6069,6069
moneyflow_dc,2025-04-22,6069,6069
moneyflow_dc,2025-04-23,6069,6069
moneyflow_dc,2025-04-24,6071,6071
moneyflow_dc,2025-04-25,6072,6072
moneyflow_dc,2025-04-28,6072,6072
moneyflow_dc,2025-04-29,6072,6072
moneyflow_dc,2025-04-30,6067,6067
moneyflow_dc,2025-05-06,6066,6066
moneyflow_dc,2025-05-07,6066,6066
moneyflow_dc,2025-05-08,6066,6066
moneyflow_dc,2025-05-09,6067,6067
moneyflow_dc,2025-05-12,6067,6067
moneyflow_dc,2025-05-13,6068,6068
moneyflow_dc,2025-05-14,6068,6068
moneyflow_dc,2025-05-15,6070,6070
moneyflow_dc,2025-05-16,6070,6070
moneyflow_dc,2025-05-19,6070,6070
moneyflow_dc,2025-05-20,6070,6070
moneyflow_dc,2025-05-21,6070,6070
moneyflow_dc,2025-05-22,6071,6071
moneyflow_dc,2025-05-23,6072,6072
moneyflow_dc,2025-05-26,6070,6070
moneyflow_dc,2025-05-27,6070,6070
moneyflow_dc,2025-05-28,6070,6070
moneyflow_dc,2025-05-29,6070,6070
moneyflow_dc,2025-05-30,6072,6072
moneyflow_dc,2025-06-03,6072,6072
moneyflow_dc,2025-06-04,6072,6072
moneyflow_dc,2025-06-05,6072,6072
moneyflow_dc,2025-06-06,6072,6072
moneyflow_dc,2025-06-09,6072,6072
moneyflow_dc,2025-06-10,6075,6075
moneyflow_dc,2025-06-11,6075,6075
moneyflow_dc,2025-06-12,6076,6076
moneyflow_dc,2025-06-13,6076,6076
moneyflow_dc,2025-06-16,6074,6074
moneyflow_dc,2025-06-17,6076,6076
moneyflow_dc,2025-06-18,6076,6076
moneyflow_dc,2025-06-19,6077,6077
moneyflow_dc,2025-06-20,6077,6077
moneyflow_dc,2025-06-23,6077,6077
moneyflow_dc,2025-06-24,6077,6077
moneyflow_dc,2025-06-25,6077,6077
moneyflow_dc,2025-06-26,6078,6078
moneyflow_dc,2025-06-27,6078,6078
moneyflow_dc,2025-06-30,6078,6078
moneyflow_dc,2025-07-01,6078,6078
moneyflow_dc,2025-07-02,6078,6078
moneyflow_dc,2025-07-03,6078,6078
moneyflow_dc,2025-07-04,6082,6082
moneyflow_dc,2025-07-07,6078,6078
moneyflow_dc,2025-07-08,6078,6078
moneyflow_dc,2025-07-09,6078,6078
moneyflow_dc,2025-07-10,6078,6078
moneyflow_dc,2025-07-11,6079,6079
moneyflow_dc,2025-07-14,6083,6083
moneyflow_dc,2025-07-15,6083,6083
moneyflow_dc,2025-07-16,6083,6083
moneyflow_dc,2025-07-17,6082,6082
moneyflow_dc,2025-07-18,6083,6083
moneyflow_dc,2025-07-21,6083,6083
moneyflow_dc,2025-07-22,6083,6083
moneyflow_dc,2025-07-23,6083,6083
moneyflow_dc,2025-07-24,6084,6084
moneyflow_dc,2025-07-25,6084,6084
moneyflow_dc,2025-07-28,6084,6084
moneyflow_dc,2025-07-29,6084,6084
moneyflow_dc,2025-07-30,6084,6084
moneyflow_dc,2025-07-31,6087,6087
moneyflow_dc,2025-08-01,6087,6087
moneyflow_dc,2025-08-04,6087,6087
moneyflow_dc,2025-08-05,6087,6087
moneyflow_dc,2025-08-06,6087,6087
moneyflow_dc,2025-08-07,6087,6087
moneyflow_dc,2025-08-08,6088,6088
moneyflow_dc,2025-08-11,6088,6088
moneyflow_dc,2025-08-12,6088,6088
moneyflow_dc,2025-08-13,6088,6088
moneyflow_dc,2025-08-14,6089,6089
moneyflow_dc,2025-08-15,6090,6090
moneyflow_dc,2025-08-18,6090,6090
moneyflow_dc,2025-08-19,6090,6090
moneyflow_dc,2025-08-20,6091,6091
moneyflow_dc,2025-08-21,6092,6092
moneyflow_dc,2025-08-22,6093,6093
moneyflow_dc,2025-08-25,6093,6093
moneyflow_dc,2025-08-26,6093,6093
moneyflow_dc,2025-08-27,6093,6093
moneyflow_dc,2025-08-28,6093,6093
moneyflow_dc,2025-08-29,6093,6093
moneyflow_dc,2025-09-01,6093,6093
moneyflow_dc,2025-09-02,6093,6093
moneyflow_dc,2025-09-03,6093,6093
moneyflow_dc,2025-09-04,6094,6094
moneyflow_dc,2025-09-05,6096,6096
moneyflow_dc,2025-09-08,6097,6097
moneyflow_dc,2025-09-09,6097,6097
moneyflow_dc,2025-09-10,6097,6097
moneyflow_dc,2025-09-11,6101,6101
moneyflow_dc,2025-09-12,6101,6101
moneyflow_dc,2025-09-15,6099,6099
moneyflow_dc,2025-09-16,6097,6097
moneyflow_dc,2025-09-17,6097,6097
moneyflow_dc,2025-09-18,6097,6097
moneyflow_dc,2025-09-19,6099,6099
moneyflow_dc,2025-09-22,6099,6099
moneyflow_dc,2025-09-23,6102,6102
moneyflow_dc,2025-09-24,6102,6102
moneyflow_dc,2025-09-25,6105,6105
moneyflow_dc,2025-09-26,6106,6106
moneyflow_dc,2025-09-29,6106,6106
moneyflow_dc,2025-09-30,6106,6106
moneyflow_dc,2025-10-09,5866,5866
moneyflow_dc,2025-10-10,5867,5867
moneyflow_dc,2025-10-13,5867,5867
moneyflow_dc,2025-10-14,5867,5867
moneyflow_dc,2025-10-15,5867,5867
moneyflow_dc,2025-10-16,5869,5869
moneyflow_dc,2025-10-17,5871,5871
moneyflow_dc,2025-10-20,5871,5871
moneyflow_dc,2025-10-21,5871,5871
moneyflow_dc,2025-10-22,5871,5871
moneyflow_dc,2025-10-23,5871,5871
moneyflow_dc,2025-10-24,5871,5871
moneyflow_dc,2025-10-27,5871,5871
moneyflow_dc,2025-10-28,5872,5872
moneyflow_dc,2025-10-29,5872,5872
moneyflow_dc,2025-10-30,5874,5874
moneyflow_dc,2025-10-31,5874,5874
moneyflow_dc,2025-11-03,5875,5875
moneyflow_dc,2025-11-04,5875,5875
moneyflow_dc,2025-11-05,5875,5875
moneyflow_dc,2025-11-06,5876,5876
moneyflow_dc,2025-11-07,5877,5877
moneyflow_dc,2025-11-10,5877,5877
moneyflow_dc,2025-11-11,5877,5877
moneyflow_dc,2025-11-12,5877,5877
moneyflow_dc,2025-11-13,5878,5878
moneyflow_dc,2025-11-14,5879,5879
moneyflow_dc,2025-11-17,5879,5879
moneyflow_dc,2025-11-18,5880,5880
moneyflow_dc,2025-11-19,5880,5880
moneyflow_dc,2025-11-20,5881,5881
moneyflow_dc,2025-11-21,5882,5882
moneyflow_dc,2025-11-24,5882,5882
moneyflow_dc,2025-11-25,5882,5882
moneyflow_dc,2025-11-26,5882,5882
moneyflow_dc,2025-11-27,5886,5886
moneyflow_dc,2025-11-28,5887,5887
moneyflow_dc,2025-12-01,5887,5887
moneyflow_dc,2025-12-02,5888,5888
moneyflow_dc,2025-12-03,5888,5888
moneyflow_dc,2025-12-04,5890,5890
moneyflow_dc,2025-12-05,5892,5892
moneyflow_dc,2025-12-08,5892,5892
moneyflow_dc,2025-12-09,5892,5892
moneyflow_dc,2025-12-10,5892,5892
moneyflow_dc,2025-12-11,5896,5896
moneyflow_dc,2025-12-12,5897,5897
moneyflow_dc,2025-12-15,5897,5897
moneyflow_dc,2025-12-16,5897,5897
moneyflow_dc,2025-12-17,5897,5897
moneyflow_dc,2025-12-18,5898,5898
moneyflow_dc,2025-12-19,5898,5898
moneyflow_dc,2025-12-22,5898,5898
moneyflow_dc,2025-12-23,5898,5898
moneyflow_dc,2025-12-24,5898,5898
moneyflow_dc,2025-12-25,5900,5900
moneyflow_dc,2025-12-26,5900,5900
moneyflow_dc,2025-12-29,5900,5900
moneyflow_dc,2025-12-30,5900,5900
moneyflow_dc,2025-12-31,5900,5900
moneyflow_dc,2026-01-05,5899,5899
moneyflow_dc,2026-01-06,5899,5899
moneyflow_dc,2026-01-07,5899,5899
moneyflow_dc,2026-01-08,5900,5900
moneyflow_dc,2026-01-09,5902,5902
moneyflow_dc,2026-01-12,5902,5902
moneyflow_dc,2026-01-13,5902,5902
moneyflow_dc,2026-01-14,5902,5902
moneyflow_dc,2026-01-15,5903,5903
moneyflow_dc,2026-01-16,5905,5905
moneyflow_dc,2026-01-19,5905,5905
moneyflow_dc,2026-01-20,5905,5905
moneyflow_dc,2026-01-21,5906,5906
moneyflow_dc,2026-01-22,5909,5909
moneyflow_dc,2026-01-23,5910,5910
moneyflow_dc,2026-01-26,5910,5910
moneyflow_dc,2026-01-27,5910,5910
moneyflow_dc,2026-01-28,5911,5911
moneyflow_dc,2026-01-29,5911,5911
moneyflow_dc,2026-01-30,5911,5911
moneyflow_dc,2026-02-02,5911,5911
moneyflow_dc,2026-02-03,5911,5911
moneyflow_dc,2026-02-04,5911,5911
moneyflow_dc,2026-02-05,5910,5910
moneyflow_dc,2026-02-06,5912,5912
moneyflow_dc,2026-02-09,5912,5912
moneyflow_dc,2026-02-10,5913,5913
moneyflow_dc,2026-02-11,5913,5913
moneyflow_dc,2026-02-12,5915,5915
moneyflow_dc,2026-02-13,5915,5915
moneyflow_dc,2026-02-24,5915,5915
moneyflow_dc,2026-02-25,5915,5915
moneyflow_dc,2026-02-26,5916,5916
moneyflow_dc,2026-02-27,5916,5916
moneyflow_dc,2026-03-02,5916,5916
moneyflow_dc,2026-03-03,5916,5916
moneyflow_dc,2026-03-04,5917,5917
moneyflow_dc,2026-03-05,5919,5919
moneyflow_dc,2026-03-06,5920,5920
moneyflow_dc,2026-03-09,5921,5921
moneyflow_dc,2026-03-10,5921,5921
moneyflow_dc,2026-03-11,5921,5921
moneyflow_dc,2026-03-12,5924,5924
moneyflow_dc,2026-03-13,5924,5924
moneyflow_dc,2026-03-16,5924,5924
moneyflow_dc,2026-03-17,5924,5924
moneyflow_dc,2026-03-18,5925,5925
moneyflow_dc,2026-03-19,5927,5927
moneyflow_dc,2026-03-20,5929,5929
moneyflow_dc,2026-03-23,5929,5929
moneyflow_dc,2026-03-24,5929,5929
moneyflow_dc,2026-03-25,5929,5929
moneyflow_dc,2026-03-26,5930,5930
moneyflow_dc,2026-03-27,5933,5933
moneyflow_dc,2026-03-30,5934,5934
moneyflow_dc,2026-03-31,5937,5937
moneyflow_dc,2026-04-01,5937,5937
moneyflow_dc,2026-04-02,5937,5937
moneyflow_dc,2026-04-03,5938,5938
moneyflow_dc,2026-04-07,5938,5938
moneyflow_dc,2026-04-08,5939,5939
moneyflow_dc,2026-04-09,5939,5939
moneyflow_dc,2026-04-10,5941,5941
moneyflow_dc,2026-04-13,5942,5942
moneyflow_dc,2026-04-14,5942,5942
moneyflow_dc,2026-04-15,5942,5942
moneyflow_dc,2026-04-16,5944,5944
moneyflow_dc,2026-04-17,5945,5945
moneyflow_dc,2026-04-20,5946,5946
moneyflow_dc,2026-04-21,5946,5946
moneyflow_dc,2026-04-22,5946,5946
moneyflow_dc,2026-04-23,5946,5946
moneyflow_dc,2026-04-24,5949,5949
moneyflow_dc,2026-04-27,5950,5950
moneyflow_dc,2026-04-28,5950,5950
moneyflow_dc,2026-04-29,5950,5950
moneyflow_dc,2026-04-30,5951,5951
moneyflow_dc,2026-05-06,5952,5952
moneyflow_dc,2026-05-07,5953,5953
moneyflow_dc,2026-05-08,5954,5954
moneyflow_dc,2026-05-11,5954,5954
moneyflow_dc,2026-05-12,5954,5954
moneyflow_dc,2026-05-13,5953,5953
moneyflow_dc,2026-05-14,5953,5953
moneyflow_dc,2026-05-15,5954,5954
moneyflow_dc,2026-05-18,5262,5262
moneyflow_dc,2026-05-19,2812,2812
moneyflow_dc,2026-05-20,5949,5949
moneyflow_dc,2026-05-21,5956,5956
moneyflow_dc,2026-05-22,5357,5357
moneyflow_dc,2026-05-25,5729,5729
moneyflow_dc,2026-05-26,5715,5715
moneyflow_dc,2026-05-27,5757,5757
moneyflow_dc,2026-05-28,5731,5731
moneyflow_dc,2026-05-29,5952,5952
moneyflow_dc,2026-06-01,5939,5939
moneyflow_dc,2026-06-02,5799,5799
moneyflow_dc,2026-06-03,5761,5761
moneyflow_dc,2026-06-04,5762,5762
moneyflow_dc,2026-06-05,5803,5803
moneyflow_dc,2026-06-08,5826,5826
moneyflow_dc,2026-06-09,5848,5848
moneyflow_dc,2026-06-10,5811,5811
moneyflow_dc,2026-06-11,5825,5825
moneyflow_dc,2026-06-12,5965,5965
moneyflow_dc,2026-06-15,5793,5793
moneyflow_dc,2026-06-16,5814,5814
moneyflow_dc,2026-06-17,5877,5877
moneyflow_dc,2026-06-18,5899,5899
moneyflow_dc,2026-06-22,5891,5891
moneyflow_dc,2026-06-23,5858,5858
moneyflow_dc,2026-06-24,5852,5852
moneyflow_dc,2026-06-25,5861,5861
moneyflow_dc,2026-06-26,5853,5853
moneyflow_dc,2026-06-29,5969,5969
moneyflow_dc,2026-06-30,5829,5829
moneyflow_dc,2026-07-01,5970,5970
moneyflow_dc,2026-07-02,5734,5734
moneyflow_dc,2026-07-03,5970,5970
moneyflow_dc,2026-07-06,5768,5768
moneyflow_dc,2026-07-07,5940,5940
moneyflow_dc,2026-07-08,5870,5870
moneyflow_dc,2026-07-09,5976,5976
moneyflow_dc,2026-07-10,5886,5886
moneyflow_dc,2026-07-13,5887,5887
moneyflow_dc,2026-07-14,5919,5919
moneyflow_dc,2026-07-15,5873,5873
moneyflow_dc,2026-07-16,5916,5916
moneyflow_dc,2026-07-17,5919,5919
moneyflow_dc,2026-07-20,5854,5854
moneyflow_dc,2026-07-21,5870,5870
moneyflow_dc,2026-07-22,5788,5788
moneyflow_dc,2026-07-23,5857,5857
moneyflow_dc,2026-07-24,5893,5893
moneyflow_dc,2026-07-27,5935,5935
moneyflow_dc,2026-07-28,5932,5932
moneyflow_dc,2026-07-29,5987,5987
moneyflow_dc,2026-07-30,5892,5892
moneyflow_dc,2026-07-31,5902,5902
moneyflow_dc,2026-08-03,5884,5884
moneyflow_dc,2026-08-04,5926,5926
moneyflow_dc,2026-08-05,5895,5895
moneyflow_dc,2026-08-06,5877,5877
moneyflow_dc,2026-08-07,5866,5866
moneyflow_dc,2026-08-10,5823,5823
moneyflow_dc,2026-08-11,5911,5911
moneyflow_dc,2026-08-12,5903,5903
moneyflow_dc,2026-08-13,5901,5901
moneyflow_dc,2026-08-14,5998,5998
moneyflow_dc,2026-08-17,5999,5999
moneyflow_dc,2026-08-18,6001,6001
moneyflow_dc,2026-08-19,6002,6002
moneyflow_dc,2026-08-20,6003,6003
moneyflow_dc,2026-08-21,6004,6004
moneyflow_dc,2026-08-24,6004,6004
moneyflow_dc,2026-08-25,6005,6005
moneyflow_dc,2026-08-26,6006,6006
moneyflow_dc,2026-08-27,6006,6006
moneyflow_dc,2026-08-28,6007,6007
moneyflow_dc,2026-08-31,6007,6007
moneyflow_dc,2026-09-01,6008,6008
moneyflow_dc,2026-09-02,6009,6009
moneyflow_dc,2026-09-03,6010,6010
moneyflow_dc,2026-09-04,4341,4341
moneyflow_dc,2026-09-07,2992,2992
moneyflow_dc,2026-09-08,6013,6013
moneyflow_dc,2026-09-09,6014,6014
moneyflow_dc,2026-09-10,6015,6015
moneyflow_dc,2026-09-11,6015,6015
moneyflow_dc,2026-09-14,6015,6015
moneyflow_dc,2026-09-15,6016,6016
moneyflow_dc,2026-09-16,6017,6017
moneyflow_dc,2026-09-17,6018,6018
moneyflow_dc,2026-09-18,6018,6018
moneyflow_dc,2026-09-21,6018,6018
moneyflow_dc,2026-09-22,6019,6019
moneyflow_dc,2026-09-23,6021,6021
moneyflow_dc,2026-09-24,6022,6022
moneyflow_dc,2026-09-28,6022,6022
moneyflow_dc,2026-09-29,6023,6023
moneyflow_dc,2026-09-30,6024,6024
moneyflow_ths,2024-12-19,2,2
moneyflow_ths,2024-12-20,2,2
moneyflow_ths,2024-12-23,2,2
moneyflow_ths,2024-12-24,5204,5204
moneyflow_ths,2024-12-25,5205,5205
moneyflow_ths,2024-12-26,5207,5207
moneyflow_ths,2024-12-27,5207,5207
moneyflow_ths,2024-12-30,5207,5207
moneyflow_ths,2024-12-31,5207,5207
moneyflow_ths,2025-01-02,5209,5209
moneyflow_ths,2025-01-03,5209,5209
moneyflow_ths,2025-01-06,5209,5209
moneyflow_ths,2025-01-07,5209,5209
moneyflow_ths,2025-01-08,5210,5210
moneyflow_ths,2025-01-09,5212,5212
moneyflow_ths,2025-01-10,5212,5212
moneyflow_ths,2025-01-13,5212,5212
moneyflow_ths,2025-01-14,5214,5214
moneyflow_ths,2025-01-15,5214,5214
moneyflow_ths,2025-01-16,5214,5214
moneyflow_ths,2025-01-17,5214,5214
moneyflow_ths,2025-01-20,5214,5214
moneyflow_ths,2025-01-21,5214,5214
moneyflow_ths,2025-01-22,5214,5214
moneyflow_ths,2025-01-23,5214,5214
moneyflow_ths,2025-01-24,5214,5214
moneyflow_ths,2025-01-27,5214,5214
moneyflow_ths,2025-02-05,5214,5214
moneyflow_ths,2025-02-06,5214,5214
moneyflow_ths,2025-02-07,5213,5213
moneyflow_ths,2025-02-10,5212,5212
moneyflow_ths,2025-02-11,5212,5212
moneyflow_ths,2025-02-12,5212,5212
moneyflow_ths,2025-02-13,5212,5212
moneyflow_ths,2025-02-14,5212,5212
moneyflow_ths,2025-02-17,5211,5211
moneyflow_ths,2025-02-18,5212,5212
moneyflow_ths,2025-02-19,5213,5213
moneyflow_ths,2025-02-20,5214,5214
moneyflow_ths,2025-02-21,5215,5215
moneyflow_ths,2025-02-24,5215,5215
moneyflow_ths,2025-02-25,5215,5215
moneyflow_ths,2025-02-26,5217,5217
moneyflow_ths,2025-02-27,5218,5218
moneyflow_ths,2025-02-28,5218,5218
moneyflow_ths,2025-03-03,5218,5218
moneyflow_ths,2025-03-04,5217,5217
moneyflow_ths,2025-03-05,5217,5217
moneyflow_ths,2025-03-06,5219,5219
moneyflow_ths,2025-03-07,5219,5219
moneyflow_ths,2025-03-10,5219,5219
moneyflow_ths,2025-03-11,5219,5219
moneyflow_ths,2025-03-12,5221,5221
moneyflow_ths,2025-03-13,5222,5222
moneyflow_ths,2025-03-14,5222,5222
moneyflow_ths,2025-03-17,5044,5044
moneyflow_ths,2025-03-18,5044,5044
moneyflow_ths,2025-03-19,5046,5046
moneyflow_ths,2025-03-20,5047,5047
moneyflow_ths,2025-03-21,5047,5047
moneyflow_ths,2025-03-24,5047,5047
moneyflow_ths,2025-03-25,5047,5047
moneyflow_ths,2025-03-26,5049,5049
moneyflow_ths,2025-03-27,5049,5049
moneyflow_ths,2025-03-28,5049,5049
moneyflow_ths,2025-03-31,5049,5049
moneyflow_ths,2025-04-01,5048,5048
moneyflow_ths,2025-04-02,5050,5050
moneyflow_ths,2025-04-03,5049,5049
moneyflow_ths,2025-04-07,5049,5049
moneyflow_ths,2025-04-08,5049,5049
moneyflow_ths,2025-04-09,5049,5049
moneyflow_ths,2025-04-10,5051,5051
moneyflow_ths,2025-04-11,5050,5050
moneyflow_ths,2025-04-14,5050,5050
moneyflow_ths,2025-04-15,5049,5049
moneyflow_ths,2025-04-16,5049,5049
moneyflow_ths,2025-04-17,5050,5050
moneyflow_ths,2025-04-18,5050,5050
moneyflow_ths,2025-04-21,5050,5050
moneyflow_ths,2025-04-22,5050,5050
moneyflow_ths,2025-04-23,5051,5051
moneyflow_ths,2025-04-24,5050,5050
moneyflow_ths,2025-04-25,5050,5050
moneyflow_ths,2025-04-28,5048,5048
moneyflow_ths,2025-04-29,5048,5048
moneyflow_ths,2025-04-30,5049,5049
moneyflow_ths,2025-05-06,5045,5045
moneyflow_ths,2025-05-07,5045,5045
moneyflow_ths,2025-05-08,5046,5046
moneyflow_ths,2025-05-09,5046,5046
moneyflow_ths,2025-05-12,5047,5047
moneyflow_ths,2025-05-13,5048,5048
moneyflow_ths,2025-05-14,5048,5048
moneyflow_ths,2025-05-15,5049,5049
moneyflow_ths,2025-05-16,5050,5050
moneyflow_ths,2025-05-19,5050,5050
moneyflow_ths,2025-05-20,5050,5050
moneyflow_ths,2025-05-21,5052,5052
moneyflow_ths,2025-05-22,5053,5053
moneyflow_ths,2025-05-23,5053,5053
moneyflow_ths,2025-05-26,5054,5054
moneyflow_ths,2025-05-27,5056,5056
moneyflow_ths,2025-05-28,5057,5057
moneyflow_ths,2025-05-29,5058,5058
moneyflow_ths,2025-05-30,5058,5058
moneyflow_ths,2025-06-03,5058,5058
moneyflow_ths,2025-06-04,5058,5058
moneyflow_ths,2025-06-05,5058,5058
moneyflow_ths,2025-06-06,5059,5059
moneyflow_ths,2025-06-09,5059,5059
moneyflow_ths,2025-06-10,5057,5057
moneyflow_ths,2025-06-11,5057,5057
moneyflow_ths,2025-06-12,5057,5057
moneyflow_ths,2025-06-13,5056,5056
moneyflow_ths,2025-06-16,5055,5055
moneyflow_ths,2025-06-17,5055,5055
moneyflow_ths,2025-06-18,5056,5056
moneyflow_ths,2025-06-19,5056,5056
moneyflow_ths,2025-06-20,5054,5054
moneyflow_ths,2025-06-23,5054,5054
moneyflow_ths,2025-06-24,5053,5053
moneyflow_ths,2025-06-25,5053,5053
moneyflow_ths,2025-06-26,5053,5053
moneyflow_ths,2025-06-27,5053,5053
moneyflow_ths,2025-06-30,5051,5051
moneyflow_ths,2025-07-01,5051,5051
moneyflow_ths,2025-07-02,5051,5051
moneyflow_ths,2025-07-03,5053,5053
moneyflow_ths,2025-07-04,5053,5053
moneyflow_ths,2025-07-07,5053,5053
moneyflow_ths,2025-07-08,5053,5053
moneyflow_ths,2025-07-09,5053,5053
moneyflow_ths,2025-07-10,5055,5055
moneyflow_ths,2025-07-11,5056,5056
moneyflow_ths,2025-07-14,5056,5056
moneyflow_ths,2025-07-15,5056,5056
moneyflow_ths,2025-07-16,5056,5056
moneyflow_ths,2025-07-17,5057,5057
moneyflow_ths,2025-07-18,5057,5057
moneyflow_ths,2025-07-21,5056,5056
moneyflow_ths,2025-07-22,5056,5056
moneyflow_ths,2025-07-23,5057,5057
moneyflow_ths,2025-07-24,5058,5058
moneyflow_ths,2025-07-25,5058,5058
moneyflow_ths,2025-07-28,5058,5058
moneyflow_ths,2025-07-29,5058,5058
moneyflow_ths,2025-07-30,5059,5059
moneyflow_ths,2025-07-31,5059,5059
moneyflow_ths,2025-08-01,5059,5059
moneyflow_ths,2025-08-04,5060,5060
moneyflow_ths,2025-08-05,5060,5060
moneyflow_ths,2025-08-06,5060,5060
moneyflow_ths,2025-08-07,5060,5060
moneyflow_ths,2025-08-08,5060,5060
moneyflow_ths,2025-08-11,5060,5060
moneyflow_ths,2025-08-12,5060,5060
moneyflow_ths,2025-08-13,5059,5059
moneyflow_ths,2025-08-14,5058,5058
moneyflow_ths,2025-08-15,5058,5058
moneyflow_ths,2025-08-18,5058,5058
moneyflow_ths,2025-08-19,5058,5058
moneyflow_ths,2025-08-20,5058,5058
moneyflow_ths,2025-08-21,5059,5059
moneyflow_ths,2025-08-22,5059,5059
moneyflow_ths,2025-08-25,5059,5059
moneyflow_ths,2025-08-26,5059,5059
moneyflow_ths,2025-08-27,5060,5060
moneyflow_ths,2025-08-28,5060,5060
moneyflow_ths,2025-08-29,5060,5060
moneyflow_ths,2025-09-01,5060,5060
moneyflow_ths,2025-09-02,5060,5060
moneyflow_ths,2025-09-03,5061,5061
moneyflow_ths,2025-09-04,5061,5061
moneyflow_ths,2025-09-05,5061,5061
moneyflow_ths,2025-09-08,5061,5061
moneyflow_ths,2025-09-09,5061,5061
moneyflow_ths,2025-09-10,5062,5062
moneyflow_ths,2025-09-11,5064,5064
moneyflow_ths,2025-09-12,5064,5064
moneyflow_ths,2025-09-15,5063,5063
moneyflow_ths,2025-09-16,5063,5063
moneyflow_ths,2025-09-17,5065,5065
moneyflow_ths,2025-09-18,5065,5065
moneyflow_ths,2025-09-19,5065,5065
moneyflow_ths,2025-09-22,5065,5065
moneyflow_ths,2025-09-23,5065,5065
moneyflow_ths,2025-09-24,5065,5065
moneyflow_ths,2025-09-25,5066,5066
moneyflow_ths,2025-09-26,5066,5066
moneyflow_ths,2025-09-29,5067,5067
moneyflow_ths,2025-09-30,5067,5067
moneyflow_ths,2025-10-09,5069,5069
moneyflow_ths,2025-10-10,5070,5070
moneyflow_ths,2025-10-13,5070,5070
moneyflow_ths,2025-10-14,5070,5070
moneyflow_ths,2025-10-15,5071,5071
moneyflow_ths,2025-10-16,5071,5071
moneyflow_ths,2025-10-17,5071,5071
moneyflow_ths,2025-10-20,5071,5071
moneyflow_ths,2025-10-21,5071,5071
moneyflow_ths,2025-10-22,5072,5072
moneyflow_ths,2025-10-23,5074,5074
moneyflow_ths,2025-10-24,5074,5074
moneyflow_ths,2025-10-27,5074,5074
moneyflow_ths,2025-10-28,5074,5074
moneyflow_ths,2025-10-29,5074,5074
moneyflow_ths,2025-10-30,5074,5074
moneyflow_ths,2025-10-31,5074,5074
moneyflow_ths,2025-11-03,5074,5074
moneyflow_ths,2025-11-04,5074,5074
moneyflow_ths,2025-11-05,5076,5076
moneyflow_ths,2025-11-06,5076,5076
moneyflow_ths,2025-11-07,5076,5076
moneyflow_ths,2025-11-10,5076,5076
moneyflow_ths,2025-11-11,5075,5075
moneyflow_ths,2025-11-12,5076,5076
moneyflow_ths,2025-11-13,5076,5076
moneyflow_ths,2025-11-14,5076,5076
moneyflow_ths,2025-11-17,5076,5076
moneyflow_ths,2025-11-18,5076,5076
moneyflow_ths,2025-11-19,5077,5077
moneyflow_ths,2025-11-20,5078,5078
moneyflow_ths,2025-11-21,5078,5078
moneyflow_ths,2025-11-24,5078,5078
moneyflow_ths,2025-11-25,5078,5078
moneyflow_ths,2025-11-26,5079,5079
moneyflow_ths,2025-11-27,5079,5079
moneyflow_ths,2025-11-28,5079,5079
moneyflow_ths,2025-12-01,5079,5079
moneyflow_ths,2025-12-02,5079,5079
moneyflow_ths,2025-12-03,5082,5082
moneyflow_ths,2025-12-04,5083,5083
moneyflow_ths,2025-12-05,5083,5083
moneyflow_ths,2025-12-08,5083,5083
moneyflow_ths,2025-12-09,5082,5082
moneyflow_ths,2025-12-10,5084,5084
moneyflow_ths,2025-12-11,5086,5086
moneyflow_ths,2025-12-12,5086,5086
moneyflow_ths,2025-12-15,5086,5086
moneyflow_ths,2025-12-16,5086,5086
moneyflow_ths,2025-12-17,5089,5089
moneyflow_ths,2025-12-18,5090,5090
moneyflow_ths,2025-12-19,5090,5090
moneyflow_ths,2025-12-22,5090,5090
moneyflow_ths,2025-12-23,5090,5090
moneyflow_ths,2025-12-24,5091,5091
moneyflow_ths,2025-12-25,5091,5091
moneyflow_ths,2025-12-26,5091,5091
moneyflow_ths,2025-12-29,5091,5091
moneyflow_ths,2025-12-30,5090,5090
moneyflow_ths,2025-12-31,5091,5091
moneyflow_ths,2026-01-05,5091,5091
moneyflow_ths,2026-01-06,5091,5091
moneyflow_ths,2026-01-07,5091,5091
moneyflow_ths,2026-01-08,5091,5091
moneyflow_ths,2026-01-09,5091,5091
moneyflow_ths,2026-01-12,5091,5091
moneyflow_ths,2026-01-13,5091,5091
moneyflow_ths,2026-01-14,5092,5092
moneyflow_ths,2026-01-15,5093,5093
moneyflow_ths,2026-01-16,5093,5093
moneyflow_ths,2026-01-19,5093,5093
moneyflow_ths,2026-01-20,5093,5093
moneyflow_ths,2026-01-21,5093,5093
moneyflow_ths,2026-01-22,5094,5094
moneyflow_ths,2026-01-23,5094,5094
moneyflow_ths,2026-01-26,5093,5093
moneyflow_ths,2026-01-27,5093,5093
moneyflow_ths,2026-01-28,5095,5095
moneyflow_ths,2026-01-29,5097,5097
moneyflow_ths,2026-01-30,5096,5096
moneyflow_ths,2026-02-02,5096,5096
moneyflow_ths,2026-02-03,5096,5096
moneyflow_ths,2026-02-04,5096,5096
moneyflow_ths,2026-02-05,5096,5096
moneyflow_ths,2026-02-06,5096,5096
moneyflow_ths,2026-02-09,5096,5096
moneyflow_ths,2026-02-10,5096,5096
moneyflow_ths,2026-02-11,5096,5096
moneyflow_ths,2026-02-12,5097,5097
moneyflow_ths,2026-02-13,5097,5097
moneyflow_ths,2026-02-24,5097,5097
moneyflow_ths,2026-02-25,5097,5097
moneyflow_ths,2026-02-26,5097,5097
moneyflow_ths,2026-02-27,5096,5096
moneyflow_ths,2026-03-02,5096,5096
moneyflow_ths,2026-03-03,5096,5096
moneyflow_ths,2026-03-04,5096,5096
moneyflow_ths,2026-03-05,5096,5096
moneyflow_ths,2026-03-06,5096,5096
moneyflow_ths,2026-03-09,5096,5096
moneyflow_ths,2026-03-10,5188,5188
moneyflow_ths,2026-03-11,5189,5189
moneyflow_ths,2026-03-12,5190,5190
moneyflow_ths,2026-03-13,5190,5190
moneyflow_ths,2026-03-16,5191,5191
moneyflow_ths,2026-03-17,5191,5191
moneyflow_ths,2026-03-18,5194,5194
moneyflow_ths,2026-03-19,5194,5194
moneyflow_ths,2026-03-20,5193,5193
moneyflow_ths,2026-03-23,5193,5193
moneyflow_ths,2026-03-24,5193,5193
moneyflow_ths,2026-03-25,5195,5195
moneyflow_ths,2026-03-26,5196,5196
moneyflow_ths,2026-03-27,5196,5196
moneyflow_ths,2026-03-30,5196,5196
moneyflow_ths,2026-03-31,5195,5195
moneyflow_ths,2026-04-01,5196,5196
moneyflow_ths,2026-04-02,5198,5198
moneyflow_ths,2026-04-03,5198,5198
moneyflow_ths,2026-04-07,5199,5199
moneyflow_ths,2026-04-08,5199,5199
moneyflow_ths,2026-04-09,5199,5199
moneyflow_ths,2026-04-10,5198,5198
moneyflow_ths,2026-04-13,5200,5200
moneyflow_ths,2026-04-14,5199,5199
moneyflow_ths,2026-04-15,5100,5100
moneyflow_ths,2026-04-16,5100,5100
moneyflow_ths,2026-04-17,5196,5196
moneyflow_ths,2026-04-20,5194,5194
moneyflow_ths,2026-04-21,5193,5193
moneyflow_ths,2026-04-22,5190,5190
moneyflow_ths,2026-04-23,5186,5186
moneyflow_ths,2026-04-24,5186,5186
moneyflow_ths,2026-04-27,5181,5181
moneyflow_ths,2026-04-28,5173,5173
moneyflow_ths,2026-04-29,5145,5145
moneyflow_ths,2026-04-30,5149,5149
moneyflow_ths,2026-05-06,5164,5164
moneyflow_ths,2026-05-07,5182,5182
moneyflow_ths,2026-05-08,5180,5180
moneyflow_ths,2026-05-11,5179,5179
moneyflow_ths,2026-05-12,5179,5179
moneyflow_ths,2026-05-13,5183,5183
moneyflow_ths,2026-05-14,5183,5183
moneyflow_ths,2026-05-15,5184,5184
moneyflow_ths,2026-05-18,5187,5187
moneyflow_ths,2026-05-19,5175,5175
moneyflow_ths,2026-05-20,2748,2748
moneyflow_ths,2026-05-21,5188,5188
moneyflow_ths,2026-05-22,5190,5190
moneyflow_ths,2026-05-25,5190,5190
moneyflow_ths,2026-05-26,5190,5190
moneyflow_ths,2026-05-27,5189,5189
moneyflow_ths,2026-05-28,5190,5190
moneyflow_ths,2026-05-29,5185,5185
moneyflow_ths,2026-06-01,5187,5187
moneyflow_ths,2026-06-02,5184,5184
moneyflow_ths,2026-06-03,5189,5189
moneyflow_ths,2026-06-04,5190,5190
moneyflow_ths,2026-06-05,5192,5192
moneyflow_ths,2026-06-08,5190,5190
moneyflow_ths,2026-06-09,5191,5191
moneyflow_ths,2026-06-10,5188,5188
moneyflow_ths,2026-06-11,5186,5186
moneyflow_ths,2026-06-12,5187,5187
moneyflow_ths,2026-06-15,5182,5182
moneyflow_ths,2026-06-16,5187,5187
moneyflow_ths,2026-06-17,5183,5183
moneyflow_ths,2026-06-18,5181,5181
moneyflow_ths,2026-06-22,5183,5183
moneyflow_ths,2026-06-23,5185,5185
moneyflow_ths,2026-06-24,5185,5185
moneyflow_ths,2026-06-25,5185,5185
moneyflow_ths,2026-06-26,5186,5186
moneyflow_ths,2026-06-29,5182,5182
moneyflow_ths,2026-06-30,5182,5182
moneyflow_ths,2026-07-01,5185,5185
moneyflow_ths,2026-07-02,5184,5184
moneyflow_ths,2026-07-03,5189,5189
moneyflow_ths,2026-07-07,5194,5194
moneyflow_ths,2026-07-08,5194,5194
moneyflow_ths,2026-07-10,5195,5195
moneyflow_ths,2026-07-13,5198,5198
moneyflow_ths,2026-07-14,5198,5198
moneyflow_ths,2026-07-15,5198,5198
moneyflow_ths,2026-07-16,5199,5199
moneyflow_ths,2026-07-17,5197,5197
moneyflow_ths,2026-07-20,5197,5197
moneyflow_ths,2026-07-21,5198,5198
moneyflow_ths,2026-07-22,5199,5199
moneyflow_ths,2026-07-23,5200,5200
moneyflow_ths,2026-07-24,5198,5198
moneyflow_ths,2026-07-27,5198,5198
moneyflow_ths,2026-07-28,5193,5193
moneyflow_ths,2026-07-29,5194,5194
moneyflow_ths,2026-07-30,5199,5199
moneyflow_ths,2026-07-31,5199,5199
moneyflow_ths,2026-08-03,5200,5200
moneyflow_ths,2026-08-04,5198,5198
moneyflow_ths,2026-08-05,5199,5199
moneyflow_ths,2026-08-06,5201,5201
moneyflow_ths,2026-08-07,5202,5202
moneyflow_ths,2026-08-10,5205,5205
moneyflow_ths,2026-08-11,5207,5207
moneyflow_ths,2026-08-12,5205,5205
moneyflow_ths,2026-08-13,5205,5205
moneyflow_ths,2026-08-14,5205,5205
moneyflow_ths,2026-08-17,5205,5205
moneyflow_ths,2026-08-18,5205,5205
moneyflow_ths,2026-08-19,5205,5205
moneyflow_ths,2026-08-20,5205,5205
moneyflow_ths,2026-08-21,5205,5205
moneyflow_ths,2026-08-24,5209,5209
moneyflow_ths,2026-08-25,5210,5210
moneyflow_ths,2026-08-26,5209,5209
moneyflow_ths,2026-08-27,5210,5210
moneyflow_ths,2026-08-28,5211,5211
moneyflow_ths,2026-08-31,5210,5210
moneyflow_ths,2026-09-01,5209,5209
moneyflow_ths,2026-09-02,5209,5209
moneyflow_ths,2026-09-03,5209,5209
moneyflow_ths,2026-09-04,5209,5209
moneyflow_ths,2026-09-07,5209,5209
moneyflow_ths,2026-09-08,5208,5208
moneyflow_ths,2026-09-09,5208,5208
moneyflow_ths,2026-09-10,5208,5208
moneyflow_ths,2026-09-11,5208,5208
moneyflow_ths,2026-09-14,5210,5210
moneyflow_ths,2026-09-15,5209,5209
moneyflow_ths,2026-09-16,5206,5206
moneyflow_ths,2026-09-17,5209,5209
moneyflow_ths,2026-09-18,5209,5209
moneyflow_ths,2026-09-21,5211,5211
moneyflow_ths,2026-09-22,5210,5210
moneyflow_ths,2026-09-23,5210,5210
moneyflow_ths,2026-09-24,5211,5211
moneyflow_ths,2026-09-28,5211,5211
moneyflow_ths,2026-09-29,5214,5214
moneyflow_ths,2026-09-30,5215,5215
moneyflow_ind_dc,2023-09-12,86,86
moneyflow_ind_dc,2023-09-13,86,86
moneyflow_ind_dc,2023-09-14,86,86
moneyflow_ind_dc,2023-09-15,86,86
moneyflow_ind_dc,2023-09-18,86,86
moneyflow_ind_dc,2023-09-19,86,86
moneyflow_ind_dc,2023-09-20,86,86
moneyflow_ind_dc,2023-09-21,86,86
moneyflow_ind_dc,2023-09-22,86,86
moneyflow_ind_dc,2023-09-25,86,86
moneyflow_ind_dc,2023-09-26,86,86
moneyflow_ind_dc,2023-09-27,86,86
moneyflow_ind_dc,2023-09-28,86,86
moneyflow_ind_dc,2023-10-09,86,86
moneyflow_ind_dc,2023-10-10,86,86
moneyflow_ind_dc,2023-10-11,86,86
moneyflow_ind_dc,2023-10-12,86,86
moneyflow_ind_dc,2023-10-13,86,86
moneyflow_ind_dc,2023-10-16,86,86
moneyflow_ind_dc,2023-10-17,86,86
moneyflow_ind_dc,2023-10-18,86,86
moneyflow_ind_dc,2023-10-19,86,86
moneyflow_ind_dc,2023-10-20,86,86
moneyflow_ind_dc,2023-10-23,86,86
moneyflow_ind_dc,2023-10-24,86,86
moneyflow_ind_dc,2023-10-25,86,86
moneyflow_ind_dc,2023-10-26,86,86
moneyflow_ind_dc,2023-10-27,86,86
moneyflow_ind_dc,2023-10-30,86,86
moneyflow_ind_dc,2023-10-31,86,86
moneyflow_ind_dc,2023-11-01,86,86
moneyflow_ind_dc,2023-11-02,86,86
moneyflow_ind_dc,2023-11-03,86,86
moneyflow_ind_dc,2023-11-06,86,86
moneyflow_ind_dc,2023-11-07,86,86
moneyflow_ind_dc,2023-11-08,86,86
moneyflow_ind_dc,2023-11-09,86,86
moneyflow_ind_dc,2023-11-10,86,86
moneyflow_ind_dc,2023-11-13,86,86
moneyflow_ind_dc,2023-11-14,86,86
moneyflow_ind_dc,2023-11-15,86,86
moneyflow_ind_dc,2023-11-16,86,86
moneyflow_ind_dc,2023-11-17,86,86
moneyflow_ind_dc,2023-11-20,86,86
moneyflow_ind_dc,2023-11-21,86,86
moneyflow_ind_dc,2023-11-22,86,86
moneyflow_ind_dc,2023-11-23,86,86
moneyflow_ind_dc,2023-11-24,86,86
moneyflow_ind_dc,2023-11-27,86,86
moneyflow_ind_dc,2023-11-28,86,86
moneyflow_ind_dc,2023-11-29,86,86
moneyflow_ind_dc,2023-11-30,86,86
moneyflow_ind_dc,2023-12-01,86,86
moneyflow_ind_dc,2023-12-04,86,86
moneyflow_ind_dc,2023-12-05,86,86
moneyflow_ind_dc,2023-12-06,86,86
moneyflow_ind_dc,2023-12-07,86,86
moneyflow_ind_dc,2023-12-08,86,86
moneyflow_ind_dc,2023-12-11,86,86
moneyflow_ind_dc,2023-12-12,86,86
moneyflow_ind_dc,2023-12-13,86,86
moneyflow_ind_dc,2023-12-14,86,86
moneyflow_ind_dc,2023-12-15,86,86
moneyflow_ind_dc,2023-12-18,86,86
moneyflow_ind_dc,2023-12-19,86,86
moneyflow_ind_dc,2023-12-20,86,86
moneyflow_ind_dc,2023-12-21,86,86
moneyflow_ind_dc,2023-12-22,86,86
moneyflow_ind_dc,2023-12-25,86,86
moneyflow_ind_dc,2023-12-26,86,86
moneyflow_ind_dc,2023-12-27,86,86
moneyflow_ind_dc,2023-12-28,86,86
moneyflow_ind_dc,2023-12-29,86,86
moneyflow_ind_dc,2024-01-02,86,86
moneyflow_ind_dc,2024-01-03,86,86
moneyflow_ind_dc,2024-01-04,86,86
moneyflow_ind_dc,2024-01-05,86,86
moneyflow_ind_dc,2024-01-08,86,86
moneyflow_ind_dc,2024-01-09,86,86
moneyflow_ind_dc,2024-01-10,86,86
moneyflow_ind_dc,2024-01-11,86,86
moneyflow_ind_dc,2024-01-12,86,86
moneyflow_ind_dc,2024-01-15,86,86
moneyflow_ind_dc,2024-01-16,86,86
moneyflow_ind_dc,2024-01-17,86,86
moneyflow_ind_dc,2024-01-18,86,86
moneyflow_ind_dc,2024-01-19,86,86
moneyflow_ind_dc,2024-01-22,86,86
moneyflow_ind_dc,2024-01-23,86,86
moneyflow_ind_dc,2024-01-24,86,86
moneyflow_ind_dc,2024-01-25,86,86
moneyflow_ind_dc,2024-01-26,86,86
moneyflow_ind_dc,2024-01-29,86,86
moneyflow_ind_dc,2024-01-30,86,86
moneyflow_ind_dc,2024-01-31,86,86
moneyflow_ind_dc,2024-02-01,86,86
moneyflow_ind_dc,2024-02-02,86,86
moneyflow_ind_dc,2024-02-05,86,86
moneyflow_ind_dc,2024-02-06,86,86
moneyflow_ind_dc,2024-02-07,86,86
moneyflow_ind_dc,2024-02-08,86,86
moneyflow_ind_dc,2024-02-19,86,86
moneyflow_ind_dc,2024-02-20,86,86
moneyflow_ind_dc,2024-02-21,86,86
moneyflow_ind_dc,2024-02-22,86,86
moneyflow_ind_dc,2024-02-23,86,86
moneyflow_ind_dc,2024-02-26,86,86
moneyflow_ind_dc,2024-02-27,86,86
moneyflow_ind_dc,2024-02-28,86,86
moneyflow_ind_dc,2024-02-29,86,86
moneyflow_ind_dc,2024-03-01,86,86
moneyflow_ind_dc,2024-03-04,86,86
moneyflow_ind_dc,2024-03-05,86,86
moneyflow_ind_dc,2024-03-06,86,86
moneyflow_ind_dc,2024-03-07,86,86
moneyflow_ind_dc,2024-03-08,86,86
moneyflow_ind_dc,2024-03-11,86,86
moneyflow_ind_dc,2024-03-12,86,86
moneyflow_ind_dc,2024-03-13,86,86
moneyflow_ind_dc,2024-03-14,86,86
moneyflow_ind_dc,2024-03-15,86,86
moneyflow_ind_dc,2024-03-18,86,86
moneyflow_ind_dc,2024-03-19,86,86
moneyflow_ind_dc,2024-03-20,86,86
moneyflow_ind_dc,2024-03-21,86,86
moneyflow_ind_dc,2024-03-22,86,86
moneyflow_ind_dc,2024-03-25,86,86
moneyflow_ind_dc,2024-03-26,86,86
moneyflow_ind_dc,2024-03-27,86,86
moneyflow_ind_dc,2024-03-28,86,86
moneyflow_ind_dc,2024-03-29,86,86
moneyflow_ind_dc,2024-04-01,86,86
moneyflow_ind_dc,2024-04-02,86,86
moneyflow_ind_dc,2024-04-03,86,86
moneyflow_ind_dc,2024-04-08,86,86
moneyflow_ind_dc,2024-04-09,86,86
moneyflow_ind_dc,2024-04-10,86,86
moneyflow_ind_dc,2024-04-11,86,86
moneyflow_ind_dc,2024-04-12,86,86
moneyflow_ind_dc,2024-04-15,86,86
moneyflow_ind_dc,2024-04-16,86,86
moneyflow_ind_dc,2024-04-17,86,86
moneyflow_ind_dc,2024-04-18,86,86
moneyflow_ind_dc,2024-04-19,86,86
moneyflow_ind_dc,2024-04-22,86,86
moneyflow_ind_dc,2024-04-23,86,86
moneyflow_ind_dc,2024-04-24,86,86
moneyflow_ind_dc,2024-04-25,86,86
moneyflow_ind_dc,2024-04-26,86,86
moneyflow_ind_dc,2024-04-29,86,86
moneyflow_ind_dc,2024-04-30,86,86
moneyflow_ind_dc,2024-05-06,86,86
moneyflow_ind_dc,2024-05-07,86,86
moneyflow_ind_dc,2024-05-08,86,86
moneyflow_ind_dc,2024-05-09,86,86
moneyflow_ind_dc,2024-05-10,86,86
moneyflow_ind_dc,2024-05-13,86,86
moneyflow_ind_dc,2024-05-14,86,86
moneyflow_ind_dc,2024-05-15,86,86
moneyflow_ind_dc,2024-05-16,86,86
moneyflow_ind_dc,2024-05-17,86,86
moneyflow_ind_dc,2024-05-20,86,86
moneyflow_ind_dc,2024-05-21,86,86
moneyflow_ind_dc,2024-05-22,86,86
moneyflow_ind_dc,2024-05-23,86,86
moneyflow_ind_dc,2024-05-24,86,86
moneyflow_ind_dc,2024-05-27,86,86
moneyflow_ind_dc,2024-05-28,86,86
moneyflow_ind_dc,2024-05-29,86,86
moneyflow_ind_dc,2024-05-30,86,86
moneyflow_ind_dc,2024-05-31,86,86
moneyflow_ind_dc,2024-06-03,86,86
moneyflow_ind_dc,2024-06-04,86,86
moneyflow_ind_dc,2024-06-05,86,86
moneyflow_ind_dc,2024-06-06,86,86
moneyflow_ind_dc,2024-06-07,86,86
moneyflow_ind_dc,2024-06-11,86,86
moneyflow_ind_dc,2024-06-12,86,86
moneyflow_ind_dc,2024-06-13,86,86
moneyflow_ind_dc,2024-06-14,86,86
moneyflow_ind_dc,2024-06-17,86,86
moneyflow_ind_dc,2024-06-18,86,86
moneyflow_ind_dc,2024-06-19,86,86
moneyflow_ind_dc,2024-06-20,86,86
moneyflow_ind_dc,2024-06-21,86,86
moneyflow_ind_dc,2024-06-24,86,86
moneyflow_ind_dc,2024-06-25,86,86
moneyflow_ind_dc,2024-06-26,86,86
moneyflow_ind_dc,2024-06-27,86,86
moneyflow_ind_dc,2024-06-28,86,86
moneyflow_ind_dc,2024-07-01,86,86
moneyflow_ind_dc,2024-07-02,86,86
moneyflow_ind_dc,2024-07-03,86,86
moneyflow_ind_dc,2024-07-04,86,86
moneyflow_ind_dc,2024-07-05,86,86
moneyflow_ind_dc,2024-07-08,86,86
moneyflow_ind_dc,2024-07-09,86,86
moneyflow_ind_dc,2024-07-10,86,86
moneyflow_ind_dc,2024-07-11,86,86
moneyflow_ind_dc,2024-07-12,86,86
moneyflow_ind_dc,2024-07-15,86,86
moneyflow_ind_dc,2024-07-16,86,86
moneyflow_ind_dc,2024-07-17,86,86
moneyflow_ind_dc,2024-07-18,86,86
moneyflow_ind_dc,2024-07-19,86,86
moneyflow_ind_dc,2024-07-22,86,86
moneyflow_ind_dc,2024-07-23,86,86
moneyflow_ind_dc,2024-07-24,86,86
moneyflow_ind_dc,2024-07-25,86,86
moneyflow_ind_dc,2024-07-26,86,86
moneyflow_ind_dc,2024-07-29,86,86
moneyflow_ind_dc,2024-07-30,86,86
moneyflow_ind_dc,2024-07-31,86,86
moneyflow_ind_dc,2024-08-01,86,86
moneyflow_ind_dc,2024-08-02,86,86
moneyflow_ind_dc,2024-08-05,86,86
moneyflow_ind_dc,2024-08-06,86,86
moneyflow_ind_dc,2024-08-07,86,86
moneyflow_ind_dc,2024-08-08,86,86
moneyflow_ind_dc,2024-08-09,86,86
moneyflow_ind_dc,2024-08-12,86,86
moneyflow_ind_dc,2024-08-13,86,86
moneyflow_ind_dc,2024-08-14,86,86
moneyflow_ind_dc,2024-08-15,86,86
moneyflow_ind_dc,2024-08-16,86,86
moneyflow_ind_dc,2024-08-19,86,86
moneyflow_ind_dc,2024-08-20,86,86
moneyflow_ind_dc,2024-08-21,86,86
moneyflow_ind_dc,2024-08-22,86,86
moneyflow_ind_dc,2024-08-23,86,86
moneyflow_ind_dc,2024-08-26,86,86
moneyflow_ind_dc,2024-08-27,86,86
moneyflow_ind_dc,2024-08-28,86,86
moneyflow_ind_dc,2024-08-29,86,86
moneyflow_ind_dc,2024-08-30,86,86
moneyflow_ind_dc,2024-09-02,86,86
moneyflow_ind_dc,2024-09-03,86,86
moneyflow_ind_dc,2024-09-04,86,86
moneyflow_ind_dc,2024-09-05,86,86
moneyflow_ind_dc,2024-09-06,86,86
moneyflow_ind_dc,2024-09-09,86,86
moneyflow_ind_dc,2024-09-10,86,86
moneyflow_ind_dc,2024-09-11,86,86
moneyflow_ind_dc,2024-09-12,86,86
moneyflow_ind_dc,2024-09-13,86,86
moneyflow_ind_dc,2024-09-18,86,86
moneyflow_ind_dc,2024-09-19,86,86
moneyflow_ind_dc,2024-09-20,86,86
moneyflow_ind_dc,2024-09-23,86,86
moneyflow_ind_dc,2024-09-24,86,86
moneyflow_ind_dc,2024-09-25,86,86
moneyflow_ind_dc,2024-09-26,86,86
moneyflow_ind_dc,2024-09-27,86,86
moneyflow_ind_dc,2024-09-30,86,86
moneyflow_ind_dc,2024-10-08,86,86
moneyflow_ind_dc,2024-10-09,86,86
moneyflow_ind_dc,2024-10-10,86,86
moneyflow_ind_dc,2024-10-11,86,86
moneyflow_ind_dc,2024-10-14,86,86
moneyflow_ind_dc,2024-10-15,86,86
moneyflow_ind_dc,2024-10-16,86,86
moneyflow_ind_dc,2024-10-17,86,86
moneyflow_ind_dc,2024-10-18,86,86
moneyflow_ind_dc,2024-10-21,86,86
moneyflow_ind_dc,2024-10-22,86,86
moneyflow_ind_dc,2024-10-23,86,86
moneyflow_ind_dc,2024-10-24,86,86
moneyflow_ind_dc,2024-10-25,86,86
moneyflow_ind_dc,2024-10-28,86,86
moneyflow_ind_dc,2024-10-29,86,86
moneyflow_ind_dc,2024-10-30,86,86
moneyflow_ind_dc,2024-10-31,86,86
moneyflow_ind_dc,2024-11-01,86,86
moneyflow_ind_dc,2024-11-04,86,86
moneyflow_ind_dc,2024-11-05,86,86
moneyflow_ind_dc,2024-11-06,86,86
moneyflow_ind_dc,2024-11-07,86,86
moneyflow_ind_dc,2024-11-08,86,86
moneyflow_ind_dc,2024-11-11,86,86
moneyflow_ind_dc,2024-11-12,86,86
moneyflow_ind_dc,2024-11-13,86,86
moneyflow_ind_dc,2024-11-14,86,86
moneyflow_ind_dc,2024-11-15,86,86
moneyflow_ind_dc,2024-11-18,86,86
moneyflow_ind_dc,2024-11-19,86,86
moneyflow_ind_dc,2024-11-20,86,86
moneyflow_ind_dc,2024-11-21,86,86
moneyflow_ind_dc,2024-11-22,86,86
moneyflow_ind_dc,2024-11-25,86,86
moneyflow_ind_dc,2024-11-26,86,86
moneyflow_ind_dc,2024-11-27,86,86
moneyflow_ind_dc,2024-11-28,86,86
moneyflow_ind_dc,2024-11-29,86,86
moneyflow_ind_dc,2024-12-02,86,86
moneyflow_ind_dc,2024-12-03,86,86
moneyflow_ind_dc,2024-12-04,86,86
moneyflow_ind_dc,2024-12-05,86,86
moneyflow_ind_dc,2024-12-06,86,86
moneyflow_ind_dc,2024-12-09,86,86
moneyflow_ind_dc,2024-12-10,86,86
moneyflow_ind_dc,2024-12-11,86,86
moneyflow_ind_dc,2024-12-12,86,86
moneyflow_ind_dc,2024-12-13,86,86
moneyflow_ind_dc,2024-12-16,86,86
moneyflow_ind_dc,2024-12-17,86,86
moneyflow_ind_dc,2024-12-18,86,86
moneyflow_ind_dc,2024-12-19,86,86
moneyflow_ind_dc,2024-12-20,86,86
moneyflow_ind_dc,2024-12-23,86,86
moneyflow_ind_dc,2024-12-24,86,86
moneyflow_ind_dc,2024-12-25,86,86
moneyflow_ind_dc,2024-12-26,86,86
moneyflow_ind_dc,2024-12-27,86,86
moneyflow_ind_dc,2024-12-30,86,86
moneyflow_ind_dc,2024-12-31,86,86
moneyflow_ind_dc,2025-01-02,86,86
moneyflow_ind_dc,2025-01-03,86,86
moneyflow_ind_dc,2025-01-06,86,86
moneyflow_ind_dc,2025-01-07,86,86
moneyflow_ind_dc,2025-01-08,86,86
moneyflow_ind_dc,2025-01-09,86,86
moneyflow_ind_dc,2025-01-10,86,86
moneyflow_ind_dc,2025-01-13,86,86
moneyflow_ind_dc,2025-01-14,86,86
moneyflow_ind_dc,2025-01-15,86,86
moneyflow_ind_dc,2025-01-16,86,86
moneyflow_ind_dc,2025-01-17,86,86
moneyflow_ind_dc,2025-01-20,86,86
moneyflow_ind_dc,2025-01-21,86,86
moneyflow_ind_dc,2025-01-22,86,86
moneyflow_ind_dc,2025-01-23,86,86
moneyflow_ind_dc,2025-01-24,86,86
moneyflow_ind_dc,2025-01-27,86,86
moneyflow_ind_dc,2025-02-05,86,86
moneyflow_ind_dc,2025-02-06,86,86
moneyflow_ind_dc,2025-02-07,86,86
moneyflow_ind_dc,2025-02-10,86,86
moneyflow_ind_dc,2025-02-11,86,86
moneyflow_ind_dc,2025-02-12,86,86
moneyflow_ind_dc,2025-02-13,86,86
moneyflow_ind_dc,2025-02-14,86,86
moneyflow_ind_dc,2025-02-17,86,86
moneyflow_ind_dc,2025-02-18,86,86
moneyflow_ind_dc,2025-02-19,86,86
moneyflow_ind_dc,2025-02-20,86,86
moneyflow_ind_dc,2025-02-21,86,86
moneyflow_ind_dc,2025-02-24,86,86
moneyflow_ind_dc,2025-02-25,86,86
moneyflow_ind_dc,2025-02-26,579,579
moneyflow_ind_dc,2025-02-27,579,579
moneyflow_ind_dc,2025-02-28,579,579
moneyflow_ind_dc,2025-03-03,579,579
moneyflow_ind_dc,2025-03-04,579,579
moneyflow_ind_dc,2025-03-05,579,579
moneyflow_ind_dc,2025-03-06,579,579
moneyflow_ind_dc,2025-03-07,579,579
moneyflow_ind_dc,2025-03-10,573,573
moneyflow_ind_dc,2025-03-11,573,573
moneyflow_ind_dc,2025-03-12,573,573
moneyflow_ind_dc,2025-03-13,573,573
moneyflow_ind_dc,2025-03-14,573,573
moneyflow_ind_dc,2025-03-17,573,573
moneyflow_ind_dc,2025-03-18,573,573
moneyflow_ind_dc,2025-03-19,573,573
moneyflow_ind_dc,2025-03-20,573,573
moneyflow_ind_dc,2025-03-21,573,573
moneyflow_ind_dc,2025-03-24,573,573
moneyflow_ind_dc,2025-03-25,573,573
moneyflow_ind_dc,2025-03-26,573,573
moneyflow_ind_dc,2025-03-27,573,573
moneyflow_ind_dc,2025-03-28,573,573
moneyflow_ind_dc,2025-03-31,573,573
moneyflow_ind_dc,2025-04-01,572,572
moneyflow_ind_dc,2025-04-02,572,572
moneyflow_ind_dc,2025-04-03,562,562
moneyflow_ind_dc,2025-04-07,562,562
moneyflow_ind_dc,2025-04-08,562,562
moneyflow_ind_dc,2025-04-09,562,562
moneyflow_ind_dc,2025-04-10,562,562
moneyflow_ind_dc,2025-04-11,562,562
moneyflow_ind_dc,2025-04-14,563,563
moneyflow_ind_dc,2025-04-15,556,556
moneyflow_ind_dc,2025-04-16,556,556
moneyflow_ind_dc,2025-04-17,556,556
moneyflow_ind_dc,2025-04-18,556,556
moneyflow_ind_dc,2025-04-21,552,552
moneyflow_ind_dc,2025-04-22,552,552
moneyflow_ind_dc,2025-04-23,552,552
moneyflow_ind_dc,2025-04-24,552,552
moneyflow_ind_dc,2025-04-25,517,517
moneyflow_ind_dc,2025-04-28,337,337
moneyflow_ind_dc,2025-04-29,552,552
moneyflow_ind_dc,2025-04-30,552,552
moneyflow_ind_dc,2025-05-06,552,552
moneyflow_ind_dc,2025-05-07,552,552
moneyflow_ind_dc,2025-05-08,552,552
moneyflow_ind_dc,2025-05-09,552,552
moneyflow_ind_dc,2025-05-12,552,552
moneyflow_ind_dc,2025-05-13,552,552
moneyflow_ind_dc,2025-05-14,552,552
moneyflow_ind_dc,2025-05-15,552,552
moneyflow_ind_dc,2025-05-16,552,552
moneyflow_ind_dc,2025-05-19,552,552
moneyflow_ind_dc,2025-05-20,552,552
moneyflow_ind_dc,2025-05-21,552,552
moneyflow_ind_dc,2025-05-22,552,552
moneyflow_ind_dc,2025-05-23,552,552
moneyflow_ind_dc,2025-05-26,552,552
moneyflow_ind_dc,2025-05-27,552,552
moneyflow_ind_dc,2025-05-28,552,552
moneyflow_ind_dc,2025-05-29,552,552
moneyflow_ind_dc,2025-05-30,552,552
moneyflow_ind_dc,2025-06-03,552,552
moneyflow_ind_dc,2025-06-04,552,552
moneyflow_ind_dc,2025-06-05,552,552
moneyflow_ind_dc,2025-06-06,552,552
moneyflow_ind_dc,2025-06-09,552,552
moneyflow_ind_dc,2025-06-10,552,552
moneyflow_ind_dc,2025-06-11,552,552
moneyflow_ind_dc,2025-06-12,552,552
moneyflow_ind_dc,2025-06-13,552,552
moneyflow_ind_dc,2025-06-16,552,552
moneyflow_ind_dc,2025-06-17,552,552
moneyflow_ind_dc,2025-06-18,552,552
moneyflow_ind_dc,2025-06-19,552,552
moneyflow_ind_dc,2025-06-20,552,552
moneyflow_ind_dc,2025-06-23,552,552
moneyflow_ind_dc,2025-06-24,552,552
moneyflow_ind_dc,2025-06-25,552,552
moneyflow_ind_dc,2025-06-26,552,552
moneyflow_ind_dc,2025-06-27,552,552
moneyflow_ind_dc,2025-06-30,552,552
moneyflow_ind_dc,2025-07-01,552,552
moneyflow_ind_dc,2025-07-02,552,552
moneyflow_ind_dc,2025-07-03,552,552
moneyflow_ind_dc,2025-07-04,552,552
moneyflow_ind_dc,2025-07-07,552,552
moneyflow_ind_dc,2025-07-08,552,552
moneyflow_ind_dc,2025-07-09,552,552
moneyflow_ind_dc,2025-07-10,552,552
moneyflow_ind_dc,2025-07-11,552,552
moneyflow_ind_dc,2025-07-14,552,552
moneyflow_ind_dc,2025-07-15,552,552
moneyflow_ind_dc,2025-07-16,552,552
moneyflow_ind_dc,2025-07-17,552,552
moneyflow_ind_dc,2025-07-18,552,552
moneyflow_ind_dc,2025-07-21,553,553
moneyflow_ind_dc,2025-07-22,553,553
moneyflow_ind_dc,2025-07-23,553,553
moneyflow_ind_dc,2025-07-24,553,553
moneyflow_ind_dc,2025-07-25,553,553
moneyflow_ind_dc,2025-07-28,554,554
moneyflow_ind_dc,2025-07-29,554,554
moneyflow_ind_dc,2025-07-30,554,554
moneyflow_ind_dc,2025-07-31,554,554
moneyflow_ind_dc,2025-08-01,554,554
moneyflow_ind_dc,2025-08-04,557,557
moneyflow_ind_dc,2025-08-05,557,557
moneyflow_ind_dc,2025-08-06,557,557
moneyflow_ind_dc,2025-08-07,555,555
moneyflow_ind_dc,2025-08-08,555,555
moneyflow_ind_dc,2025-08-11,555,555
moneyflow_ind_dc,2025-08-12,555,555
moneyflow_ind_dc,2025-08-13,555,555
moneyflow_ind_dc,2025-08-14,555,555
moneyflow_ind_dc,2025-08-15,555,555
moneyflow_ind_dc,2025-08-18,555,555
moneyflow_ind_dc,2025-08-19,555,555
moneyflow_ind_dc,2025-08-20,555,555
moneyflow_ind_dc,2025-08-21,555,555
moneyflow_ind_dc,2025-08-22,555,555
moneyflow_ind_dc,2025-08-25,555,555
moneyflow_ind_dc,2025-08-26,555,555
moneyflow_ind_dc,2025-08-27,555,555
moneyflow_ind_dc,2025-08-28,555,555
moneyflow_ind_dc,2025-08-29,555,555
moneyflow_ind_dc,2025-09-01,555,555
moneyflow_ind_dc,2025-09-02,556,556
moneyflow_ind_dc,2025-09-03,977,977
moneyflow_ind_dc,2025-09-04,977,977
moneyflow_ind_dc,2025-09-05,977,977
moneyflow_ind_dc,2025-09-08,977,977
moneyflow_ind_dc,2025-09-09,977,977
moneyflow_ind_dc,2025-09-10,977,977
moneyflow_ind_dc,2025-09-11,977,977
moneyflow_ind_dc,2025-09-12,977,977
moneyflow_ind_dc,2025-09-15,977,977
moneyflow_ind_dc,2025-09-16,977,977
moneyflow_ind_dc,2025-09-17,977,977
moneyflow_ind_dc,2025-09-18,977,977
moneyflow_ind_dc,2025-09-19,977,977
moneyflow_ind_dc,2025-09-22,977,977
moneyflow_ind_dc,2025-09-23,977,977
moneyflow_ind_dc,2025-09-24,977,977
moneyflow_ind_dc,2025-09-25,977,977
moneyflow_ind_dc,2025-09-26,977,977
moneyflow_ind_dc,2025-09-29,978,978
moneyflow_ind_dc,2025-09-30,978,978
moneyflow_ind_dc,2025-10-09,978,978
moneyflow_ind_dc,2025-10-10,978,978
moneyflow_ind_dc,2025-10-13,978,978
moneyflow_ind_dc,2025-10-14,978,978
moneyflow_ind_dc,2025-10-15,978,978
moneyflow_ind_dc,2025-10-16,978,978
moneyflow_ind_dc,2025-10-17,981,981
moneyflow_ind_dc,2025-10-20,981,981
moneyflow_ind_dc,2025-10-21,981,981
moneyflow_ind_dc,2025-10-22,981,981
moneyflow_ind_dc,2025-10-23,981,981
moneyflow_ind_dc,2025-10-24,981,981
moneyflow_ind_dc,2025-10-27,981,981
moneyflow_ind_dc,2025-10-28,981,981
moneyflow_ind_dc,2025-10-29,981,981
moneyflow_ind_dc,2025-10-30,981,981
moneyflow_ind_dc,2025-10-31,981,981
moneyflow_ind_dc,2025-11-03,981,981
moneyflow_ind_dc,2025-11-04,981,981
moneyflow_ind_dc,2025-11-05,981,981
moneyflow_ind_dc,2025-11-06,981,981
moneyflow_ind_dc,2025-11-07,981,981
moneyflow_ind_dc,2025-11-10,981,981
moneyflow_ind_dc,2025-11-11,981,981
moneyflow_ind_dc,2025-11-12,981,981
moneyflow_ind_dc,2025-11-13,981,981
moneyflow_ind_dc,2025-11-14,981,981
moneyflow_ind_dc,2025-11-17,980,980
moneyflow_ind_dc,2025-11-18,980,980
moneyflow_ind_dc,2025-11-19,980,980
moneyflow_ind_dc,2025-11-20,980,980
moneyflow_ind_dc,2025-11-21,980,980
moneyflow_ind_dc,2025-11-24,980,980
moneyflow_ind_dc,2025-11-25,980,980
moneyflow_ind_dc,2025-11-26,980,980
moneyflow_ind_dc,2025-11-27,980,980
moneyflow_ind_dc,2025-11-28,980,980
moneyflow_ind_dc,2025-12-01,980,980
moneyflow_ind_dc,2025-12-02,980,980
moneyflow_ind_dc,2025-12-03,980,980
moneyflow_ind_dc,2025-12-04,980,980
moneyflow_ind_dc,2025-12-05,980,980
moneyflow_ind_dc,2025-12-08,980,980
moneyflow_ind_dc,2025-12-09,980,980
moneyflow_ind_dc,2025-12-10,980,980
moneyflow_ind_dc,2025-12-11,980,980
moneyflow_ind_dc,2025-12-12,980,980
moneyflow_ind_dc,2025-12-15,980,980
moneyflow_ind_dc,2025-12-16,980,980
moneyflow_ind_dc,2025-12-17,980,980
moneyflow_ind_dc,2025-12-18,980,980
moneyflow_ind_dc,2025-12-19,980,980
moneyflow_ind_dc,2025-12-22,980,980
moneyflow_ind_dc,2025-12-23,980,980
moneyflow_ind_dc,2025-12-24,980,980
moneyflow_ind_dc,2025-12-25,980,980
moneyflow_ind_dc,2025-12-26,979,979
moneyflow_ind_dc,2025-12-29,980,980
moneyflow_ind_dc,2025-12-30,980,980
moneyflow_ind_dc,2025-12-31,980,980
moneyflow_ind_dc,2026-01-05,980,980
moneyflow_ind_dc,2026-01-06,980,980
moneyflow_ind_dc,2026-01-07,980,980
moneyflow_ind_dc,2026-01-08,980,980
moneyflow_ind_dc,2026-01-09,980,980
moneyflow_ind_dc,2026-01-12,980,980
moneyflow_ind_dc,2026-01-13,980,980
moneyflow_ind_dc,2026-01-14,980,980
moneyflow_ind_dc,2026-01-15,980,980
moneyflow_ind_dc,2026-01-16,981,981
moneyflow_ind_dc,2026-01-19,981,981
moneyflow_ind_dc,2026-01-20,981,981
moneyflow_ind_dc,2026-01-21,981,981
moneyflow_ind_dc,2026-01-22,981,981
moneyflow_ind_dc,2026-01-23,981,981
moneyflow_ind_dc,2026-01-26,981,981
moneyflow_ind_dc,2026-01-27,981,981
moneyflow_ind_dc,2026-01-28,981,981
moneyflow_ind_dc,2026-01-29,981,981
moneyflow_ind_dc,2026-01-30,982,982
moneyflow_ind_dc,2026-02-02,986,986
moneyflow_ind_dc,2026-02-03,990,990
moneyflow_ind_dc,2026-02-04,994,994
moneyflow_ind_dc,2026-02-05,993,993
moneyflow_ind_dc,2026-02-06,993,993
moneyflow_ind_dc,2026-02-09,993,993
moneyflow_ind_dc,2026-02-10,993,993
moneyflow_ind_dc,2026-02-11,993,993
moneyflow_ind_dc,2026-02-12,993,993
moneyflow_ind_dc,2026-02-13,1006,1006
moneyflow_ind_dc,2026-02-24,995,995
moneyflow_ind_dc,2026-02-25,995,995
moneyflow_ind_dc,2026-02-26,994,994
moneyflow_ind_dc,2026-02-27,996,996
moneyflow_ind_dc,2026-03-02,996,996
moneyflow_ind_dc,2026-03-03,996,996
moneyflow_ind_dc,2026-03-04,996,996
moneyflow_ind_dc,2026-03-05,996,996
moneyflow_ind_dc,2026-03-06,996,996
moneyflow_ind_dc,2026-03-09,996,996
moneyflow_ind_dc,2026-03-10,996,996
moneyflow_ind_dc,2026-03-11,996,996
moneyflow_ind_dc,2026-03-12,996,996
moneyflow_ind_dc,2026-03-13,1011,1011
moneyflow_ind_dc,2026-03-16,1010,1010
moneyflow_ind_dc,2026-03-17,1010,1010
moneyflow_ind_dc,2026-03-18,1010,1010
moneyflow_ind_dc,2026-03-19,1010,1010
moneyflow_ind_dc,2026-03-20,1010,1010
moneyflow_ind_dc,2026-03-23,1010,1010
moneyflow_ind_dc,2026-03-24,1010,1010
moneyflow_ind_dc,2026-03-25,1010,1010
moneyflow_ind_dc,2026-03-26,1010,1010
moneyflow_ind_dc,2026-03-27,1010,1010
moneyflow_ind_dc,2026-03-30,1010,1010
moneyflow_ind_dc,2026-03-31,1010,1010
moneyflow_ind_dc,2026-04-01,1010,1010
moneyflow_ind_dc,2026-04-02,1010,1010
moneyflow_ind_dc,2026-04-03,1011,1011
moneyflow_ind_dc,2026-04-07,1011,1011
moneyflow_ind_dc,2026-04-08,1015,1015
moneyflow_ind_dc,2026-04-09,1021,1021
moneyflow_ind_dc,2026-04-10,1027,1027
moneyflow_ind_dc,2026-04-13,1020,1020
moneyflow_ind_dc,2026-04-14,1020,1020
moneyflow_ind_dc,2026-04-15,1020,1020
moneyflow_ind_dc,2026-04-16,1020,1020
moneyflow_ind_dc,2026-04-17,1026,1026
moneyflow_ind_dc,2026-04-20,1018,1018
moneyflow_ind_dc,2026-04-21,1018,1018
moneyflow_ind_dc,2026-04-22,1018,1018
moneyflow_ind_dc,2026-04-23,1018,1018
moneyflow_ind_dc,2026-04-24,1018,1018
moneyflow_ind_dc,2026-04-27,1013,1013
moneyflow_ind_dc,2026-04-28,1013,1013
moneyflow_ind_dc,2026-04-29,1013,1013
moneyflow_ind_dc,2026-04-30,1013,1013
moneyflow_ind_dc,2026-05-06,1013,1013
moneyflow_ind_dc,2026-05-07,1013,1013
moneyflow_ind_dc,2026-05-08,1013,1013
moneyflow_ind_dc,2026-05-11,1013,1013
moneyflow_ind_dc,2026-05-12,1013,1013
moneyflow_ind_dc,2026-05-13,1013,1013
moneyflow_ind_dc,2026-05-14,1013,1013
moneyflow_ind_dc,2026-05-15,1013,1013
moneyflow_ind_dc,2026-05-18,1013,1013
moneyflow_ind_dc,2026-05-19,1013,1013
moneyflow_ind_dc,2026-05-20,1013,1013
moneyflow_ind_dc,2026-05-21,1013,1013
moneyflow_ind_dc,2026-05-22,1013,1013
moneyflow_ind_dc,2026-05-25,1013,1013
moneyflow_ind_dc,2026-05-26,1013,1013
moneyflow_ind_dc,2026-05-27,1013,1013
moneyflow_ind_dc,2026-05-28,1013,1013
moneyflow_ind_dc,2026-05-29,1013,1013
moneyflow_ind_dc,2026-06-01,1013,1013
moneyflow_ind_dc,2026-06-02,1013,1013
moneyflow_ind_dc,2026-06-03,1013,1013
moneyflow_ind_dc,2026-06-04,1013,1013
moneyflow_ind_dc,2026-06-05,1021,1021
moneyflow_ind_dc,2026-06-08,1021,1021
moneyflow_ind_dc,2026-06-09,1021,1021
moneyflow_ind_dc,2026-06-10,1021,1021
moneyflow_ind_dc,2026-06-11,1021,1021
moneyflow_ind_dc,2026-06-12,1021,1021
moneyflow_ind_dc,2026-06-15,1021,1021
moneyflow_ind_dc,2026-06-16,1021,1021
moneyflow_ind_dc,2026-06-17,1021,1021
moneyflow_ind_dc,2026-06-18,1021,1021
moneyflow_ind_dc,2026-06-22,1021,1021
moneyflow_ind_dc,2026-06-23,1021,1021
moneyflow_ind_dc,2026-06-24,1021,1021
moneyflow_ind_dc,2026-06-25,1021,1021
moneyflow_ind_dc,2026-06-26,1021,1021
moneyflow_ind_dc,2026-06-29,1021,1021
moneyflow_ind_dc,2026-06-30,1021,1021
moneyflow_ind_dc,2026-07-01,1022,1022
moneyflow_ind_dc,2026-07-02,1022,1022
moneyflow_ind_dc,2026-07-03,1022,1022
moneyflow_ind_dc,2026-07-06,1023,1023
moneyflow_ind_dc,2026-07-07,1023,1023
moneyflow_ind_dc,2026-07-08,1023,1023
moneyflow_ind_dc,2026-07-09,1023,1023
moneyflow_ind_dc,2026-07-10,1025,1025
moneyflow_ind_dc,2026-07-13,1022,1022
moneyflow_ind_dc,2026-07-14,1022,1022
moneyflow_ind_dc,2026-07-15,1022,1022
moneyflow_ind_dc,2026-07-16,1022,1022
moneyflow_ind_dc,2026-07-17,1022,1022
moneyflow_ind_dc,2026-07-20,1022,1022
moneyflow_ind_dc,2026-07-21,1022,1022
moneyflow_ind_dc,2026-07-22,1022,1022
moneyflow_ind_dc,2026-07-23,1022,1022
moneyflow_ind_dc,2026-07-24,1022,1022
moneyflow_ind_dc,2026-07-27,1022,1022
moneyflow_ind_dc,2026-07-28,1023,1023
moneyflow_ind_dc,2026-07-29,1031,1031
moneyflow_ind_dc,2026-07-30,1031,1031
moneyflow_ind_dc,2026-07-31,1031,1031
moneyflow_ind_dc,2026-08-03,1030,1030
moneyflow_ind_dc,2026-08-04,1030,1030
moneyflow_ind_dc,2026-08-05,1030,1030
moneyflow_ind_dc,2026-08-06,1031,1031
moneyflow_ind_dc,2026-08-07,1031,1031
moneyflow_ind_dc,2026-08-10,1031,1031
moneyflow_ind_dc,2026-08-11,1031,1031
moneyflow_ind_dc,2026-08-12,1031,1031
moneyflow_ind_dc,2026-08-13,1031,1031
moneyflow_ind_dc,2026-08-14,1031,1031
moneyflow_ind_dc,2026-08-17,1031,1031
moneyflow_ind_dc,2026-08-18,1031,1031
moneyflow_ind_dc,2026-08-19,1031,1031
moneyflow_ind_dc,2026-08-20,1031,1031
moneyflow_ind_dc,2026-08-21,1031,1031
moneyflow_ind_dc,2026-08-24,1031,1031
moneyflow_ind_dc,2026-08-25,1031,1031
moneyflow_ind_dc,2026-08-26,1031,1031
moneyflow_ind_dc,2026-08-27,1031,1031
moneyflow_ind_dc,2026-08-28,1031,1031
moneyflow_ind_dc,2026-08-31,1031,1031
moneyflow_ind_dc,2026-09-01,1031,1031
moneyflow_ind_dc,2026-09-02,1031,1031
moneyflow_ind_dc,2026-09-03,1031,1031
moneyflow_ind_dc,2026-09-04,1031,1031
moneyflow_ind_dc,2026-09-07,1031,1031
moneyflow_ind_dc,2026-09-08,1031,1031
moneyflow_ind_dc,2026-09-09,1031,1031
moneyflow_ind_dc,2026-09-10,1031,1031
moneyflow_ind_dc,2026-09-11,1031,1031
moneyflow_ind_dc,2026-09-14,1031,1031
moneyflow_ind_dc,2026-09-15,1031,1031
moneyflow_ind_dc,2026-09-16,1031,1031
moneyflow_ind_dc,2026-09-17,1031,1031
moneyflow_ind_dc,2026-09-18,1031,1031
moneyflow_ind_dc,2026-09-21,1031,1031
moneyflow_ind_dc,2026-09-22,1031,1031
moneyflow_ind_dc,2026-09-23,1031,1031
moneyflow_ind_dc,2026-09-24,1031,1031
moneyflow_ind_dc,2026-09-28,1031,1031
moneyflow_ind_dc,2026-09-29,1031,1031
moneyflow_ind_dc,2026-09-30,1031,1031
moneyflow_ind_ths,2024-09-10,90,90
moneyflow_ind_ths,2024-09-11,90,90
moneyflow_ind_ths,2024-09-12,90,90
moneyflow_ind_ths,2024-09-13,90,90
moneyflow_ind_ths,2024-09-18,90,90
moneyflow_ind_ths,2024-09-19,90,90
moneyflow_ind_ths,2024-09-20,90,90
moneyflow_ind_ths,2024-09-23,90,90
moneyflow_ind_ths,2024-09-24,90,90
moneyflow_ind_ths,2024-09-25,90,90
moneyflow_ind_ths,2024-09-26,90,90
moneyflow_ind_ths,2024-09-27,90,90
moneyflow_ind_ths,2024-09-30,90,90
moneyflow_ind_ths,2024-10-08,90,90
moneyflow_ind_ths,2024-10-09,90,90
moneyflow_ind_ths,2024-10-10,90,90
moneyflow_ind_ths,2024-10-11,90,90
moneyflow_ind_ths,2024-10-14,90,90
moneyflow_ind_ths,2024-10-15,90,90
moneyflow_ind_ths,2024-10-16,90,90
moneyflow_ind_ths,2024-10-17,90,90
moneyflow_ind_ths,2024-10-18,90,90
moneyflow_ind_ths,2024-10-21,90,90
moneyflow_ind_ths,2024-10-22,90,90
moneyflow_ind_ths,2024-10-23,90,90
moneyflow_ind_ths,2024-10-24,90,90
moneyflow_ind_ths,2024-10-25,90,90
moneyflow_ind_ths,2024-10-28,90,90
moneyflow_ind_ths,2024-10-29,90,90
moneyflow_ind_ths,2024-10-30,90,90
moneyflow_ind_ths,2024-10-31,90,90
moneyflow_ind_ths,2024-11-01,90,90
moneyflow_ind_ths,2024-11-05,90,90
moneyflow_ind_ths,2024-11-06,90,90
moneyflow_ind_ths,2024-11-07,90,90
moneyflow_ind_ths,2024-11-08,90,90
moneyflow_ind_ths,2024-11-11,90,90
moneyflow_ind_ths,2024-11-12,90,90
moneyflow_ind_ths,2024-11-13,90,90
moneyflow_ind_ths,2024-11-14,90,90
moneyflow_ind_ths,2024-11-15,90,90
moneyflow_ind_ths,2024-11-18,90,90
moneyflow_ind_ths,2024-11-19,90,90
moneyflow_ind_ths,2024-11-20,90,90
moneyflow_ind_ths,2024-11-21,90,90
moneyflow_ind_ths,2024-11-22,90,90
moneyflow_ind_ths,2024-11-25,90,90
moneyflow_ind_ths,2024-11-26,90,90
moneyflow_ind_ths,2024-11-27,90,90
moneyflow_ind_ths,2024-11-28,90,90
moneyflow_ind_ths,2024-11-29,90,90
moneyflow_ind_ths,2024-12-02,90,90
moneyflow_ind_ths,2024-12-03,90,90
moneyflow_ind_ths,2024-12-04,90,90
moneyflow_ind_ths,2024-12-05,90,90
moneyflow_ind_ths,2024-12-06,90,90
moneyflow_ind_ths,2024-12-09,90,90
moneyflow_ind_ths,2024-12-10,90,90
moneyflow_ind_ths,2024-12-11,90,90
moneyflow_ind_ths,2024-12-12,90,90
moneyflow_ind_ths,2024-12-13,90,90
moneyflow_ind_ths,2024-12-16,90,90
moneyflow_ind_ths,2024-12-17,90,90
moneyflow_ind_ths,2024-12-18,90,90
moneyflow_ind_ths,2024-12-19,90,90
moneyflow_ind_ths,2024-12-20,90,90
moneyflow_ind_ths,2024-12-23,90,90
moneyflow_ind_ths,2024-12-24,90,90
moneyflow_ind_ths,2024-12-25,90,90
moneyflow_ind_ths,2024-12-26,90,90
moneyflow_ind_ths,2024-12-27,90,90
moneyflow_ind_ths,2024-12-30,90,90
moneyflow_ind_ths,2024-12-31,90,90
moneyflow_ind_ths,2025-01-02,90,90
moneyflow_ind_ths,2025-01-03,90,90
moneyflow_ind_ths,2025-01-06,90,90
moneyflow_ind_ths,2025-01-07,90,90
moneyflow_ind_ths,2025-01-08,90,90
moneyflow_ind_ths,2025-01-09,90,90
moneyflow_ind_ths,2025-01-10,90,90
moneyflow_ind_ths,2025-01-13,90,90
moneyflow_ind_ths,2025-01-14,90,90
moneyflow_ind_ths,2025-01-15,90,90
moneyflow_ind_ths,2025-01-16,90,90
moneyflow_ind_ths,2025-01-17,90,90
moneyflow_ind_ths,2025-01-21,90,90
moneyflow_ind_ths,2025-01-22,90,90
moneyflow_ind_ths,2025-01-23,90,90
moneyflow_ind_ths,2025-01-24,90,90
moneyflow_ind_ths,2025-01-27,90,90
moneyflow_ind_ths,2025-02-05,90,90
moneyflow_ind_ths,2025-02-06,90,90
moneyflow_ind_ths,2025-02-07,90,90
moneyflow_ind_ths,2025-02-10,90,90
moneyflow_ind_ths,2025-02-11,90,90
moneyflow_ind_ths,2025-02-12,90,90
moneyflow_ind_ths,2025-02-13,90,90
moneyflow_ind_ths,2025-02-14,90,90
moneyflow_ind_ths,2025-02-17,90,90
moneyflow_ind_ths,2025-02-18,90,90
moneyflow_ind_ths,2025-02-19,90,90
moneyflow_ind_ths,2025-02-20,90,90
moneyflow_ind_ths,2025-02-21,90,90
moneyflow_ind_ths,2025-02-24,90,90
moneyflow_ind_ths,2025-02-25,90,90
moneyflow_ind_ths,2025-02-26,90,90
moneyflow_ind_ths,2025-02-27,90,90
moneyflow_ind_ths,2025-02-28,90,90
moneyflow_ind_ths,2025-03-03,90,90
moneyflow_ind_ths,2025-03-04,90,90
moneyflow_ind_ths,2025-03-05,90,90
moneyflow_ind_ths,2025-03-06,90,90
moneyflow_ind_ths,2025-03-07,90,90
moneyflow_ind_ths,2025-03-10,90,90
moneyflow_ind_ths,2025-03-11,90,90
moneyflow_ind_ths,2025-03-12,90,90
moneyflow_ind_ths,2025-03-13,90,90
moneyflow_ind_ths,2025-03-14,90,90
moneyflow_ind_ths,2025-03-17,90,90
moneyflow_ind_ths,2025-03-18,90,90
moneyflow_ind_ths,2025-03-19,90,90
moneyflow_ind_ths,2025-03-20,90,90
moneyflow_ind_ths,2025-03-21,90,90
moneyflow_ind_ths,2025-03-24,90,90
moneyflow_ind_ths,2025-03-25,90,90
moneyflow_ind_ths,2025-03-26,90,90
moneyflow_ind_ths,2025-03-27,90,90
moneyflow_ind_ths,2025-03-28,90,90
moneyflow_ind_ths,2025-03-31,90,90
moneyflow_ind_ths,2025-04-01,90,90
moneyflow_ind_ths,2025-04-02,90,90
moneyflow_ind_ths,2025-04-03,90,90
moneyflow_ind_ths,2025-04-07,90,90
moneyflow_ind_ths,2025-04-08,90,90
moneyflow_ind_ths,2025-04-09,90,90
moneyflow_ind_ths,2025-04-10,90,90
moneyflow_ind_ths,2025-04-11,90,90
moneyflow_ind_ths,2025-04-14,90,90
moneyflow_ind_ths,2025-04-15,90,90
moneyflow_ind_ths,2025-04-16,90,90
moneyflow_ind_ths,2025-04-17,90,90
moneyflow_ind_ths,2025-04-18,90,90
moneyflow_ind_ths,2025-04-21,90,90
moneyflow_ind_ths,2025-04-22,90,90
moneyflow_ind_ths,2025-04-23,90,90
moneyflow_ind_ths,2025-04-24,90,90
moneyflow_ind_ths,2025-04-25,90,90
moneyflow_ind_ths,2025-04-28,90,90
moneyflow_ind_ths,2025-04-29,90,90
moneyflow_ind_ths,2025-04-30,90,90
moneyflow_ind_ths,2025-05-06,90,90
moneyflow_ind_ths,2025-05-07,90,90
moneyflow_ind_ths,2025-05-08,90,90
moneyflow_ind_ths,2025-05-09,90,90
moneyflow_ind_ths,2025-05-12,90,90
moneyflow_ind_ths,2025-05-13,90,90
moneyflow_ind_ths,2025-05-14,90,90
moneyflow_ind_ths,2025-05-15,90,90
moneyflow_ind_ths,2025-05-16,90,90
moneyflow_ind_ths,2025-05-19,90,90
moneyflow_ind_ths,2025-05-20,90,90
moneyflow_ind_ths,2025-05-21,90,90
moneyflow_ind_ths,2025-05-22,90,90
moneyflow_ind_ths,2025-05-23,90,90
moneyflow_ind_ths,2025-05-26,90,90
moneyflow_ind_ths,2025-05-27,90,90
moneyflow_ind_ths,2025-05-28,90,90
moneyflow_ind_ths,2025-05-29,90,90
moneyflow_ind_ths,2025-05-30,90,90
moneyflow_ind_ths,2025-06-03,90,90
moneyflow_ind_ths,2025-06-04,90,90
moneyflow_ind_ths,2025-06-05,90,90
moneyflow_ind_ths,2025-06-06,90,90
moneyflow_ind_ths,2025-06-09,90,90
moneyflow_ind_ths,2025-06-10,90,90
moneyflow_ind_ths,2025-06-11,90,90
moneyflow_ind_ths,2025-06-12,90,90
moneyflow_ind_ths,2025-06-13,90,90
moneyflow_ind_ths,2025-06-16,90,90
moneyflow_ind_ths,2025-06-17,90,90
moneyflow_ind_ths,2025-06-18,90,90
moneyflow_ind_ths,2025-06-19,90,90
moneyflow_ind_ths,2025-06-20,90,90
moneyflow_ind_ths,2025-06-23,90,90
moneyflow_ind_ths,2025-06-24,90,90
moneyflow_ind_ths,2025-06-25,90,90
moneyflow_ind_ths,2025-06-26,90,90
moneyflow_ind_ths,2025-06-27,90,90
moneyflow_ind_ths,2025-06-30,90,90
moneyflow_ind_ths,2025-07-01,90,90
moneyflow_ind_ths,2025-07-02,90,90
moneyflow_ind_ths,2025-07-03,90,90
moneyflow_ind_ths,2025-07-04,90,90
moneyflow_ind_ths,2025-07-07,90,90
moneyflow_ind_ths,2025-07-08,90,90
moneyflow_ind_ths,2025-07-09,90,90
moneyflow_ind_ths,2025-07-10,90,90
moneyflow_ind_ths,2025-07-11,90,90
moneyflow_ind_ths,2025-07-14,90,90
moneyflow_ind_ths,2025-07-15,90,90
moneyflow_ind_ths,2025-07-16,90,90
moneyflow_ind_ths,2025-07-17,90,90
moneyflow_ind_ths,2025-07-18,90,90
moneyflow_ind_ths,2025-07-21,90,90
moneyflow_ind_ths,2025-07-22,90,90
moneyflow_ind_ths,2025-07-23,90,90
moneyflow_ind_ths,2025-07-24,90,90
moneyflow_ind_ths,2025-07-25,90,90
moneyflow_ind_ths,2025-07-28,90,90
moneyflow_ind_ths,2025-07-29,90,90
moneyflow_ind_ths,2025-07-30,90,90
moneyflow_ind_ths,2025-07-31,90,90
moneyflow_ind_ths,2025-08-01,90,90
moneyflow_ind_ths,2025-08-04,90,90
moneyflow_ind_ths,2025-08-05,90,90
moneyflow_ind_ths,2025-08-06,90,90
moneyflow_ind_ths,2025-08-07,90,90
moneyflow_ind_ths,2025-08-08,90,90
moneyflow_ind_ths,2025-08-11,90,90
moneyflow_ind_ths,2025-08-12,90,90
moneyflow_ind_ths,2025-08-13,90,90
moneyflow_ind_ths,2025-08-14,90,90
moneyflow_ind_ths,2025-08-15,90,90
moneyflow_ind_ths,2025-08-18,90,90
moneyflow_ind_ths,2025-08-19,90,90
moneyflow_ind_ths,2025-08-20,90,90
moneyflow_ind_ths,2025-08-21,90,90
moneyflow_ind_ths,2025-08-22,90,90
moneyflow_ind_ths,2025-08-25,90,90
moneyflow_ind_ths,2025-08-26,90,90
moneyflow_ind_ths,2025-08-27,90,90
moneyflow_ind_ths,2025-08-28,90,90
moneyflow_ind_ths,2025-08-29,90,90
moneyflow_ind_ths,2025-09-01,90,90
moneyflow_ind_ths,2025-09-02,90,90
moneyflow_ind_ths,2025-09-03,90,90
moneyflow_ind_ths,2025-09-04,90,90
moneyflow_ind_ths,2025-09-05,90,90
moneyflow_ind_ths,2025-09-08,90,90
moneyflow_ind_ths,2025-09-09,90,90
moneyflow_ind_ths,2025-09-10,90,90
moneyflow_ind_ths,2025-09-11,90,90
moneyflow_ind_ths,2025-09-12,90,90
moneyflow_ind_ths,2025-09-15,90,90
moneyflow_ind_ths,2025-09-16,90,90
moneyflow_ind_ths,2025-09-17,90,90
moneyflow_ind_ths,2025-09-18,90,90
moneyflow_ind_ths,2025-09-19,90,90
moneyflow_ind_ths,2025-09-22,90,90
moneyflow_ind_ths,2025-09-23,90,90
moneyflow_ind_ths,2025-09-24,90,90
moneyflow_ind_ths,2025-09-25,90,90
moneyflow_ind_ths,2025-09-26,90,90
moneyflow_ind_ths,2025-09-29,90,90
moneyflow_ind_ths,2025-09-30,90,90
moneyflow_ind_ths,2025-10-09,90,90
moneyflow_ind_ths,2025-10-10,90,90
moneyflow_ind_ths,2025-10-13,90,90
moneyflow_ind_ths,2025-10-14,90,90
moneyflow_ind_ths,2025-10-15,90,90
moneyflow_ind_ths,2025-10-16,90,90
moneyflow_ind_ths,2025-10-17,90,90
moneyflow_ind_ths,2025-10-20,90,90
moneyflow_ind_ths,2025-10-21,90,90
moneyflow_ind_ths,2025-10-22,90,90
moneyflow_ind_ths,2025-10-23,90,90
moneyflow_ind_ths,2025-10-24,90,90
moneyflow_ind_ths,2025-10-27,90,90
moneyflow_ind_ths,2025-10-28,90,90
moneyflow_ind_ths,2025-10-29,90,90
moneyflow_ind_ths,2025-10-30,90,90
moneyflow_ind_ths,2025-10-31,90,90
moneyflow_ind_ths,2025-11-03,90,90
moneyflow_ind_ths,2025-11-04,90,90
moneyflow_ind_ths,2025-11-05,90,90
moneyflow_ind_ths,2025-11-06,90,90
moneyflow_ind_ths,2025-11-07,90,90
moneyflow_ind_ths,2025-11-10,90,90
moneyflow_ind_ths,2025-11-11,90,90
moneyflow_ind_ths,2025-11-12,90,90
moneyflow_ind_ths,2025-11-13,90,90
moneyflow_ind_ths,2025-11-14,90,90
moneyflow_ind_ths,2025-11-17,90,90
moneyflow_ind_ths,2025-11-18,90,90
moneyflow_ind_ths,2025-11-19,90,90
moneyflow_ind_ths,2025-11-20,90,90
moneyflow_ind_ths,2025-11-21,90,90
moneyflow_ind_ths,2025-11-24,90,90
moneyflow_ind_ths,2025-11-25,90,90
moneyflow_ind_ths,2025-11-26,90,90
moneyflow_ind_ths,2025-11-27,90,90
moneyflow_ind_ths,2025-11-28,90,90
moneyflow_ind_ths,2025-12-01,90,90
moneyflow_ind_ths,2025-12-02,90,90
moneyflow_ind_ths,2025-12-03,90,90
moneyflow_ind_ths,2025-12-04,90,90
moneyflow_ind_ths,2025-12-05,90,90
moneyflow_ind_ths,2025-12-08,90,90
moneyflow_ind_ths,2025-12-09,90,90
moneyflow_ind_ths,2025-12-10,90,90
moneyflow_ind_ths,2025-12-11,90,90
moneyflow_ind_ths,2025-12-12,90,90
moneyflow_ind_ths,2025-12-15,90,90
moneyflow_ind_ths,2025-12-16,90,90
moneyflow_ind_ths,2025-12-17,90,90
moneyflow_ind_ths,2025-12-18,90,90
moneyflow_ind_ths,2025-12-19,90,90
moneyflow_ind_ths,2025-12-22,90,90
moneyflow_ind_ths,2025-12-23,90,90
moneyflow_ind_ths,2025-12-24,90,90
moneyflow_ind_ths,2025-12-25,90,90
moneyflow_ind_ths,2025-12-26,90,90
moneyflow_ind_ths,2025-12-29,90,90
moneyflow_ind_ths,2025-12-30,90,90
moneyflow_ind_ths,2025-12-31,90,90
moneyflow_ind_ths,2026-01-05,90,90
moneyflow_ind_ths,2026-01-06,90,90
moneyflow_ind_ths,2026-01-07,90,90
moneyflow_ind_ths,2026-01-08,90,90
moneyflow_ind_ths,2026-01-09,90,90
moneyflow_ind_ths,2026-01-12,90,90
moneyflow_ind_ths,2026-01-13,90,90
moneyflow_ind_ths,2026-01-14,90,90
moneyflow_ind_ths,2026-01-15,90,90
moneyflow_ind_ths,2026-01-16,90,90
moneyflow_ind_ths,2026-01-19,90,90
moneyflow_ind_ths,2026-01-20,90,90
moneyflow_ind_ths,2026-01-21,90,90
moneyflow_ind_ths,2026-01-22,90,90
moneyflow_ind_ths,2026-01-23,90,90
moneyflow_ind_ths,2026-01-26,90,90
moneyflow_ind_ths,2026-01-27,90,90
moneyflow_ind_ths,2026-01-28,90,90
moneyflow_ind_ths,2026-01-29,90,90
moneyflow_ind_ths,2026-01-30,90,90
moneyflow_ind_ths,2026-02-02,90,90
moneyflow_ind_ths,2026-02-03,90,90
moneyflow_ind_ths,2026-02-04,90,90
moneyflow_ind_ths,2026-02-05,90,90
moneyflow_ind_ths,2026-02-06,90,90
moneyflow_ind_ths,2026-02-09,90,90
moneyflow_ind_ths,2026-02-10,90,90
moneyflow_ind_ths,2026-02-11,90,90
moneyflow_ind_ths,2026-02-12,90,90
moneyflow_ind_ths,2026-02-13,90,90
moneyflow_ind_ths,2026-02-24,90,90
moneyflow_ind_ths,2026-02-25,90,90
moneyflow_ind_ths,2026-02-26,90,90
moneyflow_ind_ths,2026-02-27,90,90
moneyflow_ind_ths,2026-03-02,90,90
moneyflow_ind_ths,2026-03-03,90,90
moneyflow_ind_ths,2026-03-04,90,90
moneyflow_ind_ths,2026-03-05,90,90
moneyflow_ind_ths,2026-03-06,90,90
moneyflow_ind_ths,2026-03-09,90,90
moneyflow_ind_ths,2026-03-10,90,90
moneyflow_ind_ths,2026-03-11,90,90
moneyflow_ind_ths,2026-03-12,90,90
moneyflow_ind_ths,2026-03-13,90,90
moneyflow_ind_ths,2026-03-16,90,90
moneyflow_ind_ths,2026-03-17,90,90
moneyflow_ind_ths,2026-03-18,90,90
moneyflow_ind_ths,2026-03-19,90,90
moneyflow_ind_ths,2026-03-20,90,90
moneyflow_ind_ths,2026-03-23,90,90
moneyflow_ind_ths,2026-03-24,90,90
moneyflow_ind_ths,2026-03-25,90,90
moneyflow_ind_ths,2026-03-26,90,90
moneyflow_ind_ths,2026-03-27,90,90
moneyflow_ind_ths,2026-03-30,90,90
moneyflow_ind_ths,2026-03-31,90,90
moneyflow_ind_ths,2026-04-01,90,90
moneyflow_ind_ths,2026-04-02,90,90
moneyflow_ind_ths,2026-04-03,90,90
moneyflow_ind_ths,2026-04-07,90,90
moneyflow_ind_ths,2026-04-08,90,90
moneyflow_ind_ths,2026-04-09,90,90
moneyflow_ind_ths,2026-04-10,90,90
moneyflow_ind_ths,2026-04-13,90,90
moneyflow_ind_ths,2026-04-14,90,90
moneyflow_ind_ths,2026-04-15,90,90
moneyflow_ind_ths,2026-04-16,90,90
moneyflow_ind_ths,2026-04-17,90,90
moneyflow_ind_ths,2026-04-20,90,90
moneyflow_ind_ths,2026-04-21,90,90
moneyflow_ind_ths,2026-04-22,90,90
moneyflow_ind_ths,2026-04-23,90,90
moneyflow_ind_ths,2026-04-24,90,90
moneyflow_ind_ths,2026-04-27,90,90
moneyflow_ind_ths,2026-04-28,90,90
moneyflow_ind_ths,2026-04-29,90,90
moneyflow_ind_ths,2026-04-30,90,90
moneyflow_ind_ths,2026-05-06,90,90
moneyflow_ind_ths,2026-05-07,90,90
moneyflow_ind_ths,2026-05-08,90,90
moneyflow_ind_ths,2026-05-11,90,90
moneyflow_ind_ths,2026-05-12,90,90
moneyflow_ind_ths,2026-05-13,90,90
moneyflow_ind_ths,2026-05-14,90,90
moneyflow_ind_ths,2026-05-15,90,90
moneyflow_ind_ths,2026-05-18,90,90
moneyflow_ind_ths,2026-05-19,90,90
moneyflow_ind_ths,2026-05-20,90,90
moneyflow_ind_ths,2026-05-21,90,90
moneyflow_ind_ths,2026-05-22,90,90
moneyflow_ind_ths,2026-05-25,90,90
moneyflow_ind_ths,2026-05-26,90,90
moneyflow_ind_ths,2026-05-27,90,90
moneyflow_ind_ths,2026-05-28,90,90
moneyflow_ind_ths,2026-05-29,90,90
moneyflow_ind_ths,2026-06-01,90,90
moneyflow_ind_ths,2026-06-02,90,90
moneyflow_ind_ths,2026-06-03,90,90
moneyflow_ind_ths,2026-06-04,90,90
moneyflow_ind_ths,2026-06-05,90,90
moneyflow_ind_ths,2026-06-08,90,90
moneyflow_ind_ths,2026-06-09,90,90
moneyflow_ind_ths,2026-06-10,90,90
moneyflow_ind_ths,2026-06-11,90,90
moneyflow_ind_ths,2026-06-12,90,90
moneyflow_ind_ths,2026-06-15,90,90
moneyflow_ind_ths,2026-06-16,90,90
moneyflow_ind_ths,2026-06-17,90,90
moneyflow_ind_ths,2026-06-18,90,90
moneyflow_ind_ths,2026-06-22,90,90
moneyflow_ind_ths,2026-06-23,90,90
moneyflow_ind_ths,2026-06-24,90,90
moneyflow_ind_ths,2026-06-25,90,90
moneyflow_ind_ths,2026-06-26,90,90
moneyflow_ind_ths,2026-06-29,90,90
moneyflow_ind_ths,2026-06-30,90,90
moneyflow_ind_ths,2026-07-01,90,90
moneyflow_ind_ths,2026-07-02,90,90
moneyflow_ind_ths,2026-07-03,90,90
moneyflow_ind_ths,2026-07-06,90,90
moneyflow_ind_ths,2026-07-07,90,90
moneyflow_ind_ths,2026-07-08,90,90
moneyflow_ind_ths,2026-07-10,90,90
moneyflow_ind_ths,2026-07-13,90,90
moneyflow_ind_ths,2026-07-14,90,90
moneyflow_ind_ths,2026-07-15,90,90
moneyflow_ind_ths,2026-07-16,90,90
moneyflow_ind_ths,2026-07-17,90,90
moneyflow_ind_ths,2026-07-20,90,90
moneyflow_ind_ths,2026-07-21,90,90
moneyflow_ind_ths,2026-07-22,90,90
moneyflow_ind_ths,2026-07-23,90,90
moneyflow_ind_ths,2026-07-24,90,90
moneyflow_ind_ths,2026-07-27,90,90
moneyflow_ind_ths,2026-07-28,90,90
moneyflow_ind_ths,2026-07-29,90,90
moneyflow_ind_ths,2026-07-30,90,90
moneyflow_ind_ths,2026-07-31,90,90
moneyflow_ind_ths,2026-08-03,90,90
moneyflow_ind_ths,2026-08-04,90,90
moneyflow_ind_ths,2026-08-06,90,90
moneyflow_ind_ths,2026-08-07,90,90
moneyflow_ind_ths,2026-08-10,90,90
moneyflow_ind_ths,2026-08-11,90,90
moneyflow_ind_ths,2026-08-12,90,90
moneyflow_ind_ths,2026-08-13,90,90
moneyflow_ind_ths,2026-08-14,90,90
moneyflow_ind_ths,2026-08-17,90,90
moneyflow_ind_ths,2026-08-18,90,90
moneyflow_ind_ths,2026-08-19,90,90
moneyflow_ind_ths,2026-08-20,90,90
moneyflow_ind_ths,2026-08-21,90,90
moneyflow_ind_ths,2026-08-24,90,90
moneyflow_ind_ths,2026-08-25,90,90
moneyflow_ind_ths,2026-08-26,90,90
moneyflow_ind_ths,2026-08-27,90,90
moneyflow_ind_ths,2026-08-28,90,90
moneyflow_ind_ths,2026-08-31,90,90
moneyflow_ind_ths,2026-09-01,90,90
moneyflow_ind_ths,2026-09-02,90,90
moneyflow_ind_ths,2026-09-03,90,90
moneyflow_ind_ths,2026-09-04,90,90
moneyflow_ind_ths,2026-09-07,90,90
moneyflow_ind_ths,2026-09-08,90,90
moneyflow_ind_ths,2026-09-09,90,90
moneyflow_ind_ths,2026-09-10,90,90
moneyflow_ind_ths,2026-09-11,90,90
moneyflow_ind_ths,2026-09-14,90,90
moneyflow_ind_ths,2026-09-15,90,90
moneyflow_ind_ths,2026-09-16,90,90
moneyflow_ind_ths,2026-09-17,90,90
moneyflow_ind_ths,2026-09-18,90,90
moneyflow_ind_ths,2026-09-21,90,90
moneyflow_ind_ths,2026-09-22,90,90
moneyflow_ind_ths,2026-09-23,90,90
moneyflow_ind_ths,2026-09-24,90,90
moneyflow_ind_ths,2026-09-28,90,90
moneyflow_ind_ths,2026-09-29,90,90
moneyflow_ind_ths,2026-09-30,90,90
moneyflow_cnt_ths,2024-09-10,388,388
moneyflow_cnt_ths,2024-09-11,386,386
moneyflow_cnt_ths,2024-09-12,386,386
moneyflow_cnt_ths,2024-09-13,384,384
moneyflow_cnt_ths,2024-09-18,384,384
moneyflow_cnt_ths,2024-09-19,384,384
moneyflow_cnt_ths,2024-09-20,384,384
moneyflow_cnt_ths,2024-09-23,384,384
moneyflow_cnt_ths,2024-09-24,382,382
moneyflow_cnt_ths,2024-09-25,380,380
moneyflow_cnt_ths,2024-09-26,380,380
moneyflow_cnt_ths,2024-09-27,380,380
moneyflow_cnt_ths,2024-09-30,380,380
moneyflow_cnt_ths,2024-10-08,380,380
moneyflow_cnt_ths,2024-10-09,381,381
moneyflow_cnt_ths,2024-10-10,381,381
moneyflow_cnt_ths,2024-10-11,381,381
moneyflow_cnt_ths,2024-10-14,381,381
moneyflow_cnt_ths,2024-10-15,381,381
moneyflow_cnt_ths,2024-10-16,381,381
moneyflow_cnt_ths,2024-10-17,381,381
moneyflow_cnt_ths,2024-10-18,381,381
moneyflow_cnt_ths,2024-10-21,382,382
moneyflow_cnt_ths,2024-10-22,382,382
moneyflow_cnt_ths,2024-10-23,382,382
moneyflow_cnt_ths,2024-10-24,382,382
moneyflow_cnt_ths,2024-10-25,382,382
moneyflow_cnt_ths,2024-10-28,382,382
moneyflow_cnt_ths,2024-10-29,383,383
moneyflow_cnt_ths,2024-10-30,383,383
moneyflow_cnt_ths,2024-10-31,383,383
moneyflow_cnt_ths,2024-11-01,383,383
moneyflow_cnt_ths,2024-11-05,383,383
moneyflow_cnt_ths,2024-11-06,383,383
moneyflow_cnt_ths,2024-11-07,383,383
moneyflow_cnt_ths,2024-11-08,383,383
moneyflow_cnt_ths,2024-11-11,383,383
moneyflow_cnt_ths,2024-11-12,383,383
moneyflow_cnt_ths,2024-11-13,383,383
moneyflow_cnt_ths,2024-11-14,383,383
moneyflow_cnt_ths,2024-11-15,383,383
moneyflow_cnt_ths,2024-11-18,383,383
moneyflow_cnt_ths,2024-11-19,386,386
moneyflow_cnt_ths,2024-11-20,386,386
moneyflow_cnt_ths,2024-11-21,386,386
moneyflow_cnt_ths,2024-11-22,386,386
moneyflow_cnt_ths,2024-11-25,386,386
moneyflow_cnt_ths,2024-11-26,387,387
moneyflow_cnt_ths,2024-11-27,387,387
moneyflow_cnt_ths,2024-11-28,387,387
moneyflow_cnt_ths,2024-11-29,387,387
moneyflow_cnt_ths,2024-12-02,387,387
moneyflow_cnt_ths,2024-12-03,387,387
moneyflow_cnt_ths,2024-12-04,387,387
moneyflow_cnt_ths,2024-12-05,387,387
moneyflow_cnt_ths,2024-12-06,387,387
moneyflow_cnt_ths,2024-12-09,387,387
moneyflow_cnt_ths,2024-12-10,388,388
moneyflow_cnt_ths,2024-12-11,388,388
moneyflow_cnt_ths,2024-12-12,388,388
moneyflow_cnt_ths,2024-12-13,388,388
moneyflow_cnt_ths,2024-12-16,388,388
moneyflow_cnt_ths,2024-12-17,388,388
moneyflow_cnt_ths,2024-12-18,388,388
moneyflow_cnt_ths,2024-12-19,388,388
moneyflow_cnt_ths,2024-12-20,388,388
moneyflow_cnt_ths,2024-12-23,388,388
moneyflow_cnt_ths,2024-12-24,388,388
moneyflow_cnt_ths,2024-12-25,388,388
moneyflow_cnt_ths,2024-12-26,388,388
moneyflow_cnt_ths,2024-12-27,388,388
moneyflow_cnt_ths,2024-12-30,388,388
moneyflow_cnt_ths,2024-12-31,388,388
moneyflow_cnt_ths,2025-01-02,388,388
moneyflow_cnt_ths,2025-01-03,388,388
moneyflow_cnt_ths,2025-01-06,388,388
moneyflow_cnt_ths,2025-01-07,388,388
moneyflow_cnt_ths,2025-01-08,388,388
moneyflow_cnt_ths,2025-01-09,388,388
moneyflow_cnt_ths,2025-01-10,389,389
moneyflow_cnt_ths,2025-01-13,389,389
moneyflow_cnt_ths,2025-01-14,389,389
moneyflow_cnt_ths,2025-01-15,390,390
moneyflow_cnt_ths,2025-01-16,390,390
moneyflow_cnt_ths,2025-01-17,390,390
moneyflow_cnt_ths,2025-01-21,390,390
moneyflow_cnt_ths,2025-01-22,390,390
moneyflow_cnt_ths,2025-01-23,390,390
moneyflow_cnt_ths,2025-01-24,390,390
moneyflow_cnt_ths,2025-01-27,391,391
moneyflow_cnt_ths,2025-02-05,392,392
moneyflow_cnt_ths,2025-02-06,392,392
moneyflow_cnt_ths,2025-02-07,392,392
moneyflow_cnt_ths,2025-02-10,393,393
moneyflow_cnt_ths,2025-02-11,394,394
moneyflow_cnt_ths,2025-02-12,394,394
moneyflow_cnt_ths,2025-02-13,394,394
moneyflow_cnt_ths,2025-02-14,394,394
moneyflow_cnt_ths,2025-02-17,394,394
moneyflow_cnt_ths,2025-02-18,394,394
moneyflow_cnt_ths,2025-02-19,394,394
moneyflow_cnt_ths,2025-02-20,394,394
moneyflow_cnt_ths,2025-02-21,394,394
moneyflow_cnt_ths,2025-02-24,394,394
moneyflow_cnt_ths,2025-02-25,394,394
moneyflow_cnt_ths,2025-02-26,394,394
moneyflow_cnt_ths,2025-02-27,394,394
moneyflow_cnt_ths,2025-02-28,394,394
moneyflow_cnt_ths,2025-03-03,394,394
moneyflow_cnt_ths,2025-03-04,394,394
moneyflow_cnt_ths,2025-03-05,394,394
moneyflow_cnt_ths,2025-03-06,394,394
moneyflow_cnt_ths,2025-03-07,394,394
moneyflow_cnt_ths,2025-03-10,394,394
moneyflow_cnt_ths,2025-03-11,394,394
moneyflow_cnt_ths,2025-03-12,394,394
moneyflow_cnt_ths,2025-03-13,394,394
moneyflow_cnt_ths,2025-03-14,394,394
moneyflow_cnt_ths,2025-03-17,394,394
moneyflow_cnt_ths,2025-03-18,394,394
moneyflow_cnt_ths,2025-03-19,394,394
moneyflow_cnt_ths,2025-03-20,394,394
moneyflow_cnt_ths,2025-03-21,394,394
moneyflow_cnt_ths,2025-03-24,394,394
moneyflow_cnt_ths,2025-03-25,394,394
moneyflow_cnt_ths,2025-03-26,394,394
moneyflow_cnt_ths,2025-03-27,394,394
moneyflow_cnt_ths,2025-03-28,394,394
moneyflow_cnt_ths,2025-03-31,394,394
moneyflow_cnt_ths,2025-04-01,395,395
moneyflow_cnt_ths,2025-04-02,394,394
moneyflow_cnt_ths,2025-04-03,394,394
moneyflow_cnt_ths,2025-04-07,394,394
moneyflow_cnt_ths,2025-04-08,394,394
moneyflow_cnt_ths,2025-04-09,394,394
moneyflow_cnt_ths,2025-04-10,394,394
moneyflow_cnt_ths,2025-04-11,394,394
moneyflow_cnt_ths,2025-04-14,394,394
moneyflow_cnt_ths,2025-04-15,394,394
moneyflow_cnt_ths,2025-04-16,394,394
moneyflow_cnt_ths,2025-04-17,394,394
moneyflow_cnt_ths,2025-04-18,394,394
moneyflow_cnt_ths,2025-04-21,394,394
moneyflow_cnt_ths,2025-04-22,394,394
moneyflow_cnt_ths,2025-04-23,394,394
moneyflow_cnt_ths,2025-04-24,394,394
moneyflow_cnt_ths,2025-04-25,394,394
moneyflow_cnt_ths,2025-04-28,394,394
moneyflow_cnt_ths,2025-04-29,394,394
moneyflow_cnt_ths,2025-04-30,394,394
moneyflow_cnt_ths,2025-05-06,394,394
moneyflow_cnt_ths,2025-05-07,394,394
moneyflow_cnt_ths,2025-05-08,394,394
moneyflow_cnt_ths,2025-05-09,394,394
moneyflow_cnt_ths,2025-05-12,394,394
moneyflow_cnt_ths,2025-05-13,394,394
moneyflow_cnt_ths,2025-05-14,394,394
moneyflow_cnt_ths,2025-05-15,394,394
moneyflow_cnt_ths,2025-05-16,394,394
moneyflow_cnt_ths,2025-05-19,394,394
moneyflow_cnt_ths,2025-05-20,394,394
moneyflow_cnt_ths,2025-05-21,394,394
moneyflow_cnt_ths,2025-05-22,394,394
moneyflow_cnt_ths,2025-05-23,394,394
moneyflow_cnt_ths,2025-05-26,394,394
moneyflow_cnt_ths,2025-05-27,394,394
moneyflow_cnt_ths,2025-05-28,394,394
moneyflow_cnt_ths,2025-05-29,394,394
moneyflow_cnt_ths,2025-05-30,394,394
moneyflow_cnt_ths,2025-06-03,394,394
moneyflow_cnt_ths,2025-06-04,394,394
moneyflow_cnt_ths,2025-06-05,394,394
moneyflow_cnt_ths,2025-06-06,394,394
moneyflow_cnt_ths,2025-06-09,394,394
moneyflow_cnt_ths,2025-06-10,394,394
moneyflow_cnt_ths,2025-06-11,394,394
moneyflow_cnt_ths,2025-06-12,394,394
moneyflow_cnt_ths,2025-06-13,394,394
moneyflow_cnt_ths,2025-06-16,394,394
moneyflow_cnt_ths,2025-06-17,394,394
moneyflow_cnt_ths,2025-06-18,394,394
moneyflow_cnt_ths,2025-06-19,394,394
moneyflow_cnt_ths,2025-06-20,394,394
moneyflow_cnt_ths,2025-06-23,394,394
moneyflow_cnt_ths,2025-06-24,394,394
moneyflow_cnt_ths,2025-06-25,394,394
moneyflow_cnt_ths,2025-06-26,394,394
moneyflow_cnt_ths,2025-06-27,394,394
moneyflow_cnt_ths,2025-06-30,394,394
moneyflow_cnt_ths,2025-07-01,394,394
moneyflow_cnt_ths,2025-07-02,394,394
moneyflow_cnt_ths,2025-07-03,393,393
moneyflow_cnt_ths,2025-07-04,394,394
moneyflow_cnt_ths,2025-07-07,394,394
moneyflow_cnt_ths,2025-07-08,394,394
moneyflow_cnt_ths,2025-07-09,394,394
moneyflow_cnt_ths,2025-07-10,394,394
moneyflow_cnt_ths,2025-07-11,394,394
moneyflow_cnt_ths,2025-07-14,394,394
moneyflow_cnt_ths,2025-07-15,394,394
moneyflow_cnt_ths,2025-07-16,394,394
moneyflow_cnt_ths,2025-07-17,394,394
moneyflow_cnt_ths,2025-07-18,394,394
moneyflow_cnt_ths,2025-07-21,395,395
moneyflow_cnt_ths,2025-07-22,395,395
moneyflow_cnt_ths,2025-07-23,395,395
moneyflow_cnt_ths,2025-07-24,395,395
moneyflow_cnt_ths,2025-07-25,395,395
moneyflow_cnt_ths,2025-07-28,395,395
moneyflow_cnt_ths,2025-07-29,395,395
moneyflow_cnt_ths,2025-07-30,395,395
moneyflow_cnt_ths,2025-07-31,395,395
moneyflow_cnt_ths,2025-08-01,395,395
moneyflow_cnt_ths,2025-08-04,395,395
moneyflow_cnt_ths,2025-08-05,395,395
moneyflow_cnt_ths,2025-08-06,393,393
moneyflow_cnt_ths,2025-08-07,391,391
moneyflow_cnt_ths,2025-08-08,391,391
moneyflow_cnt_ths,2025-08-11,391,391
moneyflow_cnt_ths,2025-08-12,389,389
moneyflow_cnt_ths,2025-08-13,387,387
moneyflow_cnt_ths,2025-08-14,386,386
moneyflow_cnt_ths,2025-08-15,386,386
moneyflow_cnt_ths,2025-08-18,386,386
moneyflow_cnt_ths,2025-08-19,386,386
moneyflow_cnt_ths,2025-08-20,386,386
moneyflow_cnt_ths,2025-08-21,386,386
moneyflow_cnt_ths,2025-08-22,386,386
moneyflow_cnt_ths,2025-08-25,386,386
moneyflow_cnt_ths,2025-08-26,386,386
moneyflow_cnt_ths,2025-08-27,386,386
moneyflow_cnt_ths,2025-08-28,386,386
moneyflow_cnt_ths,2025-08-29,386,386
moneyflow_cnt_ths,2025-09-01,386,386
moneyflow_cnt_ths,2025-09-02,386,386
moneyflow_cnt_ths,2025-09-03,386,386
moneyflow_cnt_ths,2025-09-04,386,386
moneyflow_cnt_ths,2025-09-05,386,386
moneyflow_cnt_ths,2025-09-08,386,386
moneyflow_cnt_ths,2025-09-09,386,386
moneyflow_cnt_ths,2025-09-10,386,386
moneyflow_cnt_ths,2025-09-11,386,386
moneyflow_cnt_ths,2025-09-12,386,386
moneyflow_cnt_ths,2025-09-15,386,386
moneyflow_cnt_ths,2025-09-16,386,386
moneyflow_cnt_ths,2025-09-17,386,386
moneyflow_cnt_ths,2025-09-18,386,386
moneyflow_cnt_ths,2025-09-19,386,386
moneyflow_cnt_ths,2025-09-22,386,386
moneyflow_cnt_ths,2025-09-23,386,386
moneyflow_cnt_ths,2025-09-24,386,386
moneyflow_cnt_ths,2025-09-25,386,386
moneyflow_cnt_ths,2025-09-26,386,386
moneyflow_cnt_ths,2025-09-29,386,386
moneyflow_cnt_ths,2025-09-30,386,386
moneyflow_cnt_ths,2025-10-09,386,386
moneyflow_cnt_ths,2025-10-10,386,386
moneyflow_cnt_ths,2025-10-13,386,386
moneyflow_cnt_ths,2025-10-14,386,386
moneyflow_cnt_ths,2025-10-15,386,386
moneyflow_cnt_ths,2025-10-16,386,386
moneyflow_cnt_ths,2025-10-17,386,386
moneyflow_cnt_ths,2025-10-20,386,386
moneyflow_cnt_ths,2025-10-21,386,386
moneyflow_cnt_ths,2025-10-22,386,386
moneyflow_cnt_ths,2025-10-23,386,386
moneyflow_cnt_ths,2025-10-24,386,386
moneyflow_cnt_ths,2025-10-27,386,386
moneyflow_cnt_ths,2025-10-28,386,386
moneyflow_cnt_ths,2025-10-29,386,386
moneyflow_cnt_ths,2025-10-30,386,386
moneyflow_cnt_ths,2025-10-31,386,386
moneyflow_cnt_ths,2025-11-03,386,386
moneyflow_cnt_ths,2025-11-04,386,386
moneyflow_cnt_ths,2025-11-05,386,386
moneyflow_cnt_ths,2025-11-06,386,386
moneyflow_cnt_ths,2025-11-07,386,386
moneyflow_cnt_ths,2025-11-10,386,386
moneyflow_cnt_ths,2025-11-11,386,386
moneyflow_cnt_ths,2025-11-12,386,386
moneyflow_cnt_ths,2025-11-13,386,386
moneyflow_cnt_ths,2025-11-14,386,386
moneyflow_cnt_ths,2025-11-17,386,386
moneyflow_cnt_ths,2025-11-18,386,386
moneyflow_cnt_ths,2025-11-19,386,386
moneyflow_cnt_ths,2025-11-20,386,386
moneyflow_cnt_ths,2025-11-21,386,386
moneyflow_cnt_ths,2025-11-24,386,386
moneyflow_cnt_ths,2025-11-25,386,386
moneyflow_cnt_ths,2025-11-26,386,386
moneyflow_cnt_ths,2025-11-27,386,386
moneyflow_cnt_ths,2025-11-28,386,386
moneyflow_cnt_ths,2025-12-01,386,386
moneyflow_cnt_ths,2025-12-02,386,386
moneyflow_cnt_ths,2025-12-03,386,386
moneyflow_cnt_ths,2025-12-04,386,386
moneyflow_cnt_ths,2025-12-05,386,386
moneyflow_cnt_ths,2025-12-08,386,386
moneyflow_cnt_ths,2025-12-09,386,386
moneyflow_cnt_ths,2025-12-10,386,386
moneyflow_cnt_ths,2025-12-11,386,386
moneyflow_cnt_ths,2025-12-12,386,386
moneyflow_cnt_ths,2025-12-15,386,386
moneyflow_cnt_ths,2025-12-16,386,386
moneyflow_cnt_ths,2025-12-17,386,386
moneyflow_cnt_ths,2025-12-18,386,386
moneyflow_cnt_ths,2025-12-19,386,386
moneyflow_cnt_ths,2025-12-22,386,386
moneyflow_cnt_ths,2025-12-23,386,386
moneyflow_cnt_ths,2025-12-24,386,386
moneyflow_cnt_ths,2025-12-25,386,386
moneyflow_cnt_ths,2025-12-26,386,386
moneyflow_cnt_ths,2025-12-29,386,386
moneyflow_cnt_ths,2025-12-30,386,386
moneyflow_cnt_ths,2025-12-31,386,386
moneyflow_cnt_ths,2026-01-05,386,386
moneyflow_cnt_ths,2026-01-06,386,386
moneyflow_cnt_ths,2026-01-07,386,386
moneyflow_cnt_ths,2026-01-08,386,386
moneyflow_cnt_ths,2026-01-09,386,386
moneyflow_cnt_ths,2026-01-12,386,386
moneyflow_cnt_ths,2026-01-13,387,387
moneyflow_cnt_ths,2026-01-14,387,387
moneyflow_cnt_ths,2026-01-15,387,387
moneyflow_cnt_ths,2026-01-16,387,387
moneyflow_cnt_ths,2026-01-19,387,387
moneyflow_cnt_ths,2026-01-20,387,387
moneyflow_cnt_ths,2026-01-21,387,387
moneyflow_cnt_ths,2026-01-22,387,387
moneyflow_cnt_ths,2026-01-23,387,387
moneyflow_cnt_ths,2026-01-26,387,387
moneyflow_cnt_ths,2026-01-27,387,387
moneyflow_cnt_ths,2026-01-28,387,387
moneyflow_cnt_ths,2026-01-29,387,387
moneyflow_cnt_ths,2026-01-30,387,387
moneyflow_cnt_ths,2026-02-02,387,387
moneyflow_cnt_ths,2026-02-03,387,387
moneyflow_cnt_ths,2026-02-04,387,387
moneyflow_cnt_ths,2026-02-05,387,387
moneyflow_cnt_ths,2026-02-06,387,387
moneyflow_cnt_ths,2026-02-09,387,387
moneyflow_cnt_ths,2026-02-10,387,387
moneyflow_cnt_ths,2026-02-11,387,387
moneyflow_cnt_ths,2026-02-12,387,387
moneyflow_cnt_ths,2026-02-13,387,387
moneyflow_cnt_ths,2026-02-24,387,387
moneyflow_cnt_ths,2026-02-25,387,387
moneyflow_cnt_ths,2026-02-26,387,387
moneyflow_cnt_ths,2026-02-27,387,387
moneyflow_cnt_ths,2026-03-02,387,387
moneyflow_cnt_ths,2026-03-03,387,387
moneyflow_cnt_ths,2026-03-04,387,387
moneyflow_cnt_ths,2026-03-05,387,387
moneyflow_cnt_ths,2026-03-06,387,387
moneyflow_cnt_ths,2026-03-09,387,387
moneyflow_cnt_ths,2026-03-10,387,387
moneyflow_cnt_ths,2026-03-11,387,387
moneyflow_cnt_ths,2026-03-12,387,387
moneyflow_cnt_ths,2026-03-13,387,387
moneyflow_cnt_ths,2026-03-16,387,387
moneyflow_cnt_ths,2026-03-17,387,387
moneyflow_cnt_ths,2026-03-18,387,387
moneyflow_cnt_ths,2026-03-19,387,387
moneyflow_cnt_ths,2026-03-20,387,387
moneyflow_cnt_ths,2026-03-23,387,387
moneyflow_cnt_ths,2026-03-24,387,387
moneyflow_cnt_ths,2026-03-25,387,387
moneyflow_cnt_ths,2026-03-26,387,387
moneyflow_cnt_ths,2026-03-27,387,387
moneyflow_cnt_ths,2026-03-30,387,387
moneyflow_cnt_ths,2026-03-31,387,387
moneyflow_cnt_ths,2026-04-01,387,387
moneyflow_cnt_ths,2026-04-02,387,387
moneyflow_cnt_ths,2026-04-03,386,386
moneyflow_cnt_ths,2026-04-07,386,386
moneyflow_cnt_ths,2026-04-08,386,386
moneyflow_cnt_ths,2026-04-09,386,386
moneyflow_cnt_ths,2026-04-10,386,386
moneyflow_cnt_ths,2026-04-13,386,386
moneyflow_cnt_ths,2026-04-14,386,386
moneyflow_cnt_ths,2026-04-15,386,386
moneyflow_cnt_ths,2026-04-16,386,386
moneyflow_cnt_ths,2026-04-17,386,386
moneyflow_cnt_ths,2026-04-20,386,386
moneyflow_cnt_ths,2026-04-21,386,386
moneyflow_cnt_ths,2026-04-22,386,386
moneyflow_cnt_ths,2026-04-23,386,386
moneyflow_cnt_ths,2026-04-24,386,386
moneyflow_cnt_ths,2026-04-27,386,386
moneyflow_cnt_ths,2026-04-28,386,386
moneyflow_cnt_ths,2026-04-29,386,386
moneyflow_cnt_ths,2026-04-30,386,386
moneyflow_cnt_ths,2026-05-06,386,386
moneyflow_cnt_ths,2026-05-07,386,386
moneyflow_cnt_ths,2026-05-08,386,386
moneyflow_cnt_ths,2026-05-11,386,386
moneyflow_cnt_ths,2026-05-12,386,386
moneyflow_cnt_ths,2026-05-13,387,387
moneyflow_cnt_ths,2026-05-14,387,387
moneyflow_cnt_ths,2026-05-15,387,387
moneyflow_cnt_ths,2026-05-18,387,387
moneyflow_cnt_ths,2026-05-19,387,387
moneyflow_cnt_ths,2026-05-20,386,386
moneyflow_cnt_ths,2026-05-21,386,386
moneyflow_cnt_ths,2026-05-22,386,386
moneyflow_cnt_ths,2026-05-25,386,386
moneyflow_cnt_ths,2026-05-26,386,386
moneyflow_cnt_ths,2026-05-27,386,386
moneyflow_cnt_ths,2026-05-28,385,385
moneyflow_cnt_ths,2026-05-29,385,385
moneyflow_cnt_ths,2026-06-01,385,385
moneyflow_cnt_ths,2026-06-02,385,385
moneyflow_cnt_ths,2026-06-03,385,385
moneyflow_cnt_ths,2026-06-04,385,385
moneyflow_cnt_ths,2026-06-05,385,385
moneyflow_cnt_ths,2026-06-08,385,385
moneyflow_cnt_ths,2026-06-09,383,383
moneyflow_cnt_ths,2026-06-10,383,383
moneyflow_cnt_ths,2026-06-11,383,383
moneyflow_cnt_ths,2026-06-12,383,383
moneyflow_cnt_ths,2026-06-15,383,383
moneyflow_cnt_ths,2026-06-16,383,383
moneyflow_cnt_ths,2026-06-17,383,383
moneyflow_cnt_ths,2026-06-18,383,383
moneyflow_cnt_ths,2026-06-22,383,383
moneyflow_cnt_ths,2026-06-23,383,383
moneyflow_cnt_ths,2026-06-24,383,383
moneyflow_cnt_ths,2026-06-25,383,383
moneyflow_cnt_ths,2026-06-26,383,383
moneyflow_cnt_ths,2026-06-29,383,383
moneyflow_cnt_ths,2026-06-30,383,383
moneyflow_cnt_ths,2026-07-01,382,382
moneyflow_cnt_ths,2026-07-02,382,382
moneyflow_cnt_ths,2026-07-03,382,382
moneyflow_cnt_ths,2026-07-06,382,382
moneyflow_cnt_ths,2026-07-07,382,382
moneyflow_cnt_ths,2026-07-08,382,382
moneyflow_cnt_ths,2026-07-10,382,382
moneyflow_cnt_ths,2026-07-13,382,382
moneyflow_cnt_ths,2026-07-14,382,382
moneyflow_cnt_ths,2026-07-15,382,382
moneyflow_cnt_ths,2026-07-16,382,382
moneyflow_cnt_ths,2026-07-17,382,382
moneyflow_cnt_ths,2026-07-20,382,382
moneyflow_cnt_ths,2026-07-21,382,382
moneyflow_cnt_ths,2026-07-22,386,386
moneyflow_cnt_ths,2026-07-23,386,386
moneyflow_cnt_ths,2026-07-24,386,386
moneyflow_cnt_ths,2026-07-27,386,386
moneyflow_cnt_ths,2026-07-28,386,386
moneyflow_cnt_ths,2026-07-29,386,386
moneyflow_cnt_ths,2026-07-30,386,386
moneyflow_cnt_ths,2026-07-31,386,386
moneyflow_cnt_ths,2026-08-03,386,386
moneyflow_cnt_ths,2026-08-04,386,386
moneyflow_cnt_ths,2026-08-05,385,385
moneyflow_cnt_ths,2026-08-06,385,385
moneyflow_cnt_ths,2026-08-07,379,379
moneyflow_cnt_ths,2026-08-10,379,379
moneyflow_cnt_ths,2026-08-11,379,379
moneyflow_cnt_ths,2026-08-12,387,387
moneyflow_cnt_ths,2026-08-13,387,387
moneyflow_cnt_ths,2026-08-14,387,387
moneyflow_cnt_ths,2026-08-17,387,387
moneyflow_cnt_ths,2026-08-18,387,387
moneyflow_cnt_ths,2026-08-19,387,387
moneyflow_cnt_ths,2026-08-20,387,387
moneyflow_cnt_ths,2026-08-21,387,387
moneyflow_cnt_ths,2026-08-24,387,387
moneyflow_cnt_ths,2026-08-25,387,387
moneyflow_cnt_ths,2026-08-26,387,387
moneyflow_cnt_ths,2026-08-27,387,387
moneyflow_cnt_ths,2026-08-28,387,387
moneyflow_cnt_ths,2026-08-31,387,387
moneyflow_cnt_ths,2026-09-01,387,387
moneyflow_cnt_ths,2026-09-02,387,387
moneyflow_cnt_ths,2026-09-03,387,387
moneyflow_cnt_ths,2026-09-04,387,387
moneyflow_cnt_ths,2026-09-07,387,387
moneyflow_cnt_ths,2026-09-08,387,387
moneyflow_cnt_ths,2026-09-09,387,387
moneyflow_cnt_ths,2026-09-10,387,387
moneyflow_cnt_ths,2026-09-11,387,387
moneyflow_cnt_ths,2026-09-14,387,387
moneyflow_cnt_ths,2026-09-15,387,387
moneyflow_cnt_ths,2026-09-16,387,387
moneyflow_cnt_ths,2026-09-17,387,387
moneyflow_cnt_ths,2026-09-18,387,387
moneyflow_cnt_ths,2026-09-21,387,387
moneyflow_cnt_ths,2026-09-22,387,387
moneyflow_cnt_ths,2026-09-23,387,387
moneyflow_cnt_ths,2026-09-24,387,387
moneyflow_cnt_ths,2026-09-28,387,387
moneyflow_cnt_ths,2026-09-29,387,387
moneyflow_cnt_ths,2026-09-30,387,387
moneyflow_mkt_dc,2023-04-17,1,1
moneyflow_mkt_dc,2023-04-18,1,1
moneyflow_mkt_dc,2023-04-19,1,1
moneyflow_mkt_dc,2023-04-20,1,1
moneyflow_mkt_dc,2023-04-21,1,1
moneyflow_mkt_dc,2023-04-24,1,1
moneyflow_mkt_dc,2023-04-25,1,1
moneyflow_mkt_dc,2023-04-26,1,1
moneyflow_mkt_dc,2023-04-27,1,1
moneyflow_mkt_dc,2023-04-28,1,1
moneyflow_mkt_dc,2023-05-04,1,1
moneyflow_mkt_dc,2023-05-05,1,1
moneyflow_mkt_dc,2023-05-08,1,1
moneyflow_mkt_dc,2023-05-09,1,1
moneyflow_mkt_dc,2023-05-10,1,1
moneyflow_mkt_dc,2023-05-11,1,1
moneyflow_mkt_dc,2023-05-12,1,1
moneyflow_mkt_dc,2023-05-15,1,1
moneyflow_mkt_dc,2023-05-16,1,1
moneyflow_mkt_dc,2023-05-17,1,1
moneyflow_mkt_dc,2023-05-18,1,1
moneyflow_mkt_dc,2023-05-19,1,1
moneyflow_mkt_dc,2023-05-22,1,1
moneyflow_mkt_dc,2023-05-23,1,1
moneyflow_mkt_dc,2023-05-24,1,1
moneyflow_mkt_dc,2023-05-25,1,1
moneyflow_mkt_dc,2023-05-26,1,1
moneyflow_mkt_dc,2023-05-29,1,1
moneyflow_mkt_dc,2023-05-30,1,1
moneyflow_mkt_dc,2023-05-31,1,1
moneyflow_mkt_dc,2023-06-01,1,1
moneyflow_mkt_dc,2023-06-02,1,1
moneyflow_mkt_dc,2023-06-05,1,1
moneyflow_mkt_dc,2023-06-06,1,1
moneyflow_mkt_dc,2023-06-07,1,1
moneyflow_mkt_dc,2023-06-08,1,1
moneyflow_mkt_dc,2023-06-09,1,1
moneyflow_mkt_dc,2023-06-12,1,1
moneyflow_mkt_dc,2023-06-13,1,1
moneyflow_mkt_dc,2023-06-14,1,1
moneyflow_mkt_dc,2023-06-15,1,1
moneyflow_mkt_dc,2023-06-16,1,1
moneyflow_mkt_dc,2023-06-19,1,1
moneyflow_mkt_dc,2023-06-20,1,1
moneyflow_mkt_dc,2023-06-21,1,1
moneyflow_mkt_dc,2023-06-26,1,1
moneyflow_mkt_dc,2023-06-27,1,1
moneyflow_mkt_dc,2023-06-28,1,1
moneyflow_mkt_dc,2023-06-29,1,1
moneyflow_mkt_dc,2023-06-30,1,1
moneyflow_mkt_dc,2023-07-03,1,1
moneyflow_mkt_dc,2023-07-04,1,1
moneyflow_mkt_dc,2023-07-05,1,1
moneyflow_mkt_dc,2023-07-06,1,1
moneyflow_mkt_dc,2023-07-07,1,1
moneyflow_mkt_dc,2023-07-10,1,1
moneyflow_mkt_dc,2023-07-11,1,1
moneyflow_mkt_dc,2023-07-12,1,1
moneyflow_mkt_dc,2023-07-13,1,1
moneyflow_mkt_dc,2023-07-14,1,1
moneyflow_mkt_dc,2023-07-17,1,1
moneyflow_mkt_dc,2023-07-18,1,1
moneyflow_mkt_dc,2023-07-19,1,1
moneyflow_mkt_dc,2023-07-20,1,1
moneyflow_mkt_dc,2023-07-21,1,1
moneyflow_mkt_dc,2023-07-24,1,1
moneyflow_mkt_dc,2023-07-25,1,1
moneyflow_mkt_dc,2023-07-26,1,1
moneyflow_mkt_dc,2023-07-27,1,1
moneyflow_mkt_dc,2023-07-28,1,1
moneyflow_mkt_dc,2023-07-31,1,1
moneyflow_mkt_dc,2023-08-01,1,1
moneyflow_mkt_dc,2023-08-02,1,1
moneyflow_mkt_dc,2023-08-03,1,1
moneyflow_mkt_dc,2023-08-04,1,1
moneyflow_mkt_dc,2023-08-07,1,1
moneyflow_mkt_dc,2023-08-08,1,1
moneyflow_mkt_dc,2023-08-09,1,1
moneyflow_mkt_dc,2023-08-10,1,1
moneyflow_mkt_dc,2023-08-11,1,1
moneyflow_mkt_dc,2023-08-14,1,1
moneyflow_mkt_dc,2023-08-15,1,1
moneyflow_mkt_dc,2023-08-16,1,1
moneyflow_mkt_dc,2023-08-17,1,1
moneyflow_mkt_dc,2023-08-18,1,1
moneyflow_mkt_dc,2023-08-21,1,1
moneyflow_mkt_dc,2023-08-22,1,1
moneyflow_mkt_dc,2023-08-23,1,1
moneyflow_mkt_dc,2023-08-24,1,1
moneyflow_mkt_dc,2023-08-25,1,1
moneyflow_mkt_dc,2023-08-28,1,1
moneyflow_mkt_dc,2023-08-29,1,1
moneyflow_mkt_dc,2023-08-30,1,1
moneyflow_mkt_dc,2023-08-31,1,1
moneyflow_mkt_dc,2023-09-01,1,1
moneyflow_mkt_dc,2023-09-04,1,1
moneyflow_mkt_dc,2023-09-05,1,1
moneyflow_mkt_dc,2023-09-06,1,1
moneyflow_mkt_dc,2023-09-07,1,1
moneyflow_mkt_dc,2023-09-08,1,1
moneyflow_mkt_dc,2023-09-11,1,1
moneyflow_mkt_dc,2023-09-12,1,1
moneyflow_mkt_dc,2023-09-13,1,1
moneyflow_mkt_dc,2023-09-14,1,1
moneyflow_mkt_dc,2023-09-15,1,1
moneyflow_mkt_dc,2023-09-18,1,1
moneyflow_mkt_dc,2023-09-19,1,1
moneyflow_mkt_dc,2023-09-20,1,1
moneyflow_mkt_dc,2023-09-21,1,1
moneyflow_mkt_dc,2023-09-22,1,1
moneyflow_mkt_dc,2023-09-25,1,1
moneyflow_mkt_dc,2023-09-26,1,1
moneyflow_mkt_dc,2023-09-27,1,1
moneyflow_mkt_dc,2023-09-28,1,1
moneyflow_mkt_dc,2023-10-09,1,1
moneyflow_mkt_dc,2023-10-10,1,1
moneyflow_mkt_dc,2023-10-11,1,1
moneyflow_mkt_dc,2023-10-12,1,1
moneyflow_mkt_dc,2023-10-13,1,1
moneyflow_mkt_dc,2023-10-16,1,1
moneyflow_mkt_dc,2023-10-17,1,1
moneyflow_mkt_dc,2023-10-18,1,1
moneyflow_mkt_dc,2023-10-19,1,1
moneyflow_mkt_dc,2023-10-20,1,1
moneyflow_mkt_dc,2023-10-23,1,1
moneyflow_mkt_dc,2023-10-24,1,1
moneyflow_mkt_dc,2023-10-25,1,1
moneyflow_mkt_dc,2023-10-26,1,1
moneyflow_mkt_dc,2023-10-27,1,1
moneyflow_mkt_dc,2023-10-30,1,1
moneyflow_mkt_dc,2023-10-31,1,1
moneyflow_mkt_dc,2023-11-01,1,1
moneyflow_mkt_dc,2023-11-02,1,1
moneyflow_mkt_dc,2023-11-03,1,1
moneyflow_mkt_dc,2023-11-06,1,1
moneyflow_mkt_dc,2023-11-07,1,1
moneyflow_mkt_dc,2023-11-08,1,1
moneyflow_mkt_dc,2023-11-09,1,1
moneyflow_mkt_dc,2023-11-10,1,1
moneyflow_mkt_dc,2023-11-13,1,1
moneyflow_mkt_dc,2023-11-14,1,1
moneyflow_mkt_dc,2023-11-15,1,1
moneyflow_mkt_dc,2023-11-16,1,1
moneyflow_mkt_dc,2023-11-17,1,1
moneyflow_mkt_dc,2023-11-20,1,1
moneyflow_mkt_dc,2023-11-21,1,1
moneyflow_mkt_dc,2023-11-22,1,1
moneyflow_mkt_dc,2023-11-23,1,1
moneyflow_mkt_dc,2023-11-24,1,1
moneyflow_mkt_dc,2023-11-27,1,1
moneyflow_mkt_dc,2023-11-28,1,1
moneyflow_mkt_dc,2023-11-29,1,1
moneyflow_mkt_dc,2023-11-30,1,1
moneyflow_mkt_dc,2023-12-01,1,1
moneyflow_mkt_dc,2023-12-04,1,1
moneyflow_mkt_dc,2023-12-05,1,1
moneyflow_mkt_dc,2023-12-06,1,1
moneyflow_mkt_dc,2023-12-07,1,1
moneyflow_mkt_dc,2023-12-08,1,1
moneyflow_mkt_dc,2023-12-11,1,1
moneyflow_mkt_dc,2023-12-12,1,1
moneyflow_mkt_dc,2023-12-13,1,1
moneyflow_mkt_dc,2023-12-14,1,1
moneyflow_mkt_dc,2023-12-15,1,1
moneyflow_mkt_dc,2023-12-18,1,1
moneyflow_mkt_dc,2023-12-19,1,1
moneyflow_mkt_dc,2023-12-20,1,1
moneyflow_mkt_dc,2023-12-21,1,1
moneyflow_mkt_dc,2023-12-22,1,1
moneyflow_mkt_dc,2023-12-25,1,1
moneyflow_mkt_dc,2023-12-26,1,1
moneyflow_mkt_dc,2023-12-27,1,1
moneyflow_mkt_dc,2023-12-28,1,1
moneyflow_mkt_dc,2023-12-29,1,1
moneyflow_mkt_dc,2024-01-02,1,1
moneyflow_mkt_dc,2024-01-03,1,1
moneyflow_mkt_dc,2024-01-04,1,1
moneyflow_mkt_dc,2024-01-05,1,1
moneyflow_mkt_dc,2024-01-08,1,1
moneyflow_mkt_dc,2024-01-09,1,1
moneyflow_mkt_dc,2024-01-10,1,1
moneyflow_mkt_dc,2024-01-11,1,1
moneyflow_mkt_dc,2024-01-12,1,1
moneyflow_mkt_dc,2024-01-15,1,1
moneyflow_mkt_dc,2024-01-16,1,1
moneyflow_mkt_dc,2024-01-17,1,1
moneyflow_mkt_dc,2024-01-18,1,1
moneyflow_mkt_dc,2024-01-19,1,1
moneyflow_mkt_dc,2024-01-22,1,1
moneyflow_mkt_dc,2024-01-23,1,1
moneyflow_mkt_dc,2024-01-24,1,1
moneyflow_mkt_dc,2024-01-25,1,1
moneyflow_mkt_dc,2024-01-26,1,1
moneyflow_mkt_dc,2024-01-29,1,1
moneyflow_mkt_dc,2024-01-30,1,1
moneyflow_mkt_dc,2024-01-31,1,1
moneyflow_mkt_dc,2024-02-01,1,1
moneyflow_mkt_dc,2024-02-02,1,1
moneyflow_mkt_dc,2024-02-05,1,1
moneyflow_mkt_dc,2024-02-06,1,1
moneyflow_mkt_dc,2024-02-07,1,1
moneyflow_mkt_dc,2024-02-08,1,1
moneyflow_mkt_dc,2024-02-19,1,1
moneyflow_mkt_dc,2024-02-20,1,1
moneyflow_mkt_dc,2024-02-21,1,1
moneyflow_mkt_dc,2024-02-22,1,1
moneyflow_mkt_dc,2024-02-23,1,1
moneyflow_mkt_dc,2024-02-26,1,1
moneyflow_mkt_dc,2024-02-27,1,1
moneyflow_mkt_dc,2024-02-28,1,1
moneyflow_mkt_dc,2024-02-29,1,1
moneyflow_mkt_dc,2024-03-01,1,1
moneyflow_mkt_dc,2024-03-04,1,1
moneyflow_mkt_dc,2024-03-05,1,1
moneyflow_mkt_dc,2024-03-06,1,1
moneyflow_mkt_dc,2024-03-07,1,1
moneyflow_mkt_dc,2024-03-08,1,1
moneyflow_mkt_dc,2024-03-11,1,1
moneyflow_mkt_dc,2024-03-12,1,1
moneyflow_mkt_dc,2024-03-13,1,1
moneyflow_mkt_dc,2024-03-14,1,1
moneyflow_mkt_dc,2024-03-15,1,1
moneyflow_mkt_dc,2024-03-18,1,1
moneyflow_mkt_dc,2024-03-19,1,1
moneyflow_mkt_dc,2024-03-20,1,1
moneyflow_mkt_dc,2024-03-21,1,1
moneyflow_mkt_dc,2024-03-22,1,1
moneyflow_mkt_dc,2024-03-25,1,1
moneyflow_mkt_dc,2024-03-26,1,1
moneyflow_mkt_dc,2024-03-27,1,1
moneyflow_mkt_dc,2024-03-28,1,1
moneyflow_mkt_dc,2024-03-29,1,1
moneyflow_mkt_dc,2024-04-01,1,1
moneyflow_mkt_dc,2024-04-02,1,1
moneyflow_mkt_dc,2024-04-03,1,1
moneyflow_mkt_dc,2024-04-08,1,1
moneyflow_mkt_dc,2024-04-09,1,1
moneyflow_mkt_dc,2024-04-10,1,1
moneyflow_mkt_dc,2024-04-11,1,1
moneyflow_mkt_dc,2024-04-12,1,1
moneyflow_mkt_dc,2024-04-15,1,1
moneyflow_mkt_dc,2024-04-16,1,1
moneyflow_mkt_dc,2024-04-17,1,1
moneyflow_mkt_dc,2024-04-18,1,1
moneyflow_mkt_dc,2024-04-19,1,1
moneyflow_mkt_dc,2024-04-22,1,1
moneyflow_mkt_dc,2024-04-23,1,1
moneyflow_mkt_dc,2024-04-24,1,1
moneyflow_mkt_dc,2024-04-25,1,1
moneyflow_mkt_dc,2024-04-26,1,1
moneyflow_mkt_dc,2024-04-29,1,1
moneyflow_mkt_dc,2024-04-30,1,1
moneyflow_mkt_dc,2024-05-06,1,1
moneyflow_mkt_dc,2024-05-07,1,1
moneyflow_mkt_dc,2024-05-08,1,1
moneyflow_mkt_dc,2024-05-09,1,1
moneyflow_mkt_dc,2024-05-10,1,1
moneyflow_mkt_dc,2024-05-13,1,1
moneyflow_mkt_dc,2024-05-14,1,1
moneyflow_mkt_dc,2024-05-15,1,1
moneyflow_mkt_dc,2024-05-16,1,1
moneyflow_mkt_dc,2024-05-17,1,1
moneyflow_mkt_dc,2024-05-20,1,1
moneyflow_mkt_dc,2024-05-21,1,1
moneyflow_mkt_dc,2024-05-22,1,1
moneyflow_mkt_dc,2024-05-23,1,1
moneyflow_mkt_dc,2024-05-24,1,1
moneyflow_mkt_dc,2024-05-27,1,1
moneyflow_mkt_dc,2024-05-28,1,1
moneyflow_mkt_dc,2024-05-29,1,1
moneyflow_mkt_dc,2024-05-30,1,1
moneyflow_mkt_dc,2024-05-31,1,1
moneyflow_mkt_dc,2024-06-03,1,1
moneyflow_mkt_dc,2024-06-04,1,1
moneyflow_mkt_dc,2024-06-05,1,1
moneyflow_mkt_dc,2024-06-06,1,1
moneyflow_mkt_dc,2024-06-07,1,1
moneyflow_mkt_dc,2024-06-11,1,1
moneyflow_mkt_dc,2024-06-12,1,1
moneyflow_mkt_dc,2024-06-13,1,1
moneyflow_mkt_dc,2024-06-14,1,1
moneyflow_mkt_dc,2024-06-17,1,1
moneyflow_mkt_dc,2024-06-18,1,1
moneyflow_mkt_dc,2024-06-19,1,1
moneyflow_mkt_dc,2024-06-20,1,1
moneyflow_mkt_dc,2024-06-21,1,1
moneyflow_mkt_dc,2024-06-24,1,1
moneyflow_mkt_dc,2024-06-25,1,1
moneyflow_mkt_dc,2024-06-26,1,1
moneyflow_mkt_dc,2024-06-27,1,1
moneyflow_mkt_dc,2024-06-28,1,1
moneyflow_mkt_dc,2024-07-01,1,1
moneyflow_mkt_dc,2024-07-02,1,1
moneyflow_mkt_dc,2024-07-03,1,1
moneyflow_mkt_dc,2024-07-04,1,1
moneyflow_mkt_dc,2024-07-05,1,1
moneyflow_mkt_dc,2024-07-08,1,1
moneyflow_mkt_dc,2024-07-09,1,1
moneyflow_mkt_dc,2024-07-10,1,1
moneyflow_mkt_dc,2024-07-11,1,1
moneyflow_mkt_dc,2024-07-12,1,1
moneyflow_mkt_dc,2024-07-15,1,1
moneyflow_mkt_dc,2024-07-16,1,1
moneyflow_mkt_dc,2024-07-17,1,1
moneyflow_mkt_dc,2024-07-18,1,1
moneyflow_mkt_dc,2024-07-19,1,1
moneyflow_mkt_dc,2024-07-22,1,1
moneyflow_mkt_dc,2024-07-23,1,1
moneyflow_mkt_dc,2024-07-24,1,1
moneyflow_mkt_dc,2024-07-25,1,1
moneyflow_mkt_dc,2024-07-26,1,1
moneyflow_mkt_dc,2024-07-29,1,1
moneyflow_mkt_dc,2024-07-30,1,1
moneyflow_mkt_dc,2024-07-31,1,1
moneyflow_mkt_dc,2024-08-01,1,1
moneyflow_mkt_dc,2024-08-02,1,1
moneyflow_mkt_dc,2024-08-05,1,1
moneyflow_mkt_dc,2024-08-06,1,1
moneyflow_mkt_dc,2024-08-07,1,1
moneyflow_mkt_dc,2024-08-08,1,1
moneyflow_mkt_dc,2024-08-09,1,1
moneyflow_mkt_dc,2024-08-12,1,1
moneyflow_mkt_dc,2024-08-13,1,1
moneyflow_mkt_dc,2024-08-14,1,1
moneyflow_mkt_dc,2024-08-15,1,1
moneyflow_mkt_dc,2024-08-16,1,1
moneyflow_mkt_dc,2024-08-19,1,1
moneyflow_mkt_dc,2024-08-20,1,1
moneyflow_mkt_dc,2024-08-21,1,1
moneyflow_mkt_dc,2024-08-22,1,1
moneyflow_mkt_dc,2024-08-23,1,1
moneyflow_mkt_dc,2024-08-26,1,1
moneyflow_mkt_dc,2024-08-27,1,1
moneyflow_mkt_dc,2024-08-28,1,1
moneyflow_mkt_dc,2024-08-29,1,1
moneyflow_mkt_dc,2024-08-30,1,1
moneyflow_mkt_dc,2024-09-02,1,1
moneyflow_mkt_dc,2024-09-03,1,1
moneyflow_mkt_dc,2024-09-04,1,1
moneyflow_mkt_dc,2024-09-05,1,1
moneyflow_mkt_dc,2024-09-06,1,1
moneyflow_mkt_dc,2024-09-09,1,1
moneyflow_mkt_dc,2024-09-10,1,1
moneyflow_mkt_dc,2024-09-11,1,1
moneyflow_mkt_dc,2024-09-12,1,1
moneyflow_mkt_dc,2024-09-13,1,1
moneyflow_mkt_dc,2024-09-18,1,1
moneyflow_mkt_dc,2024-09-19,1,1
moneyflow_mkt_dc,2024-09-20,1,1
moneyflow_mkt_dc,2024-09-23,1,1
moneyflow_mkt_dc,2024-09-24,1,1
moneyflow_mkt_dc,2024-09-25,1,1
moneyflow_mkt_dc,2024-09-26,1,1
moneyflow_mkt_dc,2024-09-27,1,1
moneyflow_mkt_dc,2024-09-30,1,1
moneyflow_mkt_dc,2024-10-08,1,1
moneyflow_mkt_dc,2024-10-09,1,1
moneyflow_mkt_dc,2024-10-10,1,1
moneyflow_mkt_dc,2024-10-11,1,1
moneyflow_mkt_dc,2024-10-14,1,1
moneyflow_mkt_dc,2024-10-15,1,1
moneyflow_mkt_dc,2024-10-16,1,1
moneyflow_mkt_dc,2024-10-17,1,1
moneyflow_mkt_dc,2024-10-18,1,1
moneyflow_mkt_dc,2024-10-21,1,1
moneyflow_mkt_dc,2024-10-22,1,1
moneyflow_mkt_dc,2024-10-23,1,1
moneyflow_mkt_dc,2024-10-24,1,1
moneyflow_mkt_dc,2024-10-25,1,1
moneyflow_mkt_dc,2024-10-28,1,1
moneyflow_mkt_dc,2024-10-29,1,1
moneyflow_mkt_dc,2024-10-30,1,1
moneyflow_mkt_dc,2024-10-31,1,1
moneyflow_mkt_dc,2024-11-01,1,1
moneyflow_mkt_dc,2024-11-04,1,1
moneyflow_mkt_dc,2024-11-05,1,1
moneyflow_mkt_dc,2024-11-06,1,1
moneyflow_mkt_dc,2024-11-07,1,1
moneyflow_mkt_dc,2024-11-08,1,1
moneyflow_mkt_dc,2024-11-11,1,1
moneyflow_mkt_dc,2024-11-12,1,1
moneyflow_mkt_dc,2024-11-13,1,1
moneyflow_mkt_dc,2024-11-14,1,1
moneyflow_mkt_dc,2024-11-15,1,1
moneyflow_mkt_dc,2024-11-18,1,1
moneyflow_mkt_dc,2024-11-19,1,1
moneyflow_mkt_dc,2024-11-20,1,1
moneyflow_mkt_dc,2024-11-21,1,1
moneyflow_mkt_dc,2024-11-22,1,1
moneyflow_mkt_dc,2024-11-25,1,1
moneyflow_mkt_dc,2024-11-26,1,1
moneyflow_mkt_dc,2024-11-27,1,1
moneyflow_mkt_dc,2024-11-28,1,1
moneyflow_mkt_dc,2024-11-29,1,1
moneyflow_mkt_dc,2024-12-02,1,1
moneyflow_mkt_dc,2024-12-03,1,1
moneyflow_mkt_dc,2024-12-04,1,1
moneyflow_mkt_dc,2024-12-05,1,1
moneyflow_mkt_dc,2024-12-06,1,1
moneyflow_mkt_dc,2024-12-09,1,1
moneyflow_mkt_dc,2024-12-10,1,1
moneyflow_mkt_dc,2024-12-11,1,1
moneyflow_mkt_dc,2024-12-12,1,1
moneyflow_mkt_dc,2024-12-13,1,1
moneyflow_mkt_dc,2024-12-16,1,1
moneyflow_mkt_dc,2024-12-17,1,1
moneyflow_mkt_dc,2024-12-18,1,1
moneyflow_mkt_dc,2024-12-19,1,1
moneyflow_mkt_dc,2024-12-20,1,1
moneyflow_mkt_dc,2024-12-23,1,1
moneyflow_mkt_dc,2024-12-24,1,1
moneyflow_mkt_dc,2024-12-25,1,1
moneyflow_mkt_dc,2024-12-26,1,1
moneyflow_mkt_dc,2024-12-27,1,1
moneyflow_mkt_dc,2024-12-30,1,1
moneyflow_mkt_dc,2024-12-31,1,1
moneyflow_mkt_dc,2025-01-02,1,1
moneyflow_mkt_dc,2025-01-03,1,1
moneyflow_mkt_dc,2025-01-06,1,1
moneyflow_mkt_dc,2025-01-07,1,1
moneyflow_mkt_dc,2025-01-08,1,1
moneyflow_mkt_dc,2025-01-09,1,1
moneyflow_mkt_dc,2025-01-10,1,1
moneyflow_mkt_dc,2025-01-13,1,1
moneyflow_mkt_dc,2025-01-14,1,1
moneyflow_mkt_dc,2025-01-15,1,1
moneyflow_mkt_dc,2025-01-16,1,1
moneyflow_mkt_dc,2025-01-17,1,1
moneyflow_mkt_dc,2025-01-20,1,1
moneyflow_mkt_dc,2025-01-21,1,1
moneyflow_mkt_dc,2025-01-22,1,1
moneyflow_mkt_dc,2025-01-23,1,1
moneyflow_mkt_dc,2025-01-24,1,1
moneyflow_mkt_dc,2025-01-27,1,1
moneyflow_mkt_dc,2025-02-05,1,1
moneyflow_mkt_dc,2025-02-06,1,1
moneyflow_mkt_dc,2025-02-07,1,1
moneyflow_mkt_dc,2025-02-10,1,1
moneyflow_mkt_dc,2025-02-11,1,1
moneyflow_mkt_dc,2025-02-12,1,1
moneyflow_mkt_dc,2025-02-13,1,1
moneyflow_mkt_dc,2025-02-14,1,1
moneyflow_mkt_dc,2025-02-17,1,1
moneyflow_mkt_dc,2025-02-18,1,1
moneyflow_mkt_dc,2025-02-19,1,1
moneyflow_mkt_dc,2025-02-20,1,1
moneyflow_mkt_dc,2025-02-21,1,1
moneyflow_mkt_dc,2025-02-24,1,1
moneyflow_mkt_dc,2025-02-25,1,1
moneyflow_mkt_dc,2025-02-26,1,1
moneyflow_mkt_dc,2025-02-27,1,1
moneyflow_mkt_dc,2025-02-28,1,1
moneyflow_mkt_dc,2025-03-03,1,1
moneyflow_mkt_dc,2025-03-04,1,1
moneyflow_mkt_dc,2025-03-05,1,1
moneyflow_mkt_dc,2025-03-06,1,1
moneyflow_mkt_dc,2025-03-07,1,1
moneyflow_mkt_dc,2025-03-10,1,1
moneyflow_mkt_dc,2025-03-11,1,1
moneyflow_mkt_dc,2025-03-12,1,1
moneyflow_mkt_dc,2025-03-13,1,1
moneyflow_mkt_dc,2025-03-14,1,1
moneyflow_mkt_dc,2025-03-17,1,1
moneyflow_mkt_dc,2025-03-18,1,1
moneyflow_mkt_dc,2025-03-19,1,1
moneyflow_mkt_dc,2025-03-20,1,1
moneyflow_mkt_dc,2025-03-21,1,1
moneyflow_mkt_dc,2025-03-24,1,1
moneyflow_mkt_dc,2025-03-25,1,1
moneyflow_mkt_dc,2025-03-26,1,1
moneyflow_mkt_dc,2025-03-27,1,1
moneyflow_mkt_dc,2025-03-28,1,1
moneyflow_mkt_dc,2025-03-31,1,1
moneyflow_mkt_dc,2025-04-01,1,1
moneyflow_mkt_dc,2025-04-02,1,1
moneyflow_mkt_dc,2025-04-03,1,1
moneyflow_mkt_dc,2025-04-07,1,1
moneyflow_mkt_dc,2025-04-08,1,1
moneyflow_mkt_dc,2025-04-09,1,1
moneyflow_mkt_dc,2025-04-10,1,1
moneyflow_mkt_dc,2025-04-11,1,1
moneyflow_mkt_dc,2025-04-14,1,1
moneyflow_mkt_dc,2025-04-15,1,1
moneyflow_mkt_dc,2025-04-16,1,1
moneyflow_mkt_dc,2025-04-17,1,1
moneyflow_mkt_dc,2025-04-18,1,1
moneyflow_mkt_dc,2025-04-21,1,1
moneyflow_mkt_dc,2025-04-22,1,1
moneyflow_mkt_dc,2025-04-23,1,1
moneyflow_mkt_dc,2025-04-24,1,1
moneyflow_mkt_dc,2025-04-25,1,1
moneyflow_mkt_dc,2025-04-28,1,1
moneyflow_mkt_dc,2025-04-29,1,1
moneyflow_mkt_dc,2025-04-30,1,1
moneyflow_mkt_dc,2025-05-06,1,1
moneyflow_mkt_dc,2025-05-07,1,1
moneyflow_mkt_dc,2025-05-08,1,1
moneyflow_mkt_dc,2025-05-09,1,1
moneyflow_mkt_dc,2025-05-12,1,1
moneyflow_mkt_dc,2025-05-13,1,1
moneyflow_mkt_dc,2025-05-14,1,1
moneyflow_mkt_dc,2025-05-15,1,1
moneyflow_mkt_dc,2025-05-16,1,1
moneyflow_mkt_dc,2025-05-19,1,1
moneyflow_mkt_dc,2025-05-20,1,1
moneyflow_mkt_dc,2025-05-21,1,1
moneyflow_mkt_dc,2025-05-22,1,1
moneyflow_mkt_dc,2025-05-23,1,1
moneyflow_mkt_dc,2025-05-26,1,1
moneyflow_mkt_dc,2025-05-27,1,1
moneyflow_mkt_dc,2025-05-28,1,1
moneyflow_mkt_dc,2025-05-29,1,1
moneyflow_mkt_dc,2025-05-30,1,1
moneyflow_mkt_dc,2025-06-03,1,1
moneyflow_mkt_dc,2025-06-04,1,1
moneyflow_mkt_dc,2025-06-05,1,1
moneyflow_mkt_dc,2025-06-06,1,1
moneyflow_mkt_dc,2025-06-09,1,1
moneyflow_mkt_dc,2025-06-10,1,1
moneyflow_mkt_dc,2025-06-11,1,1
moneyflow_mkt_dc,2025-06-12,1,1
moneyflow_mkt_dc,2025-06-13,1,1
moneyflow_mkt_dc,2025-06-16,1,1
moneyflow_mkt_dc,2025-06-17,1,1
moneyflow_mkt_dc,2025-06-18,1,1
moneyflow_mkt_dc,2025-06-19,1,1
moneyflow_mkt_dc,2025-06-20,1,1
moneyflow_mkt_dc,2025-06-23,1,1
moneyflow_mkt_dc,2025-06-24,1,1
moneyflow_mkt_dc,2025-06-25,1,1
moneyflow_mkt_dc,2025-06-26,1,1
moneyflow_mkt_dc,2025-06-27,1,1
moneyflow_mkt_dc,2025-06-30,1,1
moneyflow_mkt_dc,2025-07-01,1,1
moneyflow_mkt_dc,2025-07-02,1,1
moneyflow_mkt_dc,2025-07-03,1,1
moneyflow_mkt_dc,2025-07-04,1,1
moneyflow_mkt_dc,2025-07-07,1,1
moneyflow_mkt_dc,2025-07-08,1,1
moneyflow_mkt_dc,2025-07-09,1,1
moneyflow_mkt_dc,2025-07-10,1,1
moneyflow_mkt_dc,2025-07-11,1,1
moneyflow_mkt_dc,2025-07-14,1,1
moneyflow_mkt_dc,2025-07-15,1,1
moneyflow_mkt_dc,2025-07-16,1,1
moneyflow_mkt_dc,2025-07-17,1,1
moneyflow_mkt_dc,2025-07-18,1,1
moneyflow_mkt_dc,2025-07-21,1,1
moneyflow_mkt_dc,2025-07-22,1,1
moneyflow_mkt_dc,2025-07-23,1,1
moneyflow_mkt_dc,2025-07-24,1,1
moneyflow_mkt_dc,2025-07-25,1,1
moneyflow_mkt_dc,2025-07-28,1,1
moneyflow_mkt_dc,2025-07-29,1,1
moneyflow_mkt_dc,2025-07-30,1,1
moneyflow_mkt_dc,2025-07-31,1,1
moneyflow_mkt_dc,2025-08-01,1,1
moneyflow_mkt_dc,2025-08-04,1,1
moneyflow_mkt_dc,2025-08-05,1,1
moneyflow_mkt_dc,2025-08-06,1,1
moneyflow_mkt_dc,2025-08-07,1,1
moneyflow_mkt_dc,2025-08-08,1,1
moneyflow_mkt_dc,2025-08-11,1,1
moneyflow_mkt_dc,2025-08-12,1,1
moneyflow_mkt_dc,2025-08-13,1,1
moneyflow_mkt_dc,2025-08-14,1,1
moneyflow_mkt_dc,2025-08-15,1,1
moneyflow_mkt_dc,2025-08-18,1,1
moneyflow_mkt_dc,2025-08-19,1,1
moneyflow_mkt_dc,2025-08-20,1,1
moneyflow_mkt_dc,2025-08-21,1,1
moneyflow_mkt_dc,2025-08-22,1,1
moneyflow_mkt_dc,2025-08-25,1,1
moneyflow_mkt_dc,2025-08-26,1,1
moneyflow_mkt_dc,2025-08-27,1,1
moneyflow_mkt_dc,2025-08-28,1,1
moneyflow_mkt_dc,2025-08-29,1,1
moneyflow_mkt_dc,2025-09-01,1,1
moneyflow_mkt_dc,2025-09-02,1,1
moneyflow_mkt_dc,2025-09-03,1,1
moneyflow_mkt_dc,2025-09-04,1,1
moneyflow_mkt_dc,2025-09-05,1,1
moneyflow_mkt_dc,2025-09-08,1,1
moneyflow_mkt_dc,2025-09-09,1,1
moneyflow_mkt_dc,2025-09-10,1,1
moneyflow_mkt_dc,2025-09-11,1,1
moneyflow_mkt_dc,2025-09-12,1,1
moneyflow_mkt_dc,2025-09-15,1,1
moneyflow_mkt_dc,2025-09-16,1,1
moneyflow_mkt_dc,2025-09-17,1,1
moneyflow_mkt_dc,2025-09-18,1,1
moneyflow_mkt_dc,2025-09-19,1,1
moneyflow_mkt_dc,2025-09-22,1,1
moneyflow_mkt_dc,2025-09-23,1,1
moneyflow_mkt_dc,2025-09-24,1,1
moneyflow_mkt_dc,2025-09-25,1,1
moneyflow_mkt_dc,2025-09-26,1,1
moneyflow_mkt_dc,2025-09-29,1,1
moneyflow_mkt_dc,2025-09-30,1,1
moneyflow_mkt_dc,2025-10-09,1,1
moneyflow_mkt_dc,2025-10-10,1,1
moneyflow_mkt_dc,2025-10-13,1,1
moneyflow_mkt_dc,2025-10-14,1,1
moneyflow_mkt_dc,2025-10-15,1,1
moneyflow_mkt_dc,2025-10-16,1,1
moneyflow_mkt_dc,2025-10-17,1,1
moneyflow_mkt_dc,2025-10-20,1,1
moneyflow_mkt_dc,2025-10-21,1,1
moneyflow_mkt_dc,2025-10-22,1,1
moneyflow_mkt_dc,2025-10-23,1,1
moneyflow_mkt_dc,2025-10-24,1,1
moneyflow_mkt_dc,2025-10-27,1,1
moneyflow_mkt_dc,2025-10-28,1,1
moneyflow_mkt_dc,2025-10-29,1,1
moneyflow_mkt_dc,2025-10-30,1,1
moneyflow_mkt_dc,2025-10-31,1,1
moneyflow_mkt_dc,2025-11-03,1,1
moneyflow_mkt_dc,2025-11-04,1,1
moneyflow_mkt_dc,2025-11-05,1,1
moneyflow_mkt_dc,2025-11-06,1,1
moneyflow_mkt_dc,2025-11-07,1,1
moneyflow_mkt_dc,2025-11-10,1,1
moneyflow_mkt_dc,2025-11-11,1,1
moneyflow_mkt_dc,2025-11-12,1,1
moneyflow_mkt_dc,2025-11-13,1,1
moneyflow_mkt_dc,2025-11-14,1,1
moneyflow_mkt_dc,2025-11-17,1,1
moneyflow_mkt_dc,2025-11-18,1,1
moneyflow_mkt_dc,2025-11-19,1,1
moneyflow_mkt_dc,2025-11-20,1,1
moneyflow_mkt_dc,2025-11-21,1,1
moneyflow_mkt_dc,2025-11-24,1,1
moneyflow_mkt_dc,2025-11-25,1,1
moneyflow_mkt_dc,2025-11-26,1,1
moneyflow_mkt_dc,2025-11-27,1,1
moneyflow_mkt_dc,2025-11-28,1,1
moneyflow_mkt_dc,2025-12-01,1,1
moneyflow_mkt_dc,2025-12-02,1,1
moneyflow_mkt_dc,2025-12-03,1,1
moneyflow_mkt_dc,2025-12-04,1,1
moneyflow_mkt_dc,2025-12-05,1,1
moneyflow_mkt_dc,2025-12-08,1,1
moneyflow_mkt_dc,2025-12-09,1,1
moneyflow_mkt_dc,2025-12-10,1,1
moneyflow_mkt_dc,2025-12-11,1,1
moneyflow_mkt_dc,2025-12-12,1,1
moneyflow_mkt_dc,2025-12-15,1,1
moneyflow_mkt_dc,2025-12-16,1,1
moneyflow_mkt_dc,2025-12-17,1,1
moneyflow_mkt_dc,2025-12-18,1,1
moneyflow_mkt_dc,2025-12-19,1,1
moneyflow_mkt_dc,2025-12-22,1,1
moneyflow_mkt_dc,2025-12-23,1,1
moneyflow_mkt_dc,2025-12-24,1,1
moneyflow_mkt_dc,2025-12-25,1,1
moneyflow_mkt_dc,2025-12-26,1,1
moneyflow_mkt_dc,2025-12-29,1,1
moneyflow_mkt_dc,2025-12-30,1,1
moneyflow_mkt_dc,2025-12-31,1,1
moneyflow_mkt_dc,2026-01-05,1,1
moneyflow_mkt_dc,2026-01-06,1,1
moneyflow_mkt_dc,2026-01-07,1,1
moneyflow_mkt_dc,2026-01-08,1,1
moneyflow_mkt_dc,2026-01-09,1,1
moneyflow_mkt_dc,2026-01-12,1,1
moneyflow_mkt_dc,2026-01-13,1,1
moneyflow_mkt_dc,2026-01-14,1,1
moneyflow_mkt_dc,2026-01-15,1,1
moneyflow_mkt_dc,2026-01-16,1,1
moneyflow_mkt_dc,2026-01-19,1,1
moneyflow_mkt_dc,2026-01-20,1,1
moneyflow_mkt_dc,2026-01-21,1,1
moneyflow_mkt_dc,2026-01-22,1,1
moneyflow_mkt_dc,2026-01-23,1,1
moneyflow_mkt_dc,2026-01-26,1,1
moneyflow_mkt_dc,2026-01-27,1,1
moneyflow_mkt_dc,2026-01-28,1,1
moneyflow_mkt_dc,2026-01-29,1,1
moneyflow_mkt_dc,2026-01-30,1,1
moneyflow_mkt_dc,2026-02-02,1,1
moneyflow_mkt_dc,2026-02-03,1,1
moneyflow_mkt_dc,2026-02-04,1,1
moneyflow_mkt_dc,2026-02-05,1,1
moneyflow_mkt_dc,2026-02-06,1,1
moneyflow_mkt_dc,2026-02-09,1,1
moneyflow_mkt_dc,2026-02-10,1,1
moneyflow_mkt_dc,2026-02-11,1,1
moneyflow_mkt_dc,2026-02-12,1,1
moneyflow_mkt_dc,2026-02-13,1,1
moneyflow_mkt_dc,2026-02-24,1,1
moneyflow_mkt_dc,2026-02-25,1,1
moneyflow_mkt_dc,2026-02-26,1,1
moneyflow_mkt_dc,2026-02-27,1,1
moneyflow_mkt_dc,2026-03-02,1,1
moneyflow_mkt_dc,2026-03-03,1,1
moneyflow_mkt_dc,2026-03-04,1,1
moneyflow_mkt_dc,2026-03-05,1,1
moneyflow_mkt_dc,2026-03-06,1,1
moneyflow_mkt_dc,2026-03-09,1,1
moneyflow_mkt_dc,2026-03-10,1,1
moneyflow_mkt_dc,2026-03-11,1,1
moneyflow_mkt_dc,2026-03-12,1,1
moneyflow_mkt_dc,2026-03-13,1,1
moneyflow_mkt_dc,2026-03-16,1,1
moneyflow_mkt_dc,2026-03-17,1,1
moneyflow_mkt_dc,2026-03-18,1,1
moneyflow_mkt_dc,2026-03-19,1,1
moneyflow_mkt_dc,2026-03-20,1,1
moneyflow_mkt_dc,2026-03-23,1,1
moneyflow_mkt_dc,2026-03-24,1,1
moneyflow_mkt_dc,2026-03-25,1,1
moneyflow_mkt_dc,2026-03-26,1,1
moneyflow_mkt_dc,2026-03-27,1,1
moneyflow_mkt_dc,2026-03-30,1,1
moneyflow_mkt_dc,2026-03-31,1,1
moneyflow_mkt_dc,2026-04-01,1,1
moneyflow_mkt_dc,2026-04-02,1,1
moneyflow_mkt_dc,2026-04-03,1,1
moneyflow_mkt_dc,2026-04-07,1,1
moneyflow_mkt_dc,2026-04-08,1,1
moneyflow_mkt_dc,2026-04-09,1,1
moneyflow_mkt_dc,2026-04-10,1,1
moneyflow_mkt_dc,2026-04-13,1,1
moneyflow_mkt_dc,2026-04-14,1,1
moneyflow_mkt_dc,2026-04-15,1,1
moneyflow_mkt_dc,2026-04-16,1,1
moneyflow_mkt_dc,2026-04-17,1,1
moneyflow_mkt_dc,2026-04-20,1,1
moneyflow_mkt_dc,2026-04-21,1,1
moneyflow_mkt_dc,2026-04-22,1,1
moneyflow_mkt_dc,2026-04-23,1,1
moneyflow_mkt_dc,2026-04-24,1,1
moneyflow_mkt_dc,2026-04-27,1,1
moneyflow_mkt_dc,2026-04-28,1,1
moneyflow_mkt_dc,2026-04-29,1,1
moneyflow_mkt_dc,2026-04-30,1,1
moneyflow_mkt_dc,2026-05-06,1,1
moneyflow_mkt_dc,2026-05-07,1,1
moneyflow_mkt_dc,2026-05-08,1,1
moneyflow_mkt_dc,2026-05-11,1,1
moneyflow_mkt_dc,2026-05-12,1,1
moneyflow_mkt_dc,2026-05-13,1,1
moneyflow_mkt_dc,2026-05-14,1,1
moneyflow_mkt_dc,2026-05-15,1,1
moneyflow_mkt_dc,2026-05-18,1,1
moneyflow_mkt_dc,2026-05-19,1,1
moneyflow_mkt_dc,2026-05-20,1,1
moneyflow_mkt_dc,2026-05-21,1,1
moneyflow_mkt_dc,2026-05-22,1,1
moneyflow_mkt_dc,2026-05-25,1,1
moneyflow_mkt_dc,2026-05-26,1,1
moneyflow_mkt_dc,2026-05-27,1,1
moneyflow_mkt_dc,2026-05-28,1,1
moneyflow_mkt_dc,2026-05-29,1,1
moneyflow_mkt_dc,2026-06-01,1,1
moneyflow_mkt_dc,2026-06-02,1,1
moneyflow_mkt_dc,2026-06-03,1,1
moneyflow_mkt_dc,2026-06-04,1,1
moneyflow_mkt_dc,2026-06-05,1,1
moneyflow_mkt_dc,2026-06-08,1,1
moneyflow_mkt_dc,2026-06-09,1,1
moneyflow_mkt_dc,2026-06-10,1,1
moneyflow_mkt_dc,2026-06-11,1,1
moneyflow_mkt_dc,2026-06-12,1,1
moneyflow_mkt_dc,2026-06-15,1,1
moneyflow_mkt_dc,2026-06-16,1,1
moneyflow_mkt_dc,2026-06-17,1,1
moneyflow_mkt_dc,2026-06-18,1,1
moneyflow_mkt_dc,2026-06-22,1,1
moneyflow_mkt_dc,2026-06-23,1,1
moneyflow_mkt_dc,2026-06-24,1,1
moneyflow_mkt_dc,2026-06-25,1,1
moneyflow_mkt_dc,2026-06-26,1,1
moneyflow_mkt_dc,2026-06-29,1,1
moneyflow_mkt_dc,2026-06-30,1,1
moneyflow_mkt_dc,2026-07-01,1,1
moneyflow_mkt_dc,2026-07-02,1,1
moneyflow_mkt_dc,2026-07-03,1,1
moneyflow_mkt_dc,2026-07-06,1,1
moneyflow_mkt_dc,2026-07-07,1,1
moneyflow_mkt_dc,2026-07-08,1,1
moneyflow_mkt_dc,2026-07-10,1,1
moneyflow_mkt_dc,2026-07-13,1,1
moneyflow_mkt_dc,2026-07-14,1,1
moneyflow_mkt_dc,2026-07-15,1,1
moneyflow_mkt_dc,2026-07-16,1,1
moneyflow_mkt_dc,2026-07-17,1,1
moneyflow_mkt_dc,2026-07-20,1,1
moneyflow_mkt_dc,2026-07-21,1,1
moneyflow_mkt_dc,2026-07-22,1,1
moneyflow_mkt_dc,2026-07-23,1,1
moneyflow_mkt_dc,2026-07-24,1,1
moneyflow_mkt_dc,2026-07-27,1,1
moneyflow_mkt_dc,2026-07-28,1,1
moneyflow_mkt_dc,2026-07-29,1,1
moneyflow_mkt_dc,2026-07-30,1,1
moneyflow_mkt_dc,2026-07-31,1,1
moneyflow_mkt_dc,2026-08-03,1,1
moneyflow_mkt_dc,2026-08-04,1,1
moneyflow_mkt_dc,2026-08-05,1,1
moneyflow_mkt_dc,2026-08-06,1,1
moneyflow_mkt_dc,2026-08-07,1,1
moneyflow_mkt_dc,2026-08-10,1,1
moneyflow_mkt_dc,2026-08-11,1,1
moneyflow_mkt_dc,2026-08-12,1,1
moneyflow_mkt_dc,2026-08-13,1,1
moneyflow_mkt_dc,2026-08-14,1,1
moneyflow_mkt_dc,2026-08-17,1,1
moneyflow_mkt_dc,2026-08-18,1,1
moneyflow_mkt_dc,2026-08-19,1,1
moneyflow_mkt_dc,2026-08-20,1,1
moneyflow_mkt_dc,2026-08-21,1,1
moneyflow_mkt_dc,2026-08-24,1,1
moneyflow_mkt_dc,2026-08-25,1,1
moneyflow_mkt_dc,2026-08-26,1,1
moneyflow_mkt_dc,2026-08-27,1,1
moneyflow_mkt_dc,2026-08-28,1,1
moneyflow_mkt_dc,2026-08-31,1,1
moneyflow_mkt_dc,2026-09-01,1,1
moneyflow_mkt_dc,2026-09-02,1,1
moneyflow_mkt_dc,2026-09-03,1,1
moneyflow_mkt_dc,2026-09-04,1,1
moneyflow_mkt_dc,2026-09-07,1,1
moneyflow_mkt_dc,2026-09-08,1,1
moneyflow_mkt_dc,2026-09-09,1,1
moneyflow_mkt_dc,2026-09-10,1,1
moneyflow_mkt_dc,2026-09-11,1,1
moneyflow_mkt_dc,2026-09-14,1,1
moneyflow_mkt_dc,2026-09-15,1,1
moneyflow_mkt_dc,2026-09-16,1,1
moneyflow_mkt_dc,2026-09-17,1,1
moneyflow_mkt_dc,2026-09-18,1,1
moneyflow_mkt_dc,2026-09-21,1,1
moneyflow_mkt_dc,2026-09-22,1,1
moneyflow_mkt_dc,2026-09-23,1,1
moneyflow_mkt_dc,2026-09-24,1,1
moneyflow_mkt_dc,2026-09-28,1,1
moneyflow_mkt_dc,2026-09-29,1,1
moneyflow_mkt_dc,2026-09-30,1,1
