股票代码,股票名称,最新收盘价,250日均线价,距离250日均线比例%,跌破250日均线日期,连续低于250日均线交易日数
300663.SZ,科蓝软件,6.62,16.1078,58.9019,2026-01-28,97
300290.SZ,荣科科技,8.31,19.997,58.4437,2026-01-09,110
603567.SH,珍宝岛,4.28,9.5734,55.2929,2025-11-17,147
920925.BJ,锦好医疗,10.74,23.6504,54.5885,2026-02-02,94
300255.SZ,常山药业,22.81,48.093,52.5711,2026-03-04,78
688639.SH,华恒生物,15.4,32.1819,52.147,2026-03-18,68
920106.BJ,林泰新材,38.57,79.3985,51.4222,2026-01-13,108
920145.BJ,恒合股份,9.79,20.0762,51.2359,2026-01-12,109
688068.SH,热景生物,75.1,153.2806,51.0049,2026-01-29,96
920469.BJ,富恒新材,5.82,11.8726,50.9797,2025-10-16,169
920351.BJ,华光源海,11.75,23.6794,50.3788,2026-03-04,78
301052.SZ,果麦文化,22.2,44.4523,50.0588,2026-02-25,83
920748.BJ,路桥信息,24.0,47.9362,49.9335,2026-02-06,90
920895.BJ,花溪科技,11.52,22.9753,49.8592,2025-11-19,145
688089.SH,嘉必优,10.87,21.6641,49.8247,2025-11-18,146
920856.BJ,浩淼科技,8.45,16.7346,49.5057,2025-12-02,136
601127.SH,赛力斯,59.8,116.209,48.541,2025-11-18,146
301061.SZ,匠心家居,33.79,64.9199,47.9512,2026-03-18,68
300703.SZ,创源股份,12.67,24.311,47.8836,2026-03-02,80
920392.BJ,佳合科技,14.66,28.0552,47.7458,2026-01-19,104
600363.SH,联创光电,29.57,56.3089,47.4861,2026-03-06,76
920982.BJ,锦波生物,126.82,241.4964,47.4858,2025-12-15,127
300492.SZ,华图山鼎,33.82,64.3727,47.4622,2026-03-11,73
688136.SH,科兴制药,18.06,34.2598,47.2852,2026-01-14,107
300844.SZ,山水比德,21.74,40.9892,46.9617,2026-03-02,80
002891.SZ,中宠股份,25.92,48.7204,46.7985,2026-01-21,102
600325.SH,华发股份,2.31,4.3341,46.702,2025-10-09,174
301498.SZ,乖宝宠物,38.43,72.0603,46.6696,2025-10-20,167
300879.SZ,大叶股份,15.73,29.4677,46.6196,2026-01-26,99
920263.BJ,中航泰达,7.09,13.1449,46.0626,2026-01-19,104
920132.BJ,泰鹏智能,10.02,18.5319,45.9311,2025-11-19,145
300911.SZ,亿田智能,21.42,39.3208,45.525,2026-03-13,71
688658.SH,悦康药业,12.37,22.6934,45.4907,2026-02-12,86
603392.SH,万泰生物,26.27,48.127,45.4152,2025-06-10,255
301601.SZ,惠通科技,15.58,28.4466,45.2306,2026-01-26,99
002104.SZ,恒宝股份,10.3,18.7918,45.1889,2026-03-17,69
920781.BJ,瑞奇智造,5.3,9.6618,45.1446,2025-11-12,150
600793.SH,宜宾纸业,11.75,21.4157,45.1338,2025-12-26,118
000892.SZ,欢瑞世纪,3.3,5.999,44.9905,2026-04-23,43
920857.BJ,泓禧科技,13.81,24.9851,44.727,2026-04-21,45
301551.SZ,无线传媒,19.8,35.745,44.6076,2025-10-13,172
300587.SZ,天铁科技,3.77,6.8025,44.5795,2026-03-12,72
603151.SH,邦基科技,11.06,19.943,44.542,2026-03-02,80
003040.SZ,楚天龙,10.75,19.3512,44.4478,2026-01-26,99
603202.SH,天有为,49.6,89.1278,44.3496,2026-05-08,35
920006.BJ,晟楠科技,15.25,27.369,44.28,2026-01-13,108
002045.SZ,国光电器,7.82,14.0248,44.2415,2025-10-17,168
300779.SZ,惠城环保,54.25,97.0268,44.0876,2025-12-22,122
920370.BJ,新安洁,2.36,4.2188,44.0599,2026-02-27,81
920943.BJ,优机股份,13.15,23.4557,43.9368,2026-03-06,76
603300.SH,海南华铁,4.54,8.0953,43.9181,2025-10-09,174
688166.SH,博瑞医药,34.36,61.2638,43.9146,2026-05-18,29
300530.SZ,领湃科技,16.75,29.8151,43.8205,2026-01-27,98
920130.BJ,立方控股,13.92,24.7703,43.8037,2026-01-15,106
300180.SZ,华峰超纤,3.93,6.9806,43.7011,2025-09-19,182
920942.BJ,恒立钻具,18.3,32.3638,43.4553,2026-03-06,76
688382.SH,益方生物,15.96,28.1882,43.3806,2026-01-21,102
920810.BJ,春光智能,7.69,13.5714,43.3366,2025-12-31,115
600418.SH,江淮汽车,26.87,47.4111,43.3255,2026-05-14,31
300682.SZ,朗新科技,9.96,17.5502,43.2484,2026-03-20,66
688660.SH,电气风电,8.51,14.9952,43.2484,2026-03-19,67
688228.SH,开普云,75.89,133.6242,43.2064,2026-03-03,79
920267.BJ,鑫汇科,13.62,23.9326,43.0901,2025-11-14,148
605499.SH,东鹏饮料,110.9,194.5081,42.9844,2026-02-09,89
000002.SZ,万科A,3.01,5.2792,42.9838,2024-12-13,370
300111.SZ,向日葵,2.83,4.9635,42.9836,2026-02-26,82
920075.BJ,柏星龙,15.42,27.042,42.9776,2026-01-15,106
603918.SH,金桥信息,9.4,16.4825,42.9699,2026-01-26,99
920419.BJ,路斯股份,9.6,16.8326,42.9679,2025-10-13,172
600113.SH,浙江东日,27.42,47.9717,42.8413,2026-05-12,33
920717.BJ,瑞星股份,6.51,11.3615,42.7013,2026-03-04,78
301187.SZ,欧圣电气,14.07,24.5422,42.6702,2026-01-26,99
603382.SH,海阳科技,17.42,30.3668,42.6347,2026-06-23,4
920146.BJ,华阳变速,4.97,8.6524,42.5593,2025-11-19,145
920058.BJ,华洋赛车,18.82,32.6956,42.4388,2026-01-26,89
300940.SZ,南极光,14.69,25.5107,42.4164,2026-03-12,72
920651.BJ,天罡股份,19.22,33.3678,42.3995,2026-03-12,72
605333.SH,沪光股份,16.53,28.6422,42.288,2026-01-13,108
920592.BJ,华信永道,23.8,41.2374,42.2854,2025-10-30,159
688084.SH,晶品特装,45.82,79.372,42.2719,2026-03-12,72
300411.SZ,金盾股份,6.8,11.7722,42.237,2026-01-15,101
300896.SZ,爱美客,85.5,147.6124,42.078,2025-09-22,181
301004.SZ,嘉益股份,31.88,55.0322,42.0703,2025-08-14,208
300426.SZ,华智数媒,5.01,8.6437,42.0388,2026-02-11,87
301011.SZ,华立科技,14.4,24.8377,42.0236,2026-02-11,87
300766.SZ,每日互动,21.1,36.3333,41.9265,2026-04-24,42
002094.SZ,青岛金王,4.35,7.4848,41.8819,2026-02-11,87
300525.SZ,博思软件,7.45,12.8184,41.8804,2026-01-19,104
002093.SZ,国脉科技,6.29,10.8205,41.8697,2026-01-28,97
002988.SZ,豪美新材,21.96,37.7277,41.7935,2026-04-14,50
920429.BJ,康比特,9.71,16.647,41.6713,2025-09-22,181
300695.SZ,兆丰股份,49.4,84.6684,41.6548,2026-02-27,81
301501.SZ,恒鑫生活,25.42,43.5517,41.6326,2026-03-30,60
301155.SZ,海力风电,43.6,74.6816,41.6188,2026-03-30,60
300204.SZ,舒泰神,19.4,33.206,41.5768,2026-04-17,47
688775.SH,影石创新,131.85,225.6313,41.564,2026-06-22,5
002535.SZ,林州重机,2.2,3.76,41.4887,2026-01-28,97
920508.BJ,殷图网联,14.23,24.314,41.4741,2025-09-26,177
600610.SH,中毅达,6.59,11.2456,41.3995,2026-03-03,79
301091.SZ,深城交,15.59,26.579,41.3448,2025-10-24,163
603200.SH,上海洗霸,40.58,69.0983,41.2721,2026-04-23,43
600326.SH,西藏天路,6.5,11.0679,41.2715,2026-03-16,70
300941.SZ,创识科技,13.82,23.5043,41.2023,2025-12-23,121
920273.BJ,一致魔芋,18.7,31.7586,41.1183,2025-12-24,120
603815.SH,交建股份,5.04,8.5519,41.0657,2025-12-12,128
920985.BJ,海泰新能,4.92,8.3482,41.0654,2025-09-08,191
688050.SH,爱博医疗,36.26,61.5184,41.0583,2025-04-23,285
603108.SH,润达医疗,9.13,15.4781,41.0134,2026-01-26,99
920149.BJ,旭杰科技,7.48,12.6751,40.9868,2025-09-25,178
002676.SZ,顺威股份,4.73,8.0109,40.9552,2026-05-11,34
603069.SH,海汽集团,12.6,21.3233,40.9098,2026-02-26,82
000676.SZ,智度股份,5.07,8.578,40.895,2026-02-25,83
300942.SZ,易瑞生物,5.75,9.7215,40.8528,2026-01-29,96
000403.SZ,派林生物,8.86,14.965,40.7952,2025-09-22,181
688013.SH,天臣医疗,24.52,41.4009,40.7742,2026-03-19,67
601595.SH,上海电影,16.57,27.961,40.7388,2026-02-24,84
920445.BJ,龙竹科技,6.43,10.8358,40.6597,2026-03-13,71
600375.SH,汉马科技,3.66,6.166,40.6426,2025-11-21,143
002765.SZ,蓝黛科技,6.99,11.7689,40.606,2026-01-20,103
920478.BJ,峆一药业,8.2,13.7906,40.5392,2026-01-28,97
300542.SZ,新晨科技,11.12,18.689,40.4996,2026-01-15,106
002229.SZ,鸿博股份,10.14,17.031,40.4617,2026-05-18,29
003001.SZ,中岩大地,13.07,21.9474,40.4485,2026-05-21,26
688648.SH,中邮科技,32.72,54.938,40.4419,2026-04-28,40
920278.BJ,鹿得医疗,5.63,9.4398,40.3586,2026-01-28,97
600592.SH,龙溪股份,13.71,22.9784,40.3354,2026-03-02,80
603535.SH,嘉诚国际,6.05,10.1388,40.3282,2026-01-26,99
920016.BJ,中草香料,12.26,20.537,40.3027,2025-09-24,179
920395.BJ,朗鸿科技,7.16,11.9923,40.295,2025-11-04,156
000564.SZ,供销大集,1.36,2.277,40.2712,2025-12-23,121
002553.SZ,南方精工,15.32,25.6483,40.269,2026-04-15,49
920027.BJ,交大铁发,10.85,18.1627,40.2621,2026-06-18,6
002294.SZ,信立泰,30.15,50.3986,40.1769,2026-04-29,39
002564.SZ,天沃科技,4.33,7.2313,40.1216,2026-03-16,70
688169.SH,石头科技,91.59,152.8226,40.0678,2025-10-31,158
920163.BJ,方大新材,9.2,15.3457,40.0483,2026-02-09,89
000596.SZ,古井贡酒,78.97,131.7078,40.0415,2025-12-03,135
688192.SH,迪哲医药,36.49,60.8326,40.0157,2026-01-22,101
688793.SH,倍轻松,15.97,26.6227,40.0136,2025-09-03,194
002123.SZ,梦网科技,7.24,12.0618,39.9756,2026-01-16,105
688186.SH,广大特材,14.36,23.9054,39.93,2026-03-20,66
301556.SZ,托普云农,57.44,95.5601,39.8912,2026-03-11,73
920436.BJ,大地电气,10.58,17.5759,39.8039,2025-09-26,177
000678.SZ,襄阳轴承,8.35,13.8668,39.7842,2026-02-04,92
002343.SZ,慈文传媒,4.41,7.3228,39.7768,2026-02-12,86
920931.BJ,无锡鼎邦,9.09,15.0932,39.7743,2025-11-19,145
920414.BJ,欧普泰,8.14,13.5077,39.7382,2026-03-25,63
920718.BJ,合肥高科,9.63,15.9797,39.7361,2025-11-20,144
920374.BJ,云里物里,15.47,25.6696,39.7342,2025-09-12,187
688687.SH,凯因科技,15.01,24.8843,39.6809,2025-11-19,145
300413.SZ,芒果超媒,14.35,23.7787,39.652,2026-02-24,84
000572.SZ,海马汽车,3.71,6.1406,39.5821,2026-04-02,57
300465.SZ,高伟达,11.21,18.5379,39.5294,2026-03-02,80
000710.SZ,贝瑞基因,7.37,12.1803,39.4924,2026-01-27,98
920522.BJ,纳科诺尔,25.05,41.3732,39.4535,2026-05-11,34
688575.SH,亚辉龙,8.59,14.174,39.3961,2026-04-16,48
920765.BJ,美之高,11.37,18.7547,39.3752,2026-01-27,98
002855.SZ,捷荣技术,9.67,15.9433,39.3476,2025-12-09,131
603833.SH,欧派家居,29.93,49.3352,39.3333,2026-04-03,56
300468.SZ,四方精创,21.47,35.3517,39.2674,2026-03-24,64
300605.SZ,恒锋信息,9.2,15.1457,39.2566,2026-03-11,73
600764.SH,中国海防,17.31,28.4915,39.2451,2026-01-13,108
920926.BJ,鸿智科技,10.11,16.6394,39.2405,2026-01-30,95
920087.BJ,秋乐种业,9.9,16.2932,39.2383,2026-03-19,67
300945.SZ,曼卡龙,10.76,17.6773,39.1311,2026-03-12,72
002365.SZ,永安药业,10.16,16.6878,39.117,2026-01-12,109
600603.SH,广汇物流,4.36,7.1573,39.083,2026-03-23,65
920932.BJ,科达自控,12.53,20.5499,39.0264,2026-01-26,99
600571.SH,信雅达,9.59,15.7274,39.0235,2026-01-30,95
000625.SZ,长安汽车,6.86,11.2436,38.9876,2025-10-17,168
300892.SZ,品渥食品,19.23,31.5067,38.9653,2026-01-20,103
920199.BJ,倍益康,22.74,37.226,38.9136,2026-03-31,59
603258.SH,电魂网络,11.83,19.3522,38.8701,2025-09-18,183
300122.SZ,智飞生物,11.38,18.6108,38.8526,2025-07-31,218
603630.SH,拉芳家化,12.44,20.3306,38.8115,2026-02-06,90
000158.SZ,常山北明,12.71,20.7643,38.7891,2025-11-24,142
920855.BJ,浙江大农,11.19,18.2769,38.7753,2026-02-02,94
000558.SZ,天府文旅,3.11,5.0796,38.7747,2026-03-02,80
002572.SZ,索菲亚,7.42,12.117,38.7638,2026-02-26,82
300287.SZ,飞利信,3.15,5.1429,38.7503,2026-01-13,108
688696.SH,极米科技,62.2,101.5018,38.7203,2025-11-20,144
300546.SZ,雄帝科技,15.16,24.7381,38.7181,2026-03-13,71
920000.BJ,安徽凤凰,11.6,18.9229,38.6987,2025-10-30,159
000526.SZ,学大教育,24.6,40.0929,38.6425,2025-08-28,198
600438.SH,通威股份,11.96,19.4862,38.6231,2026-01-15,96
300918.SZ,南山智尚,10.83,17.6233,38.5473,2026-01-15,106
920885.BJ,星辰科技,12.94,21.0528,38.5356,2026-04-21,45
920275.BJ,驱动力,5.5,8.9411,38.4863,2026-01-27,98
600422.SH,昆药集团,7.7,12.5074,38.4363,2025-04-28,282
002882.SZ,金龙羽,18.56,30.1233,38.3867,2026-04-21,45
920260.BJ,中寰股份,7.19,11.6691,38.3843,2026-03-04,78
920496.BJ,许昌智能,6.41,10.3966,38.3452,2026-03-10,74
603583.SH,捷昌驱动,21.5,34.8712,38.3445,2026-01-28,97
300348.SZ,长亮科技,8.88,14.397,38.3207,2026-01-26,99
920876.BJ,慧为智能,17.16,27.806,38.2866,2026-03-10,74
002878.SZ,元隆雅图,11.4,18.4677,38.2707,2026-05-18,29
920262.BJ,太湖雪,12.35,19.9937,38.2307,2026-02-10,88
301602.SZ,超研股份,13.83,22.3821,38.2096,2026-02-02,94
688244.SH,永信至诚,13.83,22.3743,38.1881,2026-01-16,105
603121.SH,华培动力,12.09,19.5585,38.1854,2026-05-21,26
300002.SZ,神州泰岳,7.01,11.3399,38.1831,2026-02-13,85
920964.BJ,润农节水,4.41,7.1317,38.1636,2025-10-22,165
002537.SZ,海联金汇,5.36,8.6675,38.1599,2026-03-19,67
002791.SZ,坚朗五金,13.1,21.1812,38.1527,2026-03-12,72
603360.SH,百傲化学,16.07,25.9749,38.1326,2026-05-27,22
600415.SH,小商品城,9.76,15.7706,38.1126,2026-01-26,99
002649.SZ,博彦科技,7.96,12.8611,38.1081,2026-03-02,80
301229.SZ,纽泰格,12.2,19.7067,38.0922,2026-03-02,80
300539.SZ,横河精密,20.1,32.4479,38.0546,2026-05-21,26
603716.SH,塞力医疗,14.39,23.2274,38.0473,2026-04-23,43
002103.SZ,广博股份,5.74,9.2646,38.044,2026-02-12,86
603686.SH,福龙马,13.06,21.0543,37.9698,2026-03-13,71
920802.BJ,保丽洁,10.05,16.201,37.9669,2026-01-26,99
001222.SZ,源飞宠物,13.2,21.2733,37.9503,2026-03-12,72
688225.SH,亚信安全,11.78,18.9783,37.9292,2026-03-13,71
300960.SZ,通业科技,15.58,25.0908,37.9055,2026-04-02,57
300652.SZ,雷迪克,33.0,53.1351,37.8942,2026-01-30,95
300248.SZ,新开普,7.66,12.3308,37.8789,2026-01-26,99
300917.SZ,特发服务,24.27,39.0649,37.8726,2025-09-18,183
920123.BJ,芭薇股份,9.73,15.6418,37.7949,2025-11-21,143
002075.SZ,沙钢股份,3.36,5.3989,37.7647,2026-01-30,95
600547.SH,山东黄金,23.0,36.9538,37.7601,2026-04-23,43
688631.SH,莱斯信息,44.5,71.4611,37.7284,2025-10-14,171
603887.SH,城地香江,9.76,15.6722,37.7241,2026-04-27,41
603900.SH,莱绅通灵,5.63,9.0331,37.6734,2026-02-10,88
920608.BJ,丰安股份,12.22,19.6048,37.6685,2026-01-26,99
600536.SH,中国软件,27.7,44.4282,37.6522,2026-01-28,97
002629.SZ,仁智股份,4.32,6.9243,37.6112,2026-05-21,26
300061.SZ,旗天科技,6.87,11.0104,37.6044,2026-05-27,22
605108.SH,同庆楼,11.46,18.3571,37.5719,2026-02-11,87
603109.SH,神驰机电,16.5,26.4303,37.5718,2026-02-13,85
002543.SZ,万和电气,6.18,9.8909,37.5185,2025-11-19,145
920108.BJ,宏海科技,8.91,14.2593,37.5145,2026-02-09,89
603123.SH,翠微股份,7.92,12.6689,37.4848,2026-04-21,45
603363.SH,傲农生物,2.63,4.2066,37.4792,2026-04-16,48
300047.SZ,天源迪科,8.9,14.2324,37.4666,2026-01-16,105
002987.SZ,京北方,9.86,15.7648,37.4556,2026-03-02,80
600967.SH,内蒙一机,10.85,17.3455,37.4476,2026-03-11,73
600129.SH,太极集团,11.86,18.9597,37.4463,2025-08-28,198
600383.SH,金地集团,2.13,3.4045,37.4361,2025-04-28,282
301325.SZ,曼恩斯特,33.64,53.769,37.436,2025-11-19,145
300598.SZ,诚迈科技,28.01,44.7562,37.4164,2026-01-23,100
920346.BJ,威贸电子,15.51,24.7748,37.3962,2025-11-07,153
600866.SH,星湖科技,4.4,7.0279,37.3922,2026-04-02,57
300368.SZ,汇金股份,8.36,13.352,37.3878,2026-03-26,62
688776.SH,国光电气,57.39,91.5912,37.3411,2026-03-19,67
000997.SZ,新大陆,16.0,25.5112,37.2825,2026-01-30,95
920976.BJ,视声智能,16.97,27.0471,37.2575,2026-05-26,23
300049.SZ,福瑞医科,37.14,59.1868,37.2496,2026-05-21,26
603589.SH,口子窖,18.46,29.4109,37.2342,2024-12-31,358
603758.SH,秦安股份,9.06,14.4337,37.2301,2026-03-02,80
003010.SZ,若羽臣,21.94,34.945,37.2156,2026-02-13,85
920014.BJ,特瑞斯,8.18,13.0208,37.1775,2026-03-31,59
920029.BJ,开发科技,36.0,57.2788,37.1495,2026-04-09,53
920924.BJ,广脉科技,14.79,23.5289,37.1411,2025-10-09,174
002097.SZ,山河智能,7.3,11.6108,37.1275,2026-03-12,72
300979.SZ,华利集团,30.01,47.7282,37.1232,2025-12-16,126
300973.SZ,立高食品,24.6,39.1187,37.1145,2026-02-09,89
688326.SH,经纬恒润,67.21,106.8621,37.1059,2026-04-27,41
920098.BJ,科隆新材,18.68,29.685,37.0725,2026-01-16,105
300810.SZ,中科海讯,24.98,39.6849,37.0541,2026-03-05,77
301357.SZ,北方长龙,77.97,123.7795,37.009,2026-05-13,32
603086.SH,先达股份,5.27,8.366,37.007,2026-03-16,70
300451.SZ,创业慧康,3.14,4.9821,36.9741,2026-02-13,85
300294.SZ,博雅生物,14.19,22.5089,36.9584,2024-12-13,370
603089.SH,正裕工业,8.4,13.3225,36.9488,2026-03-12,72
002402.SZ,和而泰,22.21,35.2246,36.9475,2026-03-12,72
601567.SH,三星电气,14.4,22.8381,36.9475,2026-04-27,41
002599.SZ,盛通股份,5.01,7.9446,36.9385,2026-01-16,105
300261.SZ,雅本化学,4.35,6.8911,36.8753,2026-03-17,69
300600.SZ,国瑞科技,9.32,14.7619,36.8644,2026-03-12,72
300642.SZ,透景生命,11.81,18.7043,36.8594,2026-03-02,80
920082.BJ,方正阀门,8.12,12.8587,36.8521,2026-03-04,78
600104.SH,上汽集团,9.73,15.3947,36.7962,2025-10-17,168
301535.SZ,浙江华远,13.18,20.8525,36.7941,2026-04-08,54
920505.BJ,九菱科技,32.02,50.6406,36.7701,2026-03-03,79
300753.SZ,爱朋医疗,18.8,29.7324,36.7693,2026-03-23,65
002265.SZ,建设工业,17.27,27.3069,36.7559,2026-01-13,108
300271.SZ,华宇软件,4.75,7.5058,36.7156,2026-03-02,80
920957.BJ,汉维科技,8.48,13.3946,36.691,2026-01-27,98
000761.SZ,本钢板材,2.14,3.3795,36.6766,2026-03-16,70
688366.SH,昊海生科,28.61,45.1689,36.6599,2024-12-13,370
920212.BJ,智新电子,9.15,14.444,36.6518,2025-09-25,178
600436.SH,片仔癀,108.0,170.3853,36.6143,2025-08-27,199
688152.SH,麒麟信安,26.87,42.3853,36.6053,2026-01-15,106
300680.SZ,隆盛科技,21.95,34.6117,36.5822,2026-03-03,79
300795.SZ,米奥会展,8.45,13.3195,36.5589,2025-12-04,134
301082.SZ,久盛电气,8.82,13.8944,36.5211,2026-03-19,67
300662.SZ,科锐国际,17.1,26.899,36.4289,2026-02-04,92
300340.SZ,科恒股份,8.6,13.5228,36.4037,2026-01-27,98
002052.SZ,同洲电子,7.87,12.3724,36.3909,2026-03-26,62
688373.SH,盟科药业,4.21,6.6158,36.3641,2026-01-27,98
688280.SH,精进电动,5.39,8.4696,36.3606,2026-04-29,39
600797.SH,浙大网新,6.29,9.8837,36.36,2026-03-03,79
920779.BJ,武汉蓝电,23.55,37.0029,36.3563,2025-11-19,145
600055.SH,万东医疗,10.1,15.8682,36.3505,2026-01-16,105
300705.SZ,九典制药,9.51,14.939,36.341,2025-09-02,195
603767.SH,中马传动,14.28,22.4199,36.3066,2026-05-27,22
600446.SH,金证股份,10.24,16.0736,36.2929,2026-01-16,105
001323.SZ,慕思股份,15.89,24.9362,36.2774,2026-02-12,86
300926.SZ,博俊科技,17.64,27.6721,36.2534,2026-03-20,66
603712.SH,七一二,12.4,19.4472,36.2375,2026-03-03,79
920770.BJ,艾能聚,11.46,17.9654,36.2109,2026-02-13,85
300251.SZ,光线传媒,10.85,17.0069,36.2023,2026-03-02,80
000525.SZ,红太阳,3.93,6.1589,36.1897,2026-03-18,68
600518.SH,康美药业,1.21,1.8962,36.1895,2025-09-19,182
300850.SZ,新强联,26.09,40.8795,36.1782,2026-05-14,31
300824.SZ,北鼎股份,7.18,11.2428,36.1371,2026-01-27,98
600809.SH,山西汾酒,108.1,169.2529,36.1311,2025-12-03,135
920701.BJ,豪声电子,11.23,17.5762,36.1067,2025-12-04,134
301078.SZ,孩子王,6.73,10.5318,36.0985,2025-09-02,195
920992.BJ,中科美菱,11.73,18.3537,36.0893,2026-01-15,106
300288.SZ,朗玛信息,8.83,13.8156,36.0867,2026-02-11,87
001356.SZ,富岭股份,8.32,13.0157,36.0772,2026-02-03,93
605378.SH,野马电池,14.06,21.9944,36.0746,2026-03-12,72
688567.SH,孚能科技,9.95,15.565,36.0744,2026-01-27,98
000096.SZ,广聚能源,6.98,10.9164,36.0598,2025-07-03,238
003005.SZ,竞业达,12.88,20.1435,36.0589,2026-01-15,106
003006.SZ,百亚股份,13.81,21.5945,36.0485,2025-10-09,174
603988.SH,中电电机,16.4,25.6259,36.0022,2026-05-12,33
000886.SZ,海南高速,4.09,6.3904,35.9981,2026-01-13,108
603322.SH,超讯科技,25.28,39.4913,35.9859,2025-12-17,125
603801.SH,志邦家居,5.56,8.6842,35.9757,2025-03-19,309
600284.SH,浦东建设,4.8,7.4967,35.972,2026-05-12,33
920169.BJ,七丰精工,21.3,33.2664,35.9714,2026-03-17,69
002369.SZ,卓翼科技,5.44,8.4948,35.9605,2026-01-13,108
600733.SH,北汽蓝谷,4.93,7.6982,35.9591,2026-02-26,82
601606.SH,长城军工,27.85,43.4596,35.9175,2026-05-13,32
300275.SZ,梅安森,7.96,12.4135,35.8763,2026-01-30,95
600588.SH,用友网络,8.75,13.6454,35.8758,2026-02-13,85
603168.SH,莎普爱思,4.75,7.4056,35.859,2026-03-19,67
003029.SZ,吉大正元,15.95,24.864,35.851,2026-03-02,80
920627.BJ,力王股份,15.4,24.0024,35.8398,2025-11-18,146
300963.SZ,中洲特材,12.62,19.6679,35.8346,2026-03-19,67
300541.SZ,先进数通,9.56,14.8945,35.8153,2026-03-20,66
300937.SZ,药易购,19.12,29.7764,35.788,2026-04-21,45
002410.SZ,广联达,8.02,12.4876,35.7765,2026-03-02,80
920553.BJ,凯腾精工,6.41,9.9756,35.7431,2026-02-05,91
920786.BJ,骑士乳业,6.17,9.5988,35.7211,2026-02-10,88
301533.SZ,威马农机,23.5,36.5555,35.7142,2026-02-27,81
920010.BJ,凯添燃气,8.22,12.7858,35.7098,2026-05-19,28
300950.SZ,德固特,16.06,24.9793,35.7066,2026-03-02,80
603529.SH,爱玛科技,19.05,29.6241,35.6943,2025-08-26,200
002073.SZ,软控股份,5.09,7.9124,35.6708,2026-01-27,98
002221.SZ,东华能源,5.41,8.4048,35.6317,2026-03-31,59
600992.SH,贵绳股份,8.77,13.6227,35.6221,2026-03-02,80
605286.SH,同力天启,26.01,40.3936,35.6086,2026-05-20,27
920896.BJ,旺成科技,12.8,19.8784,35.6084,2026-01-29,96
300633.SZ,开立医疗,17.97,27.903,35.5983,2025-10-29,160
300386.SZ,飞天诚信,10.7,16.614,35.5965,2026-01-19,104
920274.BJ,宏裕包材,16.3,25.3084,35.5945,2026-05-14,31
920634.BJ,新威凌,16.45,25.5226,35.5472,2026-03-02,80
688588.SH,凌志软件,9.06,14.0551,35.5393,2026-01-28,97
688236.SH,春立医疗,13.9,21.5613,35.5328,2026-03-11,73
920195.BJ,三祥科技,12.21,18.9355,35.5179,2026-04-29,39
300177.SZ,中海达,6.16,9.5508,35.5028,2026-01-26,99
600684.SH,珠江股份,3.02,4.6815,35.491,2026-04-21,45
920271.BJ,邦德股份,10.12,15.6877,35.4907,2026-01-29,96
300875.SZ,捷强装备,28.33,43.9052,35.4747,2026-04-10,52
688177.SH,百奥泰,16.1,24.9512,35.474,2026-01-19,104
920039.BJ,国义招标,7.76,12.0237,35.4607,2026-02-12,86
920030.BJ,德众汽车,4.32,6.6924,35.4492,2026-01-20,103
920375.BJ,派诺科技,7.03,10.88,35.3861,2026-03-26,62
600620.SH,天宸股份,3.97,6.1429,35.3727,2026-04-17,47
300071.SZ,福石控股,3.44,5.3225,35.3685,2026-03-12,72
301009.SZ,可靠股份,8.16,12.6242,35.3621,2026-02-26,82
002190.SZ,成飞集成,23.45,36.2784,35.3611,2026-03-16,70
300284.SZ,苏交科,5.06,7.8278,35.3587,2025-08-27,199
000661.SZ,长春高新,62.8,97.1093,35.3306,2026-01-14,107
920407.BJ,驰诚股份,13.2,20.41,35.3259,2026-03-12,72
920455.BJ,汇隆活塞,5.78,8.9351,35.3114,2026-01-23,100
002368.SZ,太极股份,14.9,23.0333,35.311,2026-01-26,99
301633.SZ,港迪技术,44.02,68.0401,35.3028,2025-11-17,147
002941.SZ,新疆交建,9.74,15.0545,35.3016,2026-04-28,40
300101.SZ,振芯科技,14.97,23.1069,35.2141,2026-04-23,43
600698.SH,湖南天雁,5.88,9.076,35.2138,2026-03-03,79
603786.SH,科博达,41.15,63.4906,35.1872,2026-03-02,80
600963.SH,岳阳林纸,3.02,4.6596,35.187,2026-04-24,42
300841.SZ,康华生物,43.75,67.4887,35.1743,2026-03-02,80
301173.SZ,毓恬冠佳,29.16,44.9718,35.1594,2026-03-12,72
920174.BJ,五新智能,31.16,48.0537,35.1558,2026-02-12,86
300645.SZ,正元智慧,11.72,18.0713,35.146,2026-03-20,66
603982.SH,泉峰汽车,5.6,8.6328,35.1308,2026-02-25,83
300250.SZ,初灵信息,13.98,21.5358,35.0848,2026-05-11,34
000721.SZ,西安饮食,5.55,8.5488,35.0783,2026-02-02,94
300622.SZ,博士眼镜,13.78,21.2223,35.0682,2026-01-26,99
603579.SH,荣泰健康,16.81,25.8815,35.0502,2026-01-26,99
002773.SZ,康弘药业,19.51,30.038,35.0489,2026-01-28,97
002210.SZ,飞马国际,2.11,3.2456,34.9897,2026-05-11,34
301368.SZ,丰立智能,39.08,60.109,34.9848,2026-01-29,96
688212.SH,澳华内镜,28.35,43.5992,34.9759,2026-01-19,104
920396.BJ,常辅股份,21.48,33.0337,34.9755,2026-03-19,67
603590.SH,康辰药业,28.13,43.2492,34.9584,2026-03-09,75
600645.SH,中源协和,16.74,25.734,34.9498,2026-04-30,38
920008.BJ,成电光信,20.37,31.3128,34.9468,2025-09-09,190
688196.SH,卓越新能,35.87,55.126,34.9309,2026-04-27,41
688232.SH,新点软件,16.97,26.0732,34.9141,2026-01-28,97
920225.BJ,利通科技,17.76,27.2777,34.8919,2026-05-13,32
600199.SH,金种子酒,6.25,9.5985,34.8858,2026-02-04,92
000576.SZ,甘化科工,6.58,10.102,34.8646,2026-03-20,66
300350.SZ,华鹏飞,3.98,6.1099,34.86,2026-03-19,67
300805.SZ,电声股份,7.29,11.1889,34.8463,2026-03-19,67
603113.SH,金能科技,4.28,6.5686,34.842,2026-04-30,38
300765.SZ,石药创新,25.4,38.9698,34.8214,2026-01-30,95
603395.SH,红四方,20.33,31.1617,34.7597,2025-12-04,134
920415.BJ,恒拓开源,9.65,14.7904,34.755,2026-01-15,106
300359.SZ,全通教育,3.56,5.4556,34.7455,2026-03-02,80
002304.SZ,洋河股份,39.22,60.098,34.7399,2025-09-12,187
688348.SH,昱能科技,33.29,50.993,34.7166,2026-05-14,31
688023.SH,安恒信息,34.1,52.2127,34.6902,2026-03-20,66
300183.SZ,东软载波,10.11,15.4775,34.6795,2025-10-10,173
920914.BJ,远航精密,18.65,28.547,34.669,2026-03-03,79
688606.SH,奥泰生物,41.0,62.7559,34.6675,2026-03-11,73
300659.SZ,中孚信息,9.5,14.5404,34.665,2026-03-12,72
920523.BJ,德瑞锂电,16.69,25.5442,34.6623,2026-01-28,97
000014.SZ,沙河股份,9.28,14.2023,34.6584,2026-04-01,58
603955.SH,大千生态,19.89,30.4398,34.6578,2026-01-29,96
300403.SZ,汉宇集团,8.92,13.6505,34.6543,2025-11-18,146
002037.SZ,保利联合,6.3,9.6409,34.6533,2026-02-02,94
920266.BJ,生物谷,6.22,9.5174,34.646,2025-09-23,180
605179.SH,一鸣食品,12.8,19.5849,34.6435,2026-01-21,102
001236.SZ,弘业期货,6.97,10.6638,34.6385,2026-01-15,106
002276.SZ,万马股份,10.05,15.3751,34.6347,2026-03-13,71
002981.SZ,朝阳科技,18.45,28.2252,34.6329,2026-06-05,15
688051.SH,佳华科技,23.89,36.5263,34.595,2026-05-27,22
688590.SH,新致软件,12.31,18.8136,34.5685,2026-01-30,95
000568.SZ,泸州老窖,75.2,114.9224,34.5645,2026-02-09,89
603896.SH,寿仙谷,13.01,19.8773,34.5485,2026-03-09,75
000753.SZ,漳州发展,4.49,6.8599,34.5474,2026-05-11,34
002908.SZ,德生科技,6.4,9.7765,34.5372,2026-03-02,80
603325.SH,博隆技术,50.49,77.1269,34.5364,2026-03-03,79
600212.SH,绿能慧充,5.22,7.9739,34.5363,2026-01-26,99
300904.SZ,威力传动,40.95,62.5461,34.5283,2026-03-26,62
300075.SZ,数字政通,10.06,15.3642,34.5233,2026-01-16,105
002607.SZ,中公教育,1.8,2.7484,34.5083,2026-03-02,80
688520.SH,神州细胞,33.0,50.3826,34.5012,2025-11-19,145
920953.BJ,国子软件,22.81,34.823,34.4973,2026-01-28,97
601865.SH,福莱特,10.18,15.5368,34.4781,2026-03-02,80
300778.SZ,新城市,8.92,13.6115,34.4673,2026-05-21,26
603079.SH,圣达生物,11.48,17.5176,34.4658,2026-03-19,67
300256.SZ,星星科技,2.58,3.9367,34.4625,2025-12-10,130
300995.SZ,奇德新材,26.89,41.0171,34.4419,2026-03-02,80
600715.SH,文投控股,1.5,2.2874,34.4234,2026-02-13,85
920719.BJ,宁新新材,9.22,14.0572,34.411,2025-11-19,145
002403.SZ,爱仕达,8.45,12.8781,34.3848,2025-10-10,173
920837.BJ,华原股份,9.69,14.7671,34.381,2025-11-18,146
000009.SZ,中国宝安,6.19,9.4323,34.3747,2026-03-16,70
000932.SZ,华菱钢铁,3.41,5.1944,34.3527,2026-03-19,67
001306.SZ,夏厦精密,53.36,81.2493,34.3256,2026-01-29,96
688288.SH,鸿泉技术,17.83,27.1484,34.324,2026-04-01,58
002212.SZ,天融信,5.6,8.5247,34.3089,2026-03-13,71
600990.SH,四创电子,17.29,26.3123,34.2893,2026-03-03,79
920826.BJ,盖世食品,8.07,12.2801,34.2841,2026-02-10,88
300993.SZ,玉马科技,9.48,14.4238,34.2752,2026-02-26,82
603117.SH,万林物流,3.42,5.2029,34.2672,2026-03-09,75
300494.SZ,盛天网络,8.31,12.6384,34.2478,2026-03-02,80
300374.SZ,中铁装配,10.32,15.6951,34.2471,2026-02-05,91
603737.SH,三棵树,24.22,36.8343,34.246,2026-05-14,31
601086.SH,国芳集团,6.6,10.0356,34.234,2026-02-06,90
603486.SH,科沃斯,49.45,75.1774,34.2223,2026-02-25,83
688311.SH,盟升电子,25.08,38.1214,34.2102,2026-04-23,43
688561.SH,奇安信,22.31,33.9093,34.2069,2026-03-12,72
300240.SZ,飞力达,5.06,7.6905,34.2045,2026-03-02,80
300947.SZ,德必集团,12.92,19.631,34.1859,2026-02-26,82
920057.BJ,百甲科技,4.52,6.8669,34.1768,2026-01-26,99
000410.SZ,沈阳机床,4.56,6.9261,34.1623,2026-03-19,67
920284.BJ,灵鸽科技,22.23,33.764,34.1606,2026-05-21,26
920300.BJ,辰光医疗,9.92,15.0634,34.1448,2026-01-15,106
300188.SZ,国投智能,9.37,14.2255,34.1325,2026-02-24,84
600644.SH,乐山电力,7.81,11.8546,34.1185,2026-05-14,31
000868.SZ,安凯客车,3.33,5.0522,34.0876,2025-09-19,182
600702.SH,舍得酒业,35.11,53.2591,34.077,2026-02-06,90
600650.SH,锦江在线,9.76,14.8004,34.056,2026-02-26,82
300581.SZ,晨曦航空,10.84,16.4038,33.9178,2026-03-03,79
605398.SH,新炬网络,19.61,29.673,33.913,2026-03-12,72
002827.SZ,高争民爆,23.94,36.2193,33.9026,2026-03-16,70
301063.SZ,海锅股份,16.85,25.4849,33.8825,2026-03-20,66
603277.SH,银都股份,10.14,15.3313,33.8606,2026-01-19,104
002912.SZ,中新赛克,18.04,27.266,33.837,2026-04-09,53
920689.BJ,克莱特,22.23,33.585,33.8097,2025-11-17,147
301089.SZ,拓新药业,19.99,30.1832,33.771,2026-01-29,96
301022.SZ,海泰科,22.18,33.4801,33.7517,2026-04-27,41
920304.BJ,迪尔化工,8.76,13.2211,33.7421,2026-03-16,70
002721.SZ,金一文化,2.2,3.3159,33.6534,2026-03-03,79
603348.SH,文灿股份,13.36,20.1311,33.6351,2026-04-08,54
600668.SH,尖峰集团,7.35,11.0707,33.6086,2026-04-23,43
600501.SH,航天晨光,15.45,23.2654,33.5924,2026-05-14,31
002777.SZ,久远银海,11.94,17.9796,33.5915,2026-03-11,73
920184.BJ,国源科技,12.43,18.7163,33.5872,2026-02-26,82
300148.SZ,天舟文化,3.08,4.6364,33.5697,2026-03-02,80
300674.SZ,宇信科技,15.11,22.7433,33.563,2026-01-20,103
603238.SH,诺邦股份,11.31,17.0234,33.5619,2026-03-17,69
601965.SH,中国汽研,11.68,17.5687,33.518,2026-03-17,69
920422.BJ,润普食品,8.61,12.9454,33.4897,2026-01-26,99
920950.BJ,迅安科技,12.28,18.4624,33.4866,2026-01-26,99
301101.SZ,明月镜片,26.69,40.119,33.4728,2026-01-16,105
688695.SH,中创股份,18.59,27.9386,33.4613,2025-11-19,145
000061.SZ,农产品,5.31,7.9786,33.4473,2026-03-26,62
300698.SZ,万马科技,27.76,41.7051,33.4374,2026-04-23,43
920703.BJ,广厦环能,9.83,14.7504,33.3579,2025-09-12,187
002163.SZ,海南发展,8.44,12.6643,33.3559,2026-05-14,31
920242.BJ,建邦科技,13.95,20.9312,33.3532,2025-11-10,152
688085.SH,三友医疗,11.41,17.1191,33.3492,2026-05-13,32
300229.SZ,拓尔思,13.66,20.4938,33.3456,2026-03-11,73
000536.SZ,华映科技,3.13,4.6958,33.3447,2026-03-17,69
300484.SZ,蓝海华腾,12.95,19.4205,33.318,2025-10-13,172
000705.SZ,浙江震元,5.99,8.9797,33.2937,2026-04-09,53
600161.SH,天坛生物,11.41,17.1028,33.2859,2025-08-06,214
600860.SH,京城股份,8.05,12.0592,33.2458,2026-03-20,66
002383.SZ,合众思壮,6.66,9.9767,33.2443,2026-03-20,66
002809.SZ,红墙股份,7.66,11.4735,33.2373,2026-03-20,66
600515.SH,海南机场,2.72,4.074,33.2345,2026-03-02,80
920475.BJ,三友科技,11.89,17.8083,33.2333,2025-09-26,177
600839.SH,四川长虹,6.36,9.5234,33.2173,2026-03-02,80
002315.SZ,焦点科技,22.72,34.0161,33.2081,2026-03-02,80
300543.SZ,朗科智能,7.25,10.8544,33.2068,2026-03-02,80
300168.SZ,万达信息,4.46,6.6762,33.1951,2026-01-16,105
002395.SZ,双象股份,11.9,17.8126,33.1934,2026-05-19,28
688613.SH,奥精医疗,14.08,21.0666,33.1645,2026-05-08,35
605388.SH,均瑶健康,4.9,7.3309,33.1597,2026-04-23,43
603366.SH,日出东方,6.28,9.3947,33.1541,2026-03-30,60
603809.SH,豪能股份,8.64,12.9252,33.1541,2026-01-26,99
300369.SZ,绿盟科技,5.27,7.8826,33.1435,2026-04-28,40
920790.BJ,联迪信息,24.38,36.4629,33.1376,2026-01-15,106
600808.SH,马钢股份,2.51,3.7537,33.1323,2026-05-12,33
002905.SZ,金逸影视,6.84,10.2228,33.0905,2026-04-03,56
300355.SZ,蒙草生态,2.7,4.0348,33.0822,2026-03-02,80
920533.BJ,骏创科技,19.83,29.6284,33.0709,2025-10-16,169
601238.SH,广汽集团,5.06,7.5558,33.0313,2026-03-02,80
300916.SZ,朗特智能,22.77,33.9997,33.0288,2026-06-01,19
600376.SH,首开股份,3.2,4.7781,33.0275,2026-05-28,21
002086.SZ,东方海洋,1.63,2.4332,33.0111,2025-11-21,143
603367.SH,辰欣药业,12.45,18.5848,33.0098,2026-01-29,96
600706.SH,曲江文旅,6.85,10.2254,33.0097,2026-03-02,80
920906.BJ,舜宇精工,17.53,26.1652,33.0026,2026-03-02,80
301192.SZ,泰祥股份,19.15,28.5804,32.9961,2026-04-09,53
600223.SH,福瑞达,4.96,7.402,32.991,2025-11-26,140
300515.SZ,三德科技,13.18,19.6403,32.893,2026-03-12,72
920245.BJ,威博液压,13.5,20.1144,32.884,2025-09-23,180
000856.SZ,冀东装备,7.17,10.6816,32.8754,2026-04-17,47
000876.SZ,新希望,6.08,9.057,32.8696,2025-11-21,143
688276.SH,百克生物,13.58,20.2228,32.8479,2025-11-17,147
301586.SZ,佳力奇,32.83,48.8831,32.8398,2026-03-03,79
300579.SZ,数字认证,20.72,30.8463,32.8282,2026-03-02,80
603927.SH,中科软,12.52,18.6366,32.8203,2026-01-26,99
920579.BJ,机科股份,16.24,24.1695,32.8078,2026-01-15,106
920541.BJ,铁大科技,9.47,14.0933,32.8048,2025-11-17,147
002320.SZ,海峡股份,6.42,9.5507,32.7801,2026-03-20,66
301335.SZ,天元宠物,19.48,28.9687,32.7551,2026-01-29,96
000796.SZ,凯撒旅业,3.81,5.665,32.7449,2026-04-17,47
300310.SZ,宜通世纪,4.19,6.2294,32.7379,2026-05-22,25
601929.SH,吉视传媒,2.23,3.3154,32.7373,2026-05-20,27
920866.BJ,绿亨科技,5.86,8.7091,32.7139,2025-10-14,171
002651.SZ,利君股份,7.38,10.9653,32.6969,2026-03-03,79
301270.SZ,汉仪股份,25.52,37.9083,32.6796,2026-03-02,80
300595.SZ,欧普康视,10.36,15.3887,32.6778,2026-01-27,98
600657.SH,信达地产,2.38,3.5348,32.6695,2025-09-18,183
920371.BJ,欧福蛋业,6.97,10.3496,32.6542,2026-03-05,77
002570.SZ,贝因美,4.07,6.0423,32.6418,2026-03-04,78
002869.SZ,金溢科技,16.41,24.3572,32.6276,2026-04-07,55
002307.SZ,北新路桥,3.14,4.6594,32.6099,2026-04-21,45
920527.BJ,夜光明,12.34,18.3058,32.5897,2026-01-23,100
002766.SZ,索菱股份,3.58,5.3105,32.5861,2026-05-26,23
601956.SH,东贝集团,4.57,6.7787,32.5831,2026-03-19,67
002769.SZ,普路通,6.61,9.8039,32.5776,2026-05-12,33
688393.SH,安必平,17.59,26.0797,32.553,2026-01-27,98
002197.SZ,证通电子,5.73,8.4944,32.5435,2026-05-12,33
600252.SH,中恒集团,1.77,2.6237,32.5375,2026-01-28,97
600882.SH,妙可蓝多,16.22,24.0356,32.5169,2026-01-13,108
000665.SZ,湖北广电,3.67,5.4372,32.5025,2026-02-13,85
002017.SZ,东信和平,14.7,21.7748,32.4908,2026-03-20,66
920198.BJ,微创光电,7.04,10.4273,32.4848,2025-10-22,165
000860.SZ,顺鑫农业,9.76,14.4557,32.4833,2025-08-27,199
603528.SH,多伦科技,5.95,8.8087,32.453,2026-03-12,72
603878.SH,武进不锈,5.3,7.8451,32.4417,2026-05-19,28
300683.SZ,海特生物,23.33,34.5308,32.4371,2026-05-20,27
003002.SZ,壶化股份,17.93,26.5338,32.4259,2026-05-12,33
002622.SZ,皓宸医疗,2.08,3.078,32.4245,2026-01-28,97
002846.SZ,英联股份,10.87,16.0853,32.4227,2026-05-07,36
300094.SZ,国联水产,2.45,3.6252,32.4168,2026-02-27,81
300796.SZ,贝斯美,6.38,9.4383,32.4033,2026-03-16,70
603101.SH,汇嘉时代,6.22,9.1987,32.382,2026-05-08,35
002153.SZ,石基信息,7.03,10.3951,32.3722,2026-05-12,33
002238.SZ,天威视讯,5.53,8.1758,32.3612,2026-02-24,84
002355.SZ,兴民智通,4.29,6.3423,32.3591,2026-05-18,29
920061.BJ,西磁科技,21.63,31.9763,32.3562,2025-10-16,169
600126.SH,杭钢股份,6.01,8.8843,32.3524,2026-05-14,31
688579.SH,地纬智能,7.61,11.2492,32.3506,2026-04-17,47
300427.SZ,红相股份,6.55,9.677,32.314,2026-05-26,23
920504.BJ,博迅生物,16.75,24.7461,32.3127,2026-02-05,91
000858.SZ,五粮液,73.17,108.0937,32.3087,2025-09-12,187
600720.SH,中交设计,4.91,7.2531,32.305,2025-07-23,224
600774.SH,汉商集团,6.33,9.3499,32.2989,2026-03-17,69
002321.SZ,华英农业,1.66,2.4518,32.2946,2025-12-09,131
300925.SZ,法本信息,14.65,21.6306,32.2717,2026-01-19,104
600611.SH,大众交通,3.79,5.5958,32.2707,2026-05-26,23
002659.SZ,凯文教育,3.72,5.4921,32.2661,2026-03-19,67
300910.SZ,瑞丰新材,27.55,40.6599,32.2428,2026-03-03,79
001328.SZ,登康口腔,25.08,37.0127,32.2396,2026-02-25,83
002544.SZ,普天科技,18.0,26.5578,32.2234,2026-05-14,31
300859.SZ,西域旅游,25.02,36.912,32.2172,2026-02-11,87
002707.SZ,众信旅游,4.83,7.1232,32.1938,2026-02-24,84
300612.SZ,宣亚国际,10.7,15.7768,32.1789,2026-03-19,67
920454.BJ,同心传动,11.47,16.9083,32.1633,2026-01-13,108
300213.SZ,佳讯飞鸿,6.08,8.9616,32.155,2026-03-02,80
920819.BJ,颖泰生物,2.67,3.9354,32.1543,2026-02-02,94
002027.SZ,分众传媒,4.76,7.0157,32.1522,2026-02-26,82
300479.SZ,神思电子,13.28,19.573,32.1513,2026-03-20,66
300789.SZ,唐源电气,16.7,24.6116,32.1459,2026-01-20,103
920978.BJ,开特股份,20.46,30.1479,32.1346,2026-03-02,80
920970.BJ,大禹生物,5.68,8.3662,32.1081,2025-11-18,146
600661.SH,昂立教育,6.98,10.2802,32.1022,2026-03-02,80
301190.SZ,善水科技,16.06,23.6531,32.1021,2026-05-18,29
605169.SH,洪通燃气,8.94,13.1635,32.085,2026-05-21,26
600088.SH,中视传媒,10.95,16.123,32.0848,2026-05-19,28
300781.SZ,因赛集团,25.96,38.2227,32.0822,2026-03-11,73
002269.SZ,美邦服饰,1.32,1.9433,32.075,2025-12-01,137
688429.SH,时创能源,9.98,14.6903,32.0641,2026-04-21,45
301268.SZ,铭利达,14.0,20.6053,32.0562,2026-05-22,25
920110.BJ,雷特科技,24.3,35.7572,32.0417,2026-03-06,76
300869.SZ,康泰医学,10.3,15.1551,32.036,2026-02-12,86
002614.SZ,奥佳华,4.42,6.5034,32.0356,2026-03-02,80
002251.SZ,步步高,3.4,5.0024,32.0332,2026-02-06,90
000948.SZ,南天信息,11.82,17.3844,32.0081,2026-01-15,106
000561.SZ,烽火电子,7.25,10.662,32.0012,2026-03-17,69
603185.SH,弘元绿能,15.9,23.3794,31.9914,2026-04-29,39
688062.SH,迈威生物,25.82,37.9658,31.9914,2026-05-12,33
301050.SZ,雷电微力,32.85,48.3002,31.9879,2026-04-21,45
920122.BJ,中纺标,23.99,35.266,31.9741,2025-07-16,229
600318.SH,新力金融,6.04,8.8782,31.968,2026-03-12,72
300755.SZ,华致酒行,11.68,17.1677,31.9653,2026-05-20,27
002625.SZ,光启技术,30.0,44.0891,31.956,2026-03-12,72
000735.SZ,罗牛山,4.79,7.038,31.9404,2026-04-21,45
920871.BJ,派特尔,10.65,15.6473,31.9371,2026-01-26,99
301367.SZ,瑞迈特,38.71,56.866,31.9277,2026-02-12,86
002459.SZ,晶澳科技,7.9,11.6026,31.912,2026-03-30,60
002385.SZ,大北农,2.71,3.9799,31.9075,2026-03-20,66
603556.SH,海兴电力,21.32,31.3067,31.8996,2026-04-21,45
603273.SH,天元智能,12.67,18.6029,31.8924,2026-03-20,66
000716.SZ,黑芝麻,4.06,5.9608,31.8886,2026-06-02,18
605136.SH,丽人丽妆,7.14,10.4808,31.8757,2026-05-14,31
002178.SZ,延华智能,4.43,6.5026,31.873,2026-03-19,67
300036.SZ,超图软件,11.21,16.4534,31.8683,2026-03-20,66
300324.SZ,旋极信息,3.72,5.46,31.8681,2026-03-20,66
000503.SZ,国新健康,6.36,9.3346,31.8667,2026-01-16,105
300169.SZ,天晟新材,4.77,6.9993,31.8501,2025-08-28,193
600859.SH,王府井,9.27,13.6,31.8385,2026-02-13,85
300678.SZ,中科信息,21.72,31.8593,31.8252,2026-02-24,84
603636.SH,南威软件,7.92,11.6162,31.8196,2026-05-20,27
300956.SZ,英力股份,11.25,16.5001,31.8187,2026-06-04,16
301539.SZ,宏鑫科技,13.25,19.4322,31.8143,2026-03-19,67
601933.SH,永辉超市,3.03,4.4435,31.8108,2026-01-14,107
920556.BJ,雅达股份,7.09,10.3967,31.8051,2026-03-13,71
600540.SH,新赛股份,3.33,4.8813,31.7802,2026-06-04,16
300266.SZ,兴源环境,1.77,2.5943,31.774,2026-03-31,59
300563.SZ,神宇股份,24.73,36.247,31.7736,2026-01-27,98
688573.SH,信宇人,17.2,25.2072,31.7655,2026-01-27,98
300086.SZ,康芝药业,5.63,8.2481,31.742,2026-04-16,48
001391.SZ,国货航,4.15,6.0796,31.7391,2026-01-09,110
920570.BJ,坤博精工,24.56,35.9785,31.737,2026-01-28,97
000816.SZ,智慧农业,2.27,3.3253,31.7351,2026-03-20,66
688302.SH,海创药业,33.06,48.4252,31.7297,2026-01-28,97
000818.SZ,航锦科技,13.97,20.4606,31.7223,2026-03-20,66
605050.SH,福然德,9.52,13.9417,31.7156,2026-04-02,57
601519.SH,大智慧,8.64,12.6484,31.6912,2026-03-02,80
002612.SZ,朗姿股份,11.31,16.5502,31.6623,2026-03-02,80
002847.SZ,盐津铺子,44.84,65.6064,31.653,2026-02-06,90
002892.SZ,科力尔,8.78,12.8416,31.6287,2025-10-30,159
002530.SZ,金财互联,6.84,10.0022,31.615,2026-01-30,95
688095.SH,福昕软件,55.8,81.5609,31.5848,2026-05-20,27
688522.SH,纳睿雷达,19.46,28.4413,31.5785,2026-01-26,99
920378.BJ,泰德股份,7.02,10.2536,31.5365,2025-09-26,177
605577.SH,龙版传媒,8.9,12.9929,31.5012,2026-04-02,57
605068.SH,明新旭腾,17.2,25.109,31.4987,2026-05-29,20
300760.SZ,迈瑞医疗,133.98,195.5572,31.4881,2025-10-13,172
003038.SZ,鑫铂股份,11.19,16.3287,31.4703,2026-03-02,80
002940.SZ,昂利康,26.05,38.0012,31.4496,2026-05-25,24
300514.SZ,友讯达,9.24,13.4783,31.4451,2026-03-19,67
920237.BJ,力佳科技,14.6,21.2957,31.4415,2026-01-28,97
688698.SH,伟创电气,49.19,71.7353,31.4284,2026-05-29,20
300384.SZ,三联虹普,11.3,16.4774,31.4213,2026-03-17,69
002373.SZ,千方科技,7.18,10.4684,31.4125,2026-03-17,69
603280.SH,南方路机,25.56,37.2662,31.4124,2026-04-09,53
600327.SH,大东方,3.15,4.5912,31.3908,2026-01-29,96
002640.SZ,跨境通,3.1,4.5182,31.388,2026-01-15,106
920433.BJ,大唐药业,4.31,6.2814,31.3843,2025-09-19,182
688656.SH,浩欧博,98.0,142.7781,31.362,2026-05-13,32
301036.SZ,双乐股份,22.23,32.385,31.3571,2025-12-26,118
600250.SH,南京商旅,7.78,11.3321,31.3456,2026-04-22,44
600782.SH,新钢股份,2.48,3.6123,31.3456,2026-03-16,70
301038.SZ,深水规院,16.16,23.5359,31.339,2026-03-19,67
300987.SZ,川网传媒,12.32,17.9379,31.3187,2026-03-19,67
002329.SZ,皇氏集团,2.65,3.8578,31.3087,2026-06-05,15
300025.SZ,华星创业,4.19,6.0988,31.298,2025-02-18,330
600560.SH,金自天正,11.0,16.0079,31.2838,2026-03-02,80
000069.SZ,华侨城A,1.63,2.3714,31.2654,2026-03-16,70
000566.SZ,海南海药,4.13,6.0086,31.2652,2026-02-26,82
002252.SZ,上海莱士,4.31,6.2691,31.2497,2025-08-27,199
300459.SZ,汤姆猫,3.31,4.8142,31.2445,2026-01-16,105
002862.SZ,实丰文化,12.82,18.6458,31.2444,2026-05-13,32
300922.SZ,天秦装备,16.31,23.7215,31.244,2026-06-11,11
603381.SH,永臻股份,15.39,22.3774,31.2251,2026-05-25,24
002724.SZ,海洋王,4.82,7.0058,31.1998,2026-03-23,65
603586.SH,金麒麟,12.36,17.9581,31.173,2026-06-16,8
002121.SZ,科陆电子,5.28,7.671,31.1697,2026-06-02,18
002482.SZ,广田集团,1.2,1.7434,31.1674,2026-03-02,80
605077.SH,华康股份,11.05,16.0435,31.1247,2026-06-03,17
002526.SZ,山东矿机,2.54,3.6866,31.1012,2026-03-09,75
600609.SH,金杯汽车,3.16,4.5863,31.0999,2025-06-13,252
300153.SZ,科泰电源,22.33,32.4084,31.0982,2026-05-14,31
002095.SZ,生意宝,12.77,18.5325,31.0941,2026-03-02,80
688015.SH,交控科技,15.19,22.0364,31.0685,2026-04-28,40
600197.SH,伊力特,9.52,13.8098,31.0634,2025-10-16,169
300220.SZ,金运激光,10.6,15.3758,31.0603,2025-12-02,136
605500.SH,森林包装,6.28,9.1089,31.0567,2026-05-29,20
605009.SH,豪悦护理,22.47,32.5883,31.0489,2025-11-20,144
300723.SZ,一品红,32.51,47.1425,31.0388,2025-12-15,127
300774.SZ,倍杰特,10.82,15.6874,31.0272,2026-05-27,22
920519.BJ,万德股份,8.9,12.9019,31.018,2026-03-04,78
300176.SZ,鸿特科技,4.8,6.9568,31.0026,2026-04-29,39
600728.SH,佳都科技,4.23,6.1302,30.9978,2026-03-19,67
301296.SZ,新巨丰,5.93,8.593,30.9903,2025-09-22,181
002755.SZ,奥赛康,12.5,18.1129,30.9883,2026-01-15,106
002148.SZ,北纬科技,5.88,8.5161,30.9541,2026-03-02,80
300783.SZ,三只松鼠,15.61,22.6068,30.95,2025-08-28,198
301033.SZ,迈普医学,45.16,65.3867,30.934,2026-03-17,69
600850.SH,电科数字,14.55,21.0635,30.9232,2026-03-13,71
003020.SZ,立方制药,14.66,21.2193,30.912,2026-02-26,82
000995.SZ,皇台酒业,9.65,13.9663,30.9052,2026-05-28,21
600746.SH,江苏索普,5.26,7.6105,30.8852,2026-05-12,33
000877.SZ,天山股份,3.71,5.3675,30.88,2026-02-02,94
688111.SH,金山办公,200.03,289.3142,30.8606,2026-02-13,85
688303.SH,大全能源,17.46,25.2496,30.8504,2026-02-05,91
002110.SZ,三钢闽光,2.84,4.107,30.8491,2026-03-18,68
002790.SZ,瑞尔特,5.43,7.8522,30.8478,2026-04-09,53
300722.SZ,新余国科,22.12,31.9806,30.8331,2026-03-11,73
920252.BJ,天宏锂电,18.44,26.6555,30.821,2026-05-14,31
002692.SZ,远程股份,3.7,5.3475,30.8089,2026-05-20,27
600771.SH,广誉远,12.71,18.3692,30.8082,2025-12-02,136
605188.SH,国光连锁,11.87,17.1543,30.8045,2026-04-23,43
689009.SH,九号公司,37.52,54.1903,30.7625,2025-12-26,118
600048.SH,保利发展,4.75,6.8598,30.7561,2025-04-23,285
000555.SZ,神州信息,10.56,15.2473,30.7418,2026-04-24,42
301311.SZ,昆船智能,13.08,18.8822,30.7284,2026-03-03,79
002139.SZ,拓邦股份,9.1,13.1349,30.7189,2026-01-26,99
920204.BJ,沪江材料,13.13,18.9447,30.6931,2025-09-23,180
002362.SZ,汉王科技,15.01,21.6503,30.6706,2026-01-19,104
300528.SZ,幸福蓝海,12.85,18.5345,30.6699,2026-04-22,44
300314.SZ,戴维医疗,9.03,13.0237,30.665,2026-03-20,66
300318.SZ,博晖创新,4.18,6.028,30.6569,2026-03-19,67
600873.SH,梅花生物,7.36,10.6126,30.6485,2026-04-22,44
301413.SZ,安培龙,65.18,93.9599,30.63,2026-05-29,20
600825.SH,新华传媒,4.47,6.4428,30.6203,2026-02-12,86
600281.SH,华阳新材,4.25,6.1246,30.6082,2026-03-16,70
300533.SZ,冰川网络,15.86,22.8522,30.5976,2026-03-03,79
603883.SH,老百姓,10.99,15.8325,30.5859,2025-09-02,195
688185.SH,康希诺,47.9,68.9977,30.5774,2026-04-21,45
600072.SH,中船科技,8.55,12.3156,30.5761,2026-05-25,24
688435.SH,英方软件,29.55,42.5495,30.5515,2026-06-02,18
300793.SZ,佳禾智能,11.31,16.2797,30.5271,2026-01-26,99
688466.SH,金科环境,13.05,18.781,30.5147,2026-05-12,33
301622.SZ,英思特,49.5,71.234,30.5107,2025-12-12,128
603081.SH,大丰实业,8.64,12.4329,30.507,2026-05-18,29
002548.SZ,金新农,3.51,5.0504,30.5,2026-05-12,33
002278.SZ,神开股份,7.67,11.0359,30.4998,2026-05-12,33
688151.SH,华强科技,14.79,21.2695,30.4638,2026-04-23,43
603863.SH,松炀资源,13.0,18.6924,30.4532,2026-05-18,29
600679.SH,上海凤凰,8.71,12.5229,30.4473,2026-01-27,98
920665.BJ,科强股份,9.36,13.4573,30.4469,2026-01-30,95
002469.SZ,三维化学,5.67,8.1491,30.4218,2026-04-17,47
300157.SZ,新锦动力,3.7,5.3158,30.3967,2026-05-21,26
002923.SZ,润都股份,9.32,13.3895,30.3931,2026-04-29,39
300500.SZ,启迪设计,8.99,12.9149,30.3904,2026-03-02,80
603313.SH,梦百合,5.86,8.4178,30.3856,2026-03-19,67
920230.BJ,欧康医药,9.51,13.6587,30.3741,2025-11-04,156
300822.SZ,贝仕达克,11.62,16.6891,30.3737,2025-09-03,194
002379.SZ,宏桥控股,14.87,21.3507,30.3537,2026-06-03,17
002868.SZ,绿康生化,22.48,32.2767,30.3523,2026-05-26,23
002187.SZ,广百股份,4.69,6.7313,30.3253,2026-03-02,80
002829.SZ,星网宇达,17.05,24.4677,30.3162,2026-06-01,19
600138.SH,中青旅,6.58,9.4406,30.3007,2026-02-24,84
301277.SZ,新天地,8.7,12.4809,30.2937,2026-01-27,98
002835.SZ,同为股份,11.37,16.3111,30.2928,2025-09-18,183
002670.SZ,国盛证券,11.3,16.2073,30.2784,2026-02-26,82
603707.SH,健友股份,6.84,9.8062,30.2479,2025-04-07,297
300772.SZ,运达股份,11.75,16.8452,30.247,2026-05-20,27
002096.SZ,易普力,9.01,12.9134,30.2273,2026-03-20,66
300510.SZ,金冠股份,3.12,4.4716,30.2269,2026-03-30,60
920870.BJ,恒进感应,12.15,17.4134,30.226,2026-01-26,99
300813.SZ,泰林生物,18.35,26.2969,30.2199,2026-04-29,39
920427.BJ,华维设计,10.02,14.3585,30.2155,2026-06-04,16
000888.SZ,峨眉山A,8.98,12.8657,30.202,2026-03-23,65
300278.SZ,华昌达,3.78,5.4151,30.1955,2026-01-30,95
600217.SH,中再资环,2.86,4.0962,30.1785,2025-04-07,297
600279.SH,重庆港,3.71,5.313,30.1708,2026-06-09,13
000557.SZ,西部创业,3.48,4.9835,30.1698,2026-02-02,94
300035.SZ,中科电气,14.19,20.3147,30.1491,2026-05-12,33
000712.SZ,锦龙股份,8.71,12.4692,30.1477,2025-11-21,143
300039.SZ,上海凯宝,4.18,5.9826,30.1306,2026-03-19,67
301616.SZ,浙江华业,33.71,48.2387,30.1183,2026-04-23,43
002184.SZ,海得控制,9.15,13.0916,30.1076,2026-01-28,97
000812.SZ,陕西金叶,3.13,4.4781,30.1041,2026-01-28,97
002092.SZ,中泰化学,3.77,5.3929,30.0935,2026-05-19,28
688617.SH,惠泰医疗,181.27,259.2265,30.0727,2025-11-14,148
002596.SZ,海南瑞泽,2.94,4.2044,30.0726,2026-03-09,75
300056.SZ,中创环保,7.67,10.9679,30.0685,2026-05-18,29
600712.SH,南宁百货,4.57,6.5346,30.065,2026-03-17,69
002852.SZ,道道全,7.2,10.2945,30.0594,2026-03-20,66
688298.SH,东方生物,17.47,24.9764,30.0541,2026-05-12,33
688161.SH,威高骨科,20.17,28.8274,30.0318,2026-05-08,35
600570.SH,恒生电子,20.96,29.9538,30.0255,2026-02-02,94
600463.SH,空港股份,7.7,11.0037,30.0237,2026-05-14,31
002130.SZ,沃尔核材,17.77,25.3931,30.0205,2026-04-24,42
301258.SZ,富士莱,22.8,32.5776,30.0132,2026-04-09,53
000501.SZ,武商集团,6.5,9.2847,29.9925,2026-03-02,80
002743.SZ,富煌钢构,3.92,5.5993,29.991,2026-03-17,69
001201.SZ,东瑞股份,10.42,14.8818,29.9818,2025-11-21,143
600073.SH,光明肉业,4.63,6.6124,29.9799,2025-10-13,172
600828.SH,茂业商业,3.49,4.9842,29.9793,2026-06-08,14
603628.SH,清源股份,9.32,13.3089,29.9719,2026-04-24,42
300884.SZ,狄耐克,9.6,13.7081,29.9686,2026-03-23,65
002268.SZ,电科网安,12.37,17.6634,29.9682,2026-03-20,66
300423.SZ,昇辉科技,5.48,7.8241,29.9602,2026-05-14,31
601633.SH,长城汽车,15.1,21.5587,29.9586,2025-10-13,172
002920.SZ,德赛西威,78.9,112.6443,29.9565,2026-03-19,67
688091.SH,上海谊众,38.87,55.4934,29.9557,2026-05-28,21
301263.SZ,泰恩康,18.05,25.7683,29.9528,2026-03-03,79
300660.SZ,江苏雷利,25.98,37.0875,29.9495,2026-05-27,22
002840.SZ,华统股份,7.31,10.4347,29.9454,2026-05-18,29
920679.BJ,前进科技,14.11,20.1403,29.9415,2026-02-10,88
002889.SZ,东方嘉盛,10.28,14.6724,29.9364,2026-01-27,98
000936.SZ,华西股份,5.27,7.5213,29.9323,2026-05-19,28
300549.SZ,优德精密,13.05,18.6196,29.9124,2026-03-02,80
601089.SH,福元医药,15.64,22.3115,29.9015,2026-04-23,43
688132.SH,邦彦技术,12.95,18.4731,29.898,2026-03-03,79
688088.SH,虹软科技,33.38,47.6131,29.8933,2026-03-02,80
000702.SZ,正虹科技,4.93,7.0312,29.8843,2025-11-20,144
300624.SZ,万兴科技,51.01,72.7415,29.8749,2026-04-21,45
002742.SZ,冀衡医药,3.26,4.6483,29.8665,2026-05-18,29
300614.SZ,百川畅银,9.77,13.9302,29.8646,2026-05-12,33
600192.SH,长城电工,6.59,9.3953,29.8584,2026-03-26,62
000757.SZ,浩物股份,3.47,4.9462,29.8446,2026-03-20,66
000980.SZ,众泰汽车,2.02,2.8793,29.8445,2026-03-09,75
300830.SZ,金现代,7.85,11.1869,29.8288,2026-05-21,26
600439.SH,瑞贝卡,2.03,2.8921,29.8093,2025-07-28,221
000707.SZ,双环科技,4.36,6.2109,29.8006,2026-03-18,68
000058.SZ,深赛格,6.13,8.7318,29.797,2026-03-02,80
002366.SZ,融发核电,5.43,7.734,29.7909,2026-05-14,31
000882.SZ,华联股份,1.33,1.8943,29.7901,2025-12-22,122
002036.SZ,联创电子,7.25,10.3259,29.7883,2026-05-27,22
002683.SZ,广东宏大,27.5,39.1649,29.784,2026-05-14,31
301339.SZ,通行宝,10.28,14.6385,29.7743,2026-01-15,106
920685.BJ,新芝生物,10.08,14.3497,29.7545,2026-01-29,96
601003.SH,柳钢股份,3.41,4.8542,29.7519,2026-03-20,58
000560.SZ,我爱我家,2.1,2.9892,29.7471,2026-05-15,30
600085.SH,同仁堂,22.39,31.8657,29.7364,2025-08-27,199
605555.SH,德昌股份,11.7,16.6502,29.7304,2026-03-02,76
002172.SZ,澳洋健康,2.85,4.0543,29.7046,2026-03-31,59
603983.SH,丸美生物,23.25,33.0734,29.7018,2025-10-20,167
002117.SZ,东港股份,7.82,11.1234,29.6978,2026-01-15,106
300253.SZ,卫宁健康,6.57,9.3443,29.6896,2026-03-03,79
300809.SZ,华辰装备,26.71,37.9864,29.6853,2026-05-29,20
301318.SZ,维海德,20.16,28.6676,29.6768,2026-02-11,87
300886.SZ,华业香料,19.93,28.3375,29.6692,2026-05-20,27
300603.SZ,立昂技术,7.59,10.7916,29.6673,2026-05-25,24
002474.SZ,榕基软件,5.67,8.0582,29.6369,2026-05-21,26
300711.SZ,广哈通信,16.0,22.736,29.6271,2026-04-28,40
600737.SH,中粮糖业,10.35,14.7071,29.6258,2026-06-05,15
688157.SH,松井股份,24.83,35.2828,29.6257,2026-05-12,33
002016.SZ,世荣兆业,4.03,5.7259,29.6186,2026-04-15,49
000633.SZ,合金投资,4.8,6.8187,29.6056,2026-05-11,34
002562.SZ,兄弟科技,4.39,6.2357,29.5985,2026-04-02,57
600622.SH,光大嘉宝,2.0,2.8407,29.5953,2025-12-08,132
920663.BJ,明阳科技,12.76,18.1224,29.5899,2025-11-19,145
605368.SH,蓝天燃气,6.15,8.7312,29.5632,2026-03-04,78
002434.SZ,万里扬,5.98,8.4897,29.5619,2026-03-16,70
600480.SH,凌云股份,8.12,11.5262,29.5516,2026-05-18,29
688317.SH,之江生物,15.09,21.4107,29.5212,2026-06-01,19
301398.SZ,星源卓镁,34.13,48.4213,29.5145,2026-05-12,33
002038.SZ,双鹭药业,5.07,7.1927,29.5116,2026-04-23,43
002779.SZ,中坚科技,70.26,99.6664,29.5048,2026-02-27,81
600876.SH,凯盛新能,7.3,10.3552,29.5043,2026-03-31,59
300638.SZ,广和通,19.0,26.9512,29.5022,2026-03-03,79
300299.SZ,富春股份,4.79,6.7932,29.4879,2026-03-02,80
300876.SZ,蒙泰高新,14.83,21.0296,29.4802,2026-05-25,24
002098.SZ,浔兴股份,6.51,9.2306,29.4734,2026-03-19,67
688208.SH,道通科技,24.29,34.4371,29.4657,2026-05-28,21
000963.SZ,华东医药,26.41,37.44,29.4604,2026-01-14,107
000607.SZ,华媒控股,3.09,4.3802,29.4559,2026-03-03,79
603613.SH,国联股份,18.68,26.4788,29.4529,2026-05-20,27
002873.SZ,新天药业,7.27,10.3041,29.4453,2026-04-10,52
300719.SZ,安达维尔,11.88,16.8376,29.4434,2026-03-19,67
603214.SH,爱婴室,12.17,17.2454,29.4306,2025-09-11,188
002959.SZ,小熊电器,30.8,43.6315,29.4087,2026-03-27,61
601966.SH,玲珑轮胎,10.18,14.4181,29.3943,2026-03-02,80
001217.SZ,华尔泰,8.62,12.2084,29.3928,2026-03-20,66
603030.SH,全筑股份,2.01,2.8464,29.3835,2026-05-21,26
001380.SZ,华纬科技,15.65,22.1612,29.3811,2026-03-02,80
300952.SZ,恒辉安防,17.14,24.269,29.375,2026-06-01,19
600643.SH,爱建集团,3.8,5.3804,29.3738,2026-01-16,105
300994.SZ,久祺股份,10.84,15.3481,29.3725,2026-04-01,58
600802.SH,福建水泥,4.19,5.9316,29.3614,2026-05-12,33
301636.SZ,泽润新能,41.93,59.3469,29.3476,2026-05-27,22
002209.SZ,达意隆,10.5,14.8561,29.322,2026-05-06,37
002949.SZ,华阳国际,9.93,14.0428,29.2877,2026-05-14,31
603615.SH,茶花股份,16.19,22.8935,29.2813,2026-02-04,92
300032.SZ,金龙机电,3.75,5.3023,29.2757,2026-05-08,35
002900.SZ,哈三联,9.24,13.0638,29.2704,2026-01-27,98
600503.SH,华丽家族,1.97,2.7846,29.2527,2026-06-04,16
002820.SZ,桂发祥,8.4,11.871,29.2391,2026-03-02,80
300965.SZ,恒宇信通,42.39,59.8835,29.2126,2026-05-29,20
600038.SH,中直股份,24.9,35.1664,29.1938,2026-03-11,73
920834.BJ,三维装备,9.88,13.9522,29.1868,2026-03-12,72
603585.SH,苏利股份,13.71,19.3582,29.1772,2026-04-30,38
002284.SZ,亚太股份,9.24,13.0456,29.1718,2026-05-14,31
300601.SZ,康泰生物,10.97,15.4865,29.1639,2026-01-29,96
002663.SZ,普邦股份,1.46,2.0606,29.1455,2026-05-26,23
002660.SZ,茂硕电源,6.57,9.2724,29.1449,2026-03-12,72
688399.SH,硕世生物,43.98,62.0495,29.1211,2026-05-18,29
002105.SZ,信隆健康,5.0,7.0539,29.117,2026-03-02,80
601800.SH,中国交建,5.78,8.1528,29.104,2025-08-29,197
301153.SZ,中科江南,16.05,22.6362,29.096,2026-04-24,42
600095.SH,湘财股份,7.57,10.6743,29.0821,2026-03-04,78
600658.SH,电子城,3.79,5.3442,29.0815,2026-05-15,30
002646.SZ,天佑德酒,6.36,8.9667,29.0711,2026-02-04,92
002180.SZ,奔图科技,14.55,20.501,29.0277,2025-08-29,197
600117.SH,西宁特钢,2.05,2.8879,29.0137,2026-03-19,67
688247.SH,宣泰医药,7.26,10.227,29.0113,2026-01-28,97
002165.SZ,红宝丽,6.5,9.1552,29.0024,2026-05-18,29
603193.SH,润本股份,18.34,25.8271,28.9893,2025-09-29,176
300463.SZ,迈克生物,8.11,11.4193,28.9798,2026-02-05,91
001395.SZ,亚联机械,23.65,33.2963,28.9711,2026-02-05,91
002302.SZ,西部建设,4.39,6.1783,28.9454,2026-03-19,67
300891.SZ,惠云钛业,6.53,9.19,28.9442,2026-03-20,66
300003.SZ,乐普医疗,11.37,15.9991,28.9337,2026-04-23,43
688078.SH,龙软科技,20.46,28.7851,28.9215,2025-11-19,145
002749.SZ,国光股份,7.96,11.1986,28.9195,2026-03-09,75
300254.SZ,仟源医药,7.94,11.1691,28.9109,2026-05-29,20
301062.SZ,上海艾录,5.88,8.2669,28.8726,2026-03-19,67
002624.SZ,完美世界,11.54,16.2239,28.8705,2026-05-14,31
600939.SH,重庆建工,2.35,3.3038,28.8689,2026-03-02,80
688058.SH,宝兰德,20.92,29.4053,28.8563,2026-05-20,27
300015.SZ,爱尔眼科,8.0,11.2441,28.8518,2025-09-12,187
000736.SZ,中交发展,3.68,5.1722,28.8498,2026-06-04,16
002020.SZ,京新药业,11.78,16.5557,28.8461,2026-04-03,56
002314.SZ,南山控股,1.98,2.7826,28.8446,2026-02-02,94
001376.SZ,百通能源,10.43,14.657,28.8394,2026-05-29,20
001277.SZ,速达股份,28.21,39.642,28.838,2026-03-12,72
300126.SZ,锐奇股份,5.86,8.2339,28.831,2026-05-12,33
002401.SZ,中远海科,11.71,16.4508,28.8182,2026-01-28,97
920833.BJ,美心翼申,13.01,18.2752,28.8106,2026-03-17,69
601155.SH,新城控股,10.42,14.6348,28.7997,2026-05-18,29
000801.SZ,四川九洲,10.96,15.3907,28.7882,2026-03-09,75
301558.SZ,三态股份,6.13,8.6076,28.7839,2026-03-02,80
600158.SH,中体产业,6.81,9.5602,28.7669,2026-06-05,15
003012.SZ,东鹏控股,4.39,6.1625,28.7628,2026-03-20,66
600408.SH,安泰集团,2.36,3.3127,28.7594,2026-06-09,13
603810.SH,丰山集团,11.24,15.7774,28.7589,2026-04-13,51
301199.SZ,迈赫股份,17.1,23.9993,28.7479,2026-03-02,80
300968.SZ,格林精密,9.82,13.7815,28.745,2026-01-15,106
300238.SZ,冠昊生物,10.92,15.3246,28.7418,2026-04-09,53
000829.SZ,天音控股,7.3,10.2442,28.7404,2026-05-18,29
300100.SZ,双林股份,27.28,38.2808,28.7372,2025-12-31,115
601279.SH,英利汽车,3.05,4.2797,28.7337,2026-04-01,58
003037.SZ,三和管桩,5.53,7.7592,28.7301,2026-03-11,73
300949.SZ,奥雅股份,20.15,28.2719,28.7279,2026-05-12,33
603477.SH,巨星农牧,13.23,18.5624,28.727,2025-10-17,168
920806.BJ,云星宇,9.77,13.7044,28.7089,2026-01-15,106
603210.SH,泰鸿万立,13.54,18.9907,28.7019,2026-04-20,46
300112.SZ,万讯自控,6.16,8.6398,28.7017,2026-03-12,72
000852.SZ,石化机械,5.04,7.0669,28.6814,2026-05-15,30
000514.SZ,渝开发,3.68,5.1597,28.6783,2026-03-02,80
300207.SZ,欣旺达,18.4,25.7967,28.6729,2026-05-14,31
002173.SZ,创新医疗,16.14,22.627,28.6692,2026-05-26,23
002551.SZ,尚荣医疗,2.7,3.7845,28.656,2026-03-19,67
600692.SH,亚通股份,5.53,7.7505,28.6496,2026-05-20,27
002427.SZ,尤夫股份,4.88,6.8392,28.6466,2026-03-20,66
000603.SZ,盛达资源,21.17,29.6663,28.6395,2026-06-16,8
688363.SH,华熙生物,33.92,47.5298,28.6342,2026-02-06,90
000913.SZ,钱江摩托,10.38,14.5412,28.6165,2026-04-02,57
920675.BJ,秉扬科技,7.91,11.0799,28.6094,2026-03-12,62
300399.SZ,天利科技,18.97,26.5718,28.6085,2026-03-02,80
000031.SZ,大悦城,2.17,3.0395,28.6062,2026-05-13,32
300534.SZ,陇神戎发,6.95,9.7341,28.6017,2026-03-11,73
300577.SZ,开润股份,14.79,20.7101,28.5856,2026-05-08,35
300713.SZ,英可瑞,12.65,17.7131,28.584,2026-05-21,26
920642.BJ,通易航天,11.21,15.6962,28.5816,2026-01-26,99
600303.SH,曙光股份,2.48,3.472,28.5706,2026-05-27,22
600822.SH,上海物贸,7.77,10.8774,28.5675,2026-03-02,80
002984.SZ,森麒麟,13.49,18.8825,28.558,2026-03-02,80
603215.SH,比依股份,14.0,19.5938,28.5488,2026-04-30,38
605339.SH,南侨食品,12.4,17.3531,28.5431,2026-03-11,73
002067.SZ,景兴纸业,3.66,5.1218,28.541,2026-05-28,21
300231.SZ,银信科技,7.92,11.0831,28.5399,2026-05-20,27
301001.SZ,凯淳股份,21.95,30.7162,28.5394,2026-03-12,72
002264.SZ,新华都,5.62,7.8644,28.5391,2026-05-15,30
600831.SH,广电网络,3.05,4.2676,28.5319,2026-05-26,23
000822.SZ,山东海化,4.1,5.7364,28.5266,2026-05-06,37
002345.SZ,潮宏基,8.71,12.1862,28.5256,2026-02-26,82
603106.SH,恒银科技,7.25,10.1433,28.524,2026-03-13,71
920694.BJ,中裕科技,13.72,19.1921,28.5122,2026-03-17,69
000635.SZ,英力特,6.28,8.7841,28.507,2026-03-30,60
300218.SZ,安利股份,11.71,16.3777,28.5002,2026-03-13,71
920002.BJ,万达轴承,54.4,76.0768,28.4933,2025-11-10,152
600846.SH,同济科技,9.07,12.682,28.4815,2026-05-21,26
600562.SH,国睿科技,19.97,27.9186,28.4706,2026-05-12,33
300967.SZ,晓鸣股份,14.13,19.7528,28.4657,2026-06-03,17
300651.SZ,金陵体育,17.72,24.7705,28.4632,2026-06-02,18
603677.SH,奇精机械,12.9,18.0305,28.4545,2025-12-11,129
600495.SH,晋西车轴,3.45,4.8218,28.4501,2026-04-03,56
300732.SZ,设研院,5.66,7.9084,28.4309,2026-05-12,33
688339.SH,亿华通,19.17,26.7851,28.4303,2026-05-15,30
920706.BJ,铁拓机械,17.41,24.324,28.4245,2026-04-23,43
300653.SZ,正海生物,14.07,19.657,28.4224,2026-03-02,80
300370.SZ,安控科技,2.02,2.8212,28.3993,2026-03-10,74
002405.SZ,四维图新,6.56,9.1617,28.3977,2026-05-29,20
920753.BJ,天纺标,16.37,22.8587,28.3862,2025-08-13,209
300315.SZ,掌趣科技,3.8,5.3052,28.3727,2026-03-13,71
603192.SH,汇得科技,16.79,23.434,28.352,2026-04-30,38
688819.SH,天能股份,21.52,30.0349,28.3499,2026-04-30,38
301383.SZ,天键股份,24.6,34.3302,28.343,2025-08-29,197
300777.SZ,中简科技,25.8,35.9984,28.3301,2026-05-27,22
300580.SZ,贝斯特,18.04,25.1708,28.3297,2026-06-10,12
920493.BJ,并行科技,108.0,150.6785,28.3242,2026-05-20,27
300365.SZ,恒华科技,4.57,6.3732,28.2935,2026-05-20,27
000565.SZ,渝三峡A,5.77,8.0454,28.2816,2026-03-19,67
301131.SZ,聚赛龙,32.57,45.4126,28.2798,2026-03-02,80
300007.SZ,汉威科技,34.79,48.4989,28.2665,2026-05-27,22
000617.SZ,中油资本,6.64,9.2548,28.2531,2026-05-12,33
001979.SZ,招商蛇口,6.54,9.1117,28.2241,2026-05-15,30
300226.SZ,上海钢联,15.33,21.3516,28.202,2026-05-14,31
000959.SZ,首钢股份,3.13,4.3594,28.2019,2026-05-13,32
300791.SZ,仙乐健康,15.94,22.1987,28.1941,2026-02-02,94
300981.SZ,中红医疗,9.5,13.2273,28.1791,2026-05-27,22
688070.SH,纵横股份,36.99,51.503,28.179,2026-03-20,66
920892.BJ,广咨国际,11.25,15.6638,28.1782,2026-03-02,80
002467.SZ,二六三,4.64,6.4602,28.1752,2026-05-21,26
301315.SZ,威士顿,38.28,53.2926,28.1701,2026-03-11,73
301600.SZ,慧翰股份,83.6,116.38,28.1663,2026-05-20,27
600416.SH,湘电股份,9.99,13.9067,28.1642,2026-03-19,67
002583.SZ,海能达,8.0,11.1364,28.1632,2026-01-13,108
600616.SH,金枫酒业,3.86,5.3732,28.1626,2026-02-12,86
688552.SH,航天南湖,27.51,38.2926,28.1585,2026-05-14,31
300962.SZ,中金辐照,12.05,16.7725,28.1563,2026-03-20,66
605337.SH,李子园,8.33,11.5923,28.1421,2026-02-12,86
920066.BJ,科拜尔,19.45,27.0656,28.1376,2025-11-10,152
603879.SH,永悦科技,4.42,6.1504,28.1352,2026-03-19,67
600594.SH,益佰制药,2.95,4.1044,28.1252,2026-05-12,33
002243.SZ,力合科创,6.55,9.1115,28.1131,2026-06-08,14
301255.SZ,通力科技,21.08,29.307,28.0719,2026-05-27,22
301112.SZ,信邦智能,27.96,38.8694,28.0667,2026-03-02,80
000819.SZ,岳阳兴长,11.8,16.4021,28.058,2026-05-15,30
300775.SZ,三角防务,21.46,29.8284,28.0551,2026-05-15,30
002088.SZ,鲁阳节能,7.96,11.0639,28.0542,2026-03-02,80
300138.SZ,晨光生物,8.94,12.4251,28.0486,2026-03-31,59
300471.SZ,厚普股份,8.81,12.244,28.0462,2026-04-29,39
300291.SZ,百纳千成,4.75,6.601,28.0416,2026-06-03,17
601949.SH,中国出版,4.69,6.5174,28.0383,2026-03-20,66
600880.SH,博瑞传播,3.7,5.1416,28.0375,2026-05-14,31
603180.SH,金牌家居,14.05,19.5235,28.0355,2026-03-19,67
300535.SZ,达威股份,13.7,19.0358,28.0302,2026-05-12,33
301505.SZ,苏州规划,16.11,22.3813,28.0204,2026-05-15,30
002400.SZ,省广集团,6.26,8.6958,28.0116,2026-05-20,27
603908.SH,牧高笛,17.35,24.0947,27.9924,2026-03-17,69
600983.SH,惠而浦,6.92,9.6093,27.9861,2026-04-24,42
603369.SH,今世缘,23.96,33.2599,27.9613,2025-08-27,199
600097.SH,开创国际,7.94,11.0214,27.9585,2026-03-30,60
600975.SH,新五丰,4.25,5.8981,27.9431,2025-11-21,143
600682.SH,南京新百,5.26,7.2997,27.9418,2026-04-10,52
002347.SZ,泰尔股份,5.82,8.0761,27.9358,2026-05-25,24
002161.SZ,远望谷,5.4,7.4929,27.932,2026-04-13,51
920974.BJ,凯大催化,6.1,8.4642,27.9318,2026-03-17,69
600613.SH,神奇制药,4.47,6.1995,27.8974,2026-04-09,53
300933.SZ,中辰股份,6.04,8.3766,27.8942,2026-05-26,23
000912.SZ,泸天化,3.26,4.5208,27.8895,2026-05-07,36
002568.SZ,百润股份,15.73,21.8127,27.8859,2025-10-29,160
002298.SZ,中电鑫龙,7.4,10.2612,27.884,2026-05-26,23
600794.SH,保税科技,2.9,4.0212,27.883,2025-11-19,145
301320.SZ,豪江智能,12.94,17.9405,27.8728,2026-03-17,69
600513.SH,联环药业,14.23,19.7248,27.8573,2026-05-22,25
600371.SH,万向德农,6.36,8.8149,27.8498,2026-03-19,67
301100.SZ,风光股份,14.23,19.7226,27.8493,2026-03-20,66
688500.SH,慧辰股份,44.82,62.1144,27.8428,2026-05-27,22
300589.SZ,江龙船艇,11.71,16.2284,27.8424,2026-05-14,31
000663.SZ,永安林业,5.13,7.109,27.8375,2026-03-31,59
300957.SZ,贝泰妮,30.17,41.8066,27.8344,2026-03-09,75
002031.SZ,巨轮智能,5.44,7.538,27.8323,2026-05-20,27
688238.SH,和元生物,5.13,7.1072,27.8201,2026-04-21,45
920418.BJ,苏轴股份,19.95,27.6385,27.8181,2026-01-26,99
600612.SH,老凤祥,32.24,44.6637,27.8161,2026-01-30,95
603829.SH,洛凯股份,16.6,22.9966,27.8154,2026-06-03,17
002423.SZ,中粮资本,8.37,11.5925,27.7979,2025-10-16,169
605338.SH,巴比食品,16.9,23.4052,27.7939,2026-04-23,43
300621.SZ,维业股份,6.36,8.8063,27.7791,2026-05-14,31
001379.SZ,腾达科技,15.68,21.7109,27.7781,2026-05-14,31
920720.BJ,吉冈精密,10.09,13.9695,27.771,2026-01-26,99
600271.SH,航天信息,6.52,9.0267,27.77,2026-03-19,67
300043.SZ,星辉娱乐,4.01,5.551,27.7603,2026-05-14,31
001318.SZ,阳光乳业,9.99,13.8271,27.7506,2026-03-17,69
600807.SH,济高发展,2.3,3.1832,27.7448,2026-04-09,53
301126.SZ,达嘉维康,8.61,11.9158,27.7428,2026-05-13,32
002799.SZ,环球印务,6.16,8.5238,27.7321,2026-05-20,27
300493.SZ,润欣科技,13.89,19.2142,27.7096,2026-02-13,85
002679.SZ,福建金森,8.0,11.0664,27.7091,2026-05-12,33
600316.SH,洪都航空,26.4,36.5169,27.7048,2026-05-11,34
300718.SZ,长盛轴承,58.15,80.4319,27.7028,2026-05-28,21
300074.SZ,华平股份,3.42,4.7301,27.6968,2026-03-11,73
688608.SH,恒玄科技,158.01,218.5315,27.6946,2026-01-13,108
603787.SH,新日股份,9.17,12.6815,27.6902,2026-04-09,53
920208.BJ,青矩技术,12.58,17.3933,27.6733,2026-01-26,99
301503.SZ,智迪科技,27.11,37.4808,27.6696,2026-03-19,67
601717.SH,中创智领,14.19,19.6147,27.6565,2026-04-30,38
688198.SH,佰仁医疗,75.6,104.4999,27.6554,2026-01-26,99
603596.SH,伯特利,23.71,32.7714,27.6504,2026-05-29,20
601366.SH,利群股份,3.26,4.5056,27.6456,2026-03-02,80
600386.SH,北巴传媒,3.19,4.408,27.6314,2026-02-11,87
002006.SZ,精工科技,13.8,19.068,27.6273,2026-03-19,67
300485.SZ,赛升药业,8.51,11.7574,27.6199,2026-04-23,43
002567.SZ,唐人神,3.23,4.4622,27.6142,2025-09-16,185
002425.SZ,凯撒文化,2.6,3.5917,27.6113,2026-05-14,31
001338.SZ,永顺泰,8.5,11.7404,27.6003,2026-05-18,29
002398.SZ,垒知集团,3.79,5.2346,27.5971,2026-03-19,67
300741.SZ,华宝股份,12.84,17.7326,27.5909,2026-03-02,80
920092.BJ,汉鑫科技,26.9,37.1486,27.5881,2026-01-26,99
002313.SZ,日海智能,7.4,10.2161,27.5652,2026-01-26,99
603035.SH,常熟汽饰,10.49,14.4817,27.5636,2026-03-17,69
002540.SZ,亚太科技,4.69,6.4739,27.5549,2026-04-21,45
002232.SZ,启明信息,13.52,18.6617,27.5523,2026-01-30,95
603000.SH,人民网,14.66,20.2345,27.5493,2026-03-20,66
003028.SZ,振邦智能,21.79,30.0748,27.5472,2026-05-27,22
002682.SZ,龙洲股份,4.26,5.8779,27.5254,2026-05-20,27
600229.SH,城市传媒,4.73,6.526,27.5212,2026-02-12,86
300333.SZ,兆日科技,8.61,11.877,27.5072,2025-09-22,181
000059.SZ,华锦股份,3.83,5.2831,27.5044,2026-05-07,36
002550.SZ,千红制药,5.98,8.2483,27.5005,2026-01-28,97
920247.BJ,华密新材,15.19,20.9498,27.4933,2026-05-14,31
688118.SH,普元信息,19.78,27.2778,27.4868,2026-05-20,27
688265.SH,南模生物,31.51,43.4524,27.4839,2026-05-12,33
600845.SH,宝信软件,16.36,22.5598,27.4817,2026-05-21,26
601579.SH,会稽山,14.17,19.5366,27.4695,2026-02-27,81
600833.SH,第一医药,9.17,12.6385,27.4441,2026-03-02,80
002681.SZ,奋达科技,4.65,6.4087,27.4422,2025-12-03,135
603159.SH,上海亚虹,17.06,23.5119,27.4411,2026-06-23,4
920735.BJ,德源药业,22.64,31.1956,27.4258,2026-03-06,76
920089.BJ,禾昌聚合,10.12,13.9436,27.4218,2026-04-29,39
002626.SZ,金达威,13.16,18.1306,27.4157,2026-03-19,67
000953.SZ,中哲精化,5.23,7.2039,27.4002,2026-03-31,59
688217.SH,睿昂基因,20.34,28.0139,27.3931,2026-05-25,24
603759.SH,海天股份,6.92,9.5257,27.3543,2026-04-22,44
600861.SH,北京人力,12.16,16.7368,27.3456,2026-01-15,106
600756.SH,浪潮软件,12.12,16.6816,27.3449,2026-05-14,31
301103.SZ,何氏眼科,14.88,20.4752,27.3268,2026-03-19,67
003021.SZ,兆威机电,81.55,112.2076,27.3222,2026-05-27,22
000785.SZ,居然智家,2.08,2.8616,27.3124,2026-01-15,106
300466.SZ,赛摩智能,7.04,9.6828,27.2941,2026-03-11,73
601116.SH,三江购物,9.93,13.6569,27.2894,2026-05-14,31
603136.SH,天目湖,8.34,11.4692,27.2838,2026-02-12,86
300158.SZ,振东制药,4.57,6.284,27.2761,2026-04-21,45
603171.SH,税友股份,38.6,53.0763,27.2745,2026-06-03,17
002279.SZ,久其软件,5.67,7.7956,27.2663,2026-05-14,31
301225.SZ,恒勃股份,74.99,103.0866,27.2554,2026-05-28,21
000910.SZ,大亚圣象,5.28,7.258,27.2531,2026-02-27,81
002074.SZ,国轩高科,26.88,36.9471,27.2474,2026-05-18,29
301058.SZ,中粮科工,7.72,10.6054,27.2072,2026-03-02,80
603039.SH,泛微网络,32.55,44.7128,27.2021,2026-06-16,8
002244.SZ,滨江集团,7.47,10.2595,27.1897,2026-06-02,18
603866.SH,桃李面包,3.7,5.0812,27.1832,2025-11-14,148
920270.BJ,天铭科技,12.81,17.5918,27.1819,2026-05-18,29
300729.SZ,乐歌股份,9.75,13.3886,27.1769,2025-10-17,168
600638.SH,新黄浦,4.44,6.096,27.1655,2026-05-20,27
300583.SZ,赛托生物,11.05,15.1712,27.1647,2025-05-21,268
603612.SH,索通发展,17.89,24.5604,27.1592,2026-05-14,31
002857.SZ,三晖电气,16.36,22.4593,27.1571,2026-05-14,31
300551.SZ,古鳌科技,10.01,13.7405,27.1498,2026-05-22,25
600373.SH,中文传媒,6.77,9.292,27.1419,2025-11-26,140
002133.SZ,广宇集团,2.44,3.3486,27.133,2026-05-11,34
002146.SZ,荣盛发展,1.1,1.5093,27.1176,2026-03-19,67
301298.SZ,东利机械,11.7,16.0529,27.1161,2026-05-20,27
002677.SZ,浙江美大,5.63,7.7236,27.1064,2026-05-26,23
002492.SZ,恒基达鑫,5.53,7.5862,27.1045,2026-05-19,28
300898.SZ,熊猫乳品,18.67,25.6066,27.0892,2026-02-12,86
000975.SZ,山金国际,17.31,23.7406,27.0869,2026-05-28,21
601177.SH,杭齿前进,12.43,17.0471,27.0845,2026-06-03,17
601015.SH,陕西黑猫,2.9,3.9768,27.077,2026-06-08,14
300078.SZ,思创智联,2.93,4.0174,27.068,2026-05-12,33
300893.SZ,松原安全,16.04,21.9918,27.0639,2026-05-28,21
002453.SZ,华软科技,4.5,6.1684,27.0471,2026-05-27,22
603611.SH,诺力股份,16.0,21.9302,27.0413,2026-03-19,67
603177.SH,德创环保,8.16,11.1842,27.0402,2026-06-23,4
600120.SH,浙江东方,4.37,5.9885,27.0266,2026-03-13,71
301141.SZ,中科磁业,42.51,58.2437,27.0136,2026-05-14,31
002085.SZ,万丰奥威,11.4,15.6193,27.0135,2026-03-09,75
920128.BJ,胜业电气,21.67,29.6885,27.0088,2026-06-10,12
000532.SZ,华金资本,10.69,14.6445,27.0034,2026-03-03,79
002590.SZ,万安科技,9.95,13.6299,26.9989,2026-03-03,79
002991.SZ,甘源食品,39.53,54.1433,26.99,2025-05-06,279
600778.SH,友好集团,4.9,6.7102,26.9764,2026-05-20,27
002664.SZ,信质集团,17.04,23.3342,26.9743,2026-05-12,33
003042.SZ,中农联合,12.36,16.9254,26.9735,2026-05-12,33
600569.SH,安阳钢铁,1.65,2.2591,26.9614,2026-04-02,57
000619.SZ,海螺新材,4.48,6.1333,26.9564,2026-05-12,33
300694.SZ,蠡湖股份,9.05,12.3883,26.947,2026-05-11,34
002513.SZ,蓝丰生化,4.82,6.5974,26.9414,2026-05-20,27
300276.SZ,三丰智能,6.7,9.1701,26.9363,2026-05-27,22
688278.SH,特宝生物,52.93,72.4386,26.9312,2026-01-12,109
300591.SZ,万里马,6.92,9.4694,26.9228,2026-02-13,85
920879.BJ,基康技术,13.66,18.6924,26.9221,2026-05-15,30
000701.SZ,厦门信达,4.51,6.1711,26.9176,2026-03-17,69
002363.SZ,隆基机械,6.02,8.2371,26.916,2026-05-14,31
002813.SZ,路畅科技,18.91,25.8702,26.9043,2026-05-13,32
605011.SH,杭州热电,15.48,21.1774,26.9032,2026-06-05,15
603383.SH,顶点软件,26.62,36.4159,26.9001,2026-01-19,104
600507.SH,方大特钢,3.96,5.4166,26.8914,2026-05-12,33
600779.SH,水井坊,28.24,38.6217,26.8805,2026-02-05,91
002291.SZ,遥望科技,4.88,6.6718,26.8568,2026-05-20,27
000797.SZ,中国武夷,2.2,3.0075,26.85,2026-03-13,71
920729.BJ,永顺生物,6.62,9.0487,26.8405,2026-02-10,88
301331.SZ,恩威医药,21.14,28.8935,26.8348,2026-02-26,82
301508.SZ,中机认检,22.85,31.2291,26.831,2026-03-11,73
600399.SH,抚顺特钢,4.14,5.6577,26.8251,2026-05-11,34
603633.SH,徕木股份,6.96,9.5109,26.8211,2026-01-28,97
300564.SZ,筑博设计,11.32,15.4631,26.7937,2026-05-25,24
603239.SH,浙江仙通,14.42,19.6976,26.7932,2026-06-02,18
600731.SH,湖南海利,5.19,7.0891,26.7889,2026-04-02,57
600848.SH,上海临港,7.5,10.2435,26.783,2026-03-19,67
000528.SZ,柳工,7.57,10.3384,26.7777,2026-03-04,78
600557.SH,康缘药业,10.87,14.8451,26.7773,2026-01-27,98
300079.SZ,数码视讯,4.15,5.6674,26.7737,2026-05-25,24
000923.SZ,河钢资源,12.48,17.0427,26.7723,2026-05-14,31
601012.SH,隆基绿能,12.67,17.2998,26.762,2026-04-27,41
300380.SZ,安硕信息,30.98,42.2996,26.7606,2025-09-30,175
603153.SH,上海建科,12.63,17.2425,26.7507,2026-01-26,99
600604.SH,市北高新,4.0,5.4606,26.7482,2026-05-22,25
301613.SZ,新铝时代,36.38,49.6636,26.7472,2026-03-13,71
301066.SZ,万事利,11.7,15.9717,26.7456,2026-05-18,29
600789.SH,鲁抗医药,6.82,9.31,26.7456,2026-01-28,97
002714.SZ,牧原股份,33.56,45.8013,26.727,2026-04-17,47
000655.SZ,金岭矿业,6.4,8.7342,26.7246,2026-04-15,49
000590.SZ,古汉医药,8.4,11.4633,26.7225,2026-04-17,47
002642.SZ,荣联科技,6.15,8.39,26.6988,2026-06-02,18
300045.SZ,华力创通,16.82,22.9435,26.6894,2026-05-21,26
600976.SH,健民集团,25.89,35.3078,26.6734,2025-09-18,183
300150.SZ,世纪瑞尔,3.94,5.3731,26.672,2026-04-24,42
688789.SH,宏华数科,53.16,72.4908,26.6666,2026-03-18,68
301208.SZ,中亦科技,28.68,39.1082,26.6651,2026-01-16,105
002022.SZ,科华生物,4.6,6.2723,26.6619,2026-02-02,94
600185.SH,珠免集团,4.53,6.1759,26.6506,2026-03-19,67
603501.SH,豪威集团,86.72,118.2276,26.65,2026-01-26,99
301032.SZ,新柴股份,9.38,12.7853,26.6345,2026-05-21,26
600812.SH,华北制药,4.2,5.7244,26.6298,2025-11-19,145
002337.SZ,赛象科技,4.43,6.0377,26.6278,2026-05-14,31
600751.SH,海航科技,2.91,3.9658,26.6235,2026-05-11,34
600760.SH,中航沈飞,40.59,55.3128,26.6173,2026-03-09,75
002019.SZ,亿帆医药,9.39,12.7929,26.6001,2026-04-09,53
301136.SZ,招标股份,11.11,15.1324,26.5816,2026-05-21,26
688570.SH,天玛智控,13.81,18.8089,26.5774,2025-10-13,172
000930.SZ,中粮科技,4.43,6.0336,26.5773,2026-04-24,42
600606.SH,绿地控股,1.24,1.6888,26.5751,2025-09-23,180
000789.SZ,万年青,3.91,5.3247,26.5683,2026-03-27,61
600006.SH,东风股份,5.19,7.0672,26.5617,2026-01-16,105
920639.BJ,晨光电缆,6.18,8.4147,26.5569,2026-03-13,71
302132.SZ,中航成飞,57.08,77.7172,26.5542,2026-03-05,77
002042.SZ,华孚时尚,3.38,4.6016,26.5466,2026-05-26,23
600718.SH,东软集团,7.22,9.8284,26.5395,2026-02-13,85
603207.SH,小方制药,21.85,29.74,26.53,2026-02-27,81
688443.SH,智翔金泰,21.43,29.1677,26.5284,2026-05-28,21
002671.SZ,龙泉股份,3.72,5.0619,26.5095,2026-04-02,57
300644.SZ,南京聚隆,23.6,32.1036,26.488,2026-03-17,69
688553.SH,汇宇制药,9.86,13.4121,26.4845,2026-05-22,25
000017.SZ,深中华A,5.05,6.8673,26.4629,2026-03-31,59
600556.SH,天下秀,4.39,5.9687,26.4498,2026-05-20,27
600654.SH,中安科,2.61,3.5481,26.4399,2026-05-25,24
000786.SZ,北新建材,18.08,24.5775,26.4369,2026-05-14,31
300171.SZ,东富龙,10.77,14.6398,26.4333,2026-04-23,43
688007.SH,光峰科技,12.28,16.6923,26.4331,2026-03-02,80
000505.SZ,京粮控股,5.07,6.8916,26.4318,2026-05-14,31
002330.SZ,得利斯,3.55,4.8244,26.4157,2026-03-20,66
300048.SZ,合康新能,4.7,6.3856,26.3969,2026-05-14,31
600444.SH,国机通用,13.11,17.8114,26.3954,2026-04-28,40
603013.SH,亚普股份,15.87,21.559,26.388,2026-03-20,66
301301.SZ,川宁生物,7.9,10.7312,26.3826,2026-01-15,106
002574.SZ,明牌珠宝,4.27,5.7987,26.3631,2026-03-13,71
002040.SZ,南京港,7.56,10.2659,26.3579,2026-05-15,30
600721.SH,百花医药,6.5,8.825,26.3454,2026-04-23,43
601908.SH,京运通,2.94,3.9912,26.3372,2026-05-20,27
002879.SZ,长缆科技,13.18,17.8921,26.3362,2026-05-20,27
603657.SH,春光科技,23.2,31.4942,26.3355,2026-05-21,26
002481.SZ,双塔食品,3.78,5.1297,26.312,2025-12-22,122
300724.SZ,捷佳伟创,66.76,90.5944,26.3089,2026-05-27,22
300144.SZ,宋城演艺,5.75,7.8023,26.3042,2026-02-13,85
600598.SH,北大荒,10.79,14.64,26.2979,2026-05-22,25
600729.SH,重百集团,18.66,25.3163,26.2925,2026-01-15,106
300707.SZ,威唐工业,11.4,15.4638,26.2792,2026-04-24,42
600257.SH,大湖股份,4.42,5.9956,26.2788,2026-05-14,31
002561.SZ,徐家汇,6.29,8.5306,26.2651,2026-03-02,80
600315.SH,上海家化,16.46,22.3218,26.2605,2026-01-26,99
603291.SH,联合水务,8.09,10.9708,26.2588,2026-05-22,25
300888.SZ,稳健医疗,26.79,36.3273,26.2538,2025-11-20,144
300584.SZ,海辰药业,35.03,47.5001,26.2527,2026-04-07,55
600533.SH,栖霞建设,1.93,2.6169,26.2492,2026-03-19,67
300865.SZ,大宏立,21.9,29.6902,26.2382,2026-05-26,23
300160.SZ,秀强股份,4.15,5.6262,26.2379,2026-03-31,59
603999.SH,读者传媒,5.05,6.846,26.2347,2026-05-26,23
600523.SH,贵航股份,10.55,14.3019,26.2335,2026-03-19,67
301220.SZ,亚香股份,30.06,40.7468,26.2273,2026-03-20,66
688293.SH,奥浦迈,37.65,51.0351,26.2272,2026-05-12,33
600148.SH,长春一东,14.6,19.7879,26.2174,2026-03-02,80
300768.SZ,迪普科技,13.36,18.104,26.2042,2026-03-02,80
920547.BJ,无锡晶海,18.02,24.4169,26.1987,2026-03-02,80
300815.SZ,玉禾田,16.67,22.5857,26.1922,2026-03-19,67
002162.SZ,悦心健康,3.39,4.5928,26.1888,2026-04-17,47
688289.SH,圣湘生物,14.12,19.1292,26.1862,2026-01-29,96
920344.BJ,三元基因,18.33,24.8312,26.1816,2026-01-28,97
603969.SH,银龙股份,6.83,9.2514,26.1735,2026-05-21,26
300978.SZ,东箭科技,8.2,11.1059,26.1653,2026-03-20,66
603105.SH,芯能科技,6.87,9.3044,26.1642,2026-05-21,26
301083.SZ,百胜智能,13.2,17.877,26.1619,2026-05-12,33
688162.SH,巨一科技,22.94,31.0666,26.1587,2026-05-29,20
601888.SH,中国中免,53.32,72.2019,26.1515,2026-03-23,65
301262.SZ,海看股份,18.2,24.6438,26.1477,2026-03-19,67
601515.SH,衢州东峰,3.23,4.3736,26.1471,2026-05-20,27
301260.SZ,格力博,13.38,18.1168,26.1457,2025-11-17,147
600738.SH,丽尚国潮,3.66,4.9557,26.1456,2026-03-02,80
688389.SH,普门科技,9.59,12.9846,26.1433,2026-03-02,80
603385.SH,惠达卫浴,4.98,6.7426,26.1413,2026-03-20,66
688513.SH,苑东生物,41.53,56.2205,26.1301,2026-05-21,26
002712.SZ,思美传媒,4.2,5.6852,26.124,2026-05-12,33
002858.SZ,力盛体育,10.95,14.8215,26.1209,2026-05-21,26
000723.SZ,美锦能源,3.49,4.7237,26.1176,2026-04-02,57
301073.SZ,君亭酒店,18.5,25.0363,26.1072,2026-05-12,33
688488.SH,艾迪药业,11.59,15.6833,26.0996,2026-05-22,25
002968.SZ,新大正,8.47,11.4606,26.0947,2026-05-14,31
003016.SZ,欣贺股份,6.21,8.4022,26.0911,2026-05-12,33
300272.SZ,开能健康,5.2,7.0312,26.0438,2026-05-20,27
688577.SH,浙海德曼,43.77,59.1717,26.0288,2026-05-27,22
300298.SZ,三诺生物,13.65,18.4518,26.0235,2025-03-20,308
002727.SZ,一心堂,9.88,13.3539,26.0141,2026-02-11,87
002880.SZ,卫光生物,20.02,27.0558,26.0048,2026-03-23,65
603326.SH,我乐家居,6.32,8.5407,26.0012,2026-04-30,38
300363.SZ,博腾股份,16.18,21.8606,25.9857,2026-04-29,39
600128.SH,苏豪弘业,7.76,10.4803,25.956,2026-04-13,51
603232.SH,格尔软件,14.78,19.961,25.9557,2026-06-05,15
300673.SZ,佩蒂股份,12.22,16.5035,25.9552,2026-03-02,80
002053.SZ,云南能投,8.69,11.7352,25.9492,2026-06-05,15
000798.SZ,中水渔业,7.0,9.4529,25.9485,2026-05-12,33
301291.SZ,明阳电气,35.23,47.5725,25.9446,2026-06-08,14
002623.SZ,亚玛顿,15.3,20.6592,25.9412,2026-05-25,24
300360.SZ,炬华科技,11.62,15.6875,25.9285,2026-04-23,43
600248.SH,陕建股份,2.7,3.6451,25.927,2025-08-27,199
920821.BJ,则成电子,20.02,27.0201,25.907,2025-12-22,122
603676.SH,卫信康,8.22,11.0941,25.9063,2026-03-02,80
603230.SH,内蒙新华,8.88,11.9827,25.8932,2026-04-13,51
300847.SZ,中船汉光,12.87,17.3657,25.8884,2026-03-12,72
603103.SH,横店影视,14.21,19.1738,25.8883,2026-06-12,10
300512.SZ,中亚股份,6.81,9.1887,25.8875,2026-05-20,27
002224.SZ,三力士,3.29,4.4388,25.8801,2026-04-02,57
600559.SH,老白干酒,11.42,15.4059,25.8724,2026-01-30,95
688533.SH,上声电子,20.47,27.6137,25.8702,2026-03-18,68
002437.SZ,誉衡药业,2.43,3.278,25.8694,2026-05-12,33
600280.SH,中央商场,2.61,3.5206,25.8649,2026-06-09,13
300425.SZ,中建环能,3.77,5.084,25.8454,2026-03-19,67
301008.SZ,宏昌科技,24.06,32.437,25.8255,2026-05-11,34
301560.SZ,众捷汽车,27.21,36.6824,25.8228,2026-05-26,23
300087.SZ,荃银高科,6.73,9.0715,25.812,2026-03-05,77
688408.SH,中信博,32.58,43.9148,25.8109,2026-02-12,86
300498.SZ,温氏股份,12.16,16.3828,25.776,2026-04-17,47
002226.SZ,江南化工,4.43,5.9684,25.7753,2026-05-21,26
301388.SZ,欣灵电气,23.64,31.8439,25.763,2026-05-21,26
688080.SH,映翰通,37.98,51.1461,25.7421,2026-04-22,44
600057.SH,厦门象屿,5.52,7.4333,25.7393,2026-04-23,43
000401.SZ,金隅冀东,3.4,4.5782,25.7356,2026-04-20,46
603205.SH,健尔康,20.6,27.7303,25.7131,2026-01-27,98
920690.BJ,捷众科技,16.39,22.0609,25.7058,2026-05-21,26
301658.SZ,首航新能,25.97,34.9481,25.6897,2026-06-02,18
688349.SH,三一重能,14.45,19.4441,25.6843,2026-03-20,66
688778.SH,厦钨新能,52.06,70.0523,25.6841,2026-05-25,24
000897.SZ,津滨发展,1.67,2.2471,25.681,2026-03-18,68
000599.SZ,青岛双星,4.31,5.7991,25.6779,2026-05-21,26
600626.SH,申达股份,3.23,4.3456,25.6726,2026-03-20,66
000965.SZ,天保基建,2.98,4.009,25.6678,2026-03-27,61
600106.SH,重庆路桥,4.62,6.2147,25.6603,2026-04-23,43
300474.SZ,景嘉微,52.97,71.2516,25.6578,2026-01-29,96
301378.SZ,通达海,24.03,32.3229,25.6564,2026-05-26,23
920367.BJ,新赣江,16.3,21.9252,25.6563,2026-01-27,98
002982.SZ,湘佳股份,10.74,14.4462,25.6554,2026-04-22,44
605365.SH,立达信,14.01,18.844,25.6527,2026-05-21,26
600468.SH,百利电气,5.31,7.1416,25.6469,2026-05-20,27
603393.SH,新天然气,22.39,30.1102,25.6399,2026-05-21,26
605001.SH,威奥股份,5.47,7.3559,25.6383,2026-05-11,34
300690.SZ,双一科技,22.6,30.3812,25.6118,2026-04-23,43
920807.BJ,奔朗新材,11.58,15.566,25.6072,2026-03-03,79
002292.SZ,奥飞娱乐,6.57,8.8312,25.6047,2026-02-24,84
603409.SH,汇通控股,18.18,24.4326,25.5914,2026-06-11,11
688739.SH,成大生物,19.13,25.7091,25.5906,2026-01-28,97
600435.SH,北方导航,11.1,14.9173,25.5895,2026-05-12,33
301006.SZ,迈拓股份,12.55,16.8613,25.5691,2026-05-25,24
301380.SZ,挖金客,26.28,35.3009,25.5542,2026-05-25,24
920839.BJ,万通液压,27.46,36.8851,25.5526,2026-03-09,75
000898.SZ,鞍钢股份,1.86,2.4982,25.5464,2026-03-18,68
300030.SZ,阳普医疗,5.85,7.8571,25.5449,2026-05-21,26
300062.SZ,中能电气,5.57,7.4806,25.5411,2026-05-26,23
601136.SH,首创证券,13.95,18.7333,25.5338,2025-12-02,136
300640.SZ,德艺文创,5.3,7.1169,25.5295,2026-05-26,23
300532.SZ,今天国际,6.22,8.3514,25.5212,2026-03-02,80
002715.SZ,登云股份,13.7,18.3944,25.5208,2025-12-11,129
300982.SZ,苏文电能,15.43,20.7165,25.5183,2026-06-05,15
300132.SZ,青松股份,5.54,7.4378,25.5152,2026-06-02,18
300788.SZ,中信出版,22.95,30.8116,25.5151,2026-05-15,30
002593.SZ,日上集团,3.99,5.3567,25.5142,2026-04-14,50
301559.SZ,中集环科,12.3,16.5104,25.5016,2026-05-12,33
603208.SH,江山欧派,10.77,14.455,25.4929,2026-03-02,80
300402.SZ,宝色股份,14.85,19.9246,25.4688,2026-03-20,66
688597.SH,煜邦电力,6.46,8.6657,25.4535,2026-06-10,12
000020.SZ,深华发A,10.85,14.5532,25.446,2026-05-08,35
301119.SZ,正强股份,22.76,30.5273,25.4439,2026-05-13,32
301509.SZ,金凯生科,26.63,35.7159,25.4394,2026-04-27,41
300634.SZ,彩讯股份,19.65,26.3536,25.4372,2026-05-27,22
603619.SH,中曼石油,18.74,25.1305,25.4292,2026-06-09,13
002370.SZ,亚太药业,4.88,6.5436,25.4238,2026-05-20,27
600354.SH,敦煌种业,4.81,6.4497,25.4231,2026-04-03,56
300615.SZ,欣天科技,10.27,13.7692,25.4132,2026-05-25,24
000880.SZ,潍柴重机,22.5,30.1661,25.4128,2026-06-01,19
300887.SZ,谱尼测试,7.01,9.398,25.4097,2026-05-21,26
300676.SZ,华大基因,34.66,46.4667,25.4089,2026-01-30,95
600810.SH,神马股份,6.56,8.7946,25.4089,2026-02-02,94
001322.SZ,箭牌家居,6.07,8.1328,25.364,2026-03-17,69
603197.SH,保隆科技,27.08,36.2802,25.3587,2026-01-13,108
603839.SH,安正时尚,5.91,7.9172,25.3519,2026-05-20,27
000099.SZ,中信海直,15.09,20.2144,25.3501,2025-09-15,186
601599.SH,浙文影业,2.84,3.8042,25.3465,2026-04-09,53
001300.SZ,三柏硕,11.55,15.4704,25.3414,2026-06-12,10
002035.SZ,华帝股份,4.46,5.9739,25.3414,2026-04-22,44
920239.BJ,长虹能源,24.3,32.5473,25.3395,2026-01-27,98
600208.SH,衢州发展,2.85,3.8168,25.3309,2026-05-20,27
600530.SH,交大昂立,5.36,7.1776,25.3236,2026-06-01,19
603609.SH,禾丰股份,5.66,7.5775,25.3054,2025-09-22,181
600844.SH,金煤科技,2.46,3.2933,25.3033,2026-05-20,27
002223.SZ,鱼跃医疗,25.58,34.2394,25.2908,2026-03-12,72
000409.SZ,云鼎科技,8.4,11.2418,25.2786,2026-03-02,80
300513.SZ,恒实科技,6.96,9.3119,25.2568,2026-05-20,27
002399.SZ,海普瑞,8.65,11.5721,25.2515,2026-03-02,80
001914.SZ,招商积余,8.33,11.144,25.2512,2026-03-02,80
001311.SZ,多利科技,16.12,21.565,25.2493,2026-06-02,18
603518.SH,锦泓集团,7.2,9.632,25.2489,2026-05-12,33
300339.SZ,润和软件,38.0,50.8344,25.2474,2026-01-26,99
000718.SZ,苏宁环球,1.72,2.3009,25.2461,2026-03-02,80
001382.SZ,新亚电缆,15.7,21.0005,25.24,2026-06-04,16
002152.SZ,广电运通,9.26,12.3859,25.2374,2026-03-20,66
920641.BJ,格利尔,14.24,19.0466,25.2359,2026-04-24,42
000030.SZ,富奥股份,3.93,5.2562,25.2313,2026-04-22,44
601789.SH,宁波建工,4.06,5.4288,25.2132,2026-05-26,23
001255.SZ,博菲电气,25.83,34.534,25.2041,2026-05-20,27
603176.SH,汇通集团,4.3,5.7488,25.2011,2026-05-12,33
301180.SZ,万祥科技,12.52,16.7363,25.1925,2026-05-20,27
002793.SZ,罗欣药业,3.8,5.0784,25.1733,2026-05-18,29
002953.SZ,日丰股份,8.87,11.8532,25.1677,2026-05-11,34
000717.SZ,中南股份,1.96,2.619,25.1634,2026-03-19,67
002160.SZ,常铝股份,3.71,4.9574,25.163,2026-05-12,28
300092.SZ,科新机电,11.67,15.5935,25.1612,2026-05-21,26
002186.SZ,全聚德,8.42,11.2506,25.1595,2026-03-02,80
300119.SZ,瑞普生物,14.38,19.214,25.1586,2026-01-29,96
600986.SH,浙文互联,7.07,9.4454,25.1491,2026-05-21,26
600328.SH,中盐化工,6.11,8.1613,25.1349,2026-04-30,38
300189.SZ,神农种业,4.36,5.8236,25.1322,2026-05-18,29
603222.SH,济民健康,6.98,9.3229,25.1308,2026-05-27,22
301039.SZ,中集车辆,6.8,9.0824,25.1296,2026-04-27,41
600689.SH,上海三毛,9.99,13.343,25.1291,2026-05-08,35
600633.SH,浙数文化,10.0,13.3561,25.1281,2026-05-12,33
002339.SZ,积成电子,6.87,9.1752,25.1241,2026-05-26,23
603818.SH,曲美家居,2.92,3.8998,25.1236,2026-03-12,72
600081.SH,东风科技,9.11,12.1659,25.1188,2026-05-18,29
300787.SZ,海能实业,9.23,12.3259,25.1172,2026-03-19,67
603569.SH,长久物流,5.34,7.1309,25.1142,2026-01-26,99
002917.SZ,金奥博,10.33,13.7904,25.0926,2026-05-29,20
601008.SH,连云港,4.04,5.3917,25.0704,2026-03-04,78
301355.SZ,南王科技,9.37,12.5048,25.0688,2026-05-20,27
300134.SZ,大富科技,8.83,11.7799,25.0417,2026-01-26,99
000850.SZ,华茂股份,3.57,4.7625,25.0401,2026-04-23,43
002065.SZ,东华软件,7.0,9.3381,25.0383,2026-01-29,96
002124.SZ,天邦食品,2.08,2.7747,25.0364,2026-05-20,27
000011.SZ,深物业A,6.63,8.8424,25.0204,2026-03-19,67
300509.SZ,新美星,8.4,11.2017,25.0112,2026-05-20,27
300233.SZ,金城医药,12.01,16.0155,25.01,2025-12-09,131
600838.SH,上海九百,7.13,9.5077,25.008,2026-05-12,33
603131.SH,上海沪工,16.91,22.5478,25.0039,2026-05-21,26
600960.SH,渤海汽车,3.78,5.0391,24.9863,2026-05-12,33
002483.SZ,润邦股份,4.96,6.6112,24.976,2026-04-28,40
002523.SZ,天桥起重,3.01,4.0113,24.9612,2026-04-24,42
002489.SZ,浙江永强,2.74,3.6513,24.9591,2026-06-05,15
300279.SZ,和晶科技,5.95,7.9285,24.9545,2026-05-20,27
603033.SH,三维股份,8.3,11.0597,24.9529,2026-05-20,27
603279.SH,景津装备,11.92,15.8831,24.9515,2026-05-19,28
600675.SH,中华企业,2.11,2.8114,24.9474,2026-03-02,80
603237.SH,五芳斋,12.38,16.4944,24.9442,2026-04-28,40
600787.SH,中储股份,4.15,5.5285,24.9344,2026-03-17,69
300155.SZ,安居宝,3.91,5.2076,24.9174,2026-05-14,31
603816.SH,顾家家居,22.49,29.9507,24.91,2026-05-21,26
002672.SZ,东江环保,3.49,4.6461,24.8836,2026-04-02,57
920152.BJ,昆工科技,16.52,21.99,24.8751,2026-06-10,12
600865.SH,百大集团,8.27,11.0075,24.8695,2026-06-02,18
600099.SH,林海股份,8.12,10.8059,24.8557,2026-05-21,26
002205.SZ,国统股份,10.18,13.5468,24.8529,2026-05-26,23
301048.SZ,金鹰重工,8.57,11.4034,24.8468,2026-04-03,56
688591.SH,泰凌微,32.32,43.0029,24.8423,2026-02-27,81
688316.SH,青云科技,52.08,69.294,24.842,2026-05-26,23
000802.SZ,北京文化,3.51,4.67,24.8388,2026-06-11,11
002389.SZ,航天彩虹,17.24,22.9372,24.8384,2026-03-20,66
002760.SZ,凤形股份,16.12,21.4436,24.8261,2026-05-26,23
301025.SZ,读客文化,7.95,10.5751,24.8235,2026-05-21,26
688032.SH,禾迈股份,80.37,106.9067,24.8223,2026-05-25,24
600481.SH,双良节能,4.84,6.438,24.8214,2026-05-27,22
603037.SH,凯众股份,10.21,13.5798,24.815,2026-05-28,21
301076.SZ,新瀚新材,24.51,32.5979,24.8111,2026-05-27,22
300269.SZ,联建光电,4.73,6.2906,24.8084,2026-05-22,25
300712.SZ,永福股份,20.26,26.9443,24.808,2026-05-08,35
688292.SH,浩瀚深度,18.05,24.0032,24.8017,2026-05-29,20
300817.SZ,双飞集团,15.41,20.4921,24.8003,2026-01-26,99
603102.SH,百合股份,31.75,42.2112,24.7831,2026-03-19,67
688369.SH,致远互联,19.3,25.6524,24.7634,2026-01-30,95
688468.SH,科美诊断,5.72,7.6027,24.7634,2026-03-03,79
002420.SZ,毅昌科技,5.42,7.203,24.7532,2026-05-11,34
002657.SZ,中科金财,20.98,27.881,24.7515,2026-03-02,80
688670.SH,金迪克,13.68,18.1784,24.7459,2026-05-26,23
603506.SH,南都物业,9.6,12.7544,24.7319,2026-05-20,27
301221.SZ,光庭信息,28.01,37.2116,24.7279,2026-05-26,23
301525.SZ,儒竞科技,44.67,59.3427,24.7254,2026-05-25,24
300856.SZ,科思股份,10.45,13.8809,24.7168,2026-05-15,30
600258.SH,首旅酒店,10.96,14.558,24.7148,2026-05-06,37
002517.SZ,恺英网络,15.6,20.7158,24.695,2026-03-11,73
601601.SH,中国太保,28.43,37.7522,24.6932,2026-04-21,45
002688.SZ,金河生物,4.67,6.2005,24.6834,2026-03-17,69
603639.SH,海利尔,10.13,13.4493,24.6798,2026-04-29,39
301590.SZ,优优绿能,136.2,180.8,24.6682,2026-06-15,9
600561.SH,江西长运,5.07,6.7286,24.6504,2026-05-21,26
002234.SZ,民和股份,6.51,8.6394,24.6479,2026-04-22,44
002394.SZ,联发股份,8.83,11.7166,24.637,2026-05-21,26
920221.BJ,易实精密,13.53,17.9524,24.6342,2026-01-13,108
600742.SH,富维股份,7.15,9.4864,24.6286,2026-04-23,43
000523.SZ,红棉股份,2.57,3.4096,24.6255,2026-05-19,28
301459.SZ,丰茂股份,31.3,41.5224,24.619,2026-05-25,24
001279.SZ,强邦新材,26.7,35.4191,24.617,2025-10-21,166
600858.SH,银座股份,4.41,5.8493,24.6069,2026-04-01,58
603536.SH,惠发食品,7.94,10.5274,24.5778,2026-05-11,34
002247.SZ,聚力文化,2.13,2.8231,24.5516,2026-05-21,26
002351.SZ,漫步者,9.18,12.1666,24.5473,2025-09-02,195
301299.SZ,卓创资讯,44.7,59.2308,24.5326,2026-05-25,24
601615.SH,明阳智能,11.39,15.092,24.5297,2026-06-03,17
300685.SZ,艾德生物,16.18,21.4374,24.5245,2026-04-28,36
603456.SH,九洲药业,12.84,17.0118,24.5231,2026-04-17,47
002705.SZ,新宝股份,10.77,14.269,24.5216,2026-05-06,37
603236.SH,移远通信,46.58,61.6973,24.5024,2026-02-27,81
600493.SH,凤竹纺织,5.36,7.0967,24.4717,2026-05-25,24
600241.SH,时代万恒,6.54,8.6589,24.4706,2026-05-21,26
688109.SH,品茗科技,73.25,96.9715,24.4623,2026-05-20,27
600748.SH,上实发展,3.72,4.9246,24.4615,2026-05-27,22
600573.SH,惠泉啤酒,9.09,12.0334,24.4605,2026-06-17,7
600981.SH,苏豪汇鸿,2.29,3.0313,24.4551,2026-04-13,51
300135.SZ,宝利国际,3.09,4.09,24.4506,2026-03-20,66
002696.SZ,百洋股份,5.03,6.6574,24.4451,2026-05-12,33
603719.SH,良品铺子,8.7,11.5136,24.437,2025-10-16,169
002909.SZ,集泰股份,5.03,6.6565,24.435,2026-05-21,26
002177.SZ,御银股份,5.69,7.5296,24.432,2026-05-27,22
301370.SZ,国科恒泰,8.14,10.7716,24.4309,2026-03-19,67
301159.SZ,三维天地,29.31,38.785,24.4295,2026-05-25,24
600635.SH,大众公用,4.25,5.6237,24.4265,2026-05-28,21
001319.SZ,铭科精技,19.62,25.9576,24.4153,2026-03-11,73
300997.SZ,欢乐家,15.23,20.1493,24.4144,2026-05-11,34
300529.SZ,健帆生物,15.04,19.8915,24.3897,2025-02-11,335
600775.SH,南京熊猫,9.35,12.3623,24.3669,2026-05-21,26
600749.SH,西藏旅游,13.38,17.6884,24.3574,2026-04-28,40
600585.SH,海螺水泥,17.17,22.6968,24.3507,2026-04-02,57
600405.SH,动力源,4.26,5.6302,24.3361,2026-03-31,59
300172.SZ,中电环保,4.12,5.4448,24.332,2026-03-31,59
301167.SZ,建研设计,12.52,16.5457,24.3308,2026-05-25,24
600127.SH,金健米业,5.16,6.8189,24.3277,2026-04-21,45
301665.SZ,泰禾股份,21.39,28.2664,24.3271,2026-04-22,44
920832.BJ,齐鲁华信,5.82,7.6904,24.3212,2026-01-27,98
002698.SZ,博实股份,11.73,15.4966,24.3061,2026-01-29,96
000937.SZ,冀中能源,3.89,5.1383,24.2935,2026-06-08,14
300011.SZ,鼎汉技术,6.01,7.9381,24.2894,2026-04-01,58
603169.SH,兰石重装,6.98,9.2165,24.2661,2026-04-23,43
300110.SZ,华仁药业,2.47,3.2614,24.2647,2026-04-17,47
600218.SH,全柴动力,7.38,9.7434,24.2568,2026-05-11,34
000881.SZ,中广核技,6.17,8.1454,24.2521,2026-05-14,31
600478.SH,科力远,5.06,6.6797,24.2483,2026-05-21,26
600272.SH,开开实业,10.14,13.3814,24.2234,2026-01-28,97
002697.SZ,红旗连锁,4.15,5.4766,24.2227,2026-03-02,80
601808.SH,中海油服,10.79,14.235,24.201,2026-05-07,36
688560.SH,明冠新材,11.82,15.592,24.1921,2026-05-29,20
002144.SZ,宏达高科,9.99,13.1772,24.1871,2026-05-21,26
300829.SZ,金丹科技,13.72,18.0963,24.1833,2026-06-01,19
300798.SZ,锦鸡股份,6.62,8.7315,24.1825,2026-05-25,24
600235.SH,民丰特纸,5.05,6.6594,24.1672,2026-05-20,27
002666.SZ,德联集团,3.97,5.2337,24.1449,2026-04-24,42
002761.SZ,浙江建投,6.64,8.7534,24.1441,2025-11-27,139
920799.BJ,艾融软件,35.85,47.2583,24.1403,2025-09-19,182
600628.SH,新世界,5.68,7.4871,24.1363,2026-03-19,67
688562.SH,航天软件,14.66,19.3222,24.1289,2026-05-14,31
920207.BJ,众诚科技,20.78,27.3855,24.1205,2026-05-20,27
300746.SZ,汉嘉数智,10.45,13.7696,24.1082,2026-05-12,33
603357.SH,设计总院,6.19,8.1543,24.0888,2026-03-19,67
000731.SZ,四川美丰,5.21,6.8631,24.0866,2026-05-07,36
002686.SZ,亿利达,5.15,6.7829,24.0737,2026-05-26,23
002274.SZ,华昌化工,4.75,6.2558,24.0702,2026-05-07,36
688489.SH,三未信安,22.29,29.3524,24.0607,2026-05-26,23
002722.SZ,物产金轮,11.91,15.6809,24.0475,2026-05-11,34
920088.BJ,科力股份,32.32,42.5507,24.0435,2026-06-16,8
000529.SZ,广弘控股,4.39,5.7792,24.0375,2026-03-17,69
603755.SH,日辰股份,23.09,30.3937,24.0303,2026-03-12,72
300946.SZ,恒而达,38.75,50.9943,24.0112,2026-05-27,22
000917.SZ,电广传媒,6.75,8.8827,24.0096,2026-05-12,33
600167.SH,联美控股,5.35,7.0401,24.007,2026-05-20,27
002069.SZ,獐子岛,2.97,3.9082,24.0052,2026-03-17,69
300902.SZ,国安达,15.67,20.6167,23.9937,2026-03-02,80
002661.SZ,克明食品,6.96,9.1567,23.9902,2025-11-17,147
603321.SH,梅轮电梯,5.9,7.7613,23.9815,2026-03-19,67
688501.SH,青达环保,20.24,26.6218,23.9722,2026-03-19,67
600853.SH,龙建股份,3.06,4.0238,23.9534,2026-05-18,29
002918.SZ,蒙娜丽莎,9.95,13.0839,23.9526,2026-06-02,18
002488.SZ,金固股份,8.85,11.6359,23.9422,2026-05-20,27
600249.SH,两面针,4.52,5.94,23.9063,2026-05-12,33
600697.SH,欧亚集团,9.75,12.8117,23.8974,2026-03-17,69
002732.SZ,燕塘乳业,12.74,16.74,23.8949,2026-03-20,66
301522.SZ,上大股份,26.01,34.1705,23.8818,2026-03-12,72
301010.SZ,晶雪节能,16.21,21.2934,23.8732,2026-05-27,22
920001.BJ,纬达光电,15.36,20.1726,23.8571,2025-11-04,156
603218.SH,日月股份,10.06,13.211,23.8514,2026-04-28,40
600800.SH,渤海化学,3.22,4.2271,23.8245,2026-05-27,22
002416.SZ,爱施德,9.07,11.9065,23.8233,2026-05-18,29
600862.SH,中航高科,17.41,22.8547,23.8232,2026-03-16,70
301327.SZ,华宝新能,45.9,60.2344,23.7976,2026-05-21,26
002316.SZ,亚联发展,4.06,5.3275,23.7919,2026-05-27,22
002817.SZ,黄山胶囊,5.88,7.7147,23.7816,2026-05-21,26
920299.BJ,灿能电力,16.7,21.9069,23.7682,2026-06-09,13
300804.SZ,广康生化,32.01,41.9843,23.7573,2026-05-25,24
300675.SZ,建科院,11.97,15.699,23.753,2026-05-21,26
920223.BJ,荣亿精密,13.7,17.9636,23.7348,2026-05-14,31
600615.SH,鑫源智造,9.11,11.9447,23.732,2026-05-22,25
301156.SZ,美农生物,10.88,14.2641,23.7244,2026-05-26,23
300597.SZ,吉大通信,7.21,9.4524,23.7231,2026-05-26,23
300175.SZ,朗源股份,4.51,5.912,23.715,2026-06-04,16
600662.SH,外服控股,4.01,5.2566,23.7148,2026-03-20,66
300808.SZ,久量股份,22.18,29.068,23.6962,2026-03-13,71
920580.BJ,科创新材,11.43,14.9782,23.6891,2026-05-20,27
002521.SZ,齐峰新材,6.43,8.4257,23.6862,2026-04-15,49
301578.SZ,辰奕智能,20.51,26.8755,23.6852,2026-05-25,24
000419.SZ,通程控股,4.54,5.9488,23.6822,2026-04-14,50
300448.SZ,浩云科技,5.79,7.5862,23.6771,2026-06-04,16
002166.SZ,莱茵生物,6.34,8.3065,23.6739,2026-05-29,20
600796.SH,钱江生化,4.67,6.1162,23.6453,2026-05-11,34
600602.SH,云赛智联,15.75,20.6256,23.6385,2026-05-26,23
688203.SH,海正生材,10.08,13.1993,23.6324,2026-05-28,21
300306.SZ,远方信息,9.71,12.7126,23.6191,2026-03-20,66
300170.SZ,汉得信息,15.12,19.7923,23.6066,2026-06-02,18
300107.SZ,建新股份,5.63,7.3695,23.6043,2026-05-20,27
600051.SH,宁波联合,5.68,7.4345,23.5996,2026-05-15,30
600202.SH,哈空调,4.53,5.928,23.5829,2026-05-25,24
002248.SZ,华东数控,8.71,11.3976,23.5807,2026-05-27,22
601360.SH,三六零,8.48,11.0942,23.5633,2026-05-14,31
601801.SH,皖新传媒,4.94,6.4628,23.562,2026-03-19,67
688271.SH,联影医疗,98.23,128.4971,23.5547,2026-01-27,98
002462.SZ,嘉事堂,11.05,14.4524,23.5423,2026-04-17,47
688060.SH,云涌科技,32.73,42.8074,23.5413,2026-05-27,22
600419.SH,天润乳业,7.53,9.8456,23.5195,2026-01-27,98
603076.SH,乐惠国际,20.08,26.2503,23.5056,2026-05-25,24
301135.SZ,瑞德智能,16.39,21.4212,23.487,2026-04-28,40
603680.SH,今创集团,9.82,12.8324,23.4752,2026-05-27,22
601702.SH,华峰铝业,14.13,18.4638,23.4718,2026-06-09,13
000985.SZ,大庆华科,14.6,19.0743,23.4572,2026-05-14,31
300140.SZ,节能环境,4.94,6.452,23.4345,2026-05-21,26
600420.SH,国药现代,7.78,10.161,23.4328,2026-04-03,56
600640.SH,国脉文化,9.79,12.7852,23.427,2026-05-21,26
600765.SH,中航重机,12.9,16.8406,23.3993,2026-03-19,67
600663.SH,陆家嘴,6.24,8.1451,23.3896,2026-05-14,31
603059.SH,倍加洁,24.35,31.7822,23.3848,2026-05-14,31
300070.SZ,碧水源,3.2,4.1767,23.3841,2025-08-27,199
002524.SZ,光正眼科,3.37,4.3972,23.361,2026-05-12,33
601999.SH,出版传媒,5.46,7.1234,23.3512,2026-05-11,34
600448.SH,华纺股份,2.57,3.3529,23.3495,2026-05-19,28
301552.SZ,科力装备,22.48,29.3259,23.3442,2026-05-25,24
002200.SZ,交投生态,5.72,7.4618,23.3429,2026-05-25,23
000905.SZ,厦门港务,7.96,10.3837,23.3416,2026-05-20,27
002390.SZ,信邦制药,2.6,3.3917,23.3416,2025-12-11,129
605080.SH,浙江自然,19.2,25.046,23.3412,2026-05-28,21
301293.SZ,三博脑科,48.04,62.6662,23.3399,2026-05-27,22
600000.SH,浦发银行,8.76,11.4254,23.329,2026-01-08,111
300984.SZ,金沃股份,49.12,64.0602,23.3222,2026-05-28,21
601162.SH,天风证券,3.41,4.4466,23.3129,2025-12-01,137
600651.SH,飞乐音响,5.45,7.1063,23.3077,2026-05-25,24
002219.SZ,新里程,1.75,2.2813,23.29,2026-05-14,31
002615.SZ,哈尔斯,6.28,8.184,23.2645,2026-05-25,24
300417.SZ,南华仪器,10.17,13.2517,23.2553,2026-05-29,20
000421.SZ,南京公用,5.05,6.5798,23.25,2026-04-02,57
603970.SH,中农立华,9.87,12.8593,23.2464,2026-03-17,69
920693.BJ,阿为特,29.91,38.9671,23.243,2025-11-04,156
000908.SZ,景峰医药,5.2,6.7738,23.2341,2026-06-10,11
603817.SH,海峡环保,5.21,6.7859,23.2235,2026-05-21,26
002010.SZ,传化智联,4.57,5.952,23.2196,2026-04-21,45
300387.SZ,富邦科技,6.85,8.9213,23.2175,2026-05-12,33
002605.SZ,姚记科技,18.27,23.793,23.2129,2026-02-13,85
002942.SZ,新农股份,14.59,18.9989,23.2061,2026-05-14,31
000777.SZ,中核科技,16.8,21.8765,23.2053,2026-04-27,41
300354.SZ,东华测试,31.49,41.0043,23.2031,2026-02-26,82
601566.SH,九牧王,7.95,10.3519,23.2024,2026-06-10,12
300771.SZ,智莱科技,10.3,13.4115,23.2005,2026-05-21,26
600587.SH,新华医疗,11.6,15.102,23.1891,2026-02-02,94
603107.SH,上海汽配,11.33,14.7481,23.1766,2025-11-17,147
600597.SH,光明乳业,6.16,8.0178,23.1712,2025-11-21,143
605567.SH,春雪食品,8.14,10.5942,23.1654,2026-05-20,27
002030.SZ,达安基因,4.88,6.3508,23.1588,2026-06-04,16
600159.SH,大龙地产,2.27,2.9538,23.1498,2026-05-26,23
688039.SH,当虹科技,35.93,46.7505,23.1452,2026-05-26,23
002690.SZ,美亚光电,13.85,18.0209,23.1449,2026-03-19,67
603717.SH,天域生物,6.0,7.8018,23.0951,2026-05-15,30
300511.SZ,雪榕生物,5.11,6.6442,23.0904,2026-05-21,26
000504.SZ,南华生物,7.24,9.4133,23.0877,2026-06-04,15
600521.SH,华海药业,14.01,18.2132,23.0777,2026-01-13,108
600009.SH,上海机场,23.2,30.1599,23.0767,2026-01-21,102
301102.SZ,兆讯传媒,8.66,11.2572,23.0717,2026-03-20,66
002486.SZ,嘉麟杰,2.2,2.8596,23.0653,2026-05-12,33
600648.SH,外高桥,8.14,10.5795,23.0586,2025-10-27,162
600792.SH,云煤能源,3.22,4.1847,23.0527,2026-06-17,7
002978.SZ,安宁股份,25.01,32.4988,23.0434,2026-04-27,41
688439.SH,振华风光,43.42,56.4151,23.0347,2026-03-03,79
300130.SZ,新国都,20.65,26.8272,23.0259,2026-03-02,80
300289.SZ,利德曼,5.45,7.0778,22.9991,2026-05-12,33
603566.SH,普莱柯,9.81,12.7398,22.9973,2026-03-17,69
601968.SH,宝钢包装,3.98,5.1684,22.9941,2026-04-27,41
600231.SH,凌钢股份,1.64,2.129,22.97,2026-05-20,27
600216.SH,浙江医药,11.29,14.6556,22.9645,2026-04-27,41
600819.SH,耀皮玻璃,5.7,7.3966,22.938,2026-05-18,29
600359.SH,新农开发,5.5,7.1369,22.9359,2026-05-18,29
300371.SZ,汇中股份,9.87,12.8073,22.9347,2026-05-21,26
600815.SH,厦工股份,2.57,3.3344,22.9237,2026-06-04,16
601766.SH,中国中车,5.22,6.772,22.9182,2025-12-01,137
301137.SZ,哈焊华通,33.41,43.3264,22.8877,2026-05-22,25
300377.SZ,赢时胜,16.03,20.7862,22.8817,2026-01-15,106
920682.BJ,球冠电缆,6.02,7.8055,22.8748,2026-03-10,74
300897.SZ,山科智能,14.51,18.812,22.8683,2026-06-08,14
000548.SZ,湖南投资,4.17,5.405,22.8488,2026-04-03,56
603968.SH,醋化股份,9.39,12.1707,22.8474,2026-06-02,18
300300.SZ,海峡创新,7.75,10.0446,22.8444,2026-06-02,18
600686.SH,金龙汽车,11.48,14.8787,22.8429,2026-05-14,31
688139.SH,海尔生物,24.7,32.01,22.8365,2026-05-28,21
600649.SH,城投控股,3.48,4.5093,22.826,2026-03-20,66
600805.SH,悦达投资,4.12,5.3382,22.8203,2026-04-30,38
688004.SH,博汇科技,18.29,23.6962,22.8146,2026-05-29,20
603098.SH,森特股份,10.39,13.4603,22.8099,2026-05-20,27
300080.SZ,易成新能,3.71,4.8062,22.8087,2026-05-15,30
001390.SZ,古麒绒材,18.36,23.7848,22.8077,2026-06-09,13
002616.SZ,长青集团,4.44,5.7502,22.7858,2026-06-05,15
300217.SZ,东方电热,4.13,5.3485,22.7823,2026-05-28,21
002508.SZ,老板电器,14.44,18.695,22.7601,2026-04-20,46
688159.SH,有方科技,42.26,54.7095,22.7557,2026-05-21,26
002566.SZ,益盛药业,6.1,7.8966,22.7514,2026-05-20,27
000530.SZ,冰山冷热,5.03,6.5111,22.7477,2026-06-10,12
600052.SH,东望时代,3.52,4.5563,22.7438,2026-05-21,26
301152.SZ,天力锂能,23.16,29.9744,22.734,2026-05-25,24
002295.SZ,精艺股份,8.72,11.285,22.7293,2026-05-25,24
003032.SZ,传智教育,5.08,6.5739,22.7249,2026-06-12,10
000768.SZ,中航西飞,19.91,25.7646,22.7236,2026-03-19,67
300519.SZ,新光药业,11.93,15.4342,22.7041,2026-05-19,28
688566.SH,吉贝尔,23.33,30.1821,22.7026,2026-04-23,43
300113.SZ,顺网科技,17.92,23.1746,22.6739,2026-05-27,22
688569.SH,铁科轨道,16.14,20.8709,22.6674,2026-04-23,43
600997.SH,开滦股份,4.75,6.1397,22.6345,2026-03-31,59
688716.SH,中研股份,29.98,38.7508,22.6338,2026-03-02,80
301266.SZ,宇邦新材,22.73,29.3774,22.6277,2026-05-21,26
300457.SZ,赢合科技,20.55,26.5598,22.6275,2026-06-02,18
603029.SH,天鹅股份,14.24,18.4003,22.6098,2026-05-21,26
000952.SZ,广济药业,5.52,7.13,22.5802,2026-05-26,23
603036.SH,如通股份,14.56,18.8064,22.5794,2026-04-13,51
300664.SZ,鹏鹞环保,4.26,5.5018,22.5703,2026-05-15,30
301359.SZ,东南电子,15.94,20.5816,22.5521,2026-06-02,18
300378.SZ,鼎捷数智,35.41,45.7204,22.5511,2026-03-12,72
600335.SH,国机汽车,4.8,6.1973,22.5468,2026-03-17,69
600629.SH,华建集团,12.11,15.6333,22.5371,2026-05-27,22
002230.SZ,科大讯飞,39.12,50.4963,22.5289,2026-03-19,67
688197.SH,首药控股,31.2,40.2727,22.5281,2026-05-22,25
002771.SZ,真视通,12.53,16.1731,22.5258,2026-06-10,12
600754.SH,锦江酒店,18.28,23.5941,22.5231,2026-05-06,37
920019.BJ,铜冠矿建,16.54,21.3469,22.5178,2026-03-04,78
300258.SZ,精锻科技,10.53,13.5895,22.5135,2026-05-29,20
603027.SH,千禾味业,7.1,9.1623,22.5083,2026-04-30,38
603860.SH,中公高科,23.95,30.9058,22.5064,2026-05-20,27
002296.SZ,辉煌科技,8.77,11.3164,22.5015,2026-05-20,27
001234.SZ,泰慕士,20.34,26.2432,22.4942,2026-05-20,27
600266.SH,城建发展,3.91,5.0445,22.4892,2026-05-20,27
600273.SH,嘉化能源,6.63,8.5535,22.4877,2026-04-24,42
600287.SH,苏豪时尚,4.45,5.741,22.4868,2026-05-14,31
600486.SH,扬农化工,52.0,67.0799,22.4805,2026-05-11,34
603282.SH,亚光股份,14.6,18.832,22.4722,2026-04-30,38
002825.SZ,纳尔股份,8.18,10.5509,22.471,2026-05-29,20
300454.SZ,深信服,89.3,115.179,22.4685,2026-06-04,16
002285.SZ,世联行,2.09,2.6956,22.4651,2026-05-27,22
301117.SZ,佳缘科技,22.87,29.4747,22.4081,2026-05-25,24
603655.SH,朗博科技,28.78,37.0825,22.3892,2026-06-04,16
002573.SZ,清新环境,2.98,3.8396,22.3877,2026-03-20,66
301170.SZ,锡南科技,21.65,27.8927,22.381,2026-05-25,24
002344.SZ,海宁皮城,3.52,4.5349,22.3801,2026-03-20,66
300194.SZ,福安药业,3.34,4.3023,22.3663,2026-03-02,80
000869.SZ,张裕A,15.75,20.2854,22.358,2026-01-30,95
603289.SH,泰瑞机器,8.05,10.3681,22.3578,2026-06-02,18
600864.SH,哈投股份,5.2,6.6974,22.3574,2026-04-27,41
002356.SZ,赫美集团,2.8,3.6058,22.3465,2026-03-31,59
002933.SZ,新兴装备,26.25,33.8018,22.3414,2026-03-12,72
002973.SZ,侨银股份,10.84,13.9581,22.3391,2026-05-26,23
603708.SH,家家悦,8.61,11.0841,22.3209,2026-04-21,45
002376.SZ,新北洋,5.68,7.3111,22.3096,2026-03-19,67
600655.SH,豫园股份,4.13,5.3153,22.3001,2026-02-02,94
688321.SH,微芯生物,23.95,30.8153,22.2788,2026-05-18,29
920566.BJ,梓橦宫,9.27,11.9268,22.2759,2026-01-14,107
603332.SH,苏州龙杰,10.41,13.3934,22.2749,2026-05-19,28
301163.SZ,宏德股份,21.89,28.1618,22.2705,2026-05-27,22
002594.SZ,比亚迪,78.2,100.6037,22.2693,2026-04-30,38
300181.SZ,佐力药业,12.86,16.5406,22.2518,2026-02-11,87
002836.SZ,新宏泽,9.43,12.1265,22.2364,2026-05-25,24
688223.SH,晶科能源,4.7,6.0432,22.2266,2026-05-29,20
301515.SZ,港通医疗,17.37,22.3329,22.2224,2026-05-27,22
600582.SH,天地科技,4.36,5.6053,22.2171,2026-03-20,66
603178.SH,圣龙股份,14.38,18.4869,22.2153,2026-05-26,23
600586.SH,金晶科技,4.31,5.5406,22.2106,2026-05-26,23
301049.SZ,超越科技,17.87,22.969,22.1995,2026-05-26,23
600763.SH,通策医疗,33.33,42.8356,22.191,2026-04-29,39
688526.SH,科前生物,11.84,15.215,22.1823,2026-03-03,79
605155.SH,西大门,12.08,15.5205,22.1677,2026-06-02,18
688626.SH,翔宇医疗,43.25,55.5608,22.1574,2026-05-27,22
605196.SH,华通线缆,26.11,33.5405,22.1538,2026-06-17,7
002287.SZ,奇正藏药,18.62,23.9174,22.1487,2026-03-11,73
603768.SH,常青股份,9.31,11.9569,22.1373,2026-05-11,34
002101.SZ,广东鸿图,9.28,11.9182,22.1362,2026-01-27,98
600758.SH,辽宁能源,3.16,4.0572,22.1145,2026-06-15,9
920047.BJ,诺思兰德,19.13,24.5611,22.1127,2026-05-29,20
000713.SZ,国投丰乐,5.26,6.7529,22.1075,2026-03-18,68
000862.SZ,银星能源,4.8,6.1621,22.1042,2026-06-10,12
601608.SH,中信重工,4.72,6.0583,22.0908,2026-05-27,22
301332.SZ,德尔玛,7.53,9.6648,22.0887,2025-09-19,182
601799.SH,星宇股份,97.91,125.6507,22.0777,2026-06-05,15
301487.SZ,盟固利,18.19,23.3428,22.0745,2026-06-08,14
300837.SZ,浙矿股份,24.11,30.9363,22.0657,2026-05-29,20
301300.SZ,远翔新材,32.0,41.0576,22.0607,2026-05-14,31
300388.SZ,节能国祯,6.34,8.1341,22.0562,2026-05-21,26
002352.SZ,顺丰控股,30.82,39.5404,22.0544,2025-09-02,195
600691.SH,潞化科技,2.29,2.9378,22.0505,2026-05-19,28
000813.SZ,德展健康,2.99,3.8352,22.0372,2026-05-21,26
605138.SH,盛泰集团,5.65,7.2457,22.0223,2026-05-26,23
000521.SZ,长虹美菱,4.99,6.3987,22.0156,2025-08-27,199
600868.SH,梅雁吉祥,2.6,3.334,22.0156,2026-06-08,14
600576.SH,祥源文旅,5.38,6.8987,22.0145,2025-11-17,147
300575.SZ,中旗股份,5.01,6.4242,22.0132,2026-05-25,24
000605.SZ,渤海股份,5.46,7.0003,22.0032,2026-05-14,31
301065.SZ,本立科技,17.66,22.6413,22.0008,2026-05-21,26
603229.SH,奥翔药业,7.74,9.9229,21.9986,2026-05-27,22
300832.SZ,新产业,42.39,54.3448,21.998,2026-01-14,107
601390.SH,中国中铁,4.22,5.4098,21.9928,2026-03-23,65
920471.BJ,美邦科技,11.35,14.5494,21.9898,2026-05-18,29
603882.SH,金域医学,22.16,28.4065,21.9896,2026-03-03,79
920227.BJ,美登科技,50.78,65.0868,21.9811,2026-06-10,12
603275.SH,众辰科技,37.12,47.5731,21.9728,2026-05-26,23
002510.SZ,天汽模,5.46,6.9974,21.9711,2026-05-26,23
600843.SH,上工申贝,8.47,10.8534,21.9602,2026-01-15,106
000978.SZ,桂林旅游,5.26,6.7392,21.9492,2026-05-11,34
603100.SH,川仪股份,16.8,21.524,21.9475,2026-03-17,69
301520.SZ,万邦医药,23.55,30.1695,21.9411,2026-05-12,33
688638.SH,誉辰智能,31.12,39.8541,21.9152,2026-05-25,24
600824.SH,益民集团,3.34,4.2772,21.911,2026-03-02,80
301185.SZ,鸥玛软件,14.91,19.0903,21.8973,2026-03-20,66
603022.SH,新通联,8.24,10.549,21.8883,2026-05-27,22
002419.SZ,天虹股份,4.26,5.4536,21.887,2026-04-28,40
603602.SH,纵横通信,11.38,14.5676,21.8812,2026-01-28,97
001225.SZ,和泰机电,39.88,51.0472,21.8762,2026-05-29,20
000554.SZ,泰山石油,5.7,7.2953,21.868,2026-05-25,24
605088.SH,冠盛股份,27.82,35.5978,21.8491,2026-05-21,26
600693.SH,东百集团,7.78,9.9529,21.8321,2026-06-09,13
002996.SZ,顺博合金,5.81,7.4318,21.822,2026-05-11,34
301110.SZ,青木科技,36.44,46.608,21.8159,2026-05-22,25
300439.SZ,美康生物,8.01,10.2438,21.8065,2026-05-12,33
688067.SH,爱威科技,20.21,25.8456,21.805,2026-05-27,22
603511.SH,爱慕股份,11.64,14.885,21.8005,2026-03-02,80
301278.SZ,快可电子,28.49,36.4306,21.7966,2026-05-29,20
000998.SZ,隆平高科,7.5,9.5904,21.7965,2026-04-21,45
300523.SZ,辰安科技,18.02,23.0422,21.7958,2026-05-26,23
600313.SH,农发种业,5.29,6.764,21.7917,2026-05-15,30
301130.SZ,西点药业,23.85,30.4912,21.7806,2026-05-25,24
002495.SZ,佳隆股份,2.08,2.6584,21.758,2026-05-12,33
301519.SZ,舜禹股份,11.02,14.0843,21.7566,2026-05-27,22
600195.SH,中牧股份,5.94,7.5901,21.7402,2026-04-24,42
000411.SZ,英特集团,9.0,11.4992,21.7334,2026-06-05,15
688137.SH,近岸蛋白,33.67,43.0186,21.7315,2026-05-29,20
300149.SZ,睿智医药,8.5,10.8598,21.73,2026-04-24,42
603160.SH,汇顶科技,57.8,73.846,21.729,2026-03-02,80
003003.SZ,天元股份,10.08,12.8781,21.7275,2026-05-26,23
601005.SH,重庆钢铁,1.14,1.4562,21.7141,2026-03-26,62
301000.SZ,肇民科技,30.88,39.444,21.7118,2026-02-02,94
002999.SZ,天禾股份,5.4,6.8972,21.7072,2026-05-14,31
600505.SH,西昌电力,10.83,13.8318,21.7024,2026-06-18,6
000715.SZ,中兴商业,4.6,5.8742,21.6916,2026-04-30,38
688114.SH,华大智造,48.27,61.6332,21.6818,2026-01-26,99
002609.SZ,捷顺科技,7.51,9.5881,21.6735,2026-02-12,86
301287.SZ,康力源,32.51,41.502,21.6665,2026-05-25,24
688122.SH,西部超导,53.1,67.773,21.6502,2026-06-02,18
600959.SH,江苏有线,2.89,3.6883,21.6443,2026-05-27,22
300143.SZ,盈康生命,6.57,8.3843,21.6396,2026-05-21,26
300906.SZ,日月明,25.25,32.2223,21.6382,2026-05-29,20
603266.SH,天龙股份,16.21,20.6854,21.6355,2026-05-20,27
301121.SZ,紫建电子,32.8,41.8416,21.609,2026-03-02,80
002556.SZ,辉隆股份,4.53,5.7784,21.6047,2026-05-12,33
000153.SZ,丰原药业,5.02,6.4031,21.6007,2026-04-21,45
000788.SZ,北大医药,4.81,6.1347,21.593,2026-05-12,33
001367.SZ,海森药业,18.34,23.3877,21.5827,2026-05-15,30
601038.SH,一拖股份,10.23,13.0452,21.5801,2026-05-18,29
300507.SZ,苏奥传感,6.85,8.7334,21.5658,2026-05-26,23
000968.SZ,蓝焰控股,6.01,7.6622,21.5635,2026-06-04,16
002701.SZ,奥瑞金,4.28,5.4555,21.5473,2026-03-02,80
601900.SH,南方传媒,10.78,13.7398,21.5418,2026-03-02,80
603305.SH,旭升集团,11.79,15.024,21.5253,2026-05-29,20
605033.SH,美邦股份,16.98,21.6373,21.5244,2026-05-25,24
002589.SZ,瑞康医药,2.45,3.1215,21.5116,2026-05-13,32
603096.SH,新经典,13.67,17.4158,21.508,2026-05-21,26
603909.SH,建发合诚,8.68,11.0557,21.4883,2026-05-26,23
300569.SZ,天能重工,4.73,6.0243,21.4849,2026-05-20,27
688615.SH,合合信息,108.0,137.5515,21.484,2026-05-26,23
002877.SZ,智能自控,7.06,8.9912,21.4788,2026-05-25,24
002322.SZ,理工能科,9.7,12.3528,21.4751,2026-04-27,41
001278.SZ,一彬科技,15.55,19.7976,21.4552,2026-06-04,16
000008.SZ,神州高铁,2.25,2.8644,21.4506,2026-04-03,56
601992.SH,金隅集团,1.35,1.7186,21.449,2026-04-23,43
688701.SH,卓锦股份,7.4,9.4198,21.4421,2026-06-04,16
002863.SZ,今飞凯达,4.31,5.4861,21.4383,2026-05-15,30
300770.SZ,新媒股份,31.86,40.5458,21.4223,2026-03-20,66
920792.BJ,东和新材,9.72,12.3691,21.4173,2026-03-13,71
001260.SZ,坤泰股份,15.96,20.3069,21.4059,2026-05-25,24
603696.SH,安记食品,11.7,14.886,21.4029,2026-05-20,27
300016.SZ,北陆药业,7.23,9.1985,21.4004,2026-05-14,31
603198.SH,迎驾贡酒,29.55,37.5948,21.3988,2025-03-17,311
002819.SZ,东方中科,21.88,27.8353,21.3947,2026-03-12,72
301330.SZ,熵基科技,24.78,31.5217,21.3876,2026-05-11,34
300357.SZ,我武生物,21.3,27.0915,21.3777,2026-04-27,41
605008.SH,长鸿高科,11.13,14.1525,21.3565,2026-01-21,102
002159.SZ,三特索道,12.36,15.7142,21.3451,2026-05-21,26
600075.SH,新疆天业,4.15,5.2758,21.3395,2026-05-27,22
300247.SZ,融捷健康,3.6,4.5766,21.3383,2026-05-27,22
003039.SZ,顺控发展,11.15,14.1719,21.3231,2026-05-12,33
603508.SH,思维列控,21.18,26.9176,21.3155,2026-03-02,80
603122.SH,合富中国,10.8,13.7243,21.3074,2026-05-26,23
002063.SZ,远光软件,4.94,6.2768,21.2974,2026-05-26,23
601113.SH,华鼎股份,3.38,4.2934,21.2752,2026-05-25,24
301567.SZ,贝隆精密,35.11,44.5967,21.2722,2026-05-29,20
603899.SH,晨光股份,20.68,26.2659,21.2666,2025-09-18,183
002728.SZ,特一药业,8.0,10.1609,21.2665,2026-05-12,33
688075.SH,安旭生物,30.45,38.6745,21.266,2026-04-16,48
300182.SZ,捷成股份,4.67,5.931,21.2612,2026-06-11,11
920171.BJ,志晟信息,19.31,24.5237,21.2598,2025-09-30,175
301195.SZ,北路智控,26.46,33.6019,21.2544,2026-06-22,5
605266.SH,健之佳,14.86,18.8662,21.2348,2026-02-11,87
605300.SH,佳禾食品,9.41,11.9462,21.2302,2025-09-18,183
002826.SZ,易明医药,15.3,19.4204,21.2168,2026-05-25,24
688180.SH,君实生物,29.68,37.6701,21.2108,2026-05-22,25
688651.SH,盛邦安全,31.6,40.1045,21.2059,2026-05-27,22
600834.SH,申通地铁,6.7,8.5022,21.197,2026-04-01,58
600425.SH,青松建化,3.27,4.1494,21.1943,2026-03-26,62
002215.SZ,诺普信,8.47,10.7466,21.1841,2026-03-16,70
300625.SZ,三雄极光,9.26,11.7487,21.1824,2026-05-27,22
300141.SZ,和顺电气,9.48,12.0269,21.1768,2026-05-29,20
688425.SH,铁建重工,4.02,5.0998,21.1729,2026-04-09,53
605177.SH,东亚药业,16.03,20.3348,21.1695,2026-06-15,9
600740.SH,山西焦化,3.22,4.0844,21.1644,2026-06-08,14
600278.SH,东方创业,5.98,7.5851,21.1612,2026-03-20,66
002798.SZ,帝欧水华,5.12,6.4924,21.1386,2026-06-09,13
601019.SH,山东出版,6.44,8.1661,21.1376,2026-04-13,51
603551.SH,奥普科技,8.64,10.9551,21.1328,2026-05-21,26
002527.SZ,新时达,12.52,15.8728,21.1231,2026-06-10,12
600933.SH,爱柯迪,14.12,17.9,21.1173,2026-03-02,80
002059.SZ,云南旅游,4.14,5.2479,21.1116,2026-02-11,87
601618.SH,中国中冶,2.47,3.1309,21.1093,2026-03-19,67
300636.SZ,同和药业,6.3,7.9854,21.1057,2026-04-17,47
003015.SZ,日久光电,12.58,15.9428,21.0929,2026-04-23,43
301116.SZ,益客食品,8.69,11.0129,21.0924,2026-02-12,86
603605.SH,珀莱雅,56.7,71.8508,21.0864,2025-08-27,199
300701.SZ,森霸传感,9.41,11.924,21.0834,2026-05-27,22
920656.BJ,海昇药业,13.4,16.9764,21.0668,2026-01-28,97
002026.SZ,山东威达,10.84,13.7322,21.0612,2026-03-19,67
300009.SZ,安科生物,7.5,9.4996,21.0492,2026-04-23,43
002575.SZ,群兴玩具,5.83,7.3841,21.0468,2026-04-09,53
301598.SZ,博科测试,49.14,62.2266,21.0305,2026-05-27,22
600653.SH,申华控股,1.52,1.9245,21.0193,2025-11-19,145
300792.SZ,壹网壹创,25.38,32.1247,20.9954,2026-06-08,14
002393.SZ,力生制药,13.85,17.528,20.9835,2026-04-28,40
300818.SZ,耐普矿机,19.29,24.4125,20.983,2026-06-04,16
600059.SH,古越龙山,7.4,9.3648,20.9807,2026-03-03,79
300055.SZ,万邦达,6.35,8.0356,20.9768,2026-06-15,9
300743.SZ,天地数码,15.22,19.2593,20.9732,2026-05-20,27
002188.SZ,中天服务,4.9,6.2004,20.9728,2026-06-02,18
300927.SZ,江天化学,22.0,27.8364,20.9667,2026-05-18,29
600262.SH,北方股份,19.78,25.0214,20.9476,2026-05-20,27
002881.SZ,美格智能,35.65,45.0939,20.9427,2026-06-03,17
688356.SH,键凯科技,71.5,90.4337,20.9365,2026-05-18,29
300026.SZ,红日药业,2.91,3.6805,20.935,2026-01-28,97
300415.SZ,伊之密,18.73,23.6879,20.9302,2026-05-27,22
300470.SZ,中密控股,28.21,35.6764,20.9281,2026-04-17,47
688616.SH,西力科技,10.1,12.77,20.9085,2026-05-27,22
000825.SZ,太钢不锈,3.43,4.3365,20.9046,2026-05-12,33
300635.SZ,中达安,11.37,14.3741,20.8995,2026-06-02,18
600149.SH,廊坊发展,4.47,5.6506,20.8928,2026-06-02,18
601616.SH,广电电气,3.43,4.335,20.876,2026-05-29,20
002725.SZ,跃岭股份,12.02,15.186,20.8481,2026-06-01,19
002992.SZ,宝明科技,42.56,53.763,20.8377,2026-04-22,44
603421.SH,鼎信通讯,6.05,7.6417,20.8293,2026-05-27,22
600456.SH,宝钛股份,26.4,33.3445,20.8266,2026-05-20,27
301068.SZ,大地海洋,23.45,29.6141,20.8148,2026-06-02,18
600517.SH,国网英大,4.74,5.9852,20.805,2026-05-14,31
000516.SZ,国际医学,3.87,4.8866,20.8045,2026-04-03,56
002753.SZ,永东股份,5.7,7.1973,20.8034,2026-05-26,23
601777.SH,千里科技,8.33,10.5169,20.794,2026-06-05,15
300999.SZ,金龙鱼,23.34,29.4659,20.7897,2026-03-18,68
601828.SH,美凯龙,2.15,2.7142,20.7858,2025-12-11,129
920249.BJ,利尔达,10.48,13.2294,20.7827,2026-01-28,97
000637.SZ,茂化实华,3.54,4.4684,20.777,2026-05-27,22
603396.SH,金辰股份,26.01,32.8251,20.7618,2026-05-29,20
002906.SZ,华阳集团,24.12,30.4371,20.7546,2026-05-28,21
002461.SZ,珠江啤酒,7.7,9.716,20.7496,2026-06-02,18
300800.SZ,力合科技,9.31,11.7464,20.7416,2026-05-26,23
601311.SH,骆驼股份,7.56,9.5367,20.7275,2026-05-14,31
002372.SZ,伟星新材,8.17,10.3059,20.7249,2026-05-13,32
002381.SZ,双箭股份,5.21,6.5718,20.7215,2026-03-19,67
688176.SH,亚虹医药,9.19,11.5898,20.7064,2026-05-29,20
688568.SH,中科星图,40.15,50.6182,20.6806,2026-05-29,20
000756.SZ,新华制药,12.35,15.5668,20.6644,2026-03-02,80
301272.SZ,英华特,32.8,41.3396,20.6572,2026-05-29,20
603939.SH,益丰药房,18.18,22.911,20.6494,2026-04-24,42
688377.SH,迪威尔,23.63,29.7711,20.6277,2026-06-04,16
002270.SZ,华明装备,18.86,23.7611,20.6266,2026-05-27,22
000597.SZ,东北制药,4.2,5.2885,20.5819,2026-04-17,47
688581.SH,安杰思,49.78,62.673,20.5718,2026-05-14,31
600173.SH,卧龙新能,5.9,7.4275,20.5653,2026-05-28,21
600526.SH,菲达环保,4.13,5.199,20.5611,2026-05-14,31
603028.SH,赛福天,6.67,8.3942,20.54,2026-05-29,20
600929.SH,雪天盐业,4.61,5.8013,20.5345,2026-05-27,22
600814.SH,杭州解百,6.18,7.7756,20.5211,2026-03-19,67
600725.SH,云维股份,3.11,3.9128,20.5173,2026-06-09,13
600429.SH,三元股份,4.08,5.1329,20.5121,2026-05-21,26
603023.SH,威帝股份,3.63,4.5667,20.5119,2026-06-02,18
920403.BJ,康农种业,16.92,21.2862,20.5118,2026-03-20,66
300908.SZ,仲景食品,22.06,27.7476,20.4976,2026-02-06,90
002685.SZ,华东重机,6.15,7.735,20.4917,2026-06-02,18
301316.SZ,慧博云通,37.78,47.5168,20.4913,2026-05-29,20
600196.SH,复星医药,21.21,26.668,20.4665,2026-04-16,48
002011.SZ,盾安环境,9.98,12.5456,20.4502,2026-05-29,20
600132.SH,重庆啤酒,41.35,51.9769,20.4454,2026-05-06,37
002127.SZ,南极电商,2.63,3.3059,20.4446,2025-07-25,222
605086.SH,龙高股份,25.44,31.9755,20.4392,2026-06-02,18
688681.SH,科汇股份,13.94,17.5194,20.4309,2026-06-02,18
688296.SH,和达科技,11.52,14.4779,20.4303,2026-06-04,16
002946.SZ,新乳业,13.83,17.3782,20.4176,2026-06-03,17
600215.SH,派斯林,5.75,7.2238,20.4016,2026-01-30,95
002319.SZ,乐通股份,9.86,12.3862,20.3955,2026-05-25,24
600100.SH,同方股份,6.51,8.1775,20.3916,2026-05-26,23
920060.BJ,万源通,26.57,33.3737,20.3864,2026-05-14,31
688505.SH,复旦张江,6.92,8.6902,20.3701,2026-02-11,87
300578.SZ,会畅科技,16.53,20.7584,20.3697,2026-06-22,5
000006.SZ,深振业A,7.17,9.0036,20.3652,2026-06-01,19
001206.SZ,依依股份,19.14,24.032,20.3562,2026-02-24,84
601007.SH,金陵饭店,6.13,7.6966,20.3542,2026-04-30,38
002737.SZ,葵花药业,11.49,14.4264,20.3541,2024-07-15,472
600829.SH,人民同泰,7.76,9.7425,20.3488,2026-05-14,31
300098.SZ,高新兴,4.5,5.6494,20.3455,2026-05-29,20
601811.SH,新华文轩,10.96,13.7589,20.3424,2026-04-14,50
002262.SZ,恩华药业,18.23,22.8842,20.338,2026-03-02,80
002778.SZ,中晟高科,16.05,20.1475,20.3374,2026-05-27,22
002451.SZ,摩恩电气,7.1,8.9119,20.3316,2026-05-26,23
688116.SH,天奈科技,37.35,46.8746,20.3194,2026-03-02,80
601118.SH,海南橡胶,4.76,5.9738,20.3187,2026-06-17,7
920578.BJ,巨能股份,19.94,25.0221,20.3105,2025-11-04,156
688472.SH,阿特斯,10.67,13.3891,20.3085,2026-06-01,19
688543.SH,国科军工,38.21,47.946,20.3062,2026-05-26,23
688599.SH,天合光能,13.71,17.1996,20.2888,2026-05-21,26
000999.SZ,华润三九,22.16,27.8003,20.2885,2026-03-09,75
601890.SH,亚星锚链,8.18,10.262,20.2884,2026-05-14,31
301456.SZ,盘古智能,22.96,28.8022,20.2839,2026-06-02,18
300618.SZ,寒锐钴业,34.78,43.6284,20.2813,2026-05-14,31
300639.SZ,凯普生物,4.88,6.1209,20.2734,2026-05-27,22
300915.SZ,海融科技,19.55,24.5212,20.2729,2026-05-19,28
300443.SZ,金雷股份,21.53,27.0044,20.2721,2026-06-02,18
301158.SZ,德石股份,13.38,16.7785,20.2552,2026-05-29,20
000799.SZ,酒鬼酒,41.64,52.2146,20.2522,2026-02-13,85
300349.SZ,金卡智能,10.87,13.6248,20.2193,2026-05-29,20
600477.SH,杭萧钢构,2.33,2.9205,20.219,2026-05-20,27
002930.SZ,宏川智慧,9.43,11.8174,20.2023,2026-05-29,20
688426.SH,康为世纪,19.11,23.9478,20.2016,2026-03-02,80
600512.SH,腾达建设,1.93,2.4182,20.1875,2026-05-12,33
600155.SH,华创云信,5.46,6.8407,20.1834,2025-11-21,143
603739.SH,蔚蓝生物,11.5,14.4077,20.1816,2026-05-19,28
300631.SZ,久吾高科,23.2,29.0567,20.1561,2026-05-18,29
600979.SH,广安爱众,3.91,4.897,20.1556,2026-06-12,10
603183.SH,建研院,3.58,4.4832,20.1463,2026-05-25,24
300389.SZ,艾比森,12.62,15.8002,20.1277,2026-05-20,27
300375.SZ,鹏翎股份,4.11,5.145,20.116,2026-03-20,66
001317.SZ,三羊马,39.07,48.9079,20.1152,2026-06-12,10
002558.SZ,巨人网络,27.44,34.3477,20.1111,2026-05-11,34
002454.SZ,松芝股份,4.87,6.0937,20.0807,2026-05-27,22
601065.SH,江盐集团,6.69,8.369,20.0625,2026-04-23,43
000926.SZ,福星股份,1.93,2.4142,20.0577,2026-06-02,18
688750.SH,金天钛业,16.02,20.0329,20.0315,2026-03-11,73
300520.SZ,科大国创,27.0,33.7577,20.0183,2026-06-05,15
300971.SZ,博亚精工,18.52,23.1544,20.0152,2026-05-26,23
603182.SH,嘉华股份,11.73,14.6628,20.0014,2026-05-21,26
603043.SH,广州酒家,12.67,15.8377,20.001,2026-03-19,67
600455.SH,博通股份,21.72,27.148,19.994,2026-06-02,18
300565.SZ,科信技术,10.28,12.8482,19.9885,2026-06-08,14
002997.SZ,瑞鹄模具,28.26,35.3185,19.9853,2026-01-26,99
601069.SH,西部黄金,22.47,28.0814,19.9825,2026-06-03,17
002864.SZ,盘龙药业,25.28,31.5928,19.9817,2026-05-14,31
300341.SZ,麦克奥迪,13.16,16.4456,19.9787,2026-02-27,81
301267.SZ,华厦眼科,14.95,18.6808,19.9715,2026-01-27,98
002261.SZ,拓维信息,26.89,33.5891,19.9443,2026-05-20,27
600993.SH,马应龙,21.55,26.912,19.9241,2026-02-26,82
688255.SH,凯尔达,26.71,33.3546,19.9211,2026-05-26,23
002242.SZ,九阳股份,7.91,9.877,19.9146,2026-05-21,26
002309.SZ,中利集团,2.78,3.4711,19.9106,2026-06-05,15
601952.SH,苏垦农发,7.59,9.4752,19.8959,2026-05-12,33
300858.SZ,科拓生物,14.24,17.7738,19.8821,2026-05-15,30
600308.SH,华泰股份,3.02,3.7694,19.882,2026-05-20,27
600970.SH,中材国际,7.29,9.0952,19.8479,2026-04-29,39
300405.SZ,科隆股份,5.19,6.475,19.8461,2026-06-02,18
603606.SH,东方电缆,38.02,47.4328,19.8446,2026-05-21,26
688529.SH,豪森智能,15.48,19.307,19.822,2026-05-29,20
300989.SZ,蕾奥规划,13.1,16.3384,19.8206,2026-01-14,107
002334.SZ,英威腾,7.08,8.8286,19.8058,2026-06-10,12
601186.SH,中国铁建,6.02,7.5063,19.801,2025-08-27,199
601121.SH,宝地矿业,5.71,7.118,19.7809,2026-05-19,28
600854.SH,春兰股份,4.08,5.086,19.7802,2026-05-25,24
600390.SH,五矿资本,4.53,5.6455,19.7585,2026-01-30,95
688318.SH,财富趋势,73.1,91.0938,19.753,2026-03-02,80
002801.SZ,微光股份,26.88,33.4939,19.7465,2026-05-27,22
600600.SH,青岛啤酒,51.59,64.2651,19.7231,2025-09-02,195
603599.SH,广信股份,9.95,12.3943,19.7209,2026-05-14,31
920062.BJ,科润智控,8.9,11.0842,19.7056,2026-06-08,14
300421.SZ,力星股份,17.95,22.3502,19.6875,2026-06-08,14
603329.SH,上海雅仕,9.07,11.2891,19.6569,2026-05-25,24
301516.SZ,中远通,14.15,17.6036,19.6185,2026-06-02,18
300862.SZ,蓝盾光电,19.54,24.3087,19.6172,2026-05-27,22
301129.SZ,瑞纳智能,21.0,26.1212,19.6057,2026-06-03,17
600101.SH,明星电力,7.95,9.8868,19.5899,2026-06-05,15
601969.SH,海南矿业,7.95,9.8856,19.5797,2026-06-02,18
300232.SZ,洲明科技,5.81,7.2236,19.5691,2026-03-23,65
002116.SZ,中国海诚,6.75,8.3923,19.5688,2026-04-22,44
002131.SZ,利欧股份,4.76,5.9164,19.5462,2026-06-04,16
002800.SZ,天顺股份,13.13,16.3188,19.5407,2026-06-08,14
002480.SZ,新筑股份,5.2,6.4624,19.534,2026-05-14,31
603312.SH,西典新能,35.07,43.5799,19.5271,2026-03-30,60
002576.SZ,通达动力,14.24,17.6941,19.5213,2026-05-29,20
600389.SH,江山股份,19.78,24.5775,19.5198,2026-06-05,15
605116.SH,奥锐特,18.85,23.4207,19.5155,2026-04-24,42
300761.SZ,立华股份,16.23,20.1633,19.5071,2026-06-04,16
600664.SH,哈药股份,2.93,3.6393,19.4896,2026-05-14,31
002282.SZ,博深股份,5.75,7.1417,19.4867,2026-03-17,69
688621.SH,阳光诺和,50.58,62.7933,19.45,2026-04-23,43
300958.SZ,建工修复,10.78,13.3807,19.4361,2026-05-27,22
002911.SZ,佛燃能源,9.66,11.9899,19.432,2026-05-21,26
603073.SH,彩蝶实业,15.01,18.6246,19.4078,2026-05-27,22
600619.SH,海立股份,15.1,18.7345,19.4002,2026-05-25,24
603496.SH,恒为科技,22.79,28.2717,19.3895,2026-05-25,24
600916.SH,中国黄金,6.89,8.5469,19.3856,2026-05-14,31
300552.SZ,万集科技,22.8,28.2775,19.3706,2026-06-10,12
600988.SH,赤峰黄金,25.93,32.1588,19.3688,2026-06-18,6
601881.SH,中国银河,12.47,15.4653,19.3678,2026-01-08,111
002644.SZ,佛慈制药,7.03,8.7164,19.3478,2026-04-09,53
300381.SZ,溢多利,5.56,6.8937,19.3468,2026-05-21,26
600690.SH,海尔智家,19.72,24.4449,19.3288,2026-03-02,80
300281.SZ,金明精机,6.12,7.5854,19.3189,2026-06-08,14
600269.SH,赣粤高速,3.98,4.9325,19.311,2026-01-16,105
600037.SH,歌华有线,6.29,7.7953,19.3107,2026-05-21,26
000981.SZ,山子高科,2.86,3.5436,19.292,2026-06-08,14
300335.SZ,迪森股份,4.93,6.108,19.2856,2026-06-03,17
002090.SZ,金智科技,8.92,11.0513,19.2855,2026-05-26,23
300872.SZ,天阳科技,16.79,20.8014,19.2843,2026-05-29,20
002249.SZ,大洋电机,7.48,9.2664,19.2782,2026-05-27,22
605189.SH,富春染织,12.4,15.3612,19.2773,2026-05-27,22
600617.SH,国新能源,2.63,3.2578,19.2707,2026-06-08,14
688285.SH,高铁电气,7.15,8.8563,19.2669,2026-05-25,24
001209.SZ,洪兴股份,16.28,20.165,19.2661,2026-06-03,17
300807.SZ,天迈科技,37.85,46.8804,19.2626,2026-05-28,21
600410.SH,华胜天成,15.84,19.6173,19.2548,2026-05-29,20
000068.SZ,华控赛格,2.83,3.5048,19.2545,2026-06-11,11
920768.BJ,拾比佰,7.03,8.7063,19.254,2026-05-20,27
000729.SZ,燕京啤酒,9.96,12.334,19.2474,2026-06-03,17
603656.SH,泰禾智能,17.02,21.0758,19.2438,2026-04-20,46
603848.SH,好太太,14.79,18.3139,19.2415,2026-02-11,87
920571.BJ,国航远洋,8.59,10.6362,19.2383,2026-05-22,25
600803.SH,新奥股份,15.9,19.6843,19.225,2026-06-02,18
605259.SH,绿田机械,17.9,22.1562,19.2098,2026-03-23,65
301429.SZ,森泰股份,15.76,19.5038,19.1952,2026-06-03,17
603998.SH,方盛制药,8.85,10.9521,19.1935,2026-05-12,33
300358.SZ,楚天科技,7.55,9.3421,19.1827,2026-05-18,29
600121.SH,郑州煤电,3.6,4.4545,19.1825,2026-06-16,8
000652.SZ,泰达股份,3.39,4.194,19.1707,2026-05-15,30
601500.SH,通用股份,3.65,4.5154,19.1648,2026-05-14,31
688528.SH,秦川物联,9.21,11.3932,19.1626,2026-06-02,18
688092.SH,爱科科技,21.2,26.2249,19.1609,2026-06-11,11
002048.SZ,宁波华翔,22.1,27.3382,19.1606,2026-06-18,6
600817.SH,宇通重工,8.9,11.009,19.1573,2026-05-08,35
601188.SH,龙江交通,2.8,3.4634,19.1557,2026-03-19,67
300838.SZ,浙江力诺,12.59,15.5692,19.1352,2026-06-08,14
920118.BJ,太湖远大,19.42,24.0126,19.1257,2025-09-25,178
002218.SZ,拓日新能,3.75,4.6367,19.1239,2026-06-02,18
600004.SH,白云机场,7.48,9.2485,19.122,2026-03-02,80
600506.SH,统一股份,14.16,17.5062,19.1143,2026-06-04,16
601727.SH,上海电气,6.84,8.4555,19.1057,2026-05-27,22
300414.SZ,中光防雷,10.99,13.5845,19.099,2026-05-21,26
603062.SH,麦加芯彩,38.78,47.9313,19.0926,2026-05-26,23
002702.SZ,海欣食品,4.54,5.6112,19.091,2026-06-02,18
002915.SZ,中欣氟材,18.49,22.8478,19.0733,2026-05-21,26
300040.SZ,九洲集团,5.7,7.0433,19.072,2026-06-08,14
000989.SZ,九芝堂,7.58,9.3662,19.0707,2026-04-30,38
603797.SH,联泰环保,3.8,4.695,19.0626,2026-05-21,26
600332.SH,白云山,19.77,24.4245,19.0567,2025-11-20,144
600016.SH,民生银行,3.29,4.0645,19.0559,2025-11-21,143
600028.SH,中国石化,4.52,5.584,19.0547,2026-04-14,50
300851.SZ,交大思诺,22.38,27.6417,19.0352,2026-05-29,20
300991.SZ,创益通,33.33,41.1639,19.031,2026-06-17,7
603987.SH,康德莱,6.85,8.4593,19.0238,2026-04-28,40
002783.SZ,凯龙股份,7.55,9.322,19.0091,2026-04-27,41
002228.SZ,合兴包装,3.01,3.7164,19.0087,2026-05-14,31
300609.SZ,汇纳科技,32.14,39.6804,19.0028,2026-05-21,26
600050.SH,中国联通,4.05,4.9992,18.9877,2026-01-14,107
688246.SH,嘉和美康,21.37,26.3777,18.9845,2026-01-16,105
300347.SZ,泰格医药,45.05,55.6,18.9749,2026-04-30,38
301212.SZ,联盛化学,23.01,28.3913,18.9539,2026-06-03,17
003008.SZ,开普检测,17.51,21.6012,18.9397,2026-05-21,26
600681.SH,百川能源,3.22,3.9723,18.9388,2026-05-21,26
603187.SH,海容冷链,11.27,13.9015,18.9296,2026-05-15,30
600469.SH,风神股份,5.15,6.3505,18.9036,2026-05-18,29
688737.SH,中自科技,19.97,24.6231,18.8974,2026-06-24,3
920405.BJ,海希通讯,18.19,22.4221,18.8747,2026-03-23,65
002442.SZ,龙星科技,5.12,6.3105,18.8656,2026-05-29,20
603216.SH,梦天家居,20.75,25.5728,18.8593,2026-05-29,20
300531.SZ,优博讯,15.15,18.67,18.8538,2026-05-21,26
601022.SH,宁波远洋,7.62,9.3905,18.8538,2026-03-17,69
300641.SZ,正丹股份,16.0,19.7174,18.8535,2026-03-20,66
300115.SZ,长盈精密,26.67,32.8641,18.8476,2026-06-08,14
603836.SH,海程邦达,7.94,9.7838,18.8458,2026-05-18,29
301088.SZ,戎美股份,11.65,14.3547,18.842,2026-06-03,17
301239.SZ,普瑞眼科,30.08,37.0576,18.8291,2026-06-02,18
600489.SH,中金黄金,18.3,22.5443,18.8266,2026-06-18,6
002678.SZ,珠江钢琴,4.28,5.2719,18.8152,2026-06-16,8
600467.SH,好当家,2.02,2.4881,18.8133,2026-03-31,59
002578.SZ,闽发铝业,3.2,3.9414,18.8114,2026-06-04,16
300517.SZ,海波重科,9.5,11.7,18.8033,2026-06-03,17
603799.SH,华友钴业,46.79,57.6083,18.7791,2026-05-27,22
603658.SH,安图生物,28.72,35.3596,18.7774,2025-09-18,183
301060.SZ,兰卫医学,8.05,9.9109,18.776,2026-05-27,22
600019.SH,宝钢股份,5.39,6.6359,18.7748,2026-03-16,70
600980.SH,北矿科技,18.84,23.1943,18.773,2026-05-19,28
000570.SZ,苏常柴A,4.74,5.8346,18.7605,2026-05-26,23
301353.SZ,普莱得,16.8,20.6788,18.7575,2026-05-27,22
301518.SZ,长华化学,27.48,33.8246,18.7572,2026-05-26,23
688510.SH,航亚科技,22.96,28.2589,18.7511,2026-05-29,20
001333.SZ,光华股份,18.94,23.3106,18.7494,2026-05-29,20
000902.SZ,新洋丰,12.07,14.8516,18.7293,2026-05-14,31
301391.SZ,卡莱特,56.55,69.5729,18.7183,2026-05-29,20
600336.SH,澳柯玛,6.04,7.4303,18.7116,2026-06-08,14
600022.SH,山东钢铁,1.23,1.5128,18.6938,2026-04-23,43
600830.SH,香溢融通,7.89,9.7034,18.6884,2026-05-20,27
300833.SZ,浩洋股份,30.73,37.7864,18.6745,2026-05-18,29
688165.SH,埃夫特,17.9,22.009,18.6695,2025-10-10,163
600319.SH,亚星化学,6.33,7.7824,18.6626,2026-05-26,23
000425.SZ,徐工机械,8.22,10.1056,18.6593,2026-05-18,29
300195.SZ,长荣股份,6.37,7.8312,18.6583,2026-03-23,65
000679.SZ,大连友谊,6.26,7.6956,18.6548,2026-01-15,106
605162.SH,新中港,7.72,9.4903,18.6538,2026-06-11,11
688722.SH,同益中,15.49,19.0394,18.6425,2026-03-03,79
601200.SH,上海环境,6.63,8.1484,18.6343,2026-05-14,31
688297.SH,中无人机,40.34,49.5725,18.6242,2026-04-21,45
000498.SZ,山东路桥,4.81,5.9081,18.587,2026-04-20,46
605488.SH,福莱新材,27.81,34.158,18.5843,2026-06-17,7
000581.SZ,威孚高科,16.76,20.5821,18.5698,2026-04-17,47
600168.SH,武汉控股,4.06,4.9857,18.567,2026-05-14,31
002204.SZ,大连重工,5.33,6.5445,18.5581,2026-05-12,33
600699.SH,均胜电子,21.1,25.9024,18.5405,2026-06-10,12
000928.SZ,中钢国际,5.12,6.2849,18.5348,2026-05-21,26
300616.SZ,尚品宅配,11.03,13.5377,18.5236,2026-06-11,11
600137.SH,浪莎股份,16.47,20.2125,18.5159,2026-06-03,17
601600.SH,中国铝业,8.4,10.3029,18.4699,2026-06-16,8
301007.SZ,德迈仕,30.53,37.446,18.4692,2026-05-29,20
002194.SZ,武汉凡谷,10.49,12.8628,18.447,2026-01-28,97
600056.SH,中国医药,8.58,10.5207,18.4467,2026-04-21,45
605122.SH,四方新材,11.01,13.498,18.4321,2026-05-27,22
603235.SH,天新药业,22.0,26.9707,18.4301,2026-04-09,53
600855.SH,航天长峰,13.87,17.0003,18.4133,2026-05-29,20
600798.SH,宁波海运,3.18,3.8974,18.4077,2026-04-09,53
600380.SH,健康元,9.29,11.3853,18.4033,2026-01-30,95
688100.SH,威胜信息,30.03,36.8006,18.3981,2026-05-29,20
600567.SH,山鹰国际,1.39,1.7032,18.3889,2025-11-18,146
002225.SZ,濮耐股份,4.62,5.6599,18.373,2026-03-17,69
002377.SZ,国创高新,2.57,3.1484,18.3712,2026-05-25,24
001231.SZ,农心科技,18.44,22.5868,18.3593,2026-05-27,22
002928.SZ,华夏航空,7.64,9.3578,18.3569,2026-03-12,72
001368.SZ,通达创智,20.69,25.3412,18.3544,2026-06-02,18
002532.SZ,天山铝业,11.08,13.5694,18.3459,2026-06-16,8
688755.SH,汉邦科技,26.33,32.2428,18.3383,2026-05-27,22
000993.SZ,闽东电力,9.87,12.0856,18.3326,2026-06-10,12
002739.SZ,儒意电影,8.87,10.861,18.3316,2026-02-24,84
300404.SZ,博济医药,8.29,10.1503,18.3279,2026-05-29,20
688315.SH,诺禾致源,11.96,14.6377,18.2931,2026-05-29,20
001238.SZ,浙江正特,27.75,33.9617,18.2902,2026-05-13,32
001366.SZ,播恩集团,11.1,13.584,18.2862,2026-06-08,14
002114.SZ,罗平锌电,6.81,8.3338,18.285,2026-05-29,20
688077.SH,大地熊,26.22,32.0839,18.2768,2026-05-12,33
605218.SH,伟时电子,16.35,20.0044,18.268,2026-05-22,25
600307.SH,酒钢宏兴,1.41,1.7249,18.2571,2026-05-14,31
002041.SZ,登海种业,8.03,9.8229,18.2524,2026-05-14,31
002802.SZ,洪汇新材,10.83,13.2481,18.2523,2026-05-27,22
301206.SZ,三元生物,22.41,27.4036,18.2225,2026-03-17,69
600918.SH,中泰证券,5.29,6.4635,18.1561,2026-01-16,105
605180.SH,华生科技,12.24,14.9534,18.1455,2026-05-27,22
688269.SH,凯立新材,31.63,38.6398,18.1414,2026-05-28,21
603331.SH,百达精工,10.5,12.8269,18.1406,2026-06-09,13
000919.SZ,金陵药业,5.78,7.0601,18.131,2026-05-13,32
301202.SZ,朗威股份,34.18,41.7447,18.1213,2026-05-29,20
601011.SH,宝泰隆,2.67,3.2596,18.0871,2026-06-09,13
002478.SZ,常宝股份,6.23,7.6055,18.0855,2026-05-27,22
603901.SH,永创智能,9.95,12.1432,18.061,2026-05-25,24
300428.SZ,立中集团,17.36,21.1828,18.0469,2026-05-29,20
000726.SZ,鲁泰A,5.49,6.6971,18.0243,2026-04-17,47
002029.SZ,七匹狼,7.73,9.428,18.0103,2026-05-25,24
003027.SZ,同兴科技,16.9,20.6086,17.9953,2026-06-12,10
000759.SZ,中百集团,5.74,6.9992,17.9911,2026-01-13,108
688073.SH,毕得医药,49.7,60.6014,17.9887,2026-05-08,35
600835.SH,上海机电,20.85,25.4221,17.9847,2026-05-25,24
002511.SZ,中顺洁柔,6.58,8.0219,17.9744,2026-05-14,31
002311.SZ,海大集团,43.56,53.1025,17.9699,2026-03-17,69
601068.SH,中铝国际,4.44,5.4104,17.9364,2026-06-04,16
002007.SZ,华兰生物,12.12,14.7681,17.9311,2026-01-30,95
920564.BJ,天润科技,16.81,20.4823,17.929,2026-05-20,27
300004.SZ,南风股份,9.88,12.0364,17.9157,2026-06-22,5
601611.SH,中国核建,10.09,12.2918,17.913,2026-05-29,20
301113.SZ,雅艺科技,15.03,18.3097,17.9123,2026-06-08,14
603336.SH,宏辉果蔬,7.45,9.0752,17.9078,2026-06-11,11
002300.SZ,太阳电缆,6.73,8.1956,17.8825,2026-06-08,14
688420.SH,美腾科技,20.87,25.4147,17.882,2026-06-02,18
301037.SZ,保立佳,12.22,14.879,17.8708,2026-06-03,17
301390.SZ,经纬股份,29.86,36.3512,17.8569,2026-05-21,26
300296.SZ,利亚德,5.55,6.7549,17.8372,2026-06-18,6
300785.SZ,值得买,35.96,43.7584,17.8215,2026-06-04,16
001296.SZ,长江材料,19.61,23.8625,17.8208,2026-05-11,34
300383.SZ,光环新网,12.11,14.7328,17.8023,2026-05-27,22
301090.SZ,华润材料,6.35,7.7227,17.7747,2026-05-21,26
001202.SZ,炬申股份,13.08,15.9044,17.7584,2026-06-02,18
002866.SZ,传艺科技,16.14,19.6193,17.7341,2026-06-04,16
605158.SH,华达新材,6.73,8.1805,17.7313,2026-05-15,30
300559.SZ,佳发教育,10.45,12.7011,17.7237,2026-05-25,24
601728.SH,中国电信,5.32,6.4657,17.7198,2026-05-20,27
603309.SH,维力医疗,11.06,13.4418,17.7195,2026-05-25,24
600528.SH,中铁工业,6.7,8.1417,17.7081,2026-04-09,53
301275.SZ,汉朔科技,43.06,52.3235,17.7044,2026-03-20,66
603173.SH,福斯达,34.05,41.3725,17.699,2026-04-22,44
002099.SZ,海翔药业,5.19,6.3053,17.6886,2026-05-06,37
000955.SZ,欣龙控股,4.44,5.3938,17.6833,2026-03-17,69
688563.SH,航材股份,47.54,57.7502,17.6799,2026-05-21,26
000563.SZ,陕国投A,2.81,3.4132,17.6728,2026-03-20,66
300099.SZ,尤洛卡,6.3,7.6518,17.6664,2026-06-18,6
600067.SH,冠城新材,2.96,3.5948,17.6587,2026-06-17,7
920068.BJ,天工股份,16.11,19.564,17.6549,2026-05-22,25
300627.SZ,华测导航,27.78,33.7344,17.6507,2026-04-24,42
002476.SZ,新叶股份,4.79,5.8156,17.6348,2026-05-21,26
601002.SH,晋亿实业,4.35,5.2813,17.6338,2026-05-25,24
002998.SZ,优彩资源,6.63,8.0488,17.6271,2026-06-04,16
000592.SZ,平潭发展,6.68,8.108,17.6118,2026-06-08,14
601218.SH,吉鑫科技,4.33,5.2549,17.6004,2026-06-04,16
601006.SH,大秦铁路,4.63,5.6189,17.5998,2025-08-26,200
688357.SH,建龙微纳,27.49,33.3614,17.5993,2026-05-27,22
000709.SZ,河钢股份,1.96,2.3784,17.5907,2026-05-12,33
600966.SH,博汇纸业,4.88,5.9214,17.5873,2026-06-09,13
688327.SH,云从科技,12.27,14.885,17.5678,2026-03-12,72
002333.SZ,罗普斯金,4.62,5.6043,17.5634,2026-04-28,40
000019.SZ,深粮控股,5.69,6.9016,17.5559,2026-05-15,30
002490.SZ,山东墨龙,6.32,7.6651,17.5486,2026-06-17,7
000546.SZ,金圆股份,4.8,5.8205,17.5331,2026-05-27,22
300882.SZ,万胜智能,15.88,19.2548,17.5273,2026-05-14,31
002349.SZ,精华制药,6.08,7.3713,17.5174,2026-05-12,33
601318.SH,中国平安,47.23,57.2552,17.5096,2026-05-13,32
601686.SH,友发集团,4.85,5.8793,17.5074,2026-06-03,17
002241.SZ,歌尔股份,22.33,27.0643,17.4928,2026-05-29,20
301015.SZ,百洋医药,19.14,23.1917,17.4706,2026-05-13,32
601111.SH,中国国航,6.37,7.7184,17.4699,2026-03-04,78
300146.SZ,汤臣倍健,9.24,11.1951,17.464,2026-03-02,80
300803.SZ,指南针,94.79,114.8433,17.4615,2026-03-20,66
600917.SH,重庆燃气,4.6,5.5719,17.4428,2026-03-17,69
300441.SZ,鲍斯股份,6.32,7.6543,17.4318,2025-09-19,182
601700.SH,风范股份,4.3,5.2067,17.4149,2026-06-08,14
002639.SZ,雪人集团,12.78,15.4747,17.4135,2026-06-05,15
600178.SH,东安动力,10.2,12.3498,17.4073,2026-01-27,98
000537.SZ,绿发电力,7.44,9.0059,17.3875,2026-06-09,13
000513.SZ,丽珠集团,28.43,34.4048,17.3663,2026-01-14,107
920021.BJ,流金科技,7.12,8.6134,17.3379,2026-06-11,11
600170.SH,上海建工,2.23,2.6972,17.323,2026-05-14,31
002396.SZ,星网锐捷,17.7,21.4059,17.3124,2026-06-08,14
300648.SZ,星云股份,40.77,49.3055,17.3115,2026-06-03,17
688499.SH,利元亨,46.0,55.628,17.3078,2026-06-02,18
002788.SZ,鹭燕医药,10.05,12.1501,17.2849,2026-06-02,18
603227.SH,雪峰科技,7.16,8.6556,17.2787,2026-06-03,17
301507.SZ,民生健康,12.05,14.5668,17.2779,2026-05-12,33
300228.SZ,富瑞特装,7.21,8.7158,17.2768,2026-05-29,20
002078.SZ,太阳纸业,12.14,14.6731,17.2634,2026-05-11,34
000957.SZ,中通客车,9.35,11.3006,17.2608,2026-05-18,29
600300.SH,维维股份,2.81,3.3941,17.2081,2026-05-14,31
601099.SH,太平洋,3.37,4.0695,17.1884,2026-03-02,80
001219.SZ,青岛食品,11.62,14.0293,17.1736,2026-05-18,29
000055.SZ,方大集团,3.36,4.0566,17.172,2026-06-03,17
600021.SH,上海电力,15.04,18.1523,17.1456,2026-06-10,12
300008.SZ,天海防务,6.19,7.4704,17.1392,2026-05-20,27
601058.SH,赛轮轮胎,11.73,14.1561,17.1382,2026-04-30,38
603221.SH,爱丽家居,10.16,12.261,17.1356,2026-06-16,8
600071.SH,凤凰光学,17.34,20.9188,17.1079,2026-04-22,44
601399.SH,国机重装,3.36,4.0533,17.1042,2026-05-20,27
301016.SZ,雷尔伟,12.56,15.1515,17.1038,2026-06-08,14
603577.SH,汇金通,8.45,10.1923,17.0947,2026-06-03,17
000045.SZ,深纺织A,10.0,12.0616,17.0925,2026-05-25,24
600276.SH,恒瑞医药,48.67,58.7023,17.0901,2026-02-26,82
603390.SH,通达电气,10.66,12.8567,17.0858,2026-05-29,20
002391.SZ,长青股份,4.91,5.9211,17.0766,2026-05-20,27
300345.SZ,华民股份,5.87,7.0774,17.0595,2026-04-02,57
600490.SH,鹏欣资源,6.0,7.2336,17.0533,2026-06-23,4
603138.SH,海量数据,13.99,16.866,17.0521,2026-06-11,11
300740.SZ,水羊股份,17.85,21.5194,17.0514,2026-06-24,3
605028.SH,世茂能源,20.61,24.8457,17.0482,2026-05-25,24
301215.SZ,中汽股份,5.26,6.3409,17.0471,2026-05-12,33
301035.SZ,润丰股份,45.62,54.9934,17.0446,2026-06-02,18
600595.SH,中孚实业,5.54,6.6757,17.0123,2026-06-16,8
603868.SH,飞科电器,29.8,35.9052,17.0037,2026-06-03,17
301057.SZ,汇隆新材,23.21,27.9595,16.9872,2026-06-16,8
300329.SZ,海伦钢琴,11.31,13.6209,16.966,2026-06-01,19
002195.SZ,岩山科技,6.55,7.886,16.9418,2026-05-29,20
002736.SZ,国信证券,9.99,12.0275,16.9403,2026-03-19,67
600551.SH,时代出版,7.04,8.4755,16.9366,2026-03-18,68
300977.SZ,深圳瑞捷,16.06,19.3294,16.9139,2026-06-02,18
300923.SZ,研奥股份,21.55,25.9362,16.9114,2026-05-25,24
600131.SH,国网信通,14.82,17.8318,16.8899,2026-05-26,23
688708.SH,佳驰科技,51.25,61.6399,16.8559,2026-03-03,79
603871.SH,嘉友国际,10.51,12.64,16.8515,2026-05-12,33
600361.SH,创新新材,3.62,4.3521,16.8221,2026-06-04,16
000400.SZ,许继电气,21.33,25.6436,16.8213,2026-06-04,16
600032.SH,浙江新能,6.9,8.2952,16.8189,2026-06-17,7
301231.SZ,荣信文化,25.59,30.7625,16.8142,2026-06-24,3
603018.SH,华设集团,6.42,7.7164,16.8006,2026-03-19,67
920017.BJ,星昊医药,15.47,18.5918,16.7913,2026-01-30,95
605599.SH,菜百股份,13.87,16.6672,16.7825,2026-05-14,31
000520.SZ,凤凰航运,3.81,4.5778,16.7715,2026-06-09,13
000156.SZ,华数传媒,6.51,7.821,16.7628,2026-03-19,67
301181.SZ,标榜股份,23.41,28.1226,16.7572,2026-06-17,7
605003.SH,众望布艺,21.41,25.7195,16.7557,2026-05-26,23
603099.SH,长白山,35.11,42.167,16.7359,2026-02-12,86
603053.SH,成都燃气,8.31,9.9792,16.727,2026-05-21,26
688306.SH,均普智能,8.86,10.6394,16.7247,2026-05-26,23
603877.SH,太平鸟,11.98,14.3838,16.7121,2026-04-22,44
002673.SZ,西部证券,6.47,7.768,16.7094,2026-01-30,95
920593.BJ,鼎智科技,28.3,33.9768,16.7079,2026-06-09,13
002479.SZ,富春环保,4.31,5.1734,16.6899,2026-06-08,14
002382.SZ,蓝帆医疗,5.17,6.2057,16.6898,2026-06-05,15
603600.SH,永艺股份,9.08,10.898,16.6821,2026-05-26,23
603855.SH,华荣股份,16.58,19.8955,16.6647,2026-04-09,53
603095.SH,越剑智能,14.32,17.182,16.6572,2026-06-17,7
688215.SH,瑞晟智能,38.65,46.3747,16.6572,2026-06-16,8
920139.BJ,华岭股份,18.44,22.1248,16.6546,2026-01-22,101
002140.SZ,东华科技,9.27,11.1219,16.651,2026-05-14,31
300582.SZ,英飞特,12.59,15.1038,16.6435,2026-06-17,7
603344.SH,星德胜,23.71,28.442,16.6373,2026-06-17,7
000931.SZ,中关村,4.24,5.0847,16.6125,2026-04-17,47
002767.SZ,先锋电子,17.0,20.3867,16.6123,2026-05-14,31
002100.SZ,天康生物,5.83,6.9902,16.5978,2026-05-22,25
601990.SH,南京证券,6.58,7.8894,16.5971,2026-01-13,108
300072.SZ,海新能科,3.6,4.3151,16.5717,2026-05-21,26
600508.SH,上海能源,7.4,8.8657,16.5324,2026-06-17,7
002255.SZ,海陆重工,8.82,10.5656,16.5217,2026-05-21,26
000025.SZ,特力A,14.48,17.3438,16.5121,2026-03-03,79
601236.SH,红塔证券,6.76,8.0961,16.5029,2026-01-15,106
300610.SZ,晨化股份,9.92,11.8801,16.4988,2026-05-25,24
600123.SH,兰花科创,5.47,6.5506,16.4958,2026-06-17,7
600881.SH,亚泰集团,1.53,1.8321,16.4902,2026-01-27,98
920670.BJ,数字人,13.6,16.2846,16.4854,2026-05-14,31
301166.SZ,优宁维,25.6,30.6523,16.4827,2026-05-14,31
600256.SH,广汇能源,4.72,5.6507,16.471,2026-06-16,8
300699.SZ,光威复材,26.97,32.277,16.442,2026-05-27,22
002907.SZ,华森制药,12.9,15.4308,16.4007,2026-01-27,98
001239.SZ,永达股份,13.44,16.0748,16.3909,2026-03-19,67
300073.SZ,当升科技,45.68,54.6349,16.3905,2026-06-03,17
603219.SH,富佳股份,14.09,16.8518,16.3888,2026-05-28,21
600716.SH,凤凰股份,3.38,4.0425,16.388,2026-05-21,26
600580.SH,卧龙电驱,31.89,38.1396,16.3861,2026-06-10,12
300784.SZ,利安科技,43.71,52.2559,16.3539,2026-05-20,27
600305.SH,恒顺醋业,6.51,7.7825,16.3503,2026-03-18,68
600741.SH,华域汽车,15.87,18.971,16.346,2026-04-30,38
600372.SH,中航机载,10.72,12.8141,16.3424,2026-05-15,30
688370.SH,丛麟科技,20.74,24.7886,16.3326,2026-05-26,23
002439.SZ,启明星辰,12.56,15.0092,16.3182,2026-05-27,22
601212.SH,白银有色,5.04,6.0222,16.3091,2026-06-23,4
688576.SH,西山科技,38.72,46.2564,16.2927,2026-06-24,3
603885.SH,吉祥航空,10.68,12.7582,16.2889,2026-03-02,80
300452.SZ,山河药辅,11.4,13.6178,16.2862,2026-05-14,31
603310.SH,巍华新材,14.4,17.1999,16.2784,2025-11-14,148
300063.SZ,天龙集团,8.61,10.2826,16.2663,2026-06-03,17
600621.SH,华鑫股份,12.88,15.3789,16.2488,2026-03-19,67
002003.SZ,伟星股份,8.33,9.945,16.2394,2025-11-14,148
601668.SH,中国建筑,4.4,5.2519,16.2206,2025-10-31,158
920190.BJ,雷神科技,23.01,27.4641,16.218,2026-06-10,12
300118.SZ,东方日升,11.64,13.8928,16.2158,2026-06-17,7
001213.SZ,中铁特货,3.41,4.0698,16.2126,2026-04-01,58
688036.SH,传音控股,56.81,67.7899,16.197,2025-10-13,172
601098.SH,中南传媒,9.86,11.7635,16.1812,2025-09-02,195
600017.SH,日照港,2.54,3.0302,16.1776,2026-04-09,53
002494.SZ,华斯股份,4.48,5.3443,16.1727,2026-06-03,17
601368.SH,绿城水务,4.16,4.9608,16.1418,2026-05-12,33
002875.SZ,安奈儿,15.11,18.0113,16.1083,2026-06-08,14
601798.SH,蓝科高新,7.61,9.0709,16.1052,2026-05-14,31
002357.SZ,富临运业,9.3,11.0852,16.1045,2026-05-28,21
301234.SZ,五洲医疗,33.49,39.9135,16.0935,2026-06-15,9
002627.SZ,三峡旅游,5.75,6.8523,16.0865,2026-06-08,14
600925.SH,苏能股份,4.03,4.8014,16.0656,2026-06-05,15
600820.SH,隧道股份,5.27,6.2777,16.0517,2026-04-01,58
002324.SZ,普利特,12.02,14.3159,16.0372,2026-05-20,27
600826.SH,兰生股份,8.7,10.3614,16.0344,2026-03-20,66
603041.SH,美思德,10.5,12.5035,16.0236,2026-06-02,18
688049.SH,炬芯科技,43.0,51.194,16.0057,2026-05-26,23
300797.SZ,钢研纳克,13.49,16.0605,16.0053,2026-05-12,33
601689.SH,拓普集团,52.75,62.7729,15.9669,2026-06-11,11
003023.SZ,彩虹集团,19.88,23.6546,15.957,2026-06-08,14
002602.SZ,世纪华通,13.67,16.2634,15.9461,2026-05-11,34
600299.SH,安迪苏,8.83,10.5049,15.9442,2026-06-04,16
603231.SH,索宝蛋白,14.9,17.726,15.9427,2026-05-11,34
603919.SH,金徽酒,16.26,19.3429,15.938,2026-06-05,15
605005.SH,合兴股份,15.67,18.6407,15.9368,2026-05-21,26
000541.SZ,佛山照明,5.14,6.1144,15.9356,2026-03-02,80
600062.SH,华润双鹤,15.6,18.5553,15.927,2026-04-03,56
603408.SH,建霖家居,9.68,11.5127,15.9187,2026-04-22,44
300437.SZ,清水源,11.49,13.6643,15.9121,2026-05-26,23
688128.SH,中国电研,23.25,27.6452,15.8986,2026-06-05,15
000738.SZ,航发控制,17.62,20.9477,15.8859,2026-05-26,23
601319.SH,中国人保,6.91,8.2129,15.8639,2026-03-23,65
605268.SH,王力安防,9.13,10.8502,15.8542,2026-05-26,23
603960.SH,克来机电,17.5,20.7958,15.8485,2026-06-22,5
300412.SZ,迦南科技,4.46,5.2985,15.8245,2026-04-22,44
000795.SZ,英洛华,8.49,10.0832,15.8006,2026-06-23,4
002582.SZ,好想你,8.61,10.2252,15.7962,2026-06-02,18
000626.SZ,远大控股,6.49,7.7073,15.7939,2026-06-08,14
600116.SH,三峡水利,5.6,6.6499,15.7885,2026-06-08,14
603648.SH,畅联股份,8.81,10.4617,15.7879,2026-02-26,82
002418.SZ,康盛股份,3.95,4.6903,15.7833,2026-06-24,3
600894.SH,广日股份,7.65,9.0812,15.7601,2026-04-29,39
300021.SZ,大禹节水,3.99,4.7364,15.7594,2026-03-12,72
300702.SZ,天宇股份,20.24,24.026,15.758,2026-03-03,79
600219.SH,南山铝业,4.09,4.8548,15.7533,2026-06-08,14
002406.SZ,远东传动,6.6,7.832,15.7299,2026-06-09,13
600685.SH,中船防务,24.56,29.1441,15.729,2026-05-27,22
600871.SH,石化油服,2.03,2.4089,15.7285,2026-06-04,16
300773.SZ,拉卡拉,15.34,18.1988,15.7089,2026-05-27,22
301283.SZ,聚胶股份,24.94,29.5871,15.7065,2026-05-27,22
001207.SZ,联科科技,14.98,17.7701,15.7012,2026-06-17,7
300562.SZ,乐心医疗,11.96,14.182,15.6676,2026-05-11,34
600283.SH,钱江水利,7.95,9.4261,15.6594,2025-11-18,146
920033.BJ,康普化学,15.15,17.9629,15.6594,2026-01-30,95
603912.SH,佳力图,7.85,9.3042,15.6291,2026-05-29,20
301040.SZ,中环海陆,24.66,29.2247,15.6193,2026-06-17,7
688589.SH,力合微,19.45,23.0502,15.619,2026-05-29,20
000906.SZ,浙商中拓,5.08,6.0202,15.6179,2026-06-03,17
301585.SZ,蓝宇股份,26.33,31.2009,15.6114,2025-12-30,116
603299.SH,苏盐井神,8.82,10.4494,15.5934,2026-05-15,30
301108.SZ,洁雅股份,24.91,29.5118,15.593,2026-04-09,53
603338.SH,浙江鼎力,43.49,51.5232,15.5914,2026-05-28,21
688365.SH,光云科技,15.4,18.2426,15.582,2026-06-23,4
688026.SH,洁特生物,14.6,17.2928,15.5716,2026-06-25,2
300409.SZ,道氏技术,19.78,23.4271,15.5677,2026-05-29,20
688030.SH,山石网科,15.2,18.0007,15.5589,2026-05-27,22
920599.BJ,同力股份,16.53,19.5733,15.5481,2026-03-09,75
002695.SZ,煌上煌,9.99,11.8265,15.5286,2026-06-15,9
002455.SZ,百川股份,7.35,8.7001,15.5184,2026-06-02,18
603711.SH,香飘飘,11.4,13.4927,15.5097,2026-06-04,16
300203.SZ,聚光科技,14.01,16.5779,15.4898,2025-10-14,171
002239.SZ,奥特佳,2.54,3.0042,15.4525,2026-04-21,45
002828.SZ,贝肯能源,9.63,11.388,15.4375,2026-05-19,28
603709.SH,中源家居,13.67,16.163,15.4239,2026-06-08,14
300482.SZ,万孚生物,17.3,20.4527,15.4145,2026-06-17,7
600790.SH,轻纺城,3.31,3.9129,15.4075,2026-06-08,14
002939.SZ,长城证券,8.28,9.7869,15.397,2026-05-14,31
002746.SZ,仙坛股份,5.03,5.9448,15.3888,2026-06-02,18
002465.SZ,海格通信,12.3,14.5334,15.3675,2026-06-10,12
000550.SZ,江铃汽车,16.18,19.1123,15.3424,2026-05-08,35
920726.BJ,朱老六,17.08,20.1752,15.3416,2026-02-26,82
002259.SZ,升达林业,3.9,4.6067,15.3411,2026-06-08,14
002375.SZ,亚厦股份,3.41,4.0275,15.3325,2026-06-08,14
600426.SH,华鲁恒升,25.09,29.6301,15.3225,2026-06-04,16
300469.SZ,信息发展,50.07,59.1247,15.3146,2026-05-21,26
000683.SZ,博源化工,6.03,7.1186,15.2923,2026-06-04,16
603025.SH,大豪科技,13.39,15.8048,15.279,2026-06-03,17
688108.SH,赛诺医疗,18.16,21.4321,15.2672,2026-06-03,17
600339.SH,中油工程,3.1,3.6585,15.2664,2026-06-04,16
002775.SZ,文科股份,3.6,4.2478,15.2494,2026-05-27,22
688539.SH,高华科技,30.98,36.5475,15.2337,2026-05-29,20
688355.SH,明志科技,16.28,19.2027,15.2203,2026-05-29,20
603350.SH,安乃达,31.37,37.0011,15.2188,2026-04-15,49
003017.SZ,大洋生物,21.63,25.5127,15.2187,2026-05-21,26
603051.SH,鹿山新材,18.69,22.0417,15.2063,2026-05-29,20
600583.SH,海油工程,5.04,5.9438,15.2052,2026-05-25,24
002632.SZ,道明光学,9.32,10.9909,15.2023,2026-05-29,20
600356.SH,恒丰纸业,7.56,8.9151,15.2002,2026-06-02,18
688799.SH,华纳药厂,43.38,51.154,15.1973,2026-05-29,20
600368.SH,五洲交通,3.47,4.0916,15.1918,2025-11-19,145
000915.SZ,华特达因,27.0,31.8318,15.1792,2026-04-03,56
002233.SZ,塔牌集团,7.14,8.4177,15.1792,2026-05-21,26
002277.SZ,友阿股份,5.66,6.6728,15.1775,2026-06-10,12
301211.SZ,亨迪药业,10.52,12.4016,15.1724,2026-03-02,80
601788.SH,光大证券,14.51,17.1033,15.1627,2026-01-15,106
300725.SZ,药石科技,33.51,39.485,15.1322,2026-05-14,31
301333.SZ,诺思格,49.94,58.8436,15.131,2026-05-15,30
601628.SH,中国人寿,35.04,41.2803,15.1169,2026-03-23,65
002557.SZ,洽洽食品,17.95,21.1452,15.1108,2026-06-03,17
002780.SZ,三夫户外,12.34,14.5334,15.0923,2026-05-26,23
600660.SH,福耀玻璃,50.43,59.3892,15.0856,2026-03-03,79
600827.SH,百联股份,7.59,8.9376,15.0782,2026-01-21,102
603858.SH,步长制药,14.37,16.9201,15.0714,2026-04-16,48
603071.SH,物产环能,11.21,13.1982,15.0641,2026-06-08,14
600475.SH,华光环能,14.84,17.4705,15.0569,2026-05-26,23
603170.SH,宝立食品,11.34,13.3486,15.0471,2026-04-30,38
300268.SZ,佳沃食品,10.38,12.2166,15.0339,2026-06-08,14
002945.SZ,华林证券,13.51,15.8963,15.0116,2026-05-14,31
000650.SZ,仁和药业,4.99,5.8712,15.0089,2026-04-17,47
688475.SH,萤石网络,25.9,30.4643,14.9824,2026-05-14,31
688506.SH,百利天恒,262.59,308.8556,14.9797,2026-04-09,53
600739.SH,辽宁成大,10.03,11.7961,14.9719,2026-05-14,31
002310.SZ,东方新能,2.15,2.5285,14.97,2026-06-10,12
000090.SZ,天健集团,3.15,3.7045,14.9681,2026-06-02,18
600969.SH,郴电国际,7.63,8.9726,14.963,2026-06-17,7
000545.SZ,金浦钛业,2.52,2.9619,14.9189,2026-05-15,30
601669.SH,中国电建,4.78,5.6178,14.9132,2026-05-21,26
300364.SZ,中文在线,23.47,27.5816,14.9069,2026-05-20,27
600927.SH,永安期货,12.71,14.9364,14.9057,2026-05-15,30
002703.SZ,浙江世宝,14.16,16.6397,14.9022,2026-06-08,14
601216.SH,君正集团,4.58,5.3819,14.8996,2026-05-25,24
000933.SZ,神火股份,21.41,25.1569,14.894,2026-06-23,4
603888.SH,新华网,17.2,20.2093,14.8906,2026-05-20,27
600548.SH,深高速,8.14,9.5637,14.8868,2025-06-11,254
002340.SZ,格林美,6.69,7.8598,14.8835,2026-06-23,4
301386.SZ,未来电器,20.43,23.9986,14.87,2026-05-27,22
300901.SZ,中胤时尚,14.09,16.5495,14.8614,2026-05-20,27
603014.SH,威高血净,32.55,38.2306,14.8588,2026-06-11,11
300154.SZ,瑞凌股份,7.63,8.9611,14.8537,2026-06-22,5
301408.SZ,华人健康,14.17,16.6399,14.8434,2026-06-04,16
600841.SH,动力新科,6.24,7.3261,14.8248,2026-06-08,14
300133.SZ,华策影视,6.94,8.1471,14.8167,2026-06-02,18
002060.SZ,广东建工,3.07,3.6037,14.8093,2026-06-02,18
603209.SH,兴通股份,12.72,14.9288,14.7958,2026-04-24,42
002936.SZ,郑州银行,1.67,1.9598,14.7887,2025-11-21,143
000927.SZ,中国铁物,2.3,2.6988,14.778,2026-05-27,22
002061.SZ,浙江交科,3.33,3.9069,14.7672,2026-03-19,67
600211.SH,西藏药业,35.6,41.7664,14.7641,2026-05-14,31
300242.SZ,佳云科技,4.22,4.9506,14.7571,2026-06-10,12
600618.SH,氯碱化工,10.16,11.9171,14.7447,2026-05-19,28
000800.SZ,一汽解放,5.85,6.8617,14.7439,2026-04-30,38
000887.SZ,中鼎股份,17.35,20.3475,14.7316,2026-06-22,5
605056.SH,咸亨国际,15.98,18.7408,14.7316,2026-06-10,12
600125.SH,铁龙物流,5.16,6.0511,14.7264,2026-05-07,36
600519.SH,贵州茅台,1168.63,1370.4452,14.7263,2026-04-27,41
002995.SZ,天地在线,17.68,20.733,14.7252,2026-06-17,7
603697.SH,有友食品,10.07,11.8066,14.7084,2026-03-02,80
603199.SH,九华旅游,31.01,36.3481,14.6862,2026-04-27,41
688360.SH,德马科技,17.75,20.8031,14.6761,2026-06-22,5
000573.SZ,粤宏远A,3.62,4.2403,14.6281,2026-06-08,14
300267.SZ,尔康制药,3.24,3.7945,14.6128,2026-05-29,20
000875.SZ,电投绿能,5.16,6.0429,14.6112,2026-06-15,9
301361.SZ,众智科技,30.06,35.2001,14.6025,2026-06-08,14
002588.SZ,史丹利,8.13,9.5199,14.6002,2026-05-19,28
300573.SZ,兴齐眼药,38.62,45.2146,14.5852,2026-05-20,27
002286.SZ,保龄宝,8.59,10.0554,14.5732,2026-05-12,33
688767.SH,博拓生物,32.17,37.6551,14.5667,2026-06-22,5
603128.SH,华贸物流,5.07,5.9344,14.5664,2026-03-04,78
600496.SH,精工钢构,3.18,3.7215,14.5497,2026-06-10,12
300447.SZ,全信股份,14.66,17.1546,14.5421,2026-05-26,23
300085.SZ,银之杰,36.01,42.1345,14.5356,2026-05-14,31
600029.SH,南方航空,5.41,6.3295,14.5275,2026-03-11,73
601880.SH,辽港股份,1.4,1.6374,14.4961,2026-05-20,27
002275.SZ,桂林三金,12.08,14.1268,14.4887,2026-05-12,33
000517.SZ,荣安地产,1.68,1.9646,14.4864,2026-06-17,7
603808.SH,歌力思,7.71,9.0154,14.4799,2026-06-16,8
002235.SZ,安妮股份,8.0,9.353,14.4656,2026-06-17,7
688063.SH,派能科技,52.21,61.0388,14.4642,2026-06-04,16
688299.SH,长阳科技,16.13,18.8572,14.4626,2026-05-27,22
600182.SH,S佳通,12.74,14.8896,14.4371,2026-02-02,94
002107.SZ,沃华医药,5.6,6.5445,14.4315,2026-06-02,18
000983.SZ,山西焦煤,5.92,6.9181,14.4276,2026-06-16,8
301596.SZ,瑞迪智驱,48.12,56.23,14.4229,2026-06-23,4
603689.SH,皖天然气,6.97,8.1434,14.4093,2026-06-03,17
300422.SZ,博世科,4.37,5.1038,14.3775,2026-06-08,14
601858.SH,中国科传,17.89,20.8923,14.3702,2026-06-18,6
603368.SH,柳药集团,14.59,17.0375,14.3652,2026-03-03,79
600094.SH,大名城,3.61,4.2153,14.36,2026-06-03,17
605183.SH,确成股份,16.06,18.7496,14.345,2026-04-27,41
688565.SH,力源科技,9.67,11.2873,14.3283,2026-06-02,18
601528.SH,瑞丰银行,4.5,5.2525,14.3261,2026-03-27,61
002950.SZ,奥美医疗,9.09,10.6077,14.3078,2026-05-26,23
603087.SH,甘李药业,53.77,62.7471,14.3068,2026-04-23,43
002899.SZ,英派斯,22.62,26.3958,14.3045,2026-06-05,15
002896.SZ,中大力德,70.3,82.0295,14.2991,2026-06-22,5
301608.SZ,博实结,50.17,58.5404,14.2985,2026-05-27,22
603320.SH,迪贝电气,17.56,20.4887,14.2942,2026-06-18,6
601619.SH,嘉泽新能,4.12,4.8067,14.2869,2026-06-17,7
605089.SH,味知香,22.17,25.865,14.2856,2026-05-07,36
603666.SH,亿嘉和,26.47,30.876,14.2699,2026-05-27,22
002675.SZ,东诚药业,12.32,14.3691,14.2602,2026-04-03,56
600761.SH,安徽合力,16.34,19.0576,14.2597,2026-05-18,29
600717.SH,天津港,4.0,4.6648,14.2512,2026-05-11,25
301080.SZ,百普赛斯,43.72,50.984,14.2476,2026-04-16,48
600577.SH,精达股份,9.53,11.1107,14.2271,2026-06-22,5
301399.SZ,英特科技,17.2,20.0525,14.2254,2026-05-26,23
002412.SZ,汉森制药,5.5,6.4113,14.2142,2026-06-03,17
600031.SH,三一重工,17.68,20.6055,14.1979,2026-05-15,30
603111.SH,康尼机电,5.68,6.6194,14.1921,2026-05-14,31
600694.SH,大商股份,13.33,15.5326,14.1802,2026-01-13,108
688395.SH,正弦电气,21.78,25.3765,14.1726,2026-06-08,14
688210.SH,统联精密,39.73,46.2904,14.1722,2026-06-18,6
000028.SZ,国药一致,19.1,22.2533,14.17,2026-04-22,44
600163.SH,中闽能源,4.99,5.8137,14.1676,2026-06-18,6
000553.SZ,安道麦A,5.54,6.454,14.1612,2026-05-21,26
001208.SZ,华菱线缆,14.01,16.318,14.144,2026-06-15,9
000159.SZ,国际实业,5.33,6.2068,14.1264,2026-06-11,11
301289.SZ,国缆检测,47.14,54.8747,14.0953,2026-05-21,26
002533.SZ,金杯电工,10.38,12.0817,14.0848,2026-06-05,15
000958.SZ,电投产融,5.6,6.5174,14.0761,2026-06-16,8
600816.SH,建元信托,2.49,2.8978,14.0727,2026-06-04,16
603072.SH,天和磁材,38.26,44.4921,14.0071,2026-01-14,107
603728.SH,鸣志电器,55.84,64.9221,13.9892,2026-06-10,12
002267.SZ,陕天然气,6.6,7.6732,13.9862,2026-05-07,36
688557.SH,兰剑智能,30.45,35.4003,13.9837,2026-05-25,24
002961.SZ,瑞达期货,19.87,23.0951,13.9645,2026-05-27,22
001269.SZ,欧晶科技,21.85,25.3938,13.9554,2026-06-18,6
688707.SH,振华新材,12.57,14.6086,13.9548,2026-06-09,13
600358.SH,国旅联合,5.16,5.9961,13.9444,2026-06-05,15
601139.SH,深圳燃气,5.63,6.5417,13.9371,2026-06-02,18
301236.SZ,软通动力,41.69,48.4399,13.9346,2025-09-03,194
605166.SH,聚合顺,9.49,11.0265,13.9344,2026-05-26,23
301479.SZ,弘景光电,57.08,66.307,13.9156,2026-06-08,14
603188.SH,亚邦股份,4.03,4.6808,13.9043,2026-05-27,22
300129.SZ,泰胜风能,8.6,9.9878,13.8952,2026-06-08,14
300996.SZ,普联软件,10.62,12.3338,13.8952,2026-06-03,17
003000.SZ,劲仔食品,9.77,11.3466,13.8951,2025-08-29,197
000407.SZ,胜利股份,3.72,4.3203,13.8943,2026-06-03,17
601166.SH,兴业银行,16.77,19.4758,13.8932,2026-01-08,111
688267.SH,中触媒,19.31,22.4192,13.8685,2026-06-23,4
601228.SH,广州港,2.87,3.3319,13.8634,2026-04-13,51
301077.SZ,星华新材,22.63,26.2603,13.8242,2026-06-08,14
002111.SZ,威海广泰,8.9,10.3277,13.8239,2026-05-29,20
601818.SH,光大银行,2.97,3.4464,13.8223,2025-09-12,187
601899.SH,紫金矿业,25.1,29.1253,13.8205,2026-06-23,4
002786.SZ,银宝山新,7.63,8.8532,13.8165,2026-05-28,21
600227.SH,赤天化,2.46,2.854,13.804,2026-06-16,8
002893.SZ,京能热力,9.82,11.3917,13.7969,2026-06-05,15
600883.SH,博闻科技,7.12,8.2583,13.7834,2026-06-04,16
300670.SZ,大烨智能,6.34,7.3481,13.7194,2026-05-15,30
688602.SH,康鹏科技,7.29,8.449,13.7176,2026-03-03,79
603598.SH,引力传媒,17.12,19.8395,13.7076,2026-06-23,4
300434.SZ,金石亚药,9.01,10.4403,13.7001,2026-05-26,23
003011.SZ,海象新材,19.1,22.1301,13.6921,2026-06-05,15
000863.SZ,三湘印象,4.02,4.657,13.6791,2026-06-16,8
920946.BJ,森萱医药,9.32,10.7965,13.676,2026-01-29,96
920368.BJ,连城数控,29.45,34.1084,13.6577,2026-06-11,11
002958.SZ,青农商行,2.77,3.2076,13.6423,2025-12-09,131
601169.SH,北京银行,4.94,5.7204,13.6417,2025-09-15,186
301175.SZ,中科环保,4.91,5.6856,13.6415,2026-06-04,16
301209.SZ,联合化学,59.38,68.758,13.6391,2026-04-24,42
603915.SH,国茂股份,13.99,16.1992,13.6377,2026-06-10,12
600449.SH,宁夏建材,11.38,13.176,13.6307,2026-06-04,16
000779.SZ,甘咨询,7.66,8.8688,13.6298,2026-03-20,66
301207.SZ,华兰疫苗,15.86,18.3621,13.6262,2026-05-21,26
603706.SH,东方环宇,17.35,20.0868,13.625,2026-06-16,8
601928.SH,凤凰传媒,8.77,10.1529,13.6204,2025-09-03,194
688016.SH,心脉医疗,86.08,99.6528,13.62,2026-06-04,16
300846.SZ,首都在线,20.9,24.1904,13.6021,2026-06-23,4
300608.SZ,思特奇,10.71,12.3945,13.5906,2026-06-24,3
300128.SZ,锦富技术,5.67,6.5613,13.5845,2026-06-11,11
000966.SZ,长源电力,3.96,4.5821,13.5759,2026-06-18,6
300735.SZ,光弘科技,21.7,25.107,13.5699,2025-11-05,155
600558.SH,大西洋,4.9,5.6677,13.5446,2026-06-02,18
300611.SZ,美力科技,23.03,26.638,13.5445,2026-06-16,8
688680.SH,海优新材,41.18,47.6147,13.5141,2026-05-26,23
002500.SZ,山西证券,5.09,5.8853,13.5138,2026-02-12,86
920026.BJ,卓兆点胶,22.0,25.4375,13.5135,2026-06-18,6
301381.SZ,赛维时代,18.25,21.0994,13.5045,2026-05-18,29
600801.SH,华新建材,16.98,19.6295,13.4975,2026-06-08,14
001283.SZ,豪鹏科技,46.75,54.0361,13.4837,2026-06-08,14
605099.SH,共创草坪,31.59,36.5123,13.4811,2026-06-11,11
603233.SH,大参林,14.8,17.1038,13.4698,2026-05-21,26
603080.SH,新疆火炬,18.78,21.7022,13.4651,2026-06-03,17
300827.SZ,上能电气,28.73,33.1962,13.454,2026-06-02,18
300095.SZ,华伍股份,8.81,10.1761,13.4244,2026-05-25,24
688709.SH,成都华微,36.0,41.568,13.395,2026-04-29,39
301109.SZ,军信股份,12.71,14.6738,13.3833,2026-05-27,22
300022.SZ,吉峰科技,7.43,8.5776,13.3786,2026-05-28,21
000065.SZ,北方国际,10.4,12.0062,13.3782,2026-06-25,2
688153.SH,唯捷创芯,30.05,34.6864,13.3665,2026-04-28,40
300647.SZ,超频三,5.92,6.8328,13.3596,2026-05-25,24
002091.SZ,江苏国泰,7.18,8.2865,13.353,2026-06-04,16
601018.SH,宁波港,3.17,3.6585,13.3525,2026-05-14,31
603881.SH,数据港,24.32,28.0641,13.3412,2026-06-11,11
002449.SZ,国星光电,7.63,8.8042,13.3368,2026-05-25,24
688459.SH,哈铁科技,8.26,9.5284,13.3115,2026-03-02,80
600331.SH,宏达股份,11.05,12.7466,13.3102,2026-06-23,4
300224.SZ,正海磁材,13.35,15.3971,13.2955,2026-03-19,67
000837.SZ,秦川机床,10.75,12.3979,13.292,2026-06-17,7
300230.SZ,永利股份,4.36,5.0276,13.278,2026-05-27,22
600968.SH,海油发展,3.43,3.9542,13.2559,2026-05-25,24
002507.SZ,涪陵榨菜,10.84,12.4958,13.2512,2026-03-19,67
001358.SZ,兴欣新材,23.23,26.7768,13.2457,2026-05-27,22
300406.SZ,九强生物,10.82,12.4709,13.2383,2026-05-13,32
603703.SH,盛洋科技,10.82,12.4672,13.212,2026-06-08,14
300637.SZ,扬帆新材,10.59,12.202,13.2111,2026-03-19,67
601456.SH,国联民生,8.9,10.2537,13.2019,2025-10-31,158
600039.SH,四川路桥,7.93,9.136,13.2002,2026-04-27,41
002758.SZ,浙农股份,8.25,9.5042,13.1963,2026-04-27,41
001330.SZ,博纳影业,6.25,7.2,13.1949,2026-06-08,14
603048.SH,浙江黎明,17.76,20.4595,13.1942,2026-06-09,13
688277.SH,天智航,16.3,18.7761,13.1874,2026-06-25,2
000790.SZ,华神科技,3.51,4.0427,13.1773,2026-05-27,22
600452.SH,涪陵电力,9.29,10.6977,13.1593,2026-06-10,12
001288.SZ,运机集团,24.0,27.6354,13.1548,2026-06-25,2
002331.SZ,皖通科技,7.58,8.7272,13.1447,2026-06-08,14
002115.SZ,三维通信,10.3,11.8554,13.1195,2026-06-17,7
000830.SZ,鲁西化工,12.56,14.4562,13.1169,2026-05-19,28
002441.SZ,众业达,8.02,9.2296,13.1061,2026-06-02,18
601226.SH,华电科工,7.05,8.1131,13.1038,2026-05-29,20
601607.SH,上海医药,15.29,17.5956,13.1031,2025-08-27,199
000900.SZ,现代投资,3.5,4.0277,13.1015,2026-05-11,34
600329.SH,达仁堂,35.5,40.8474,13.0911,2026-06-01,19
301589.SZ,诺瓦星云,143.61,165.2255,13.0824,2026-05-29,20
002811.SZ,郑中设计,11.22,12.9081,13.0781,2026-05-25,24
301193.SZ,家联科技,18.58,21.3739,13.0716,2026-06-18,6
000631.SZ,顺发恒能,2.9,3.3357,13.0626,2026-06-15,9
603323.SH,苏农银行,3.94,4.5316,13.0544,2026-03-18,68
300418.SZ,昆仑万维,38.75,44.5569,13.0326,2026-06-02,18
600103.SH,青山纸业,3.08,3.54,12.9933,2026-06-18,6
300436.SZ,广生堂,88.8,102.0495,12.9834,2026-06-02,18
603587.SH,地素时尚,11.12,12.7791,12.9829,2026-06-02,18
002890.SZ,弘宇股份,13.22,15.1877,12.9557,2026-06-16,8
000901.SZ,航天科技,17.61,20.2268,12.9373,2026-05-29,20
601555.SH,东吴证券,7.77,8.9216,12.9078,2026-03-16,70
600941.SH,中国移动,86.82,99.6717,12.894,2025-12-03,135
600987.SH,航民股份,6.07,6.9681,12.8882,2026-04-24,42
603516.SH,淳中科技,122.83,140.9882,12.8792,2026-06-23,4
601996.SH,丰林集团,2.13,2.4444,12.8621,2026-06-24,3
601512.SH,中新集团,7.75,8.8937,12.8598,2026-06-02,18
300450.SZ,先导智能,40.83,46.8497,12.8489,2026-06-23,4
301595.SZ,太力科技,39.2,44.9768,12.8439,2026-06-22,5
603568.SH,伟明环保,15.67,17.9792,12.8438,2026-04-20,46
000151.SZ,中成股份,10.99,12.6094,12.8428,2026-06-24,3
600956.SH,新天绿能,6.97,7.9969,12.8413,2026-06-18,6
688612.SH,威迈斯,28.25,32.4119,12.8408,2026-06-18,6
600757.SH,长江传媒,7.38,8.4672,12.8399,2026-04-16,48
688410.SH,山外山,13.64,15.6492,12.8392,2026-06-03,17
600637.SH,东方明珠,8.31,9.5341,12.8391,2026-06-03,17
000166.SZ,申万宏源,4.4,5.0473,12.8251,2026-02-10,88
688117.SH,圣诺生物,23.59,27.0559,12.8102,2026-05-13,32
300106.SZ,西部牧业,9.95,11.4106,12.8004,2026-06-18,6
600977.SH,中国电影,12.85,14.7358,12.7975,2026-06-24,3
002332.SZ,仙琚制药,8.02,9.1967,12.7945,2025-11-17,147
300980.SZ,祥源新材,25.42,29.1486,12.7917,2026-05-27,22
002759.SZ,天际股份,24.54,28.135,12.7776,2026-06-25,2
600893.SH,航发动力,37.31,42.7738,12.7737,2026-06-05,15
300733.SZ,西菱动力,12.51,14.3401,12.7624,2026-06-22,5
000544.SZ,中原环保,7.13,8.1707,12.7372,2026-05-14,31
002608.SZ,江苏国信,6.95,7.9635,12.7272,2026-06-24,3
300215.SZ,电科院,6.39,7.3213,12.7202,2026-06-05,15
600320.SH,振华重工,4.19,4.8005,12.7181,2026-06-02,18
603668.SH,天马科技,12.32,14.114,12.7105,2026-04-23,43
600115.SH,中国东航,4.05,4.6394,12.7042,2026-05-11,34
000538.SZ,云南白药,47.0,53.8125,12.6596,2026-04-07,55
300669.SZ,沪宁股份,26.65,30.5105,12.6529,2026-06-23,4
603365.SH,水星家纺,16.13,18.4654,12.6476,2026-05-22,25
688083.SH,中望软件,57.79,66.1518,12.6404,2026-06-11,11
002841.SZ,视源股份,32.28,36.9498,12.6382,2026-06-02,18
002032.SZ,苏泊尔,39.67,45.3996,12.6205,2026-06-04,16
002054.SZ,德美化工,6.86,7.8508,12.6201,2026-06-04,16
000755.SZ,山西高速,4.3,4.9197,12.5966,2026-06-05,15
603721.SH,中广天择,17.91,20.491,12.5958,2026-06-25,2
603307.SH,扬州金泉,23.75,27.1644,12.5695,2026-06-02,18
601866.SH,中远海发,2.27,2.596,12.5561,2026-05-26,23
601020.SH,华钰矿业,23.6,26.9883,12.5548,2026-06-23,4
301019.SZ,宁波色母,18.2,20.8119,12.5501,2026-06-08,14
301059.SZ,金三江,11.18,12.7825,12.5369,2026-06-18,6
000035.SZ,中国天楹,4.95,5.6583,12.5172,2026-06-05,15
600704.SH,物产中大,4.75,5.4293,12.512,2026-03-19,67
002985.SZ,北摩高科,28.08,32.0914,12.5,2026-05-27,22
603038.SH,华立股份,14.43,16.491,12.4977,2026-05-26,23
002004.SZ,华邦健康,3.99,4.5586,12.4722,2026-05-20,27
002034.SZ,旺能环境,15.22,17.3867,12.4616,2026-06-18,6
000428.SZ,华天酒店,3.11,3.5527,12.4605,2026-06-04,16
601877.SH,正泰电器,24.84,28.3661,12.4305,2026-06-04,16
603172.SH,万丰股份,16.82,19.2042,12.4149,2026-06-16,8
600135.SH,乐凯胶片,7.82,8.9282,12.4127,2026-06-17,7
600153.SH,建发股份,8.08,9.224,12.4029,2026-06-02,18
301047.SZ,义翘神州,60.64,69.2223,12.3982,2026-05-18,29
000722.SZ,湖南发展,11.51,13.1361,12.379,2026-06-24,3
300024.SZ,机器人,15.22,17.3682,12.3688,2026-06-22,5
600221.SH,海航控股,1.39,1.5859,12.3515,2026-05-12,33
002843.SZ,泰嘉股份,19.48,22.2179,12.3231,2026-06-17,7
688029.SH,南微医学,69.84,79.6296,12.294,2026-06-01,19
603788.SH,宁波高发,13.66,15.5736,12.2873,2026-06-03,17
603533.SH,掌阅科技,20.01,22.8129,12.2864,2026-06-23,4
300193.SZ,佳士科技,7.92,9.0288,12.2805,2026-03-19,67
002966.SZ,苏州银行,7.12,8.1159,12.2706,2026-05-25,24
600623.SH,华谊集团,7.68,8.753,12.2585,2026-06-16,8
300192.SZ,科德教育,16.47,18.77,12.2534,2026-05-21,26
300848.SZ,美瑞新材,14.17,16.1389,12.1996,2026-05-21,26
688071.SH,华依科技,32.21,36.6806,12.188,2026-05-27,22
301056.SZ,森赫股份,11.39,12.9702,12.1832,2026-06-24,3
000506.SZ,招金黄金,12.17,13.8571,12.1749,2026-06-23,4
600928.SH,西安银行,3.35,3.8144,12.1741,2026-04-24,42
002456.SZ,欧菲光,9.52,10.8389,12.168,2025-10-13,172
301538.SZ,骏鼎达,49.35,56.1716,12.1442,2026-06-25,2
300758.SZ,七彩化学,12.68,14.4312,12.1349,2026-05-28,21
300059.SZ,东方财富,20.07,22.8402,12.1285,2026-01-19,104
601921.SH,浙版传媒,6.8,7.7385,12.1277,2026-04-27,41
001258.SZ,立新能源,7.03,7.9999,12.1241,2026-06-10,12
601106.SH,中国一重,3.29,3.7436,12.1176,2026-06-04,16
603055.SH,台华新材,7.93,9.0225,12.1087,2026-04-21,45
300293.SZ,蓝英装备,19.2,21.8447,12.1069,2026-01-29,96
600535.SH,天士力,13.24,15.0629,12.102,2026-01-14,107
601568.SH,北元化工,3.51,3.9933,12.1017,2026-04-17,47
600908.SH,无锡银行,5.17,5.8817,12.1002,2026-03-27,61
603444.SH,吉比特,351.15,399.4778,12.0978,2026-05-12,33
603066.SH,音飞储存,9.8,11.1465,12.0799,2026-06-02,18
300121.SZ,阳谷华泰,12.15,13.8154,12.0546,2026-03-18,68
301257.SZ,普蕊斯,43.18,49.0986,12.0546,2026-05-21,26
002271.SZ,东方雨虹,11.9,13.5298,12.0462,2026-06-02,18
002151.SZ,北斗星通,31.26,35.5396,12.0417,2026-05-29,20
000889.SZ,中嘉博创,3.37,3.8298,12.0058,2026-06-24,3
601158.SH,重庆水务,3.92,4.4547,12.0036,2026-03-13,71
600061.SH,国投资本,6.51,7.3972,11.9939,2026-03-02,80
600232.SH,金鹰股份,6.61,7.509,11.9718,2026-06-03,17
600133.SH,东湖高新,8.18,9.2919,11.9667,2026-05-20,27
000750.SZ,国海证券,3.68,4.1786,11.932,2026-03-02,80
000589.SZ,贵州轮胎,4.11,4.6668,11.9317,2026-06-03,17
601816.SH,京沪高铁,4.53,5.1409,11.8827,2025-07-25,222
301223.SZ,中荣股份,15.83,17.9629,11.874,2026-05-21,26
300839.SZ,博汇股份,11.95,13.5567,11.8518,2026-06-24,3
000402.SZ,金融街,2.56,2.9041,11.8482,2026-06-08,14
600020.SH,中原高速,3.78,4.2876,11.8388,2025-12-11,129
688259.SH,创耀科技,36.1,40.9408,11.824,2026-05-27,22
688133.SH,泰坦科技,21.03,23.847,11.8128,2026-05-29,20
300894.SZ,火星人,10.57,11.9802,11.7714,2026-06-22,5
605066.SH,天正电气,6.75,7.6504,11.7694,2026-05-29,20
300124.SZ,汇川技术,63.28,71.7205,11.7686,2026-06-10,12
603058.SH,永吉股份,8.93,10.1204,11.762,2026-06-16,8
601107.SH,四川成渝,5.03,5.7004,11.76,2026-06-05,15
600010.SH,包钢股份,2.22,2.5152,11.7366,2026-06-23,4
000950.SZ,重药控股,4.93,5.5855,11.7359,2026-06-03,17
300988.SZ,津荣天宇,15.31,17.3418,11.7161,2026-06-22,5
002738.SZ,中矿资源,53.79,60.9201,11.704,2026-06-23,4
600035.SH,楚天高速,3.4,3.8507,11.7033,2025-08-29,197
688636.SH,智明达,34.61,39.1875,11.6811,2026-05-29,20
600529.SH,山东药玻,17.93,20.3007,11.6777,2025-08-26,200
688113.SH,联测科技,35.1,39.7345,11.6637,2026-06-08,14
301587.SZ,中瑞股份,21.6,24.4489,11.6525,2026-06-22,5
600874.SH,创业环保,5.37,6.0756,11.614,2026-05-15,30
603766.SH,隆鑫通用,11.86,13.4182,11.6123,2026-06-03,17
600333.SH,长春燃气,5.07,5.7341,11.5819,2026-06-04,16
002967.SZ,广电计量,18.05,20.4087,11.5572,2026-06-04,16
601827.SH,三峰环境,7.19,8.1284,11.5445,2026-06-03,17
600398.SH,海澜之家,5.37,6.0692,11.5212,2026-04-20,46
000039.SZ,中集集团,8.43,9.5277,11.521,2026-06-08,14
688283.SH,坤恒顺维,32.61,36.8508,11.508,2026-06-17,7
300019.SZ,硅宝科技,18.16,20.52,11.5009,2026-03-19,67
300730.SZ,科创信息,13.38,15.1185,11.4993,2026-06-02,18
000778.SZ,新兴铸管,3.72,4.2032,11.4961,2026-06-08,14
600755.SH,厦门国贸,5.49,6.201,11.4664,2026-04-17,47
603070.SH,万控智造,12.65,14.2876,11.4619,2026-06-24,3
000719.SZ,中原传媒,11.27,12.7281,11.4555,2026-06-10,12
000803.SZ,山高环能,6.79,7.668,11.4502,2026-06-09,13
003019.SZ,宸展光电,29.83,33.6868,11.449,2026-06-18,6
301177.SZ,迪阿股份,26.35,29.7558,11.4458,2026-05-19,28
603917.SH,合力科技,12.09,13.6505,11.4318,2026-03-19,67
600935.SH,华塑股份,2.3,2.5968,11.4308,2026-05-19,28
002797.SZ,第一创业,6.49,7.3272,11.4265,2026-05-27,22
002021.SZ,中捷资源,2.48,2.7993,11.4071,2026-05-29,20
001205.SZ,盛航股份,14.05,15.8528,11.3724,2026-03-04,78
600064.SH,南京高科,7.26,8.1907,11.3627,2026-05-13,32
002182.SZ,宝武镁业,13.38,15.0896,11.3299,2026-05-29,20
002901.SZ,大博医疗,41.86,47.1948,11.3039,2026-03-12,72
301397.SZ,溯联股份,30.65,34.5526,11.2948,2026-05-29,20
688235.SH,百济神州,232.1,261.647,11.2927,2026-05-13,32
300691.SZ,联合光电,15.76,17.7658,11.2902,2026-05-27,22
605228.SH,神通科技,12.91,14.5524,11.2864,2026-05-18,29
603578.SH,三星新材,12.07,13.6052,11.2839,2026-06-25,2
600233.SH,圆通速递,15.29,17.234,11.2798,2026-06-15,9
000423.SZ,东阿阿胶,43.48,48.9984,11.2623,2026-06-15,9
002404.SZ,嘉欣丝绸,5.78,6.5133,11.2579,2026-06-18,6
600395.SH,盘江股份,4.66,5.2511,11.2565,2026-06-17,7
600210.SH,紫江企业,6.29,7.0868,11.2433,2026-04-30,38
300210.SZ,森远股份,8.86,9.9803,11.2253,2026-06-10,12
300619.SZ,金银河,34.86,39.2552,11.1966,2026-06-23,4
603220.SH,中贝通信,21.65,24.3752,11.1803,2026-06-23,4
600036.SH,招商银行,36.0,40.526,11.1681,2026-01-08,111
920167.BJ,同享科技,17.01,19.1436,11.1452,2026-05-21,26
300066.SZ,三川智慧,5.74,6.4597,11.142,2026-06-24,3
000552.SZ,甘肃能化,2.27,2.5537,11.1098,2026-06-16,8
300547.SZ,川环科技,32.8,36.8958,11.1011,2026-05-29,20
603387.SH,基蛋生物,7.52,8.4582,11.0925,2026-06-04,16
600732.SH,爱旭股份,12.78,14.3716,11.0746,2026-05-14,31
600938.SH,中国海油,27.37,30.7725,11.0568,2026-06-18,6
002120.SZ,韵达股份,6.21,6.9817,11.0528,2026-05-22,25
600108.SH,亚盛集团,3.15,3.541,11.0431,2026-06-24,3
002044.SZ,美年健康,5.01,5.6318,11.0415,2026-06-02,18
002926.SZ,华西证券,8.21,9.229,11.0408,2026-02-02,94
920185.BJ,贝特瑞,25.66,28.8408,11.0288,2026-05-21,26
920363.BJ,莱赛激光,13.06,14.6783,11.0254,2026-01-29,96
601878.SH,浙商证券,9.51,10.687,11.0132,2025-11-14,148
300516.SZ,久之洋,32.91,36.9774,10.9997,2026-06-17,7
300556.SZ,丝路视觉,17.75,19.9434,10.9983,2026-06-24,3
002519.SZ,银河电子,5.84,6.561,10.9897,2026-06-08,14
300823.SZ,建科智能,14.34,16.1103,10.9885,2026-06-17,7
600351.SH,亚宝药业,5.7,6.4036,10.9875,2026-05-20,27
600018.SH,上港集团,4.76,5.3431,10.9136,2025-12-09,131
603819.SH,神力股份,11.22,12.5943,10.9123,2026-06-03,17
603093.SH,南华期货,18.5,20.7653,10.9092,2026-06-24,3
000828.SZ,东莞控股,9.4,10.5503,10.9034,2026-03-23,65
301012.SZ,扬电科技,24.0,26.9371,10.9034,2026-06-25,2
300658.SZ,延江股份,11.56,12.9746,10.903,2026-05-29,20
600639.SH,浦东金桥,9.42,10.5671,10.8553,2026-04-30,38
300708.SZ,聚灿光电,8.22,9.2201,10.8471,2026-05-29,20
300860.SZ,锋尚文化,24.27,27.2228,10.8466,2026-03-02,80
000807.SZ,云铝股份,22.48,25.2144,10.8446,2026-06-23,4
601083.SH,锦江航运,9.96,11.1708,10.839,2026-05-26,23
601163.SH,三角轮胎,12.76,14.3108,10.8366,2026-05-28,21
600479.SH,千金药业,9.43,10.5756,10.8328,2026-05-13,32
601598.SH,中国外运,5.25,5.8867,10.8152,2026-06-10,12
000681.SZ,视觉中国,19.9,22.3122,10.8113,2026-06-24,3
600027.SH,华电国际,4.46,5.0005,10.8085,2026-06-08,14
300006.SZ,莱美药业,4.49,5.0341,10.8079,2026-06-17,7
601588.SH,北辰实业,1.66,1.8611,10.8064,2026-06-16,8
300127.SZ,银河磁体,27.7,31.056,10.8063,2026-05-27,22
600867.SH,通化东宝,7.43,8.3293,10.7973,2026-05-20,27
300235.SZ,方直科技,12.38,13.8746,10.7725,2026-06-24,3
002358.SZ,森源电气,5.53,6.1958,10.7461,2026-06-17,7
300738.SZ,奥飞数据,19.37,21.6946,10.7152,2026-06-23,4
603286.SH,日盈电子,45.3,50.727,10.6984,2026-06-24,3
603276.SH,恒兴新材,15.31,17.1436,10.6954,2026-06-15,9
600295.SH,鄂尔多斯,10.53,11.7899,10.6863,2026-06-24,3
605507.SH,国邦医药,14.7,16.4549,10.6651,2026-05-15,30
688586.SH,江航装备,11.31,12.6593,10.6586,2026-06-08,14
688281.SH,华秦科技,47.08,52.6931,10.6525,2026-06-22,5
600710.SH,苏美达,9.65,10.7966,10.6198,2026-06-16,8
603288.SH,海天味业,32.98,36.8955,10.6124,2026-05-08,35
301261.SZ,恒工精密,76.12,85.1353,10.5894,2026-06-23,4
601388.SH,怡球资源,2.88,3.22,10.5587,2026-06-23,4
300928.SZ,华安鑫创,29.09,32.5184,10.543,2026-06-04,16
002043.SZ,兔宝宝,11.26,12.5858,10.5343,2026-06-03,17
002318.SZ,久立特材,22.98,25.6841,10.5284,2026-05-21,26
688334.SH,西高院,18.0,20.1162,10.5198,2026-06-17,7
002062.SZ,宏润建设,7.5,8.3807,10.5087,2026-06-04,16
603997.SH,继峰股份,11.68,13.0501,10.4987,2026-06-23,4
001313.SZ,粤海饲料,6.96,7.7763,10.4977,2026-06-03,17
300972.SZ,万辰集团,166.1,185.4409,10.4297,2026-06-15,9
688190.SH,云路股份,90.05,100.5138,10.4103,2026-06-26,1
300496.SZ,中科创达,59.2,66.072,10.4007,2026-06-10,12
300867.SZ,圣元环保,17.69,19.7398,10.384,2026-06-18,6
001227.SZ,兰州银行,2.05,2.2875,10.3827,2026-03-19,67
301517.SZ,陕西华达,48.6,54.2108,10.35,2026-06-22,5
000049.SZ,德赛电池,23.1,25.7661,10.3474,2026-05-29,20
603088.SH,宁波精达,9.69,10.8059,10.3269,2026-05-29,20
603351.SH,威尔药业,24.15,26.9169,10.2794,2026-05-15,30
002554.SZ,惠博普,3.02,3.364,10.2259,2026-05-21,26
920175.BJ,东方碳素,10.69,11.9062,10.2151,2026-06-09,13
000680.SZ,山推股份,9.76,10.8699,10.211,2026-06-10,12
000089.SZ,深圳机场,6.13,6.8268,10.2073,2026-05-07,36
000659.SZ,珠海中富,3.13,3.4855,10.1999,2026-06-22,5
002157.SZ,正邦科技,2.78,3.0954,10.1905,2026-06-04,16
600905.SH,三峡能源,3.78,4.2086,10.1829,2026-06-05,15
600572.SH,康恩贝,3.88,4.3196,10.1758,2026-04-27,41
688798.SH,艾为电子,67.44,75.0574,10.1488,2026-06-02,18
300446.SZ,航天智造,17.42,19.3787,10.1074,2026-05-12,33
300206.SZ,理邦仪器,11.88,13.2151,10.1028,2026-06-24,3
600288.SH,大恒科技,12.59,14.0014,10.0802,2026-06-04,16
002236.SZ,大华股份,15.98,17.7693,10.0695,2026-05-28,21
600744.SH,华银电力,6.35,7.059,10.0444,2026-06-24,3
601061.SH,中信金属,10.81,12.0148,10.0273,2026-06-23,4
001336.SZ,楚环科技,22.55,25.0598,10.0151,2026-06-11,11
000848.SZ,承德露露,7.31,8.1229,10.007,2026-05-21,26
300164.SZ,通源石油,8.03,8.9223,10.0006,2026-06-23,4
301098.SZ,金埔园林,8.27,9.1852,9.9641,2026-06-24,3
600033.SH,福建高速,3.3,3.665,9.9581,2026-04-20,46
002014.SZ,永新股份,10.15,11.2718,9.952,2026-06-24,3
002408.SZ,齐翔腾达,4.76,5.286,9.9501,2026-05-28,21
601898.SH,中煤能源,12.51,13.8916,9.9457,2026-06-18,6
603049.SH,中策橡胶,44.02,48.8765,9.9362,2026-06-15,9
002823.SZ,凯中精密,14.3,15.8768,9.9314,2026-06-24,3
000885.SZ,城发环境,12.28,13.6255,9.875,2026-05-14,31
600510.SH,黑牡丹,7.34,8.1442,9.875,2026-06-18,6
600230.SH,沧州大化,13.71,15.2104,9.8643,2026-06-23,4
002555.SZ,三七互娱,18.41,20.4202,9.8443,2026-05-21,26
300046.SZ,台基股份,33.15,36.7646,9.8317,2026-02-27,81
600369.SH,西南证券,4.01,4.4471,9.8283,2026-03-03,79
920873.BJ,中设咨询,7.2,7.9821,9.7984,2026-06-18,6
301138.SZ,华研精机,32.88,36.4427,9.7762,2026-04-23,43
002327.SZ,富安娜,6.06,6.7146,9.7489,2026-06-15,9
301149.SZ,隆华新材,10.58,11.7223,9.7444,2026-06-24,3
300961.SZ,深水海纳,14.02,15.5308,9.7275,2026-03-18,68
301226.SZ,祥明智能,30.35,33.6202,9.727,2026-06-24,3
002867.SZ,周大生,11.48,12.7134,9.7017,2026-05-21,26
000895.SZ,双汇发展,22.8,25.2485,9.6975,2026-05-26,23
920662.BJ,方盛股份,25.4,28.1241,9.6861,2026-03-19,67
002084.SZ,海鸥住工,3.48,3.853,9.6798,2026-05-11,34
601860.SH,紫金银行,2.48,2.7458,9.6793,2026-03-27,61
002189.SZ,中光学,21.03,23.2828,9.676,2026-05-26,23
000878.SZ,云南铜业,15.92,17.6222,9.6595,2026-06-24,3
603212.SH,赛伍技术,12.06,13.3493,9.658,2026-06-22,5
301256.SZ,华融化学,11.6,12.8397,9.6551,2026-05-26,23
002951.SZ,金时科技,13.98,15.4689,9.625,2026-06-24,3
603017.SH,中衡设计,10.13,11.2084,9.6211,2026-06-08,14
300185.SZ,通裕重工,2.75,3.0423,9.6085,2026-05-20,27
601021.SH,春秋航空,47.28,52.3013,9.6008,2026-03-02,80
601336.SH,新华保险,59.6,65.9219,9.5899,2026-05-13,32
603337.SH,杰克科技,37.88,41.8807,9.5525,2026-06-22,5
603167.SH,渤海轮渡,8.74,9.662,9.5425,2026-03-19,67
920099.BJ,瑞华技术,23.99,26.5195,9.5381,2026-05-26,23
002960.SZ,青鸟智控,8.3,9.1739,9.526,2026-06-11,11
002633.SZ,申科股份,15.4,17.021,9.5235,2026-06-08,14
603166.SH,福达股份,14.03,15.5012,9.4911,2026-06-25,2
920261.BJ,一诺威,13.57,14.9888,9.4658,2026-06-11,11
002342.SZ,巨力索具,9.65,10.6579,9.4564,2026-06-10,12
301023.SZ,奕帆传动,31.37,34.6442,9.4508,2026-05-28,21
002312.SZ,川发龙蟒,10.11,11.1641,9.4416,2026-04-27,41
301581.SZ,黄山谷捷,45.89,50.6676,9.4294,2026-06-01,19
688509.SH,正元地信,4.31,4.7586,9.4271,2026-06-25,2
603191.SH,望变电气,15.89,17.543,9.4228,2026-06-23,4
002541.SZ,鸿路钢构,17.1,18.8784,9.4204,2026-06-05,15
301043.SZ,绿岛风,43.47,47.9756,9.3915,2026-05-29,20
002299.SZ,圣农发展,15.11,16.6727,9.3728,2026-06-04,16
300317.SZ,珈伟新能,4.1,4.524,9.3714,2026-06-18,6
301606.SZ,绿联科技,57.75,63.6862,9.3211,2026-06-22,5
601096.SH,宏盛华源,4.38,4.8294,9.3054,2026-06-05,15
600298.SH,安琪酵母,35.18,38.7822,9.2884,2026-04-28,40
002206.SZ,海利得,5.32,5.8647,9.2876,2026-05-15,30
600605.SH,汇通能源,28.75,31.6867,9.2679,2026-06-17,7
002603.SZ,以岭药业,14.66,16.1562,9.261,2026-05-18,29
600433.SH,冠豪高新,3.13,3.4493,9.2564,2026-06-17,7
001373.SZ,翔腾新材,31.18,34.3585,9.2509,2026-06-24,3
300748.SZ,金力永磁,30.07,33.134,9.2472,2026-06-23,4
603201.SH,常润股份,15.57,17.1532,9.2296,2026-06-26,1
000567.SZ,海德股份,5.72,6.3014,9.2265,2026-06-02,18
600391.SH,航发科技,31.55,34.7464,9.1992,2026-06-23,4
688310.SH,迈得医疗,15.32,16.8649,9.1603,2026-06-22,5
002628.SZ,成都路桥,4.42,4.8652,9.15,2026-06-23,4
001216.SZ,华瓷股份,14.84,16.3309,9.1295,2026-06-25,2
603956.SH,威派格,5.83,6.4155,9.1266,2026-02-25,83
600143.SH,金发科技,15.56,17.1214,9.1196,2026-06-17,7
603967.SH,中创物流,10.74,11.8173,9.1161,2026-06-16,8
300424.SZ,航新科技,16.0,17.6041,9.1122,2026-06-22,5
605255.SH,天普股份,75.9,83.5066,9.109,2026-06-26,1
300759.SZ,康龙化成,26.32,28.9571,9.1071,2026-05-06,37
300407.SZ,凯发电气,11.03,12.1345,9.1024,2026-06-16,8
300929.SZ,华骐环保,10.6,11.6537,9.0416,2026-06-24,3
688009.SH,中国通号,4.87,5.3528,9.0191,2026-04-24,42
301336.SZ,趣睡科技,38.11,41.8851,9.0129,2026-05-26,23
600895.SH,张江高科,33.96,37.3207,9.0048,2026-05-29,20
600377.SH,宁沪高速,11.75,12.9116,8.9968,2025-08-13,209
300992.SZ,泰福泵业,25.51,28.0313,8.9946,2026-06-02,18
300343.SZ,联创股份,5.28,5.8016,8.9913,2026-06-25,2
000839.SZ,国安股份,2.64,2.9006,8.9843,2026-06-23,4
600098.SH,广州发展,6.03,6.6248,8.9783,2026-06-18,6
603190.SH,亚通精工,23.06,25.329,8.958,2026-06-24,3
600511.SH,国药股份,25.7,28.2276,8.9543,2026-03-31,59
600711.SH,盛屯矿业,10.66,11.7079,8.9502,2026-06-25,2
688329.SH,艾隆科技,20.52,22.5301,8.9218,2026-06-24,3
300376.SZ,易事特,5.16,5.6654,8.9213,2026-06-24,3
600251.SH,冠农股份,8.61,9.4528,8.9161,2026-06-18,6
301151.SZ,冠龙节能,17.68,19.4102,8.9141,2026-06-24,3
600293.SH,三峡新材,2.98,3.2714,8.9064,2026-06-25,2
601222.SH,林洋能源,5.43,5.9602,8.8951,2026-06-17,7
300654.SZ,世纪天鸿,9.69,10.6351,8.8865,2026-05-21,26
600590.SH,泰豪科技,10.31,11.3139,8.873,2026-06-23,4
603416.SH,信捷电气,51.2,56.1828,8.869,2026-06-10,12
600708.SH,光明地产,3.28,3.5962,8.7936,2026-06-26,1
300585.SZ,奥联电子,16.14,17.6928,8.7767,2026-06-23,4
601658.SH,邮储银行,4.92,5.3931,8.7729,2025-12-10,130
603195.SH,公牛集团,38.35,42.0207,8.7355,2025-06-13,252
600958.SH,东方证券,9.39,10.2877,8.7258,2026-02-13,75
600261.SH,阳光照明,3.11,3.4069,8.7153,2026-05-14,31
601825.SH,沪农商行,8.09,8.8617,8.7081,2026-06-11,11
301120.SZ,新特电气,16.86,18.4675,8.7046,2026-06-26,1
600665.SH,天地源,3.13,3.428,8.6942,2026-06-25,2
000531.SZ,穗恒运A,6.12,6.7012,8.6726,2026-06-18,6
601326.SH,秦港股份,3.18,3.482,8.6723,2026-06-16,8
601288.SH,农业银行,6.19,6.7742,8.6234,2026-06-15,9
603665.SH,康隆达,26.3,28.7791,8.6143,2026-06-02,18
600872.SH,中炬高新,17.04,18.6439,8.6027,2026-06-04,16
688692.SH,达梦数据,230.75,252.354,8.561,2026-06-24,3
301105.SZ,鸿铭股份,43.65,47.7198,8.5285,2026-06-24,3
001228.SZ,永泰运,25.04,27.3743,8.5273,2026-06-22,5
603949.SH,雪龙集团,17.17,18.7671,8.5099,2026-04-14,50
601997.SH,贵阳银行,5.24,5.7267,8.4995,2026-06-16,8
002164.SZ,宁波东力,11.81,12.9066,8.4961,2026-06-23,4
002839.SZ,张家港行,4.0,4.3709,8.4858,2026-05-11,34
601696.SH,中银证券,12.38,13.5272,8.4808,2026-03-20,66
300932.SZ,三友联众,8.27,9.0361,8.4779,2026-06-23,4
002884.SZ,凌霄泵业,15.11,16.5096,8.4776,2026-06-04,16
600996.SH,贵广网络,8.41,9.1889,8.4763,2026-06-18,6
000420.SZ,吉林化纤,4.03,4.4031,8.4732,2026-06-08,14
002641.SZ,公元股份,3.9,4.261,8.4732,2026-06-18,6
300351.SZ,永贵电器,16.48,18.0057,8.4732,2026-06-24,3
000507.SZ,珠海港,4.91,5.3633,8.4514,2026-04-09,53
002591.SZ,恒大高新,6.33,6.9141,8.4482,2026-06-24,3
601059.SH,信达证券,15.92,17.3788,8.394,2026-05-27,22
600403.SH,大有能源,5.49,5.9919,8.3766,2026-06-24,3
300629.SZ,新劲刚,20.5,22.3622,8.3273,2026-06-04,16
600054.SH,黄山旅游,10.82,11.8022,8.3222,2026-05-06,37
002772.SZ,众兴菌业,11.6,12.6503,8.3025,2026-06-22,5
600191.SH,华资实业,9.56,10.4254,8.3006,2026-06-25,2
002757.SZ,南兴股份,18.43,20.0957,8.2887,2026-06-25,2
600773.SH,西藏城投,12.89,14.0533,8.2775,2026-06-25,2
688273.SH,麦澜德,36.77,40.0846,8.2691,2026-06-25,2
000708.SZ,中信特钢,12.95,14.1172,8.2681,2026-06-16,8
601375.SH,中原证券,3.95,4.3054,8.2552,2026-03-13,71
000157.SZ,中联重科,7.31,7.9635,8.2064,2026-05-12,33
300930.SZ,屹通新材,28.96,31.5489,8.2059,2026-06-25,2
603700.SH,宁水集团,11.4,12.4144,8.171,2026-05-11,34
601328.SH,交通银行,6.51,7.0884,8.1597,2026-06-15,9
301469.SZ,恒达新材,27.99,30.4749,8.154,2026-06-24,3
300393.SZ,中来股份,7.22,7.8602,8.1444,2026-06-23,4
001387.SZ,雪祺电气,12.64,13.7587,8.1311,2026-05-21,26
300688.SZ,创业黑马,27.35,29.7642,8.1112,2026-06-22,5
300190.SZ,维尔利,3.86,4.2006,8.1075,2026-06-24,3
600285.SH,羚锐制药,19.37,21.0753,8.0914,2026-05-06,37
601128.SH,常熟银行,5.92,6.4394,8.0664,2026-06-16,8
000591.SZ,太阳能,4.56,4.96,8.0654,2026-06-18,6
600776.SH,东方通信,13.4,14.5744,8.0583,2026-06-26,1
300752.SZ,隆利科技,13.13,14.2788,8.0456,2026-06-22,5
603811.SH,诚意药业,7.59,8.2539,8.0429,2026-05-14,31
000422.SZ,湖北宜化,13.26,14.4191,8.0389,2026-05-21,26
605296.SH,神农集团,27.23,29.6099,8.0375,2026-05-18,29
603333.SH,福华尚纬,7.57,8.2299,8.0178,2026-06-17,7
688330.SH,宏力达,34.4,37.3962,8.012,2026-06-23,4
688038.SH,中科通达,17.23,18.7304,8.0107,2026-06-25,2
300677.SZ,英科医疗,38.31,41.6394,7.9959,2026-06-18,6
300353.SZ,东土科技,20.2,21.9546,7.9921,2026-06-24,3
002506.SZ,协鑫集成,3.07,3.336,7.9747,2026-06-17,7
000598.SZ,兴蓉环境,6.46,7.0172,7.9411,2026-06-04,16
300053.SZ,航宇微,15.03,16.3166,7.885,2026-06-22,5
600015.SH,华夏银行,6.51,7.0648,7.8534,2026-04-30,38
605151.SH,西上海,18.49,20.0602,7.8275,2026-06-25,2
002807.SZ,江阴银行,3.78,4.1009,7.826,2026-04-30,38
600008.SH,首创环保,2.78,3.0153,7.8042,2026-06-18,6
603085.SH,天成自控,10.55,11.4352,7.7407,2026-06-22,5
002471.SZ,中超控股,5.95,6.4488,7.7342,2026-06-24,3
301510.SZ,固高科技,31.3,33.9164,7.7143,2026-06-25,2
600785.SH,新华百货,10.0,10.8358,7.7134,2026-06-24,3
002658.SZ,雪迪龙,7.91,8.5711,7.7127,2026-05-26,23
603126.SH,中材节能,6.67,7.2263,7.6978,2026-06-24,3
601577.SH,长沙银行,8.87,9.6078,7.6789,2026-06-16,8
600310.SH,广西能源,3.96,4.2882,7.6525,2026-06-22,5
002108.SZ,沧州明珠,4.21,4.5575,7.6245,2026-06-25,2
002752.SZ,昇兴股份,5.77,6.2446,7.6,2026-06-24,3
600579.SH,中化装备,7.74,8.3736,7.5671,2026-03-19,67
601033.SH,永兴股份,13.8,14.9298,7.5671,2026-05-20,27
002748.SZ,世龙实业,10.56,11.4234,7.5581,2026-06-02,18
300935.SZ,盈建科,28.36,30.6754,7.5481,2026-06-25,2
000063.SZ,中兴通讯,35.67,38.5798,7.5424,2026-06-23,4
601857.SH,中国石油,8.93,9.6578,7.5356,2026-06-17,7
605369.SH,拱东医疗,17.44,18.859,7.5243,2026-06-26,1
688351.SH,微电生理,21.43,23.1666,7.4961,2026-06-24,3
688282.SH,理工导航,57.73,62.4075,7.4951,2026-06-23,4
601377.SH,兴业证券,6.0,6.4855,7.4857,2026-03-19,67
000036.SZ,华联控股,4.48,4.8409,7.4548,2026-06-25,2
000001.SZ,平安银行,10.23,11.0507,7.427,2026-06-15,9
300692.SZ,中赋科技,7.44,8.0364,7.4212,2026-06-10,12
002191.SZ,劲嘉股份,3.81,4.115,7.4119,2026-06-25,2
603319.SH,美湖股份,32.19,34.7647,7.406,2026-06-22,5
300866.SZ,安克创新,106.09,114.5697,7.4014,2026-06-23,4
601882.SH,海天精工,18.46,19.9293,7.3726,2026-06-24,3
600897.SH,厦门空港,14.75,15.922,7.361,2026-06-16,8
600887.SH,伊利股份,24.27,26.1933,7.3426,2026-05-18,29
601916.SH,浙商银行,2.77,2.988,7.2969,2026-03-20,66
603130.SH,云中马,39.75,42.8666,7.2705,2026-06-25,2
301230.SZ,泓博医药,34.58,37.2845,7.2536,2026-05-26,23
300082.SZ,奥克股份,8.74,9.4234,7.2522,2026-06-25,2
002009.SZ,天奇股份,19.09,20.5823,7.2505,2026-06-24,3
000651.SZ,格力电器,37.02,39.9106,7.2426,2026-05-12,33
688343.SH,云天励飞,70.33,75.8084,7.2267,2026-06-26,1
000883.SZ,湖北能源,4.37,4.7087,7.1933,2026-06-18,6
000737.SZ,北方铜业,13.05,14.0579,7.1694,2026-06-25,2
300313.SZ,天山生物,7.85,8.4562,7.1687,2026-06-24,3
603617.SH,君禾股份,7.15,7.7017,7.1634,2026-06-17,7
000893.SZ,亚钾国际,41.85,45.0779,7.1607,2026-06-16,8
300239.SZ,东宝生物,5.28,5.6848,7.12,2026-03-20,66
601901.SH,方正证券,7.15,7.6977,7.1148,2026-01-30,95
300643.SZ,万通智控,18.8,20.2393,7.1116,2026-03-17,69
920509.BJ,同惠电子,30.33,32.6515,7.1099,2026-06-26,1
000720.SZ,新能泰山,3.68,3.9615,7.1064,2026-06-24,3
600282.SH,南钢股份,4.63,4.9819,7.0627,2026-06-08,14
600066.SH,宇通客车,26.8,28.8341,7.0544,2026-06-15,9
000623.SZ,吉林敖东,17.54,18.8654,7.0255,2026-05-14,31
603091.SH,众鑫股份,47.99,51.6141,7.0216,2026-06-01,19
688171.SH,纬德信息,44.07,47.3919,7.0093,2026-06-25,2
601666.SH,平煤股份,7.62,8.194,7.0051,2026-06-24,3
300895.SZ,铜牛信息,49.15,52.8488,6.9989,2026-06-25,2
688119.SH,中钢洛耐,4.61,4.9566,6.9934,2026-06-25,2
003007.SZ,直真科技,36.35,39.0756,6.9752,2026-06-25,2
300337.SZ,银邦股份,11.55,12.4127,6.9499,2026-06-22,5
001298.SZ,好上好,20.21,21.7186,6.9459,2026-06-08,14
000037.SZ,深南电A,8.87,9.5315,6.9397,2026-06-25,2
603009.SH,北特科技,43.59,46.8348,6.9282,2026-06-10,12
688682.SH,霍莱沃,38.09,40.9072,6.8868,2026-06-23,4
002246.SZ,北化股份,18.48,19.8457,6.8817,2026-06-22,5
603607.SH,京华激光,21.99,23.6142,6.8779,2026-05-21,26
301592.SZ,六九一二,120.35,129.2187,6.8633,2026-05-13,32
002468.SZ,申通快递,13.68,14.6836,6.835,2026-06-03,17
002472.SZ,双环传动,37.15,39.8735,6.8304,2026-06-25,2
002237.SZ,恒邦股份,13.19,14.1553,6.8193,2026-06-25,2
000899.SZ,赣能股份,9.86,10.5796,6.8017,2026-06-24,3
688320.SH,禾川科技,36.83,39.5132,6.7907,2026-05-26,23
000628.SZ,高新发展,47.39,50.8155,6.741,2026-06-25,2
600348.SH,华阳股份,7.74,8.2975,6.7185,2026-06-24,3
600784.SH,鲁银投资,6.42,6.8811,6.7009,2026-06-25,2
300473.SZ,德尔股份,29.91,32.056,6.6945,2026-06-10,12
001965.SZ,招商公路,9.5,10.1792,6.6723,2025-06-10,255
000088.SZ,盐田港,4.08,4.371,6.6567,2026-05-21,26
601009.SH,南京银行,10.24,10.9681,6.638,2026-06-18,6
300650.SZ,太龙股份,15.4,16.4942,6.6339,2026-05-14,31
300919.SZ,中伟新材,42.72,45.7543,6.6317,2026-06-26,1
002516.SZ,旷达科技,5.55,5.9424,6.6028,2026-06-22,5
300855.SZ,图南股份,29.96,32.0757,6.5958,2026-06-25,2
300161.SZ,华中数控,28.07,30.0479,6.5824,2026-06-25,2
688098.SH,申联生物,8.62,9.2274,6.5822,2026-05-12,33
600998.SH,九州通,4.62,4.9446,6.5652,2026-05-06,37
600171.SH,上海贝岭,29.9,31.9984,6.5578,2025-10-14,171
002919.SZ,名臣健康,18.87,20.1916,6.5454,2026-06-24,3
600201.SH,生物股份,11.44,12.24,6.5361,2026-06-25,2
600780.SH,通宝能源,5.86,6.2698,6.5355,2026-06-18,6
002716.SZ,湖南白银,8.06,8.6229,6.5282,2026-06-25,2
601919.SH,中远海控,13.39,14.3234,6.5165,2026-06-09,13
002470.SZ,金正大,1.98,2.118,6.5138,2026-06-24,3
300305.SZ,裕兴股份,6.12,6.5454,6.4992,2026-06-25,2
000430.SZ,张家界,7.2,7.7003,6.4969,2026-06-17,7
000670.SZ,盈方微,7.6,8.124,6.45,2026-06-26,1
601298.SH,青岛港,8.12,8.6779,6.4289,2026-06-16,8
600727.SH,鲁北化工,7.1,7.5877,6.4279,2026-06-24,3
001212.SZ,中旗新材,46.71,49.9117,6.4148,2026-06-25,2
000695.SZ,滨海能源,12.36,13.2038,6.3903,2026-06-25,2
300899.SZ,上海凯鑫,29.02,30.9961,6.3753,2026-06-24,3
300034.SZ,钢研高纳,17.08,18.2395,6.3573,2026-06-23,4
002058.SZ,威尔泰,20.04,21.3941,6.3294,2026-06-24,3
920640.BJ,富士达,32.18,34.353,6.3254,2026-06-18,6
601229.SH,上海银行,8.89,9.4885,6.3072,2026-04-24,42
601330.SH,绿色动力,7.1,7.5776,6.3027,2026-06-24,3
000586.SZ,汇源通信,13.47,14.376,6.3019,2026-06-26,1
002595.SZ,豪迈科技,46.74,49.8784,6.2922,2026-06-23,4
603966.SH,法兰泰克,8.28,8.8314,6.2433,2026-06-25,2
600674.SH,川投能源,13.99,14.9163,6.2098,2026-06-17,7
600157.SH,永泰能源,1.53,1.6309,6.1856,2026-06-24,3
301097.SZ,天益医疗,34.68,36.9623,6.1748,2026-06-25,2
688358.SH,祥生医疗,30.0,31.967,6.1531,2026-06-26,1
301337.SZ,亚华电子,27.24,29.02,6.1336,2026-03-20,66
600886.SH,国投电力,13.06,13.9117,6.122,2026-06-15,9
601998.SH,中信银行,7.13,7.5934,6.1021,2026-06-16,8
603693.SH,江苏新能,12.73,13.5562,6.0948,2026-06-18,6
002865.SZ,钧达股份,57.13,60.8226,6.0711,2026-06-23,4
001282.SZ,三联锻造,19.75,21.0224,6.0526,2026-06-25,2
603979.SH,金诚信,59.92,63.773,6.0417,2026-06-25,2
301259.SZ,艾布鲁,24.87,26.4653,6.0278,2026-06-26,1
301210.SZ,金杨精密,27.5,29.2333,5.929,2026-06-25,2
002033.SZ,丽江股份,8.25,8.7693,5.9213,2026-06-16,8
301376.SZ,致欧科技,16.99,18.056,5.9038,2026-06-04,16
601117.SH,中国化学,7.52,7.9914,5.899,2026-06-26,1
600538.SH,国发股份,5.88,6.2473,5.879,2026-06-02,18
688314.SH,康拓医疗,35.66,37.8382,5.7566,2026-06-25,2
600312.SH,平高电气,17.34,18.3947,5.7337,2026-06-23,4
600203.SH,福日电子,12.02,12.7505,5.7293,2026-06-24,3
600722.SH,金牛化工,8.2,8.6955,5.6981,2026-06-25,2
603118.SH,共进股份,11.64,12.3429,5.6946,2026-06-26,1
600795.SH,国电电力,4.69,4.9722,5.6762,2026-06-16,8
600926.SH,杭州银行,14.85,15.7416,5.6638,2026-06-18,6
603060.SH,国检集团,6.27,6.645,5.6439,2026-06-24,3
600406.SH,国电南瑞,22.74,24.0964,5.629,2026-06-04,16
300307.SZ,慈星股份,6.93,7.3429,5.6231,2026-06-25,2
601333.SH,广深铁路,2.82,2.9869,5.5878,2026-06-08,14
301079.SZ,邵阳液压,33.13,35.0867,5.5768,2026-06-22,5
002438.SZ,江苏神通,14.17,15.0041,5.559,2026-06-25,2
002154.SZ,报喜鸟,3.6,3.8111,5.5381,2026-06-26,1
688517.SH,金冠电气,16.06,16.9998,5.5285,2026-06-26,1
600388.SH,龙净环保,14.73,15.5901,5.5168,2026-06-25,2
600109.SH,国金证券,8.73,9.2393,5.5119,2026-05-14,31
301017.SZ,漱玉平民,13.1,13.864,5.5105,2026-06-26,1
300986.SZ,志特新材,17.21,18.213,5.5073,2026-06-25,2
002563.SZ,森马服饰,5.06,5.3544,5.4975,2026-06-17,7
300536.SZ,农尚环境,8.7,9.2048,5.4841,2026-06-24,3
300756.SZ,金马游乐,30.4,32.1599,5.4722,2026-06-26,1
600025.SH,华能水电,9.01,9.5311,5.4676,2026-06-17,7
002128.SZ,电投能源,23.98,25.3657,5.4628,2026-06-23,4
002263.SZ,大东南,3.55,3.7551,5.4624,2026-06-26,1
301227.SZ,森鹰窗业,25.01,26.4483,5.4383,2026-06-26,1
601211.SH,国泰海通,17.4,18.3994,5.4319,2026-03-02,80
301069.SZ,凯盛新材,21.41,22.6377,5.4232,2026-06-26,1
300487.SZ,蓝晓科技,56.29,59.4763,5.3573,2026-06-26,1
600150.SH,中国船舶,33.4,35.2883,5.3511,2026-06-26,1
600502.SH,安徽建工,4.4,4.6473,5.3206,2026-06-10,12
300883.SZ,龙利得,6.35,6.7065,5.3155,2026-05-29,20
300667.SZ,必创科技,16.22,17.1283,5.303,2026-06-25,2
688105.SH,诺唯赞,15.4,16.2617,5.2989,2026-06-25,2
600488.SH,津药药业,4.4,4.6462,5.2981,2026-06-26,1
300455.SZ,航天智装,21.36,22.552,5.2856,2026-06-22,5
603515.SH,欧普照明,16.68,17.6107,5.2846,2026-06-17,7
603895.SH,天永智能,28.36,29.942,5.2835,2026-06-25,2
002818.SZ,富森美,10.67,11.2648,5.2801,2026-06-24,3
600527.SH,江南高纤,2.18,2.3014,5.2742,2026-06-24,3
600338.SH,西藏珠峰,14.84,15.6649,5.2656,2026-06-26,1
603015.SH,弘讯科技,12.06,12.7297,5.2606,2026-06-25,2
605133.SH,嵘泰股份,32.88,34.6944,5.2295,2026-06-26,1
000426.SZ,兴业银锡,33.01,34.8176,5.1917,2026-06-26,1
603489.SH,八方股份,28.7,30.2649,5.1707,2026-06-25,2
688252.SH,天德钰,22.35,23.5511,5.0998,2026-05-29,20
000034.SZ,神州数码,26.62,28.0466,5.0865,2026-05-26,23
000728.SZ,国元证券,7.66,8.0685,5.0625,2026-03-02,80
002577.SZ,雷柏科技,17.84,18.7823,5.0169,2026-06-24,3
603179.SH,新泉股份,45.47,47.8578,4.9894,2026-06-25,2
601088.SH,中国神华,39.57,41.6285,4.945,2026-06-18,6
600575.SH,淮河能源,3.3,3.4687,4.8641,2026-06-24,3
688103.SH,国力电子,59.66,62.6892,4.8321,2026-06-23,4
600267.SH,海正药业,9.93,10.4333,4.8243,2026-06-26,1
600671.SH,天目药业,17.12,17.9876,4.8235,2026-06-23,4
301024.SZ,霍普股份,39.78,41.7923,4.815,2026-06-24,3
600995.SH,南网储能,12.05,12.6492,4.7369,2026-06-24,3
001308.SZ,康冠科技,20.19,21.184,4.6924,2026-06-24,3
603112.SH,华翔股份,17.03,17.8678,4.689,2026-06-24,3
300320.SZ,海达股份,9.5,9.9655,4.6709,2026-03-23,65
601225.SH,陕西煤业,20.7,21.7106,4.6547,2026-06-23,4
300561.SZ,汇金科技,14.55,15.2572,4.6352,2026-06-26,1
603278.SH,大业股份,10.81,11.3346,4.6286,2026-06-25,2
603391.SH,力聚热能,53.5,56.0847,4.6085,2026-06-18,6
688226.SH,威腾电气,40.76,42.7231,4.5949,2026-06-26,1
001324.SZ,长青科技,18.81,19.7147,4.5889,2026-05-26,23
300199.SZ,翰宇药业,19.77,20.7097,4.5376,2026-06-26,1
600955.SH,维远股份,15.37,16.0992,4.5297,2026-06-25,2
301488.SZ,豪恩汽电,124.41,130.3123,4.5294,2026-06-25,2
300328.SZ,宜安科技,15.65,16.3876,4.5012,2026-06-26,1
688021.SH,奥福科技,19.88,20.802,4.4322,2026-06-25,2
000027.SZ,深圳能源,6.41,6.7068,4.4255,2026-06-25,2
603798.SH,康普顿,14.27,14.9279,4.4069,2026-06-26,1
300521.SZ,爱司凯,26.73,27.9614,4.4041,2026-06-26,1
688538.SH,和辉光电,2.44,2.5523,4.3992,2026-05-28,21
002601.SZ,龙佰集团,17.37,18.1681,4.3928,2026-03-20,66
000987.SZ,越秀资本,7.79,8.1444,4.3517,2026-06-26,1
600566.SH,济川药业,25.4,26.5518,4.338,2026-06-25,2
600593.SH,大连圣亚,36.79,38.455,4.3296,2026-06-24,3
002545.SZ,东方铁塔,17.09,17.8621,4.3226,2026-06-26,1
600292.SH,电投水电,12.88,13.461,4.3161,2026-06-26,1
600222.SH,太龙药业,6.59,6.8868,4.3092,2026-06-26,1
002301.SZ,齐心集团,6.9,7.2072,4.2628,2026-06-26,1
002597.SZ,金禾实业,21.23,22.1703,4.2412,2026-05-19,28
001360.SZ,南矿集团,18.32,19.131,4.239,2026-06-26,1
300864.SZ,南大环境,19.51,20.3608,4.1786,2026-06-25,2
688717.SH,艾罗能源,80.7,84.2191,4.1785,2026-06-25,2
688592.SH,司南导航,41.3,43.0963,4.1681,2026-05-26,23
688065.SH,凯赛生物,47.62,49.6911,4.168,2026-06-26,1
688251.SH,井松智能,25.69,26.8068,4.166,2026-06-26,1
300913.SZ,兆龙互连,50.75,52.9282,4.1154,2026-06-26,1
002687.SZ,乔治白,4.52,4.7134,4.104,2026-06-25,2
600724.SH,宁波富达,5.5,5.7352,4.1011,2026-06-26,1
000543.SZ,皖能电力,7.66,7.9864,4.0864,2026-06-24,3
002145.SZ,钛能化学,4.66,4.8583,4.0816,2026-06-26,1
603217.SH,元利科技,22.88,23.8411,4.0314,2026-06-25,2
688578.SH,艾力斯,93.47,97.3904,4.0255,2026-04-23,43
605319.SH,无锡振华,22.7,23.6372,3.965,2026-06-26,1
605118.SH,力鼎光电,32.5,33.8374,3.9524,2026-06-25,2
603116.SH,红蜻蜓,5.81,6.0487,3.9465,2026-06-26,1
600470.SH,六国化工,6.07,6.3162,3.8973,2026-06-26,1
301107.SZ,瑜欣电子,20.02,20.8314,3.8952,2026-06-26,1
300871.SZ,回盛生物,22.19,23.0829,3.868,2026-06-26,1
301087.SZ,可孚医疗,43.46,45.1823,3.8119,2026-06-24,3
688338.SH,赛科希德,26.43,27.4497,3.7147,2026-06-25,2
002637.SZ,赞宇科技,11.1,11.528,3.7124,2026-06-18,6
603206.SH,嘉环科技,16.4,17.0307,3.7035,2026-06-26,1
000155.SZ,川能动力,12.01,12.4712,3.6978,2026-06-26,1
300013.SZ,新宁物流,4.0,4.1527,3.6767,2026-06-11,11
300017.SZ,网宿科技,12.78,13.2663,3.6656,2026-06-26,1
002367.SZ,康力电梯,6.68,6.9328,3.6465,2026-03-27,61
601199.SH,江南水务,5.48,5.6865,3.632,2026-06-26,1
601077.SH,渝农商行,6.3,6.5365,3.6177,2026-06-17,7
920751.BJ,惠同新材,21.4,22.1836,3.5323,2026-06-25,2
600255.SH,鑫科材料,3.69,3.8249,3.5274,2026-06-26,1
688779.SH,五矿新能,7.87,8.1571,3.5202,2026-06-26,1
300628.SZ,亿联网络,33.28,34.485,3.4944,2026-06-12,10
300014.SZ,亿纬锂能,62.21,64.4594,3.4897,2026-06-26,1
603948.SH,建业股份,24.05,24.9144,3.4693,2026-06-26,1
603298.SH,杭叉集团,24.25,25.1189,3.4592,2026-06-23,4
301198.SZ,喜悦智行,13.05,13.5172,3.4563,2026-06-26,1
603260.SH,合盛硅业,47.6,49.2978,3.4441,2026-06-26,1
002895.SZ,川恒股份,30.46,31.5453,3.4404,2026-06-25,2
600156.SH,华升股份,8.3,8.5951,3.4328,2026-06-26,1
600713.SH,南京医药,5.07,5.2502,3.4323,2026-05-15,30
000990.SZ,诚志股份,8.28,8.5726,3.4127,2026-06-25,2
605598.SH,上海港湾,39.66,41.061,3.412,2026-06-08,14
000938.SZ,紫光股份,25.62,26.5248,3.4113,2026-06-26,1
002181.SZ,粤传媒,9.88,10.2278,3.4003,2026-06-26,1
300249.SZ,依米康,15.52,16.059,3.3564,2026-06-26,1
605090.SH,九丰能源,35.04,36.25,3.3378,2026-06-25,2
000533.SZ,顺钠股份,9.56,9.8874,3.3113,2026-06-26,1
600076.SH,康欣新材,3.09,3.1938,3.25,2026-06-25,2
300142.SZ,沃森生物,11.67,12.0587,3.223,2026-06-26,1
300445.SZ,康斯特,20.42,21.0994,3.2198,2026-06-26,1
000809.SZ,和展能源,3.31,3.42,3.2164,2026-06-25,2
000559.SZ,万向钱潮,12.63,13.0495,3.215,2026-06-26,1
600900.SH,长江电力,26.65,27.5185,3.1561,2026-06-15,9
300277.SZ,汽轮科技,14.9,15.3825,3.1368,2026-06-05,15
600346.SH,恒力石化,18.44,19.0303,3.1018,2026-05-21,26
603057.SH,紫燕食品,22.77,23.4939,3.0813,2026-06-23,4
603194.SH,中力股份,36.89,38.0588,3.0711,2026-06-15,9
603327.SH,福蓉科技,9.74,10.0447,3.033,2026-06-26,1
000766.SZ,通化金马,23.95,24.6954,3.0182,2026-06-26,1
002176.SZ,江特电机,9.74,10.043,3.0174,2026-06-26,1
688101.SH,三达膜,16.03,16.5217,2.9763,2026-06-25,2
001872.SZ,招商港口,20.08,20.695,2.9717,2026-06-11,11
688458.SH,美芯晟,39.96,41.174,2.9484,2026-06-26,1
002196.SZ,方正电机,12.17,12.5383,2.9372,2026-06-26,1
002700.SZ,万憬能源,7.16,7.372,2.8752,2026-06-26,1
001230.SZ,劲旅环境,16.39,16.8746,2.872,2026-06-26,1
002250.SZ,联化科技,13.22,13.6077,2.8492,2026-06-26,1
300012.SZ,华测检测,13.56,13.9545,2.8269,2026-06-26,1
920489.BJ,佳先股份,18.69,19.2306,2.8112,2025-10-14,171
605007.SH,五洲特纸,12.58,12.9381,2.7679,2026-06-18,6
600189.SH,泉阳泉,7.42,7.6281,2.7278,2026-06-24,3
300697.SZ,电工合金,15.7,16.1362,2.7031,2026-06-26,1
688160.SH,步科股份,102.9,105.7548,2.6994,2026-06-26,1
002952.SZ,亚世光电,21.97,22.5793,2.6985,2026-06-24,3
600461.SH,洪城环境,9.28,9.5364,2.6884,2026-06-10,12
603778.SH,国晟科技,12.33,12.6698,2.6817,2026-06-26,1
301085.SZ,亚康股份,59.14,60.7354,2.6268,2026-06-26,1
300139.SZ,晓程科技,36.43,37.4116,2.6237,2026-06-26,1
300453.SZ,三鑫医疗,8.91,9.1488,2.6097,2026-06-26,1
002388.SZ,新亚制程,5.21,5.3487,2.5928,2026-06-26,1
300270.SZ,中威电子,10.34,10.614,2.5819,2026-06-26,1
688211.SH,中科微至,31.99,32.8376,2.5812,2026-06-26,1
920961.BJ,创远信科,24.2,24.8312,2.5418,2026-06-22,5
603889.SH,新澳股份,5.4,5.5403,2.5315,2026-06-26,1
300572.SZ,安车检测,27.0,27.6968,2.5157,2026-06-26,1
601398.SH,工商银行,7.15,7.3321,2.4831,2026-06-24,3
601609.SH,金田股份,10.38,10.6418,2.4606,2026-06-26,1
002444.SZ,巨星科技,31.04,31.8116,2.4256,2026-06-05,15
002112.SZ,三变科技,16.5,16.9074,2.4097,2026-06-25,2
000758.SZ,中色股份,6.5,6.6596,2.3962,2026-06-26,1
600323.SH,瀚蓝环境,27.55,28.2116,2.3452,2026-06-22,5
300449.SZ,汉邦高科,7.54,7.7204,2.3362,2026-06-26,1
301512.SZ,智信精密,46.23,47.3316,2.3273,2026-06-26,1
600011.SH,华能国际,7.31,7.4825,2.3054,2026-06-24,3
688213.SH,思特威,94.53,96.6957,2.2397,2026-06-26,1
000042.SZ,中洲控股,8.34,8.5301,2.2288,2026-06-26,1
603090.SH,宏盛股份,51.87,53.0518,2.2277,2026-06-26,1
002849.SZ,威星智能,15.81,16.1695,2.2236,2026-06-25,2
603958.SH,哈森股份,17.66,18.0601,2.2155,2026-06-26,1
002125.SZ,湘潭电化,14.02,14.3361,2.2051,2026-06-26,1
600007.SH,中国国贸,18.96,19.384,2.1872,2026-06-12,10
603161.SH,科华控股,13.53,13.8271,2.1487,2026-06-26,1
002050.SZ,三花智控,41.5,42.4089,2.1431,2026-06-26,1
603722.SH,阿科力,39.6,40.4588,2.1226,2026-05-19,28
601369.SH,陕鼓动力,9.05,9.2409,2.0653,2026-06-02,18
000739.SZ,普洛药业,15.96,16.2894,2.0223,2026-06-26,1
603345.SH,安井食品,79.77,81.3894,1.9897,2026-06-26,1
603075.SH,热威股份,21.82,22.2416,1.8957,2026-06-25,2
600151.SH,航天机电,11.44,11.6553,1.8474,2026-06-23,4
301290.SZ,东星医疗,26.88,27.3852,1.8448,2026-06-26,1
002170.SZ,芭田股份,11.17,11.378,1.8277,2026-06-25,2
600821.SH,金开新能,6.37,6.4871,1.805,2026-06-26,1
002734.SZ,利民股份,17.81,18.1319,1.7753,2026-06-26,1
603129.SH,春风动力,244.0,248.3915,1.768,2026-05-27,22
600268.SH,国电南自,11.71,11.9178,1.7439,2026-06-26,1
300197.SZ,节能铁汉,1.97,2.0048,1.7339,2026-06-26,1
002611.SZ,东方精工,17.02,17.3151,1.7045,2026-06-25,2
003816.SZ,中国广核,3.94,4.0063,1.6544,2026-06-24,3
600901.SH,江苏金租,5.9,5.9965,1.6096,2026-06-24,3
603565.SH,中谷物流,10.1,10.2645,1.6029,2026-06-26,1
002338.SZ,奥普光电,52.77,53.6235,1.5917,2026-06-25,2
000762.SZ,西藏矿业,26.32,26.7269,1.5224,2026-06-26,1
688336.SH,三生国健,41.46,42.1005,1.5214,2026-06-26,1
301428.SZ,世纪恒通,36.34,36.9011,1.5206,2026-06-26,1
002497.SZ,雅化集团,19.99,20.2986,1.5203,2026-06-26,1
688726.SH,拉普拉斯,51.3,52.0898,1.5162,2026-06-26,1
300051.SZ,琏升科技,9.0,9.1385,1.5158,2026-06-25,2
688335.SH,复洁科技,25.01,25.3926,1.5068,2026-06-26,1
603097.SH,江苏华辰,27.25,27.654,1.4609,2026-06-25,2
600982.SH,宁波能源,4.83,4.8998,1.4243,2026-06-26,1
605377.SH,华旺科技,8.65,8.7743,1.4168,2026-06-26,1
003033.SZ,征和工业,57.33,58.1471,1.4052,2026-06-08,14
301499.SZ,维科精密,29.9,30.3222,1.3924,2026-06-26,1
600550.SH,保变电气,11.6,11.763,1.3854,2026-06-26,1
002397.SZ,梦洁股份,4.08,4.1345,1.3187,2026-06-25,2
601665.SH,齐鲁银行,5.82,5.8949,1.2699,2026-06-25,2
300050.SZ,世纪鼎利,6.17,6.249,1.2642,2026-06-24,3
603119.SH,浙江荣泰,64.42,65.2438,1.2626,2026-06-26,1
600023.SH,浙能电力,5.24,5.3064,1.2513,2026-06-25,2
301201.SZ,诚达药业,36.17,36.6154,1.2163,2026-06-26,1
301162.SZ,国能日新,42.04,42.5565,1.2137,2026-06-26,1
301421.SZ,波长光电,92.94,94.0761,1.2076,2026-06-22,5
603520.SH,司太立,10.25,10.3725,1.181,2026-05-29,20
600499.SH,科达制造,13.39,13.5463,1.1536,2026-06-26,1
603659.SH,璞泰来,26.4,26.6907,1.0893,2026-06-26,1
301565.SZ,中仑新材,24.11,24.366,1.0508,2026-06-26,1
300550.SZ,和仁科技,13.26,13.3999,1.0442,2026-06-25,2
000685.SZ,中山公用,11.08,11.1958,1.0339,2026-06-26,1
003035.SZ,南网能源,5.83,5.8909,1.0337,2026-06-26,1
601963.SH,重庆银行,10.43,10.5377,1.0224,2026-06-26,1
003025.SZ,思进智能,14.0,14.1431,1.0118,2026-06-26,1
300286.SZ,安科瑞,24.91,25.1627,1.0041,2026-06-26,1
603499.SH,翔港科技,13.8,13.9398,1.003,2026-06-26,1
301106.SZ,骏成科技,21.94,22.1602,0.9939,2026-06-26,1
002531.SZ,天顺风能,8.46,8.5448,0.9924,2026-06-26,1
002706.SZ,良信股份,10.66,10.7649,0.9744,2026-06-26,1
688087.SH,英科再生,31.99,32.2985,0.9552,2026-06-26,1
002970.SZ,锐明技术,55.17,55.6972,0.9465,2026-06-26,1
301029.SZ,怡合达,26.33,26.5708,0.9063,2026-06-26,1
000929.SZ,兰州黄河,9.14,9.2218,0.887,2026-06-26,1
003009.SZ,中天火箭,57.29,57.7941,0.8722,2026-06-24,3
000029.SZ,深深房A,23.34,23.5452,0.8713,2026-06-26,1
600989.SH,宝丰能源,20.74,20.9203,0.862,2026-06-26,1
301020.SZ,密封科技,22.75,22.9395,0.8262,2026-06-26,1
688018.SH,乐鑫科技,118.0,118.9824,0.8257,2026-06-26,1
301168.SZ,通灵股份,42.15,42.4843,0.7869,2026-06-26,1
603992.SH,松霖科技,31.03,31.2758,0.7859,2026-06-25,2
301276.SZ,嘉曼服饰,23.41,23.5888,0.7579,2026-06-22,5
603926.SH,铁流股份,17.42,17.553,0.7575,2026-06-26,1
002387.SZ,维信诺,8.84,8.9068,0.7495,2026-06-26,1
603358.SH,华达科技,40.96,41.2532,0.7106,2026-06-26,1
300890.SZ,翔丰华,32.39,32.6173,0.697,2026-06-26,1
603077.SH,和邦生物,2.31,2.3252,0.652,2026-06-26,1
301122.SZ,采纳股份,27.03,27.2063,0.6481,2026-06-26,1
603355.SH,莱克电气,27.6,27.7787,0.6434,2026-06-26,1
688582.SH,芯动联科,63.66,64.0539,0.615,2026-03-11,73
601778.SH,晶科科技,4.35,4.3766,0.6067,2026-06-26,1
300885.SZ,海昌新材,23.75,23.8947,0.6055,2026-06-26,1
601518.SH,吉林高速,2.85,2.867,0.5935,2026-06-26,1
605128.SH,上海沿浦,24.37,24.5152,0.5924,2026-06-25,2
002763.SZ,汇洁股份,6.95,6.9882,0.5461,2026-06-26,1
002413.SZ,雷科防务,9.48,9.5305,0.5301,2026-06-26,1
688455.SH,科捷智能,18.9,18.9915,0.4817,2026-06-26,1
601156.SH,东航物流,16.26,16.3385,0.4804,2026-06-26,1
000686.SZ,东北证券,8.41,8.4428,0.3882,2026-06-26,1
002986.SZ,宇新股份,12.25,12.2958,0.3727,2026-06-26,1
002414.SZ,高德红外,13.17,13.2187,0.3686,2026-06-26,1
688188.SH,柏楚电子,143.09,143.4929,0.2808,2026-06-26,1
601688.SH,华泰证券,20.41,20.4652,0.2698,2026-06-26,1
688428.SH,诺诚健华,25.3,25.3632,0.249,2026-06-26,1
603662.SH,柯力传感,65.03,65.1388,0.1671,2026-06-26,1
000815.SZ,美利云,14.6,14.6236,0.1614,2026-06-26,1
601985.SH,中国核电,8.93,8.9443,0.1598,2026-06-26,1
300187.SZ,永清环保,5.25,5.2579,0.1505,2026-06-26,1
000629.SZ,钒钛股份,3.21,3.2125,0.0784,2026-06-25,2
002445.SZ,中南文化,2.91,2.911,0.0357,2026-06-26,1
300490.SZ,华自科技,13.41,13.4124,0.0179,2026-06-26,1
920425.BJ,乐创技术,23.44,23.4419,0.008,2026-06-26,1
