ts_code,name,list_status,list_dt,delist_dt,freq,classification,first_seen_date,first_valid_trade_date,last_seen_date,seen_trade_date_count,row_count,valid_bar_count,valid_trade_date_count,invalid_trade_date_count,invalid_before_list_days,all_zero_before_list_days,valid_before_list_days,last_valid_before_list_date
002789.SZ,*ST建艺,L,2016-03-11,,1,valid_before_list_date,2016-03-02,2016-03-02,2026-05-07,2466,594306,594306,2466,0,0,0,1,2016-03-02
002790.SZ,瑞尔特,L,2016-03-08,,1,valid_before_list_date,2016-02-25,2016-02-25,2026-05-07,2469,595029,595029,2469,0,0,0,1,2016-02-25
002801.SZ,微光股份,L,2016-06-22,,1,valid_before_list_date,2016-06-13,2016-06-13,2026-05-07,2397,577677,577677,2397,0,0,0,1,2016-06-13
002802.SZ,洪汇新材,L,2016-06-29,,1,valid_before_list_date,2016-06-20,2016-06-20,2026-05-07,2392,576472,576472,2392,0,0,0,1,2016-06-20
002803.SZ,吉宏股份,L,2016-07-12,,1,valid_before_list_date,2016-06-30,2016-06-30,2026-05-07,2383,574303,574303,2383,0,0,0,1,2016-06-30
002805.SZ,丰元股份,L,2016-07-07,,1,valid_before_list_date,2016-06-27,2016-06-27,2026-05-07,2386,575026,575026,2386,0,0,0,1,2016-06-27
002806.SZ,华锋股份,L,2016-07-26,,1,valid_before_list_date,2016-07-14,2016-07-14,2026-05-07,2373,571893,571893,2373,0,0,0,1,2016-07-14
002807.SZ,江阴银行,L,2016-09-02,,1,valid_before_list_date,2016-08-24,2016-08-24,2026-05-07,2345,565145,565145,2345,0,0,0,1,2016-08-24
002808.SZ,*ST恒久,L,2016-08-12,,1,valid_before_list_date,2016-08-03,2016-08-03,2026-05-07,2360,568760,568760,2360,0,0,0,1,2016-08-03
002809.SZ,红墙股份,L,2016-08-23,,1,valid_before_list_date,2016-08-11,2016-08-11,2026-05-07,2353,567073,567073,2353,0,0,0,1,2016-08-11
002810.SZ,山东赫达,L,2016-08-26,,1,valid_before_list_date,2016-08-16,2016-08-16,2026-05-07,2350,566350,566350,2350,0,0,0,1,2016-08-16
002811.SZ,郑中设计,L,2016-09-08,,1,valid_before_list_date,2016-08-30,2016-08-30,2026-05-07,2341,564181,564181,2341,0,0,0,1,2016-08-30
002812.SZ,恩捷股份,L,2016-09-14,,1,valid_before_list_date,2016-08-31,2016-08-31,2026-05-07,2337,563217,563217,2337,0,0,0,1,2016-08-31
002813.SZ,路畅科技,L,2016-10-12,,1,valid_before_list_date,2016-09-23,2016-09-23,2026-05-07,2324,560084,560084,2324,0,0,0,1,2016-09-23
002815.SZ,崇达技术,L,2016-10-12,,1,valid_before_list_date,2016-09-22,2016-09-22,2026-05-07,2291,552131,552131,2291,0,0,0,1,2016-09-22
002816.SZ,*ST和科,L,2016-10-25,,1,valid_before_list_date,2016-10-12,2016-10-12,2026-05-07,2315,557915,557915,2315,0,0,0,1,2016-10-12
002817.SZ,黄山胶囊,L,2016-10-25,,1,valid_before_list_date,2016-10-13,2016-10-13,2026-05-07,2315,557915,557915,2315,0,0,0,1,2016-10-13
300502.SZ,新易盛,L,2016-03-03,,1,valid_before_list_date,2016-02-23,2016-02-23,2026-05-07,2472,595752,595752,2472,0,0,0,1,2016-02-23
300503.SZ,昊志机电,L,2016-03-09,,1,valid_before_list_date,2016-02-29,2016-02-29,2026-05-07,2468,594788,594788,2468,0,0,0,1,2016-02-29
300505.SZ,川金诺,L,2016-03-15,,1,valid_before_list_date,2016-03-04,2016-03-04,2026-05-07,2464,593824,593824,2464,0,0,0,1,2016-03-04
300517.SZ,海波重科,L,2016-07-19,,1,valid_before_list_date,2016-07-07,2016-07-07,2026-05-07,2378,573098,573098,2378,0,0,0,1,2016-07-07
300518.SZ,新迅达,L,2016-06-24,,1,valid_before_list_date,2016-06-15,2016-06-15,2026-04-30,2393,576713,576713,2393,0,0,0,1,2016-06-15
300519.SZ,新光药业,L,2016-06-24,,1,valid_before_list_date,2016-06-08,2016-06-08,2026-05-07,2395,577195,577195,2395,0,0,0,1,2016-06-08
300520.SZ,科大国创,L,2016-07-08,,1,valid_before_list_date,2016-06-28,2016-06-28,2026-05-07,2385,574785,574785,2385,0,0,0,1,2016-06-28
300521.SZ,爱司凯,L,2016-07-05,,1,valid_before_list_date,2016-06-24,2016-06-24,2026-05-07,2388,575508,575508,2388,0,0,0,1,2016-06-24
300522.SZ,世名科技,L,2016-07-05,,1,valid_before_list_date,2016-06-23,2016-06-23,2026-05-07,2388,575508,575508,2388,0,0,0,1,2016-06-23
300523.SZ,辰安科技,L,2016-07-26,,1,valid_before_list_date,2016-07-13,2016-07-13,2026-05-07,2373,571893,571893,2373,0,0,0,1,2016-07-13
300525.SZ,博思软件,L,2016-07-26,,1,valid_before_list_date,2016-07-15,2016-07-15,2026-05-07,2373,571893,571893,2373,0,0,0,1,2016-07-15
300526.SZ,中潜退(退),D,2016-08-02,2023-07-12,1,valid_before_list_date,2016-07-21,2016-07-21,2019-12-31,834,200994,200994,834,0,0,0,1,2016-07-21
300527.SZ,ST应急,L,2016-08-05,,1,valid_before_list_date,2016-07-25,2016-07-25,2026-05-07,2365,569965,569965,2365,0,0,0,1,2016-07-25
300528.SZ,幸福蓝海,L,2016-08-08,,1,valid_before_list_date,2016-07-26,2016-07-26,2026-05-07,2364,569724,569724,2364,0,0,0,1,2016-07-26
300529.SZ,健帆生物,L,2016-08-02,,1,valid_before_list_date,2016-07-22,2016-07-22,2026-05-07,2368,570688,570688,2368,0,0,0,1,2016-07-22
300530.SZ,领湃科技,L,2016-08-09,,1,valid_before_list_date,2016-07-29,2016-07-29,2026-05-07,2363,569483,569483,2363,0,0,0,1,2016-07-29
300531.SZ,优博讯,L,2016-08-09,,1,valid_before_list_date,2016-07-27,2016-07-27,2026-05-07,2363,569483,569483,2363,0,0,0,1,2016-07-27
300532.SZ,今天国际,L,2016-08-18,,1,valid_before_list_date,2016-08-05,2016-08-05,2026-05-07,2356,567796,567796,2356,0,0,0,1,2016-08-05
300533.SZ,冰川网络,L,2016-08-18,,1,valid_before_list_date,2016-08-09,2016-08-09,2026-05-07,2356,567796,567796,2356,0,0,0,1,2016-08-09
300534.SZ,陇神戎发,L,2016-09-13,,1,valid_before_list_date,2016-09-01,2016-09-01,2026-05-07,2338,563458,563458,2338,0,0,0,1,2016-09-01
300535.SZ,达威股份,L,2016-08-12,,1,valid_before_list_date,2016-08-01,2016-08-01,2026-05-07,2360,568760,568760,2360,0,0,0,1,2016-08-01
300536.SZ,农尚环境,L,2016-09-20,,1,valid_before_list_date,2016-09-06,2016-09-06,2026-05-07,2335,562735,562735,2335,0,0,0,1,2016-09-06
300537.SZ,广信材料,L,2016-08-30,,1,valid_before_list_date,2016-08-17,2016-08-17,2026-05-07,2348,565868,565868,2348,0,0,0,1,2016-08-17
300538.SZ,同益股份,L,2016-08-26,,1,valid_before_list_date,2016-08-12,2016-08-12,2026-05-07,2350,566350,566350,2350,0,0,0,1,2016-08-12
300539.SZ,横河精密,L,2016-08-30,,1,valid_before_list_date,2016-08-19,2016-08-19,2026-05-07,2282,549962,549962,2282,0,0,0,1,2016-08-19
300540.SZ,蜀道装备,L,2016-08-23,,1,valid_before_list_date,2016-08-10,2016-08-10,2026-05-07,2353,567073,567073,2353,0,0,0,1,2016-08-10
300541.SZ,先进数通,L,2016-09-13,,1,valid_before_list_date,2016-09-02,2016-09-02,2026-05-07,2338,563458,563458,2338,0,0,0,1,2016-09-02
300542.SZ,新晨科技,L,2016-09-20,,1,valid_before_list_date,2016-09-05,2016-09-05,2026-05-07,2335,562735,562735,2335,0,0,0,1,2016-09-05
300543.SZ,朗科智能,L,2016-09-08,,1,valid_before_list_date,2016-08-25,2016-08-25,2026-05-07,2341,564181,564181,2341,0,0,0,1,2016-08-25
300545.SZ,联得装备,L,2016-09-28,,1,valid_before_list_date,2016-09-14,2016-09-14,2026-05-07,2329,561289,561289,2329,0,0,0,1,2016-09-14
300546.SZ,雄帝科技,L,2016-09-28,,1,valid_before_list_date,2016-09-19,2016-09-19,2026-05-07,2329,561289,561289,2329,0,0,0,1,2016-09-19
300547.SZ,川环科技,L,2016-09-30,,1,valid_before_list_date,2016-09-21,2016-09-21,2026-05-07,2327,560807,560807,2327,0,0,0,1,2016-09-21
300548.SZ,长芯博创,L,2016-10-12,,1,valid_before_list_date,2016-09-26,2016-09-26,2026-05-07,2324,560084,560084,2324,0,0,0,1,2016-09-26
300549.SZ,优德精密,L,2016-09-30,,1,valid_before_list_date,2016-09-20,2016-09-20,2026-05-07,2327,560807,560807,2327,0,0,0,1,2016-09-20
300550.SZ,和仁科技,L,2016-10-18,,1,valid_before_list_date,2016-09-30,2016-09-30,2026-05-07,2320,559120,559120,2320,0,0,0,1,2016-09-30
300551.SZ,古鳌科技,L,2016-10-18,,1,valid_before_list_date,2016-09-28,2016-09-28,2026-05-07,2320,559120,559120,2320,0,0,0,1,2016-09-28
300552.SZ,万集科技,L,2016-10-21,,1,valid_before_list_date,2016-10-11,2016-10-11,2026-05-07,2317,558397,558397,2317,0,0,0,1,2016-10-11
300553.SZ,集智股份,L,2016-10-21,,1,valid_before_list_date,2016-10-10,2016-10-10,2026-05-07,2317,558397,558397,2317,0,0,0,1,2016-10-10
300555.SZ,ST路通,L,2016-10-18,,1,valid_before_list_date,2016-09-29,2016-09-29,2026-05-07,2320,559120,559120,2320,0,0,0,1,2016-09-29
601717.SH,中创智领,L,2010-08-03,,1,only_invalid_before_list_date,2010-07-30,2010-08-03,2026-05-07,3766,907606,907365,3765,1,1,1,0,
920001.BJ,纬达光电,L,2022-12-27,,1,valid_before_list_date,2022-07-15,2022-07-15,2026-05-07,862,229912,229912,862,0,0,0,110,2022-12-26
920002.BJ,万达轴承,L,2024-05-30,,1,only_invalid_before_list_date,2024-05-21,2024-05-30,2026-05-07,468,123138,122867,467,1,1,1,0,
920003.BJ,中诚咨询,L,2025-11-07,,1,only_invalid_before_list_date,2025-10-28,2025-11-07,2026-05-07,119,28709,28438,118,1,1,1,0,
920005.BJ,鼎佳精密,L,2025-07-31,,1,only_invalid_before_list_date,2025-07-22,2025-07-31,2026-05-07,184,46174,45903,183,1,1,1,0,
920006.BJ,晟楠科技,L,2023-05-18,,1,valid_before_list_date,2022-07-15,2022-07-15,2026-05-07,862,229912,229912,862,0,0,0,145,2023-05-17
920007.BJ,酉立智能,L,2025-08-08,,1,only_invalid_before_list_date,2025-07-29,2025-08-08,2026-05-07,178,44548,44277,177,1,1,1,0,
920008.BJ,成电光信,L,2024-08-29,,1,only_invalid_before_list_date,2024-08-20,2024-08-29,2026-05-07,404,105794,105523,403,1,1,1,0,
920009.BJ,丹娜生物,L,2025-11-03,,1,only_invalid_before_list_date,2025-10-22,2025-11-03,2026-05-07,123,29673,29402,122,1,1,1,0,
920014.BJ,特瑞斯,L,2022-12-13,,1,valid_before_list_date,2022-07-15,2022-07-15,2026-05-07,862,229912,229911,862,0,0,0,100,2022-12-12
920015.BJ,锦华新材,L,2025-09-25,,1,only_invalid_before_list_date,2025-09-16,2025-09-25,2026-05-07,144,35334,35063,143,1,1,1,0,
920016.BJ,中草香料,L,2024-09-13,,1,only_invalid_before_list_date,2024-09-03,2024-09-13,2026-05-07,393,102813,102542,392,1,1,1,0,
920017.BJ,星昊医药,L,2023-05-31,,1,valid_before_list_date,2022-07-15,2022-07-15,2026-05-07,862,229912,229911,862,0,0,0,154,2023-05-30
920018.BJ,宏远股份,L,2025-08-20,,1,only_invalid_before_list_date,2025-08-11,2025-08-20,2026-05-07,170,42380,42109,169,1,1,1,0,
920019.BJ,铜冠矿建,L,2024-10-11,,1,only_invalid_before_list_date,2024-09-18,2024-10-11,2026-05-07,380,99290,99019,379,1,1,1,0,
920020.BJ,泰凯英,L,2025-10-28,,1,only_invalid_before_list_date,2025-10-15,2025-10-28,2026-05-07,127,30727,30456,126,1,1,1,0,
920022.BJ,世昌股份,L,2025-09-19,,1,only_invalid_before_list_date,2025-09-09,2025-09-19,2026-05-07,148,36418,36147,147,1,1,1,0,
920023.BJ,田野股份,L,2023-02-02,,1,valid_before_list_date,2022-07-15,2022-07-15,2026-05-07,862,229912,229912,862,0,0,0,131,2023-02-01
920026.BJ,卓兆点胶,L,2023-10-19,,1,only_invalid_before_list_date,2022-07-15,2023-10-19,2026-05-07,862,229912,162975,615,247,247,247,0,
920027.BJ,交大铁发,L,2025-06-10,,1,only_invalid_before_list_date,2025-05-27,2025-06-10,2026-05-07,221,56201,55930,220,1,1,1,0,
920029.BJ,开发科技,L,2025-03-28,,1,only_invalid_before_list_date,2025-03-18,2025-03-28,2026-05-07,268,68938,68667,267,1,1,1,0,
920033.BJ,康普化学,L,2022-12-21,,1,valid_before_list_date,2022-07-15,2022-07-15,2026-05-07,862,229912,229912,862,0,0,0,106,2022-12-20
920037.BJ,广信科技,L,2025-06-26,,1,only_invalid_before_list_date,2025-06-17,2025-06-26,2026-05-07,209,52949,52678,208,1,1,1,0,
920046.BJ,亿能电力,L,2022-10-13,,1,valid_before_list_date,2022-07-15,2022-07-15,2026-05-07,862,229912,229912,862,0,0,0,57,2022-10-12
920056.BJ,能之光,L,2025-08-22,,1,only_invalid_before_list_date,2025-08-13,2025-08-22,2026-05-07,168,41838,41567,167,1,1,1,0,
920057.BJ,百甲科技,L,2023-03-14,,1,valid_before_list_date,2022-07-15,2022-07-15,2026-05-07,862,229912,229911,862,0,0,0,142,2023-02-16
920058.BJ,华洋赛车,L,2023-08-10,,1,valid_before_list_date,2022-07-15,2022-07-15,2026-05-07,862,229912,229912,862,0,0,0,203,2023-08-09
920060.BJ,万源通,L,2024-11-19,,1,only_invalid_before_list_date,2024-11-08,2024-11-19,2026-05-07,353,91973,91702,352,1,1,1,0,
920061.BJ,西磁科技,L,2023-12-21,,1,valid_before_list_date,2022-07-15,2022-07-15,2026-05-07,862,229912,229912,862,0,0,0,292,2023-12-20
920066.BJ,科拜尔,L,2024-10-31,,1,only_invalid_before_list_date,2024-10-22,2024-10-31,2026-05-07,366,95496,95225,365,1,1,1,0,
920068.BJ,XD天工股,L,2025-05-13,,1,only_invalid_before_list_date,2025-04-28,2025-05-13,2026-05-07,240,61350,61079,239,1,1,1,0,
920075.BJ,柏星龙,L,2022-12-14,,1,valid_before_list_date,2022-07-15,2022-07-15,2026-05-07,862,229912,229911,862,0,0,0,101,2022-12-13
920080.BJ,奥美森,L,2025-10-10,,1,only_invalid_before_list_date,2025-09-22,2025-10-10,2026-05-07,139,33979,33708,138,1,1,1,0,
920082.BJ,方正阀门,L,2024-12-26,,1,only_invalid_before_list_date,2024-12-17,2024-12-26,2026-05-07,327,84927,84656,326,1,1,1,0,
920087.BJ,秋乐种业,L,2022-12-07,,1,valid_before_list_date,2022-07-15,2022-07-15,2026-05-07,862,229912,229912,862,0,0,0,96,2022-12-06
920088.BJ,科力股份,L,2024-10-29,,1,only_invalid_before_list_date,2024-10-18,2024-10-29,2026-05-07,368,96038,95767,367,1,1,1,0,
920098.BJ,科隆新材,L,2024-12-05,,1,only_invalid_before_list_date,2024-11-26,2024-12-05,2026-05-07,342,88992,88721,341,1,1,1,0,
920099.BJ,瑞华技术,L,2024-09-25,,1,only_invalid_before_list_date,2024-09-10,2024-09-25,2026-05-07,387,101187,100916,386,1,1,1,0,
920100.BJ,三协电机,L,2025-09-08,,1,only_invalid_before_list_date,2025-08-26,2025-09-08,2026-05-07,157,38857,38586,156,1,1,1,0,
920101.BJ,志高机械,L,2025-08-14,,1,only_invalid_before_list_date,2025-08-05,2025-08-14,2026-05-07,174,43464,43193,173,1,1,1,0,
920106.BJ,林泰新材,L,2024-12-18,,1,only_invalid_before_list_date,2024-12-10,2024-12-18,2026-05-07,333,86553,86282,332,1,1,1,0,
920108.BJ,宏海科技,L,2025-02-06,,1,only_invalid_before_list_date,2025-01-17,2025-02-06,2026-05-07,304,78694,78423,303,1,1,1,0,
920110.BJ,雷特科技,L,2022-12-06,,1,valid_before_list_date,2022-07-15,2022-07-15,2026-05-07,826,220026,220026,826,0,0,0,95,2022-12-05
920111.BJ,聚星科技,L,2024-11-11,,1,only_invalid_before_list_date,2024-10-29,2024-11-11,2026-05-07,359,93599,93328,358,1,1,1,0,
920112.BJ,巴兰仕,L,2025-08-28,,1,only_invalid_before_list_date,2025-08-19,2025-08-28,2026-05-07,164,40754,40483,163,1,1,1,0,
920116.BJ,星图测控,L,2025-01-02,,1,only_invalid_before_list_date,2024-12-24,2025-01-02,2026-05-07,323,83843,83572,322,1,1,1,0,
920118.BJ,太湖远大,L,2024-08-22,,1,only_invalid_before_list_date,2024-08-13,2024-08-22,2026-05-07,409,107149,106878,408,1,1,1,0,
920122.BJ,中纺标,L,2022-09-27,,1,valid_before_list_date,2022-07-15,2022-07-15,2026-05-07,862,229912,229912,862,0,0,0,50,2022-09-26
920123.BJ,芭薇股份,L,2024-03-29,,1,valid_before_list_date,2022-07-15,2022-07-15,2026-05-07,862,229912,229912,862,0,0,0,356,2024-03-28
920128.BJ,胜业电气,L,2024-11-29,,1,only_invalid_before_list_date,2024-11-18,2024-11-29,2026-05-07,346,90076,89805,345,1,1,1,0,
920130.BJ,立方控股,L,2023-11-02,,1,valid_before_list_date,2022-07-15,2022-07-15,2026-05-07,862,229912,229912,862,0,0,0,257,2023-11-01
920132.BJ,泰鹏智能,L,2023-11-16,,1,valid_before_list_date,2022-07-15,2022-07-15,2026-05-07,862,229912,229912,862,0,0,0,267,2023-11-15
920139.BJ,华岭股份,L,2022-10-28,,1,valid_before_list_date,2022-07-15,2022-07-15,2026-05-07,862,229912,229911,862,0,0,0,68,2022-10-27
920152.BJ,昆工科技,L,2022-09-01,,1,valid_before_list_date,2022-07-15,2022-07-15,2026-05-07,862,229912,229912,862,0,0,0,33,2022-08-31
920158.BJ,长江能科,L,2025-10-16,,1,only_invalid_before_list_date,2025-09-24,2025-10-16,2026-05-07,135,32895,32624,134,1,1,1,0,
920175.BJ,东方碳素,L,2023-06-30,,1,valid_before_list_date,2022-07-15,2022-07-15,2026-05-07,862,229912,229911,862,0,0,0,174,2023-06-29
920190.BJ,雷神科技,L,2022-12-23,,1,valid_before_list_date,2022-07-15,2022-07-15,2026-05-07,862,229912,229911,862,0,0,0,108,2022-12-22
920195.BJ,三祥科技,L,2022-12-30,,1,valid_before_list_date,2022-07-15,2022-07-15,2026-05-07,862,229912,229912,862,0,0,0,113,2022-12-29
920199.BJ,倍益康,L,2022-12-01,,1,valid_before_list_date,2022-07-15,2022-07-15,2026-05-07,862,229912,229912,862,0,0,0,92,2022-11-30
920207.BJ,众诚科技,L,2022-09-23,,1,valid_before_list_date,2022-07-15,2022-07-15,2026-05-07,862,229912,229912,862,0,0,0,48,2022-09-22
920208.BJ,青矩技术,L,2023-06-29,,1,valid_before_list_date,2022-07-15,2022-07-15,2026-05-07,862,229912,229912,862,0,0,0,173,2023-06-28
920221.BJ,易实精密,L,2023-06-08,,1,valid_before_list_date,2022-07-15,2022-07-15,2026-05-07,862,229912,229912,862,0,0,0,160,2023-06-07
920227.BJ,美登科技,L,2022-12-28,,1,valid_before_list_date,2022-07-15,2022-07-15,2026-05-07,862,229912,229912,862,0,0,0,111,2022-12-27
920230.BJ,欧康医药,L,2022-12-09,,1,valid_before_list_date,2022-07-15,2022-07-15,2026-05-07,862,229912,229912,862,0,0,0,98,2022-12-08
920237.BJ,力佳科技,L,2022-11-25,,1,valid_before_list_date,2022-07-15,2022-07-15,2026-05-07,862,229912,229912,862,0,0,0,88,2022-11-24
920247.BJ,华密新材,L,2022-12-23,,1,valid_before_list_date,2022-07-15,2022-07-15,2026-05-07,862,229912,229912,862,0,0,0,108,2022-12-22
920249.BJ,利尔达,L,2023-02-17,,1,valid_before_list_date,2022-07-15,2022-07-15,2026-05-07,862,229912,229912,862,0,0,0,142,2023-02-16
920252.BJ,天宏锂电,L,2023-01-19,,1,valid_before_list_date,2022-07-15,2022-07-15,2026-05-07,862,229912,229912,862,0,0,0,126,2023-01-18
920261.BJ,一诺威,L,2023-04-03,,1,valid_before_list_date,2022-07-15,2022-07-15,2026-05-07,862,229912,229912,862,0,0,0,142,2023-02-16
920262.BJ,太湖雪,L,2022-12-30,,1,valid_before_list_date,2022-07-15,2022-07-15,2026-05-07,862,229912,229912,862,0,0,0,113,2022-12-29
920270.BJ,天铭科技,L,2022-09-02,,1,valid_before_list_date,2022-07-15,2022-07-15,2026-05-07,862,229912,229912,862,0,0,0,34,2022-09-01
920273.BJ,一致魔芋,L,2023-02-21,,1,valid_before_list_date,2022-07-15,2022-07-15,2026-05-07,862,229912,229912,862,0,0,0,142,2023-02-16
920274.BJ,宏裕包材,L,2023-08-18,,1,valid_before_list_date,2022-07-15,2022-07-15,2026-05-07,862,229912,229912,862,0,0,0,209,2023-08-17
920284.BJ,灵鸽科技,L,2023-12-19,,1,valid_before_list_date,2022-07-15,2022-07-15,2026-05-07,862,229912,229912,862,0,0,0,290,2023-12-18
920300.BJ,辰光医疗,L,2022-12-07,,1,valid_before_list_date,2022-07-15,2022-07-15,2026-05-07,862,229912,229912,862,0,0,0,96,2022-12-06
920304.BJ,迪尔化工,L,2023-04-18,,1,valid_before_list_date,2022-07-15,2022-07-15,2026-05-07,862,229912,229912,862,0,0,0,142,2023-02-16
920339.BJ,恒太照明,L,2022-11-17,,1,valid_before_list_date,2022-07-15,2022-07-15,2026-05-07,862,229912,229912,862,0,0,0,82,2022-11-16
920351.BJ,华光源海,L,2022-12-29,,1,valid_before_list_date,2022-07-15,2022-07-15,2026-05-07,862,229912,229911,862,0,0,0,112,2022-12-28
920357.BJ,雅葆轩,L,2022-11-18,,1,valid_before_list_date,2022-07-15,2022-07-15,2026-05-07,862,229912,229912,862,0,0,0,83,2022-11-17
920363.BJ,莱赛激光,L,2023-12-28,,1,only_invalid_before_list_date,2022-07-15,2023-12-28,2026-05-07,862,229912,149425,565,297,297,297,0,
920367.BJ,新赣江,L,2023-02-09,,1,valid_before_list_date,2022-07-15,2022-07-15,2026-05-07,859,228969,228968,859,0,0,0,136,2023-02-08
920371.BJ,欧福蛋业,L,2023-01-18,,1,valid_before_list_date,2022-07-15,2022-07-15,2026-05-07,862,229912,229911,862,0,0,0,125,2023-01-17
920374.BJ,云里物里,L,2022-11-29,,1,valid_before_list_date,2022-07-15,2022-07-15,2026-05-07,862,229912,229912,862,0,0,0,90,2022-11-28
920375.BJ,派诺科技,L,2023-12-14,,1,valid_before_list_date,2022-07-15,2022-07-15,2026-05-07,862,229912,229912,862,0,0,0,287,2023-12-13
920392.BJ,佳合科技,L,2022-12-30,,1,valid_before_list_date,2022-07-15,2022-07-15,2026-05-07,829,220969,220969,829,0,0,0,113,2022-12-29
920394.BJ,民士达,L,2023-04-25,,1,valid_before_list_date,2022-07-15,2022-07-15,2026-05-07,862,229912,229912,862,0,0,0,142,2023-02-16
920395.BJ,朗鸿科技,L,2022-09-01,,1,valid_before_list_date,2022-07-15,2022-07-15,2026-05-07,862,229912,229911,862,0,0,0,33,2022-08-31
920402.BJ,硅烷科技,L,2022-09-28,,1,valid_before_list_date,2022-07-15,2022-07-15,2026-05-07,862,229912,229911,862,0,0,0,51,2022-09-27
920403.BJ,康农种业,L,2024-01-18,,1,valid_before_list_date,2022-07-15,2022-07-15,2026-05-07,862,229912,229912,862,0,0,0,311,2024-01-17
920407.BJ,驰诚股份,L,2023-02-16,,1,valid_before_list_date,2022-07-15,2022-07-15,2026-05-07,862,229912,229912,862,0,0,0,141,2023-02-15
920414.BJ,欧普泰,L,2022-12-12,,1,valid_before_list_date,2022-07-15,2022-07-15,2026-05-07,862,229912,229912,862,0,0,0,99,2022-12-09
920422.BJ,润普食品,L,2023-03-01,,1,valid_before_list_date,2022-07-15,2022-07-15,2026-05-07,862,229912,229911,862,0,0,0,142,2023-02-16
920425.BJ,乐创技术,L,2023-01-30,,1,valid_before_list_date,2022-07-15,2022-07-15,2026-05-07,862,229912,229912,862,0,0,0,128,2023-01-20
920429.BJ,康比特,L,2022-12-15,,1,valid_before_list_date,2022-07-15,2022-07-15,2026-05-07,862,229912,229911,862,0,0,0,102,2022-12-14
920438.BJ,戈碧迦,L,2024-03-25,,1,valid_before_list_date,2022-07-15,2022-07-15,2026-05-07,862,229912,229912,862,0,0,0,352,2024-03-22
920455.BJ,汇隆活塞,L,2023-06-21,,1,valid_before_list_date,2022-07-15,2022-07-15,2026-05-07,862,229912,229912,862,0,0,0,169,2023-06-20
920469.BJ,富恒新材,L,2023-09-18,,1,valid_before_list_date,2022-07-15,2022-07-15,2026-05-07,862,229912,229912,862,0,0,0,230,2023-09-15
920471.BJ,美邦科技,L,2023-05-25,,1,valid_before_list_date,2022-07-15,2022-07-15,2026-05-07,862,229912,229912,862,0,0,0,150,2023-05-24
920476.BJ,海能技术,L,2022-10-14,,1,valid_before_list_date,2022-07-15,2022-07-15,2026-05-07,829,220969,220969,829,0,0,0,58,2022-10-13
920478.BJ,峆一药业,L,2023-02-23,,1,valid_before_list_date,2022-07-15,2022-07-15,2026-05-07,862,229912,229912,862,0,0,0,142,2023-02-16
920493.BJ,并行科技,L,2023-11-01,,1,valid_before_list_date,2022-07-15,2022-07-15,2026-05-07,862,229912,229912,862,0,0,0,256,2023-10-31
920496.BJ,许昌智能,L,2024-01-26,,1,valid_before_list_date,2022-07-15,2022-07-15,2026-05-07,862,229912,229912,862,0,0,0,317,2024-01-25
920504.BJ,博迅生物,L,2023-08-17,,1,valid_before_list_date,2022-07-15,2022-07-15,2026-05-07,862,229912,229912,862,0,0,0,208,2023-08-16
920505.BJ,九菱科技,L,2022-12-21,,1,valid_before_list_date,2022-07-15,2022-07-15,2026-05-07,862,229912,229912,862,0,0,0,106,2022-12-20
920519.BJ,万德股份,L,2023-09-15,,1,valid_before_list_date,2022-07-15,2022-07-15,2026-05-07,862,229912,229912,862,0,0,0,229,2023-09-14
920522.BJ,纳科诺尔,L,2023-11-16,,1,valid_before_list_date,2022-07-15,2022-07-15,2026-05-07,862,229912,229912,862,0,0,0,267,2023-11-15
920526.BJ,凯华材料,L,2022-12-22,,1,valid_before_list_date,2022-07-15,2022-07-15,2026-05-07,862,229912,229911,862,0,0,0,107,2022-12-21
920527.BJ,夜光明,L,2022-10-27,,1,valid_before_list_date,2022-07-15,2022-07-15,2026-05-07,862,229912,229912,862,0,0,0,67,2022-10-26
920541.BJ,铁大科技,L,2023-03-10,,1,valid_before_list_date,2022-07-15,2022-07-15,2026-05-07,862,229912,229912,862,0,0,0,142,2023-02-16
920547.BJ,无锡晶海,L,2023-12-12,,1,valid_before_list_date,2022-07-15,2022-08-24,2026-05-07,862,229912,222484,835,27,27,27,258,2023-12-11
920556.BJ,雅达股份,L,2023-03-17,,1,valid_before_list_date,2022-07-15,2022-07-15,2026-05-07,862,229912,229911,862,0,0,0,142,2023-02-16
920570.BJ,坤博精工,L,2023-11-23,,1,valid_before_list_date,2022-07-15,2022-09-13,2026-05-07,862,229912,218841,822,40,40,40,232,2023-11-22
920571.BJ,国航远洋,L,2022-12-15,,1,valid_before_list_date,2022-07-15,2022-07-15,2026-05-07,862,229912,229911,862,0,0,0,102,2022-12-14
920575.BJ,康乐卫士,L,2023-03-15,,1,valid_before_list_date,2022-07-15,2022-07-15,2026-05-07,862,229912,229911,862,0,0,0,142,2023-02-16
920576.BJ,天力复合,L,2023-07-12,,1,valid_before_list_date,2022-07-15,2022-07-15,2026-05-07,862,229912,229912,862,0,0,0,182,2023-07-11
920578.BJ,巨能股份,L,2023-05-12,,1,valid_before_list_date,2022-07-15,2022-07-15,2026-05-07,862,229912,229912,862,0,0,0,142,2023-02-16
920579.BJ,机科股份,L,2023-11-30,,1,valid_before_list_date,2022-07-15,2022-07-15,2026-05-07,862,229912,229912,862,0,0,0,277,2023-11-29
920592.BJ,华信永道,L,2023-07-10,,1,valid_before_list_date,2022-07-15,2022-07-15,2026-05-07,862,229912,229912,862,0,0,0,180,2023-07-07
920593.BJ,鼎智科技,L,2023-04-13,,1,valid_before_list_date,2022-07-15,2022-07-15,2026-05-07,862,229912,229912,862,0,0,0,142,2023-02-16
920608.BJ,丰安股份,L,2022-12-16,,1,valid_before_list_date,2022-07-15,2022-07-15,2026-05-07,862,229912,229912,862,0,0,0,103,2022-12-15
920627.BJ,力王股份,L,2023-09-07,,1,valid_before_list_date,2022-07-15,2022-07-15,2026-05-07,862,229912,229912,862,0,0,0,223,2023-09-06
920634.BJ,新威凌,L,2022-11-24,,1,valid_before_list_date,2022-07-15,2022-07-15,2026-05-07,862,229912,229912,862,0,0,0,87,2022-11-23
920641.BJ,格利尔,L,2022-12-02,,1,valid_before_list_date,2022-07-15,2022-07-15,2026-05-07,862,229912,229912,862,0,0,0,93,2022-12-01
920651.BJ,天罡股份,L,2023-06-27,,1,valid_before_list_date,2022-07-15,2022-07-15,2026-05-07,862,229912,229912,862,0,0,0,171,2023-06-26
920656.BJ,海昇药业,L,2024-02-02,,1,valid_before_list_date,2022-07-15,2022-07-15,2026-05-07,862,229912,229912,862,0,0,0,322,2024-02-01
920662.BJ,方盛股份,L,2022-11-28,,1,valid_before_list_date,2022-07-15,2022-07-15,2026-05-07,862,229912,229912,862,0,0,0,89,2022-11-25
920663.BJ,明阳科技,L,2023-03-15,,1,valid_before_list_date,2022-07-15,2022-07-15,2026-05-07,862,229912,229912,862,0,0,0,142,2023-02-16
920665.BJ,科强股份,L,2023-09-26,,1,valid_before_list_date,2022-07-15,2022-07-15,2026-05-07,862,229912,229912,862,0,0,0,236,2023-09-25
920679.BJ,前进科技,L,2023-11-10,,1,only_invalid_before_list_date,2022-07-15,2023-11-10,2026-05-07,862,229912,158639,599,263,263,263,0,
920685.BJ,新芝生物,L,2022-10-10,,1,valid_before_list_date,2022-07-15,2022-07-15,2026-05-07,862,229912,229912,862,0,0,0,54,2022-09-30
920690.BJ,捷众科技,L,2024-01-05,,1,valid_before_list_date,2022-07-15,2022-07-15,2026-05-07,862,229912,229912,862,0,0,0,302,2024-01-04
920693.BJ,阿为特,L,2023-10-27,,1,only_invalid_before_list_date,2022-07-15,2023-10-27,2026-05-07,862,229912,161349,609,253,253,253,0,
920694.BJ,中裕科技,L,2023-04-24,,1,valid_before_list_date,2022-07-15,2022-07-15,2026-05-07,859,228969,228969,859,0,0,0,142,2023-02-16
920699.BJ,海达尔,L,2023-05-09,,1,only_invalid_before_list_date,2022-07-15,2023-05-15,2026-05-07,862,229912,191430,720,142,142,142,0,
920701.BJ,豪声电子,L,2023-07-19,,1,valid_before_list_date,2022-07-15,2022-07-15,2026-05-07,862,229912,229912,862,0,0,0,187,2023-07-18
920703.BJ,广厦环能,L,2023-12-05,,1,only_invalid_before_list_date,2022-07-15,2023-12-05,2026-05-07,862,229912,154032,582,280,280,280,0,
920706.BJ,铁拓机械,L,2024-03-08,,1,valid_before_list_date,2022-07-15,2022-07-15,2026-05-07,862,229912,229912,862,0,0,0,341,2024-03-07
920717.BJ,瑞星股份,L,2023-07-03,,1,valid_before_list_date,2022-07-15,2022-07-15,2026-05-07,862,229912,229911,862,0,0,0,175,2023-06-30
920718.BJ,合肥高科,L,2022-12-22,,1,valid_before_list_date,2022-07-15,2022-07-15,2026-05-07,862,229912,229912,862,0,0,0,107,2022-12-21
920719.BJ,宁新新材,L,2023-05-26,,1,valid_before_list_date,2022-07-15,2022-07-15,2026-05-07,862,229912,229912,862,0,0,0,151,2023-05-25
920725.BJ,惠丰钻石,L,2022-07-18,,1,valid_before_list_date,2022-07-15,2022-07-15,2026-05-07,862,229912,229911,862,0,0,0,1,2022-07-15
920748.BJ,路桥信息,L,2023-08-16,,1,valid_before_list_date,2022-07-15,2022-07-15,2026-05-07,862,229912,229912,862,0,0,0,207,2023-08-15
920751.BJ,惠同新材,L,2023-07-17,,1,valid_before_list_date,2022-07-15,2022-07-15,2026-05-07,862,229912,229912,862,0,0,0,185,2023-07-14
920753.BJ,天纺标,L,2022-10-31,,1,valid_before_list_date,2022-07-15,2022-07-15,2026-05-07,862,229912,229912,862,0,0,0,69,2022-10-28
920770.BJ,艾能聚,L,2023-02-28,,1,valid_before_list_date,2022-07-15,2022-07-15,2026-05-07,862,229912,229912,862,0,0,0,142,2023-02-16
920779.BJ,武汉蓝电,L,2023-06-01,,1,valid_before_list_date,2022-07-15,2022-07-15,2026-05-07,862,229912,229912,862,0,0,0,155,2023-05-31
920781.BJ,瑞奇智造,L,2022-12-26,,1,valid_before_list_date,2022-07-15,2022-07-15,2026-05-07,862,229912,229911,862,0,0,0,109,2022-12-23
920786.BJ,骑士乳业,L,2023-10-13,,1,valid_before_list_date,2022-07-15,2022-07-15,2026-05-07,862,229912,229912,862,0,0,0,243,2023-10-12
920790.BJ,联迪信息,L,2022-09-02,,1,valid_before_list_date,2022-07-15,2022-07-15,2026-05-07,862,229912,229912,862,0,0,0,34,2022-09-01
920792.BJ,东和新材,L,2023-03-30,,1,valid_before_list_date,2022-07-15,2022-07-15,2026-05-07,862,229912,229912,862,0,0,0,142,2023-02-16
920802.BJ,保丽洁,L,2023-02-06,,1,valid_before_list_date,2022-07-15,2022-07-15,2026-05-07,862,229912,229911,862,0,0,0,133,2023-02-03
920806.BJ,云星宇,L,2024-01-11,,1,only_invalid_before_list_date,2022-08-18,2024-01-11,2026-05-07,836,222736,146043,553,283,283,283,0,
920807.BJ,奔朗新材,L,2022-12-20,,1,valid_before_list_date,2022-07-15,2022-07-15,2026-05-07,862,229912,229912,862,0,0,0,105,2022-12-19
920808.BJ,曙光数创,L,2022-11-18,,1,valid_before_list_date,2022-07-15,2022-07-15,2026-05-07,862,229912,229911,862,0,0,0,83,2022-11-17
920809.BJ,安达科技,L,2023-03-23,,1,valid_before_list_date,2022-07-15,2022-07-15,2026-05-07,862,229912,229911,862,0,0,0,142,2023-02-16
920810.BJ,春光智能,L,2022-12-16,,1,valid_before_list_date,2022-07-15,2022-07-15,2026-05-07,862,229912,229912,862,0,0,0,103,2022-12-15
920833.BJ,美心翼申,L,2023-11-08,,1,valid_before_list_date,2022-07-15,2022-07-15,2026-05-07,862,229912,229912,862,0,0,0,261,2023-11-07
920834.BJ,三维装备,L,2022-08-22,,1,valid_before_list_date,2022-07-15,2022-07-15,2026-05-07,862,229912,229912,862,0,0,0,25,2022-08-19
920837.BJ,华原股份,L,2023-05-15,,1,valid_before_list_date,2022-07-15,2022-07-15,2026-05-07,862,229912,229912,862,0,0,0,142,2023-02-16
920855.BJ,浙江大农,L,2022-12-29,,1,valid_before_list_date,2022-07-15,2022-07-15,2026-05-07,862,229912,229911,862,0,0,0,112,2022-12-28
920866.BJ,绿亨科技,L,2022-12-09,,1,valid_before_list_date,2022-07-15,2022-07-15,2026-05-07,862,229912,229912,862,0,0,0,98,2022-12-08
920871.BJ,派特尔,L,2022-07-22,,1,valid_before_list_date,2022-07-15,2022-07-15,2026-05-07,862,229912,229911,862,0,0,0,5,2022-07-21
920876.BJ,慧为智能,L,2022-11-09,,1,valid_before_list_date,2022-07-15,2022-07-15,2026-05-07,862,229912,229912,862,0,0,0,76,2022-11-08
920879.BJ,基康技术,L,2022-12-20,,1,valid_before_list_date,2022-07-15,2022-07-15,2026-05-07,862,229912,229911,862,0,0,0,105,2022-12-19
920895.BJ,花溪科技,L,2023-04-06,,1,valid_before_list_date,2022-07-15,2022-07-15,2026-05-07,862,229912,229912,862,0,0,0,142,2023-02-16
920896.BJ,旺成科技,L,2023-04-19,,1,valid_before_list_date,2022-07-15,2022-07-15,2026-05-07,862,229912,229912,862,0,0,0,142,2023-02-16
920906.BJ,舜宇精工,L,2023-02-22,,1,valid_before_list_date,2022-07-15,2022-07-15,2026-05-07,862,229912,229912,862,0,0,0,142,2023-02-16
920914.BJ,远航精密,L,2022-11-11,,1,valid_before_list_date,2022-07-15,2022-07-15,2026-05-07,862,229912,229912,862,0,0,0,78,2022-11-10
920926.BJ,鸿智科技,L,2023-08-08,,1,only_invalid_before_list_date,2022-07-15,2023-08-08,2026-05-07,862,229912,175441,661,201,201,201,0,
920931.BJ,无锡鼎邦,L,2024-04-08,,1,valid_before_list_date,2022-07-15,2022-07-15,2026-05-07,862,229912,229912,862,0,0,0,360,2024-04-03
920942.BJ,恒立钻具,L,2022-12-08,,1,valid_before_list_date,2022-07-15,2022-07-15,2026-05-07,862,229912,229912,862,0,0,0,97,2022-12-07
920950.BJ,迅安科技,L,2023-01-11,,1,only_invalid_before_list_date,2022-07-15,2023-01-11,2026-05-07,862,229912,197392,742,120,120,120,0,
920953.BJ,国子软件,L,2023-08-23,,1,only_invalid_before_list_date,2022-07-15,2023-08-23,2026-05-07,862,229912,172460,650,212,212,212,0,
920957.BJ,汉维科技,L,2022-12-14,,1,valid_before_list_date,2022-07-15,2022-07-15,2026-05-07,862,229912,229911,862,0,0,0,101,2022-12-13
920971.BJ,天马新材,L,2022-09-27,,1,valid_before_list_date,2022-07-15,2022-07-15,2026-05-07,862,229912,229911,862,0,0,0,50,2022-09-26
920974.BJ,凯大催化,L,2023-03-08,,1,valid_before_list_date,2022-07-15,2022-07-15,2026-05-07,862,229912,229912,862,0,0,0,142,2023-02-16
920976.BJ,视声智能,L,2023-09-01,,1,valid_before_list_date,2022-07-15,2022-07-15,2026-05-07,862,229912,229912,862,0,0,0,219,2023-08-31
920978.BJ,开特股份,L,2023-09-28,,1,valid_before_list_date,2022-07-15,2022-07-15,2026-05-07,862,229912,229912,862,0,0,0,238,2023-09-27
920982.BJ,锦波生物,L,2023-07-20,,1,valid_before_list_date,2022-07-15,2022-07-15,2026-05-07,862,229912,229912,862,0,0,0,188,2023-07-19
920985.BJ,海泰新能,L,2022-08-08,,1,valid_before_list_date,2022-07-15,2022-07-15,2026-05-07,862,229912,229911,862,0,0,0,15,2022-08-05
920992.BJ,中科美菱,L,2022-10-18,,1,valid_before_list_date,2022-07-15,2022-07-15,2026-05-07,862,229912,229911,862,0,0,0,60,2022-10-17
002789.SZ,*ST建艺,L,2016-03-11,,5,no_prelist_issue_for_freq,2016-03-11,2016-03-11,2026-05-07,2465,120785,120785,2465,0,0,0,0,
002790.SZ,瑞尔特,L,2016-03-08,,5,no_prelist_issue_for_freq,2016-03-08,2016-03-08,2026-05-07,2468,120932,120932,2468,0,0,0,0,
002801.SZ,微光股份,L,2016-06-22,,5,no_prelist_issue_for_freq,2016-06-22,2016-06-22,2026-05-07,2396,117404,117404,2396,0,0,0,0,
002802.SZ,洪汇新材,L,2016-06-29,,5,no_prelist_issue_for_freq,2016-06-29,2016-06-29,2026-05-07,2391,117159,117159,2391,0,0,0,0,
002803.SZ,吉宏股份,L,2016-07-12,,5,no_prelist_issue_for_freq,2016-07-12,2016-07-12,2026-05-07,2381,116669,116669,2381,0,0,0,0,
002805.SZ,丰元股份,L,2016-07-07,,5,no_prelist_issue_for_freq,2016-07-07,2016-07-07,2026-05-07,2385,116865,116865,2385,0,0,0,0,
002806.SZ,华锋股份,L,2016-07-26,,5,no_prelist_issue_for_freq,2016-07-26,2016-07-26,2026-05-07,2372,116228,116228,2372,0,0,0,0,
002807.SZ,江阴银行,L,2016-09-02,,5,no_prelist_issue_for_freq,2016-09-02,2016-09-02,2026-05-07,2344,114856,114856,2344,0,0,0,0,
002808.SZ,*ST恒久,L,2016-08-12,,5,no_prelist_issue_for_freq,2016-08-12,2016-08-12,2026-05-07,2359,115591,115591,2359,0,0,0,0,
002809.SZ,红墙股份,L,2016-08-23,,5,no_prelist_issue_for_freq,2016-08-23,2016-08-23,2026-05-07,2352,115248,115248,2352,0,0,0,0,
002810.SZ,山东赫达,L,2016-08-26,,5,no_prelist_issue_for_freq,2016-08-26,2016-08-26,2026-05-07,2349,115101,115101,2349,0,0,0,0,
002811.SZ,郑中设计,L,2016-09-08,,5,no_prelist_issue_for_freq,2016-09-08,2016-09-08,2026-05-07,2340,114660,114660,2340,0,0,0,0,
002812.SZ,恩捷股份,L,2016-09-14,,5,no_prelist_issue_for_freq,2016-09-14,2016-09-14,2026-05-07,2335,114415,114415,2335,0,0,0,0,
002813.SZ,路畅科技,L,2016-10-12,,5,no_prelist_issue_for_freq,2016-10-12,2016-10-12,2026-05-07,2323,113827,113827,2323,0,0,0,0,
002815.SZ,崇达技术,L,2016-10-12,,5,no_prelist_issue_for_freq,2016-10-12,2016-10-12,2026-05-07,2323,113827,113827,2323,0,0,0,0,
002816.SZ,*ST和科,L,2016-10-25,,5,no_prelist_issue_for_freq,2016-10-25,2016-10-25,2026-05-07,2313,113337,113337,2313,0,0,0,0,
002817.SZ,黄山胶囊,L,2016-10-25,,5,no_prelist_issue_for_freq,2016-10-25,2016-10-25,2026-05-07,2314,113386,113386,2314,0,0,0,0,
300502.SZ,新易盛,L,2016-03-03,,5,no_prelist_issue_for_freq,2016-03-03,2016-03-03,2026-05-07,2471,121079,121079,2471,0,0,0,0,
300503.SZ,昊志机电,L,2016-03-09,,5,no_prelist_issue_for_freq,2016-03-09,2016-03-09,2026-05-07,2467,120883,120883,2467,0,0,0,0,
300505.SZ,川金诺,L,2016-03-15,,5,no_prelist_issue_for_freq,2016-03-15,2016-03-15,2026-05-07,2463,120687,120687,2463,0,0,0,0,
300517.SZ,海波重科,L,2016-07-19,,5,no_prelist_issue_for_freq,2016-07-19,2016-07-19,2026-05-07,2377,116473,116473,2377,0,0,0,0,
300518.SZ,新迅达,L,2016-06-24,,5,no_prelist_issue_for_freq,2016-06-24,2016-06-24,2026-05-07,2393,117257,117257,2393,0,0,0,0,
300519.SZ,新光药业,L,2016-06-24,,5,no_prelist_issue_for_freq,2016-06-24,2016-06-24,2026-05-07,2394,117306,117306,2394,0,0,0,0,
300520.SZ,科大国创,L,2016-07-08,,5,no_prelist_issue_for_freq,2016-07-08,2016-07-08,2026-05-07,2384,116816,116816,2384,0,0,0,0,
300521.SZ,爱司凯,L,2016-07-05,,5,no_prelist_issue_for_freq,2016-07-05,2016-07-05,2026-05-07,2387,116963,116963,2387,0,0,0,0,
300522.SZ,世名科技,L,2016-07-05,,5,no_prelist_issue_for_freq,2016-07-05,2016-07-05,2026-05-07,2387,116963,116963,2387,0,0,0,0,
300523.SZ,辰安科技,L,2016-07-26,,5,no_prelist_issue_for_freq,2016-07-26,2016-07-26,2026-05-07,2372,116228,116228,2372,0,0,0,0,
300525.SZ,博思软件,L,2016-07-26,,5,no_prelist_issue_for_freq,2016-07-26,2016-07-26,2026-05-07,2372,116228,116228,2372,0,0,0,0,
300526.SZ,中潜退(退),D,2016-08-02,2023-07-12,5,missing_freq,,,,0,,,0,0,0,0,0,
300527.SZ,ST应急,L,2016-08-05,,5,no_prelist_issue_for_freq,2016-08-05,2016-08-05,2026-05-07,2364,115836,115836,2364,0,0,0,0,
300528.SZ,幸福蓝海,L,2016-08-08,,5,no_prelist_issue_for_freq,2016-08-08,2016-08-08,2026-05-07,2363,115787,115787,2363,0,0,0,0,
300529.SZ,健帆生物,L,2016-08-02,,5,no_prelist_issue_for_freq,2016-08-02,2016-08-02,2026-05-07,2367,115983,115983,2367,0,0,0,0,
300530.SZ,领湃科技,L,2016-08-09,,5,no_prelist_issue_for_freq,2016-08-09,2016-08-09,2026-05-07,2362,115738,115738,2362,0,0,0,0,
300531.SZ,优博讯,L,2016-08-09,,5,no_prelist_issue_for_freq,2016-08-09,2016-08-09,2026-05-07,2362,115738,115738,2362,0,0,0,0,
300532.SZ,今天国际,L,2016-08-18,,5,no_prelist_issue_for_freq,2016-08-18,2016-08-18,2026-05-07,2355,115395,115395,2355,0,0,0,0,
300533.SZ,冰川网络,L,2016-08-18,,5,no_prelist_issue_for_freq,2016-08-18,2016-08-18,2026-05-07,2355,115395,115395,2355,0,0,0,0,
300534.SZ,陇神戎发,L,2016-09-13,,5,no_prelist_issue_for_freq,2016-09-13,2016-09-13,2026-05-07,2337,114513,114513,2337,0,0,0,0,
300535.SZ,达威股份,L,2016-08-12,,5,no_prelist_issue_for_freq,2016-08-12,2016-08-12,2026-05-07,2359,115591,115591,2359,0,0,0,0,
300536.SZ,农尚环境,L,2016-09-20,,5,no_prelist_issue_for_freq,2016-09-20,2016-09-20,2026-05-07,2334,114366,114366,2334,0,0,0,0,
300537.SZ,广信材料,L,2016-08-30,,5,no_prelist_issue_for_freq,2016-08-30,2016-08-30,2026-05-07,2347,115003,115003,2347,0,0,0,0,
300538.SZ,同益股份,L,2016-08-26,,5,no_prelist_issue_for_freq,2016-08-26,2016-08-26,2026-05-07,2349,115101,115101,2349,0,0,0,0,
300539.SZ,横河精密,L,2016-08-30,,5,no_prelist_issue_for_freq,2016-08-30,2016-08-30,2026-05-07,2347,115003,115003,2347,0,0,0,0,
300540.SZ,蜀道装备,L,2016-08-23,,5,no_prelist_issue_for_freq,2016-08-23,2016-08-23,2026-05-07,2352,115248,115248,2352,0,0,0,0,
300541.SZ,先进数通,L,2016-09-13,,5,no_prelist_issue_for_freq,2016-09-13,2016-09-13,2026-05-07,2337,114513,114513,2337,0,0,0,0,
300542.SZ,新晨科技,L,2016-09-20,,5,no_prelist_issue_for_freq,2016-09-20,2016-09-20,2026-05-07,2334,114366,114366,2334,0,0,0,0,
300543.SZ,朗科智能,L,2016-09-08,,5,no_prelist_issue_for_freq,2016-09-08,2016-09-08,2026-05-07,2339,114611,114611,2339,0,0,0,0,
300545.SZ,联得装备,L,2016-09-28,,5,no_prelist_issue_for_freq,2016-09-28,2016-09-28,2026-05-07,2328,114072,114072,2328,0,0,0,0,
300546.SZ,雄帝科技,L,2016-09-28,,5,no_prelist_issue_for_freq,2016-09-28,2016-09-28,2026-05-07,2328,114072,114072,2328,0,0,0,0,
300547.SZ,川环科技,L,2016-09-30,,5,no_prelist_issue_for_freq,2016-09-30,2016-09-30,2026-05-07,2326,113974,113974,2326,0,0,0,0,
300548.SZ,长芯博创,L,2016-10-12,,5,no_prelist_issue_for_freq,2016-10-12,2016-10-12,2026-05-07,2323,113827,113827,2323,0,0,0,0,
300549.SZ,优德精密,L,2016-09-30,,5,no_prelist_issue_for_freq,2016-09-30,2016-09-30,2026-05-07,2326,113974,113974,2326,0,0,0,0,
300550.SZ,和仁科技,L,2016-10-18,,5,no_prelist_issue_for_freq,2016-10-18,2016-10-18,2026-05-07,2319,113631,113631,2319,0,0,0,0,
300551.SZ,古鳌科技,L,2016-10-18,,5,no_prelist_issue_for_freq,2016-10-18,2016-10-18,2026-05-07,2319,113631,113631,2319,0,0,0,0,
300552.SZ,万集科技,L,2016-10-21,,5,no_prelist_issue_for_freq,2016-10-21,2016-10-21,2026-05-07,2316,113484,113484,2316,0,0,0,0,
300553.SZ,集智股份,L,2016-10-21,,5,no_prelist_issue_for_freq,2016-10-21,2016-10-21,2026-05-07,2316,113484,113484,2316,0,0,0,0,
300555.SZ,ST路通,L,2016-10-18,,5,no_prelist_issue_for_freq,2016-10-18,2016-10-18,2026-05-07,2319,113631,113631,2319,0,0,0,0,
601717.SH,中创智领,L,2010-08-03,,5,no_prelist_issue_for_freq,2010-08-03,2010-08-03,2026-05-07,3822,187278,187278,3822,0,0,0,0,
920001.BJ,纬达光电,L,2022-12-27,,5,valid_before_list_date,2021-11-15,2022-01-07,2026-05-07,1025,55853,53750,987,38,38,38,235,2022-12-26
920002.BJ,万达轴承,L,2024-05-30,,5,only_invalid_before_list_date,2024-05-21,2024-05-30,2026-05-07,468,25218,25163,467,1,1,1,0,
920003.BJ,中诚咨询,L,2025-11-07,,5,only_invalid_before_list_date,2025-10-28,2025-11-07,2026-05-07,119,5837,5782,118,1,1,1,0,
920005.BJ,鼎佳精密,L,2025-07-31,,5,only_invalid_before_list_date,2025-07-22,2025-07-31,2026-05-07,184,9382,9327,183,1,1,1,0,
920006.BJ,晟楠科技,L,2023-05-18,,5,valid_before_list_date,2021-11-15,2021-11-15,2026-05-07,1025,55853,55853,1025,0,0,0,308,2023-05-17
920007.BJ,酉立智能,L,2025-08-08,,5,only_invalid_before_list_date,2025-07-29,2025-08-08,2026-05-07,178,9052,8997,177,1,1,1,0,
920008.BJ,成电光信,L,2024-08-29,,5,only_invalid_before_list_date,2024-08-20,2024-08-29,2026-05-07,404,21698,21643,403,1,1,1,0,
920009.BJ,丹娜生物,L,2025-11-03,,5,only_invalid_before_list_date,2025-10-22,2025-11-03,2026-05-07,123,6033,5978,122,1,1,1,0,
920014.BJ,特瑞斯,L,2022-12-13,,5,valid_before_list_date,2021-11-15,2021-11-15,2026-05-07,1025,55853,55852,1025,0,0,0,263,2022-12-12
920015.BJ,锦华新材,L,2025-09-25,,5,only_invalid_before_list_date,2025-09-16,2025-09-25,2026-05-07,144,7182,7127,143,1,1,1,0,
920016.BJ,中草香料,L,2024-09-13,,5,only_invalid_before_list_date,2024-09-03,2024-09-13,2026-05-07,393,21093,21038,392,1,1,1,0,
920017.BJ,星昊医药,L,2023-05-31,,5,valid_before_list_date,2021-11-15,2021-11-15,2026-05-07,1025,55853,55852,1025,0,0,0,317,2023-05-30
920018.BJ,宏远股份,L,2025-08-20,,5,only_invalid_before_list_date,2025-08-11,2025-08-20,2026-05-07,170,8612,8557,169,1,1,1,0,
920019.BJ,铜冠矿建,L,2024-10-11,,5,only_invalid_before_list_date,2024-09-18,2024-10-11,2026-05-07,380,20378,20323,379,1,1,1,0,
920020.BJ,泰凯英,L,2025-10-28,,5,only_invalid_before_list_date,2025-10-15,2025-10-28,2026-05-07,127,6247,6192,126,1,1,1,0,
920022.BJ,世昌股份,L,2025-09-19,,5,only_invalid_before_list_date,2025-09-09,2025-09-19,2026-05-07,148,7402,7347,147,1,1,1,0,
920023.BJ,田野股份,L,2023-02-02,,5,valid_before_list_date,2021-11-15,2021-11-15,2026-05-07,1025,55853,55853,1025,0,0,0,294,2023-02-01
920026.BJ,卓兆点胶,L,2023-10-19,,5,only_invalid_before_list_date,2022-06-24,2023-10-19,2026-05-07,878,47768,33303,615,263,263,263,0,
920027.BJ,交大铁发,L,2025-06-10,,5,only_invalid_before_list_date,2025-05-27,2025-06-10,2026-05-07,221,11417,11362,220,1,1,1,0,
920029.BJ,开发科技,L,2025-03-28,,5,only_invalid_before_list_date,2025-03-18,2025-03-28,2026-05-07,268,14002,13947,267,1,1,1,0,
920033.BJ,康普化学,L,2022-12-21,,5,valid_before_list_date,2021-11-15,2021-11-15,2026-05-07,1025,55853,55853,1025,0,0,0,269,2022-12-20
920037.BJ,广信科技,L,2025-06-26,,5,only_invalid_before_list_date,2025-06-17,2025-06-26,2026-05-07,209,10757,10702,208,1,1,1,0,
920046.BJ,亿能电力,L,2022-10-13,,5,valid_before_list_date,2021-11-15,2021-11-15,2026-05-07,1025,55853,55853,1025,0,0,0,220,2022-10-12
920056.BJ,能之光,L,2025-08-22,,5,only_invalid_before_list_date,2025-08-13,2025-08-22,2026-05-07,168,8502,8447,167,1,1,1,0,
920057.BJ,百甲科技,L,2023-03-14,,5,valid_before_list_date,2021-11-15,2021-11-15,2026-05-07,1025,55853,55852,1025,0,0,0,305,2023-02-16
920058.BJ,华洋赛车,L,2023-08-10,,5,valid_before_list_date,2021-11-15,2021-11-15,2026-05-07,1025,55853,55853,1025,0,0,0,366,2023-08-09
920060.BJ,万源通,L,2024-11-19,,5,only_invalid_before_list_date,2024-11-08,2024-11-19,2026-05-07,353,18677,18622,352,1,1,1,0,
920061.BJ,西磁科技,L,2023-12-21,,5,valid_before_list_date,2021-11-15,2021-11-15,2026-05-07,1025,55853,55853,1025,0,0,0,455,2023-12-20
920066.BJ,科拜尔,L,2024-10-31,,5,only_invalid_before_list_date,2024-10-22,2024-10-31,2026-05-07,366,19392,19337,365,1,1,1,0,
920068.BJ,XD天工股,L,2025-05-13,,5,only_invalid_before_list_date,2025-04-28,2025-05-13,2026-05-07,240,12462,12407,239,1,1,1,0,
920075.BJ,柏星龙,L,2022-12-14,,5,valid_before_list_date,2021-11-15,2021-11-15,2026-05-07,1025,55853,55852,1025,0,0,0,264,2022-12-13
920080.BJ,奥美森,L,2025-10-10,,5,only_invalid_before_list_date,2025-09-22,2025-10-10,2026-05-07,139,6907,6852,138,1,1,1,0,
920082.BJ,方正阀门,L,2024-12-26,,5,only_invalid_before_list_date,2024-12-17,2024-12-26,2026-05-07,327,17247,17192,326,1,1,1,0,
920087.BJ,秋乐种业,L,2022-12-07,,5,valid_before_list_date,2021-11-15,2021-11-15,2026-05-07,1025,55853,55853,1025,0,0,0,259,2022-12-06
920088.BJ,科力股份,L,2024-10-29,,5,only_invalid_before_list_date,2024-10-18,2024-10-29,2026-05-07,368,19718,19663,367,1,1,1,0,
920098.BJ,科隆新材,L,2024-12-05,,5,only_invalid_before_list_date,2024-11-26,2024-12-05,2026-05-07,342,18072,18017,341,1,1,1,0,
920099.BJ,瑞华技术,L,2024-09-25,,5,only_invalid_before_list_date,2024-09-10,2024-09-25,2026-05-07,387,20763,20708,386,1,1,1,0,
920100.BJ,三协电机,L,2025-09-08,,5,only_invalid_before_list_date,2025-08-26,2025-09-08,2026-05-07,157,7897,7842,156,1,1,1,0,
920101.BJ,志高机械,L,2025-08-14,,5,only_invalid_before_list_date,2025-08-05,2025-08-14,2026-05-07,174,8832,8777,173,1,1,1,0,
920106.BJ,林泰新材,L,2024-12-18,,5,only_invalid_before_list_date,2024-12-10,2024-12-18,2026-05-07,333,17577,17522,332,1,1,1,0,
920108.BJ,宏海科技,L,2025-02-06,,5,only_invalid_before_list_date,2025-01-17,2025-02-06,2026-05-07,304,15982,15927,303,1,1,1,0,
920110.BJ,雷特科技,L,2022-12-06,,5,valid_before_list_date,2021-11-15,2021-11-15,2026-05-07,1025,55853,55853,1025,0,0,0,258,2022-12-05
920111.BJ,聚星科技,L,2024-11-11,,5,only_invalid_before_list_date,2024-10-29,2024-11-11,2026-05-07,359,19007,18952,358,1,1,1,0,
920112.BJ,巴兰仕,L,2025-08-28,,5,only_invalid_before_list_date,2025-08-19,2025-08-28,2026-05-07,164,8282,8227,163,1,1,1,0,
920116.BJ,星图测控,L,2025-01-02,,5,only_invalid_before_list_date,2024-12-24,2025-01-02,2026-05-07,323,17027,16972,322,1,1,1,0,
920118.BJ,太湖远大,L,2024-08-22,,5,only_invalid_before_list_date,2024-08-13,2024-08-22,2026-05-07,409,21973,21918,408,1,1,1,0,
920122.BJ,中纺标,L,2022-09-27,,5,valid_before_list_date,2021-11-15,2021-11-15,2026-05-07,863,46727,46727,863,0,0,0,213,2022-09-26
920123.BJ,芭薇股份,L,2024-03-29,,5,valid_before_list_date,2021-11-15,2021-11-15,2026-05-07,1025,55853,55853,1025,0,0,0,519,2024-03-28
920128.BJ,胜业电气,L,2024-11-29,,5,only_invalid_before_list_date,2024-11-18,2024-11-29,2026-05-07,346,18292,18237,345,1,1,1,0,
920130.BJ,立方控股,L,2023-11-02,,5,valid_before_list_date,2021-11-15,2021-11-15,2026-05-07,1025,55853,55853,1025,0,0,0,420,2023-11-01
920132.BJ,泰鹏智能,L,2023-11-16,,5,valid_before_list_date,2021-11-15,2021-12-15,2026-05-07,1025,55853,54607,1003,22,22,22,408,2023-11-15
920139.BJ,华岭股份,L,2022-10-28,,5,valid_before_list_date,2021-11-15,2021-11-15,2026-05-07,1025,55853,55852,1025,0,0,0,231,2022-10-27
920152.BJ,昆工科技,L,2022-09-01,,5,valid_before_list_date,2021-11-15,2021-11-15,2026-05-07,1025,55853,55853,1025,0,0,0,196,2022-08-31
920158.BJ,长江能科,L,2025-10-16,,5,only_invalid_before_list_date,2025-09-24,2025-10-16,2026-05-07,135,6687,6632,134,1,1,1,0,
920175.BJ,东方碳素,L,2023-06-30,,5,valid_before_list_date,2021-11-15,2021-11-15,2026-05-07,1025,55853,55852,1025,0,0,0,337,2023-06-29
920190.BJ,雷神科技,L,2022-12-23,,5,valid_before_list_date,2021-11-15,2021-11-15,2026-05-07,1025,55853,55852,1025,0,0,0,271,2022-12-22
920195.BJ,三祥科技,L,2022-12-30,,5,valid_before_list_date,2021-11-15,2021-11-15,2026-05-07,1025,55853,55853,1025,0,0,0,276,2022-12-29
920199.BJ,倍益康,L,2022-12-01,,5,valid_before_list_date,2021-11-15,2021-11-15,2026-05-07,1025,55853,55853,1025,0,0,0,255,2022-11-30
920207.BJ,众诚科技,L,2022-09-23,,5,valid_before_list_date,2021-11-15,2021-11-15,2026-05-07,1025,55853,55853,1025,0,0,0,211,2022-09-22
920208.BJ,青矩技术,L,2023-06-29,,5,valid_before_list_date,2021-11-15,2021-11-15,2026-05-07,1025,55853,55853,1025,0,0,0,336,2023-06-28
920221.BJ,易实精密,L,2023-06-08,,5,valid_before_list_date,2021-11-15,2021-11-15,2026-05-07,1025,55853,55853,1025,0,0,0,323,2023-06-07
920227.BJ,美登科技,L,2022-12-28,,5,valid_before_list_date,2021-11-15,2021-11-15,2026-05-07,1025,55853,55853,1025,0,0,0,274,2022-12-27
920230.BJ,欧康医药,L,2022-12-09,,5,valid_before_list_date,2021-11-15,2021-11-15,2026-05-07,1025,55853,55853,1025,0,0,0,261,2022-12-08
920237.BJ,力佳科技,L,2022-11-25,,5,valid_before_list_date,2021-11-15,2021-11-15,2026-05-07,1025,55853,55853,1025,0,0,0,251,2022-11-24
920247.BJ,华密新材,L,2022-12-23,,5,valid_before_list_date,2021-11-15,2021-11-15,2026-05-07,1025,55853,55853,1025,0,0,0,271,2022-12-22
920249.BJ,利尔达,L,2023-02-17,,5,valid_before_list_date,2021-11-15,2021-11-15,2026-05-07,1025,55853,55853,1025,0,0,0,305,2023-02-16
920252.BJ,天宏锂电,L,2023-01-19,,5,valid_before_list_date,2021-11-15,2021-11-15,2026-05-07,1025,55853,55853,1025,0,0,0,289,2023-01-18
920261.BJ,一诺威,L,2023-04-03,,5,valid_before_list_date,2021-11-15,2021-11-15,2026-05-07,1025,55853,55853,1025,0,0,0,305,2023-02-16
920262.BJ,太湖雪,L,2022-12-30,,5,valid_before_list_date,2021-11-15,2021-11-15,2026-05-07,1025,55853,55853,1025,0,0,0,276,2022-12-29
920270.BJ,天铭科技,L,2022-09-02,,5,valid_before_list_date,2021-11-15,2021-11-15,2026-05-07,1025,55853,55853,1025,0,0,0,197,2022-09-01
920273.BJ,一致魔芋,L,2023-02-21,,5,valid_before_list_date,2021-11-15,2021-11-15,2026-05-07,1025,55853,55853,1025,0,0,0,305,2023-02-16
920274.BJ,宏裕包材,L,2023-08-18,,5,valid_before_list_date,2021-11-15,2021-11-15,2026-05-07,1025,55853,55853,1025,0,0,0,372,2023-08-17
920284.BJ,灵鸽科技,L,2023-12-19,,5,valid_before_list_date,2021-11-15,2021-11-15,2026-05-07,1025,55853,55853,1025,0,0,0,453,2023-12-18
920300.BJ,辰光医疗,L,2022-12-07,,5,valid_before_list_date,2021-11-15,2021-11-15,2026-05-07,1025,55853,55853,1025,0,0,0,259,2022-12-06
920304.BJ,迪尔化工,L,2023-04-18,,5,valid_before_list_date,2021-11-15,2021-11-15,2026-05-07,1025,55853,55853,1025,0,0,0,305,2023-02-16
920339.BJ,恒太照明,L,2022-11-17,,5,valid_before_list_date,2021-11-15,2021-11-15,2026-05-07,1025,55853,55853,1025,0,0,0,245,2022-11-16
920351.BJ,华光源海,L,2022-12-29,,5,valid_before_list_date,2021-11-15,2021-11-15,2026-05-07,1025,55853,55852,1025,0,0,0,275,2022-12-28
920357.BJ,雅葆轩,L,2022-11-18,,5,valid_before_list_date,2021-11-15,2021-12-22,2026-05-07,1025,55853,54356,998,27,27,27,219,2022-11-17
920363.BJ,莱赛激光,L,2023-12-28,,5,only_invalid_before_list_date,2021-11-15,2023-12-28,2026-05-07,1025,55853,30553,565,460,460,460,0,
920367.BJ,新赣江,L,2023-02-09,,5,valid_before_list_date,2021-11-15,2021-11-15,2026-05-07,1025,55853,55852,1025,0,0,0,299,2023-02-08
920371.BJ,欧福蛋业,L,2023-01-18,,5,valid_before_list_date,2021-11-15,2022-03-29,2026-05-07,1025,55853,50854,935,90,90,90,198,2023-01-17
920374.BJ,云里物里,L,2022-11-29,,5,valid_before_list_date,2021-11-15,2021-11-15,2026-05-07,1025,55853,55853,1025,0,0,0,253,2022-11-28
920375.BJ,派诺科技,L,2023-12-14,,5,valid_before_list_date,2021-11-15,2021-11-15,2026-05-07,1025,55853,55853,1025,0,0,0,450,2023-12-13
920392.BJ,佳合科技,L,2022-12-30,,5,valid_before_list_date,2021-11-15,2021-11-15,2026-05-07,1025,55853,55853,1025,0,0,0,276,2022-12-29
920394.BJ,民士达,L,2023-04-25,,5,valid_before_list_date,2021-11-15,2021-11-15,2026-05-07,1025,55853,55853,1025,0,0,0,305,2023-02-16
920395.BJ,朗鸿科技,L,2022-09-01,,5,valid_before_list_date,2021-11-15,2021-11-15,2026-05-07,1025,55853,55852,1025,0,0,0,196,2022-08-31
920402.BJ,硅烷科技,L,2022-09-28,,5,valid_before_list_date,2021-11-15,2021-11-15,2026-05-07,1025,55853,55852,1025,0,0,0,214,2022-09-27
920403.BJ,康农种业,L,2024-01-18,,5,valid_before_list_date,2021-11-15,2021-11-15,2026-05-07,1025,55853,55853,1025,0,0,0,474,2024-01-17
920407.BJ,驰诚股份,L,2023-02-16,,5,valid_before_list_date,2021-11-15,2021-11-15,2026-05-07,1025,55853,55853,1025,0,0,0,304,2023-02-15
920414.BJ,欧普泰,L,2022-12-12,,5,valid_before_list_date,2021-11-15,2021-11-15,2026-05-07,1025,55853,55853,1025,0,0,0,262,2022-12-09
920422.BJ,润普食品,L,2023-03-01,,5,valid_before_list_date,2021-11-15,2021-11-15,2026-05-07,1025,55853,55852,1025,0,0,0,305,2023-02-16
920425.BJ,乐创技术,L,2023-01-30,,5,valid_before_list_date,2021-11-15,2021-11-15,2026-05-07,1025,55853,55853,1025,0,0,0,291,2023-01-20
920429.BJ,康比特,L,2022-12-15,,5,valid_before_list_date,2021-11-15,2021-11-15,2026-05-07,1025,55853,55852,1025,0,0,0,265,2022-12-14
920438.BJ,戈碧迦,L,2024-03-25,,5,valid_before_list_date,2021-11-15,2021-11-15,2026-05-07,1025,55853,55853,1025,0,0,0,515,2024-03-22
920455.BJ,汇隆活塞,L,2023-06-21,,5,valid_before_list_date,2021-11-15,2021-11-15,2026-05-07,1025,55853,55853,1025,0,0,0,332,2023-06-20
920469.BJ,富恒新材,L,2023-09-18,,5,valid_before_list_date,2021-11-15,2021-11-15,2026-05-07,1025,55853,55853,1025,0,0,0,393,2023-09-15
920471.BJ,美邦科技,L,2023-05-25,,5,valid_before_list_date,2021-11-15,2021-11-15,2026-05-07,1025,55853,55853,1025,0,0,0,313,2023-05-24
920476.BJ,海能技术,L,2022-10-14,,5,valid_before_list_date,2021-11-15,2021-11-15,2026-05-07,1025,55853,55853,1025,0,0,0,221,2022-10-13
920478.BJ,峆一药业,L,2023-02-23,,5,valid_before_list_date,2021-11-15,2021-11-15,2026-05-07,1025,55853,55853,1025,0,0,0,305,2023-02-16
920493.BJ,并行科技,L,2023-11-01,,5,valid_before_list_date,2021-11-15,2021-11-15,2026-05-07,1025,55853,55853,1025,0,0,0,419,2023-10-31
920496.BJ,许昌智能,L,2024-01-26,,5,valid_before_list_date,2021-11-15,2021-11-15,2026-05-07,1025,55853,55853,1025,0,0,0,480,2024-01-25
920504.BJ,博迅生物,L,2023-08-17,,5,valid_before_list_date,2021-11-15,2021-11-15,2026-05-07,1025,55853,55853,1025,0,0,0,371,2023-08-16
920505.BJ,九菱科技,L,2022-12-21,,5,valid_before_list_date,2021-11-15,2021-11-15,2026-05-07,1025,55853,55853,1025,0,0,0,269,2022-12-20
920519.BJ,万德股份,L,2023-09-15,,5,valid_before_list_date,2021-11-15,2021-11-15,2026-05-07,1025,55853,55853,1025,0,0,0,392,2023-09-14
920522.BJ,纳科诺尔,L,2023-11-16,,5,valid_before_list_date,2021-11-15,2021-11-15,2026-05-07,1025,55853,55853,1025,0,0,0,430,2023-11-15
920526.BJ,凯华材料,L,2022-12-22,,5,valid_before_list_date,2021-11-15,2021-11-15,2026-05-07,1025,55853,55852,1025,0,0,0,270,2022-12-21
920527.BJ,夜光明,L,2022-10-27,,5,valid_before_list_date,2021-11-15,2021-11-15,2026-05-07,1025,55853,55853,1025,0,0,0,230,2022-10-26
920541.BJ,铁大科技,L,2023-03-10,,5,valid_before_list_date,2021-11-15,2021-11-15,2026-05-07,1025,55853,55853,1025,0,0,0,305,2023-02-16
920547.BJ,无锡晶海,L,2023-12-12,,5,valid_before_list_date,2021-11-15,2022-08-24,2026-05-07,1025,55853,45380,835,190,190,190,258,2023-12-11
920556.BJ,雅达股份,L,2023-03-17,,5,valid_before_list_date,2021-11-15,2021-11-15,2026-05-07,1025,55853,55852,1025,0,0,0,305,2023-02-16
920570.BJ,坤博精工,L,2023-11-23,,5,valid_before_list_date,2021-11-15,2022-09-13,2026-05-07,1025,55853,44641,822,203,203,203,232,2023-11-22
920571.BJ,国航远洋,L,2022-12-15,,5,valid_before_list_date,2021-11-15,2021-11-15,2026-05-07,1025,55853,55852,1025,0,0,0,265,2022-12-14
920575.BJ,康乐卫士,L,2023-03-15,,5,valid_before_list_date,2021-11-15,2021-11-15,2026-05-07,1025,55853,55852,1025,0,0,0,305,2023-02-16
920576.BJ,天力复合,L,2023-07-12,,5,valid_before_list_date,2021-11-15,2021-11-15,2026-05-07,1025,55853,55853,1025,0,0,0,345,2023-07-11
920578.BJ,巨能股份,L,2023-05-12,,5,valid_before_list_date,2021-11-15,2021-11-15,2026-05-07,1025,55853,55853,1025,0,0,0,305,2023-02-16
920579.BJ,机科股份,L,2023-11-30,,5,valid_before_list_date,2021-11-15,2021-11-15,2026-05-07,1025,55853,55853,1025,0,0,0,440,2023-11-29
920592.BJ,华信永道,L,2023-07-10,,5,valid_before_list_date,2021-11-15,2021-11-15,2026-05-07,1025,55853,55853,1025,0,0,0,343,2023-07-07
920593.BJ,鼎智科技,L,2023-04-13,,5,valid_before_list_date,2021-11-15,2022-02-18,2026-05-07,1025,55853,52339,962,63,63,63,242,2023-02-16
920608.BJ,丰安股份,L,2022-12-16,,5,valid_before_list_date,2021-11-15,2021-11-15,2026-05-07,1025,55853,55853,1025,0,0,0,266,2022-12-15
920627.BJ,力王股份,L,2023-09-07,,5,valid_before_list_date,2021-11-15,2021-11-15,2026-05-07,1025,55853,55853,1025,0,0,0,386,2023-09-06
920634.BJ,新威凌,L,2022-11-24,,5,valid_before_list_date,2021-11-15,2021-11-15,2026-05-07,862,46888,46888,862,0,0,0,250,2022-11-23
920641.BJ,格利尔,L,2022-12-02,,5,valid_before_list_date,2021-11-15,2021-11-15,2026-05-07,1025,55853,55853,1025,0,0,0,256,2022-12-01
920651.BJ,天罡股份,L,2023-06-27,,5,valid_before_list_date,2021-11-15,2021-11-15,2026-05-07,1025,55853,55853,1025,0,0,0,334,2023-06-26
920656.BJ,海昇药业,L,2024-02-02,,5,valid_before_list_date,2021-11-15,2021-11-15,2026-05-07,1025,55853,55853,1025,0,0,0,485,2024-02-01
920662.BJ,方盛股份,L,2022-11-28,,5,valid_before_list_date,2021-11-15,2021-11-15,2026-05-07,1025,55853,55853,1025,0,0,0,252,2022-11-25
920663.BJ,明阳科技,L,2023-03-15,,5,valid_before_list_date,2021-11-15,2021-11-15,2026-05-07,1025,55853,55853,1025,0,0,0,305,2023-02-16
920665.BJ,科强股份,L,2023-09-26,,5,valid_before_list_date,2022-02-21,2022-02-21,2026-05-07,961,52333,52290,961,0,0,0,335,2023-09-25
920679.BJ,前进科技,L,2023-11-10,,5,only_invalid_before_list_date,2022-03-25,2023-11-10,2026-05-07,937,51013,32423,599,338,338,338,0,
920685.BJ,新芝生物,L,2022-10-10,,5,valid_before_list_date,2021-11-15,2021-11-15,2026-05-07,1025,55853,55853,1025,0,0,0,217,2022-09-30
920690.BJ,捷众科技,L,2024-01-05,,5,valid_before_list_date,2022-05-27,2022-05-27,2026-05-07,897,48813,48799,897,0,0,0,337,2024-01-04
920693.BJ,阿为特,L,2023-10-27,,5,only_invalid_before_list_date,2022-06-16,2023-10-27,2026-05-07,884,48098,32973,609,275,275,275,0,
920694.BJ,中裕科技,L,2023-04-24,,5,valid_before_list_date,2021-11-15,2021-11-15,2026-05-07,1025,55853,55853,1025,0,0,0,305,2023-02-16
920699.BJ,海达尔,L,2023-05-09,,5,only_invalid_before_list_date,2021-11-15,2023-05-15,2026-05-07,1025,55853,39078,720,305,305,305,0,
920701.BJ,豪声电子,L,2023-07-19,,5,valid_before_list_date,2021-11-15,2021-11-15,2026-05-07,1025,55853,55853,1025,0,0,0,350,2023-07-18
920703.BJ,广厦环能,L,2023-12-05,,5,only_invalid_before_list_date,2022-05-11,2023-12-05,2026-05-07,909,49473,31488,582,327,327,327,0,
920706.BJ,铁拓机械,L,2024-03-08,,5,valid_before_list_date,2022-05-26,2022-05-27,2026-05-07,898,48868,48771,897,1,1,1,376,2024-03-07
920717.BJ,瑞星股份,L,2023-07-03,,5,valid_before_list_date,2021-11-15,2021-11-15,2026-05-07,1025,55853,55852,1025,0,0,0,338,2023-06-30
920718.BJ,合肥高科,L,2022-12-22,,5,valid_before_list_date,2021-11-15,2021-11-15,2026-05-07,1025,55853,55853,1025,0,0,0,270,2022-12-21
920719.BJ,宁新新材,L,2023-05-26,,5,valid_before_list_date,2021-11-15,2021-11-15,2026-05-07,1025,55853,55853,1025,0,0,0,314,2023-05-25
920725.BJ,惠丰钻石,L,2022-07-18,,5,valid_before_list_date,2021-11-15,2021-11-15,2026-05-07,1025,55853,55852,1025,0,0,0,163,2022-07-15
920748.BJ,路桥信息,L,2023-08-16,,5,valid_before_list_date,2021-11-15,2021-11-15,2026-05-07,1025,55853,55853,1025,0,0,0,370,2023-08-15
920751.BJ,惠同新材,L,2023-07-17,,5,valid_before_list_date,2021-11-15,2021-11-15,2026-05-07,1025,55853,55853,1025,0,0,0,348,2023-07-14
920753.BJ,天纺标,L,2022-10-31,,5,valid_before_list_date,2021-11-15,2021-11-15,2026-05-07,1025,55853,55853,1025,0,0,0,232,2022-10-28
920770.BJ,艾能聚,L,2023-02-28,,5,valid_before_list_date,2021-11-15,2021-11-15,2026-05-07,1025,55853,55853,1025,0,0,0,305,2023-02-16
920779.BJ,武汉蓝电,L,2023-06-01,,5,valid_before_list_date,2021-11-15,2021-11-15,2026-05-07,1025,55853,55853,1025,0,0,0,318,2023-05-31
920781.BJ,瑞奇智造,L,2022-12-26,,5,valid_before_list_date,2021-11-15,2021-11-15,2026-05-07,1025,55853,55852,1025,0,0,0,272,2022-12-23
920786.BJ,骑士乳业,L,2023-10-13,,5,valid_before_list_date,2021-11-15,2021-11-15,2026-05-07,1025,55853,55853,1025,0,0,0,406,2023-10-12
920790.BJ,联迪信息,L,2022-09-02,,5,valid_before_list_date,2021-11-15,2021-11-15,2026-05-07,1025,55853,55853,1025,0,0,0,197,2022-09-01
920792.BJ,东和新材,L,2023-03-30,,5,valid_before_list_date,2021-11-15,2021-11-15,2026-05-07,1025,55853,55853,1025,0,0,0,305,2023-02-16
920802.BJ,保丽洁,L,2023-02-06,,5,valid_before_list_date,2021-11-15,2021-11-15,2026-05-07,1025,55853,55852,1025,0,0,0,296,2023-02-03
920806.BJ,云星宇,L,2024-01-11,,5,only_invalid_before_list_date,2022-08-18,2024-01-11,2026-05-07,839,45623,30058,556,283,283,283,0,
920807.BJ,奔朗新材,L,2022-12-20,,5,valid_before_list_date,2021-11-15,2021-11-15,2026-05-07,1025,55853,55853,1025,0,0,0,268,2022-12-19
920808.BJ,曙光数创,L,2022-11-18,,5,valid_before_list_date,2021-11-15,2021-11-15,2026-05-07,1025,55853,55852,1025,0,0,0,246,2022-11-17
920809.BJ,安达科技,L,2023-03-23,,5,valid_before_list_date,2021-11-15,2021-11-15,2026-05-07,1025,55853,55852,1025,0,0,0,305,2023-02-16
920810.BJ,春光智能,L,2022-12-16,,5,valid_before_list_date,2021-11-15,2021-11-15,2026-05-07,1025,55853,55853,1025,0,0,0,266,2022-12-15
920833.BJ,美心翼申,L,2023-11-08,,5,valid_before_list_date,2022-06-30,2022-06-30,2026-05-07,874,47548,47511,874,0,0,0,273,2023-11-07
920834.BJ,三维装备,L,2022-08-22,,5,valid_before_list_date,2021-11-15,2021-11-15,2026-05-07,1025,55853,55853,1025,0,0,0,188,2022-08-19
920837.BJ,华原股份,L,2023-05-15,,5,valid_before_list_date,2021-11-15,2022-06-06,2026-05-07,1025,55853,48501,892,133,133,133,172,2023-02-16
920855.BJ,浙江大农,L,2022-12-29,,5,valid_before_list_date,2021-11-15,2021-11-15,2026-05-07,1025,55853,55852,1025,0,0,0,275,2022-12-28
920866.BJ,绿亨科技,L,2022-12-09,,5,valid_before_list_date,2021-11-15,2021-11-15,2026-05-07,1025,55853,55853,1025,0,0,0,261,2022-12-08
920871.BJ,派特尔,L,2022-07-22,,5,valid_before_list_date,2021-11-15,2021-11-15,2026-05-07,1025,55853,55852,1025,0,0,0,167,2022-07-21
920876.BJ,慧为智能,L,2022-11-09,,5,valid_before_list_date,2021-11-15,2021-11-15,2026-05-07,1025,55853,55853,1025,0,0,0,239,2022-11-08
920879.BJ,基康技术,L,2022-12-20,,5,valid_before_list_date,2021-11-15,2021-11-15,2026-05-07,1025,55853,55852,1025,0,0,0,268,2022-12-19
920895.BJ,花溪科技,L,2023-04-06,,5,valid_before_list_date,2021-11-15,2021-11-15,2026-05-07,1025,55853,55853,1025,0,0,0,305,2023-02-16
920896.BJ,旺成科技,L,2023-04-19,,5,valid_before_list_date,2021-11-15,2021-11-15,2026-05-07,1025,55853,55853,1025,0,0,0,305,2023-02-16
920906.BJ,舜宇精工,L,2023-02-22,,5,valid_before_list_date,2021-11-15,2021-11-15,2026-05-07,1025,55853,55853,1025,0,0,0,305,2023-02-16
920914.BJ,远航精密,L,2022-11-11,,5,valid_before_list_date,2021-11-15,2021-11-15,2026-05-07,1025,55853,55853,1025,0,0,0,241,2022-11-10
920926.BJ,鸿智科技,L,2023-08-08,,5,only_invalid_before_list_date,2021-11-15,2023-08-08,2026-05-07,1025,55853,35833,661,364,364,364,0,
920931.BJ,无锡鼎邦,L,2024-04-08,,5,valid_before_list_date,2021-11-15,2021-11-15,2026-05-07,1025,55853,55853,1025,0,0,0,523,2024-04-03
920942.BJ,恒立钻具,L,2022-12-08,,5,valid_before_list_date,2021-11-15,2021-11-15,2026-05-07,1025,55853,55853,1025,0,0,0,260,2022-12-07
920950.BJ,迅安科技,L,2023-01-11,,5,only_invalid_before_list_date,2021-11-15,2023-01-11,2026-05-07,1025,55853,40288,742,283,283,283,0,
920953.BJ,国子软件,L,2023-08-23,,5,only_invalid_before_list_date,2021-11-15,2023-08-23,2026-05-07,1025,55853,35228,650,375,375,375,0,
920957.BJ,汉维科技,L,2022-12-14,,5,valid_before_list_date,2021-11-15,2021-11-15,2026-05-07,1025,55853,55852,1025,0,0,0,264,2022-12-13
920971.BJ,天马新材,L,2022-09-27,,5,valid_before_list_date,2021-11-15,2021-11-15,2026-05-07,1025,55853,55852,1025,0,0,0,213,2022-09-26
920974.BJ,凯大催化,L,2023-03-08,,5,valid_before_list_date,2021-11-15,2021-11-15,2026-05-07,1025,55853,55853,1025,0,0,0,305,2023-02-16
920976.BJ,视声智能,L,2023-09-01,,5,valid_before_list_date,2021-11-15,2021-11-15,2026-05-07,1025,55853,55853,1025,0,0,0,382,2023-08-31
920978.BJ,开特股份,L,2023-09-28,,5,valid_before_list_date,2021-11-15,2021-11-15,2026-05-07,1025,55853,55853,1025,0,0,0,401,2023-09-27
920982.BJ,锦波生物,L,2023-07-20,,5,valid_before_list_date,2021-11-15,2021-11-15,2026-05-07,1025,55853,55853,1025,0,0,0,351,2023-07-19
920985.BJ,海泰新能,L,2022-08-08,,5,valid_before_list_date,2021-11-15,2021-11-15,2026-05-07,1025,55853,55852,1025,0,0,0,178,2022-08-05
920992.BJ,中科美菱,L,2022-10-18,,5,valid_before_list_date,2021-11-15,2021-11-15,2026-05-07,1025,55853,55852,1025,0,0,0,223,2022-10-17
002789.SZ,*ST建艺,L,2016-03-11,,15,no_prelist_issue_for_freq,2016-03-11,2016-03-11,2026-05-07,2465,41905,41905,2465,0,0,0,0,
002790.SZ,瑞尔特,L,2016-03-08,,15,no_prelist_issue_for_freq,2016-03-08,2016-03-08,2026-05-07,2468,41956,41956,2468,0,0,0,0,
002801.SZ,微光股份,L,2016-06-22,,15,no_prelist_issue_for_freq,2016-06-22,2016-06-22,2026-05-07,2396,40732,40732,2396,0,0,0,0,
002802.SZ,洪汇新材,L,2016-06-29,,15,no_prelist_issue_for_freq,2016-06-29,2016-06-29,2026-05-07,2391,40647,40647,2391,0,0,0,0,
002803.SZ,吉宏股份,L,2016-07-12,,15,no_prelist_issue_for_freq,2016-07-12,2016-07-12,2026-05-07,2382,40494,40494,2382,0,0,0,0,
002805.SZ,丰元股份,L,2016-07-07,,15,no_prelist_issue_for_freq,2016-07-07,2016-07-07,2026-05-07,2385,40545,40545,2385,0,0,0,0,
002806.SZ,华锋股份,L,2016-07-26,,15,no_prelist_issue_for_freq,2016-07-26,2016-07-26,2026-05-07,2372,40324,40324,2372,0,0,0,0,
002807.SZ,江阴银行,L,2016-09-02,,15,no_prelist_issue_for_freq,2016-09-02,2016-09-02,2026-05-07,2344,39848,39848,2344,0,0,0,0,
002808.SZ,*ST恒久,L,2016-08-12,,15,no_prelist_issue_for_freq,2016-08-12,2016-08-12,2026-05-07,2359,40103,40103,2359,0,0,0,0,
002809.SZ,红墙股份,L,2016-08-23,,15,no_prelist_issue_for_freq,2016-08-23,2016-08-23,2026-05-07,2352,39984,39984,2352,0,0,0,0,
002810.SZ,山东赫达,L,2016-08-26,,15,no_prelist_issue_for_freq,2016-08-26,2016-08-26,2026-05-07,2349,39933,39933,2349,0,0,0,0,
002811.SZ,郑中设计,L,2016-09-08,,15,no_prelist_issue_for_freq,2016-09-08,2016-09-08,2026-05-07,2340,39780,39780,2340,0,0,0,0,
002812.SZ,恩捷股份,L,2016-09-14,,15,no_prelist_issue_for_freq,2016-09-14,2016-09-14,2026-05-07,2336,39712,39712,2336,0,0,0,0,
002813.SZ,路畅科技,L,2016-10-12,,15,no_prelist_issue_for_freq,2016-10-12,2016-10-12,2026-05-07,2323,39491,39491,2323,0,0,0,0,
002815.SZ,崇达技术,L,2016-10-12,,15,no_prelist_issue_for_freq,2016-10-12,2016-10-12,2026-05-07,2323,39491,39491,2323,0,0,0,0,
002816.SZ,*ST和科,L,2016-10-25,,15,no_prelist_issue_for_freq,2016-10-25,2016-10-25,2026-05-07,2314,39338,39338,2314,0,0,0,0,
002817.SZ,黄山胶囊,L,2016-10-25,,15,no_prelist_issue_for_freq,2016-10-25,2016-10-25,2026-05-07,2314,39338,39338,2314,0,0,0,0,
300502.SZ,新易盛,L,2016-03-03,,15,no_prelist_issue_for_freq,2016-03-03,2016-03-03,2026-05-07,2471,42007,42007,2471,0,0,0,0,
300503.SZ,昊志机电,L,2016-03-09,,15,no_prelist_issue_for_freq,2016-03-09,2016-03-09,2026-05-07,2467,41939,41939,2467,0,0,0,0,
300505.SZ,川金诺,L,2016-03-15,,15,no_prelist_issue_for_freq,2016-03-15,2016-03-15,2026-05-07,2463,41871,41871,2463,0,0,0,0,
300517.SZ,海波重科,L,2016-07-19,,15,no_prelist_issue_for_freq,2016-07-19,2016-07-19,2026-05-07,2377,40409,40409,2377,0,0,0,0,
300518.SZ,新迅达,L,2016-06-24,,15,no_prelist_issue_for_freq,2016-06-24,2016-06-24,2026-05-07,2394,40698,40698,2394,0,0,0,0,
300519.SZ,新光药业,L,2016-06-24,,15,no_prelist_issue_for_freq,2016-06-24,2016-06-24,2026-05-07,2394,40698,40698,2394,0,0,0,0,
300520.SZ,科大国创,L,2016-07-08,,15,no_prelist_issue_for_freq,2016-07-08,2016-07-08,2026-05-07,2384,40528,40528,2384,0,0,0,0,
300521.SZ,爱司凯,L,2016-07-05,,15,no_prelist_issue_for_freq,2016-07-05,2016-07-05,2026-05-07,2387,40579,40579,2387,0,0,0,0,
300522.SZ,世名科技,L,2016-07-05,,15,no_prelist_issue_for_freq,2016-07-05,2016-07-05,2026-05-07,2387,40579,40579,2387,0,0,0,0,
300523.SZ,辰安科技,L,2016-07-26,,15,no_prelist_issue_for_freq,2016-07-26,2016-07-26,2026-05-07,2372,40324,40324,2372,0,0,0,0,
300525.SZ,博思软件,L,2016-07-26,,15,no_prelist_issue_for_freq,2016-07-26,2016-07-26,2026-05-07,2372,40324,40324,2372,0,0,0,0,
300526.SZ,中潜退(退),D,2016-08-02,2023-07-12,15,no_prelist_issue_for_freq,2016-08-02,2016-08-02,2019-12-31,832,14144,14144,832,0,0,0,0,
300527.SZ,ST应急,L,2016-08-05,,15,no_prelist_issue_for_freq,2016-08-05,2016-08-05,2026-05-07,2364,40188,40188,2364,0,0,0,0,
300528.SZ,幸福蓝海,L,2016-08-08,,15,no_prelist_issue_for_freq,2016-08-08,2016-08-08,2026-05-07,2363,40171,40171,2363,0,0,0,0,
300529.SZ,健帆生物,L,2016-08-02,,15,no_prelist_issue_for_freq,2016-08-02,2016-08-02,2026-05-07,2367,40239,40239,2367,0,0,0,0,
300530.SZ,领湃科技,L,2016-08-09,,15,no_prelist_issue_for_freq,2016-08-09,2016-08-09,2026-05-07,2362,40154,40154,2362,0,0,0,0,
300531.SZ,优博讯,L,2016-08-09,,15,no_prelist_issue_for_freq,2016-08-09,2016-08-09,2026-05-07,2362,40154,40154,2362,0,0,0,0,
300532.SZ,今天国际,L,2016-08-18,,15,no_prelist_issue_for_freq,2016-08-18,2016-08-18,2026-05-07,2355,40035,40035,2355,0,0,0,0,
300533.SZ,冰川网络,L,2016-08-18,,15,no_prelist_issue_for_freq,2016-08-18,2016-08-18,2026-05-07,2355,40035,40035,2355,0,0,0,0,
300534.SZ,陇神戎发,L,2016-09-13,,15,no_prelist_issue_for_freq,2016-09-13,2016-09-13,2026-05-07,2337,39729,39729,2337,0,0,0,0,
300535.SZ,达威股份,L,2016-08-12,,15,no_prelist_issue_for_freq,2016-08-12,2016-08-12,2026-05-07,2359,40103,40103,2359,0,0,0,0,
300536.SZ,农尚环境,L,2016-09-20,,15,no_prelist_issue_for_freq,2016-09-20,2016-09-20,2026-05-07,2334,39678,39678,2334,0,0,0,0,
300537.SZ,广信材料,L,2016-08-30,,15,no_prelist_issue_for_freq,2016-08-30,2016-08-30,2026-05-07,2347,39899,39899,2347,0,0,0,0,
300538.SZ,同益股份,L,2016-08-26,,15,no_prelist_issue_for_freq,2016-08-26,2016-08-26,2026-05-07,2349,39933,39933,2349,0,0,0,0,
300539.SZ,横河精密,L,2016-08-30,,15,no_prelist_issue_for_freq,2016-08-30,2016-08-30,2026-05-07,2347,39899,39899,2347,0,0,0,0,
300540.SZ,蜀道装备,L,2016-08-23,,15,no_prelist_issue_for_freq,2016-08-23,2016-08-23,2026-05-07,2352,39984,39984,2352,0,0,0,0,
300541.SZ,先进数通,L,2016-09-13,,15,no_prelist_issue_for_freq,2016-09-13,2016-09-13,2026-05-07,2337,39729,39729,2337,0,0,0,0,
300542.SZ,新晨科技,L,2016-09-20,,15,valid_before_list_date,2016-09-05,2016-09-05,2026-05-07,2335,39695,39695,2335,0,0,0,1,2016-09-05
300543.SZ,朗科智能,L,2016-09-08,,15,no_prelist_issue_for_freq,2016-09-08,2016-09-08,2026-05-07,2340,39780,39780,2340,0,0,0,0,
300545.SZ,联得装备,L,2016-09-28,,15,no_prelist_issue_for_freq,2016-09-28,2016-09-28,2026-05-07,2328,39576,39576,2328,0,0,0,0,
300546.SZ,雄帝科技,L,2016-09-28,,15,no_prelist_issue_for_freq,2016-09-28,2016-09-28,2026-05-07,2328,39576,39576,2328,0,0,0,0,
300547.SZ,川环科技,L,2016-09-30,,15,no_prelist_issue_for_freq,2016-09-30,2016-09-30,2026-05-07,2326,39542,39542,2326,0,0,0,0,
300548.SZ,长芯博创,L,2016-10-12,,15,no_prelist_issue_for_freq,2016-10-12,2016-10-12,2026-05-07,2323,39491,39491,2323,0,0,0,0,
300549.SZ,优德精密,L,2016-09-30,,15,no_prelist_issue_for_freq,2016-09-30,2016-09-30,2026-05-07,2326,39542,39542,2326,0,0,0,0,
300550.SZ,和仁科技,L,2016-10-18,,15,no_prelist_issue_for_freq,2016-10-18,2016-10-18,2026-05-07,2319,39423,39423,2319,0,0,0,0,
300551.SZ,古鳌科技,L,2016-10-18,,15,no_prelist_issue_for_freq,2016-10-18,2016-10-18,2026-05-07,2319,39423,39423,2319,0,0,0,0,
300552.SZ,万集科技,L,2016-10-21,,15,no_prelist_issue_for_freq,2016-10-21,2016-10-21,2026-05-07,2316,39372,39372,2316,0,0,0,0,
300553.SZ,集智股份,L,2016-10-21,,15,valid_before_list_date,2016-10-10,2016-10-10,2026-05-07,2317,39389,39389,2317,0,0,0,1,2016-10-10
300555.SZ,ST路通,L,2016-10-18,,15,no_prelist_issue_for_freq,2016-10-18,2016-10-18,2026-05-07,2319,39423,39423,2319,0,0,0,0,
601717.SH,中创智领,L,2010-08-03,,15,no_prelist_issue_for_freq,2010-08-03,2010-08-03,2026-05-07,3823,64991,64991,3823,0,0,0,0,
920001.BJ,纬达光电,L,2022-12-27,,15,valid_before_list_date,2021-11-15,2022-01-07,2026-05-07,1022,19424,18697,984,38,38,38,235,2022-12-26
920002.BJ,万达轴承,L,2024-05-30,,15,only_invalid_before_list_date,2024-05-21,2024-05-30,2026-05-07,465,8841,8822,464,1,1,1,0,
920003.BJ,中诚咨询,L,2025-11-07,,15,only_invalid_before_list_date,2025-10-28,2025-11-07,2026-05-07,119,2025,2006,118,1,1,1,0,
920005.BJ,鼎佳精密,L,2025-07-31,,15,only_invalid_before_list_date,2025-07-22,2025-07-31,2026-05-07,182,3212,3193,181,1,1,1,0,
920006.BJ,晟楠科技,L,2023-05-18,,15,valid_before_list_date,2021-11-15,2021-11-15,2026-05-07,1022,19424,19424,1022,0,0,0,308,2023-05-17
920007.BJ,酉立智能,L,2025-08-08,,15,only_invalid_before_list_date,2025-07-29,2025-08-08,2026-05-07,176,3098,3079,175,1,1,1,0,
920008.BJ,成电光信,L,2024-08-29,,15,only_invalid_before_list_date,2024-08-20,2024-08-29,2026-05-07,401,7625,7606,400,1,1,1,0,
920009.BJ,丹娜生物,L,2025-11-03,,15,only_invalid_before_list_date,2025-10-22,2025-11-03,2026-05-07,123,2093,2074,122,1,1,1,0,
920014.BJ,特瑞斯,L,2022-12-13,,15,valid_before_list_date,2021-11-15,2021-11-15,2026-05-07,1022,19424,19423,1022,0,0,0,263,2022-12-12
920015.BJ,锦华新材,L,2025-09-25,,15,only_invalid_before_list_date,2025-09-16,2025-09-25,2026-05-07,143,2471,2452,142,1,1,1,0,
920016.BJ,中草香料,L,2024-09-13,,15,only_invalid_before_list_date,2024-09-03,2024-09-13,2026-05-07,390,7416,7397,389,1,1,1,0,
920017.BJ,星昊医药,L,2023-05-31,,15,valid_before_list_date,2021-11-15,2021-11-15,2026-05-07,1022,19424,19423,1022,0,0,0,317,2023-05-30
920018.BJ,宏远股份,L,2025-08-20,,15,only_invalid_before_list_date,2025-08-11,2025-08-20,2026-05-07,168,2946,2927,167,1,1,1,0,
920019.BJ,铜冠矿建,L,2024-10-11,,15,only_invalid_before_list_date,2024-09-18,2024-10-11,2026-05-07,377,7169,7150,376,1,1,1,0,
920020.BJ,泰凯英,L,2025-10-28,,15,only_invalid_before_list_date,2025-10-15,2025-10-28,2026-05-07,127,2167,2148,126,1,1,1,0,
920022.BJ,世昌股份,L,2025-09-19,,15,only_invalid_before_list_date,2025-09-09,2025-09-19,2026-05-07,147,2547,2528,146,1,1,1,0,
920023.BJ,田野股份,L,2023-02-02,,15,valid_before_list_date,2021-11-15,2021-11-15,2026-05-07,1022,19424,19424,1022,0,0,0,294,2023-02-01
920026.BJ,卓兆点胶,L,2023-10-19,,15,only_invalid_before_list_date,2022-06-24,2023-10-19,2026-05-07,875,16631,11634,612,263,263,263,0,
920027.BJ,交大铁发,L,2025-06-10,,15,only_invalid_before_list_date,2025-05-27,2025-06-10,2026-05-07,218,3896,3877,217,1,1,1,0,
920029.BJ,开发科技,L,2025-03-28,,15,only_invalid_before_list_date,2025-03-18,2025-03-28,2026-05-07,265,4789,4770,264,1,1,1,0,
920033.BJ,康普化学,L,2022-12-21,,15,valid_before_list_date,2021-11-15,2021-11-15,2026-05-07,1022,19424,19424,1022,0,0,0,269,2022-12-20
920037.BJ,广信科技,L,2025-06-26,,15,only_invalid_before_list_date,2025-06-17,2025-06-26,2026-05-07,206,3668,3649,205,1,1,1,0,
920046.BJ,亿能电力,L,2022-10-13,,15,valid_before_list_date,2021-11-15,2021-11-15,2026-05-07,1022,19424,19424,1022,0,0,0,220,2022-10-12
920056.BJ,能之光,L,2025-08-22,,15,only_invalid_before_list_date,2025-08-13,2025-08-22,2026-05-07,166,2908,2889,165,1,1,1,0,
920057.BJ,百甲科技,L,2023-03-14,,15,valid_before_list_date,2021-11-15,2021-11-15,2026-05-07,1022,19424,19423,1022,0,0,0,305,2023-02-16
920058.BJ,华洋赛车,L,2023-08-10,,15,valid_before_list_date,2021-11-15,2021-11-15,2026-05-07,1022,19424,19424,1022,0,0,0,366,2023-08-09
920060.BJ,万源通,L,2024-11-19,,15,only_invalid_before_list_date,2024-11-08,2024-11-19,2026-05-07,350,6404,6385,349,1,1,1,0,
920061.BJ,西磁科技,L,2023-12-21,,15,valid_before_list_date,2021-11-15,2021-11-15,2026-05-07,1022,19424,19424,1022,0,0,0,455,2023-12-20
920066.BJ,科拜尔,L,2024-10-31,,15,only_invalid_before_list_date,2024-10-22,2024-10-31,2026-05-07,363,6651,6632,362,1,1,1,0,
920068.BJ,XD天工股,L,2025-05-13,,15,only_invalid_before_list_date,2025-04-28,2025-05-13,2026-05-07,237,4257,4238,236,1,1,1,0,
920075.BJ,柏星龙,L,2022-12-14,,15,valid_before_list_date,2021-11-15,2021-11-15,2026-05-07,1022,19424,19423,1022,0,0,0,264,2022-12-13
920080.BJ,奥美森,L,2025-10-10,,15,only_invalid_before_list_date,2025-09-22,2025-10-10,2026-05-07,139,2395,2376,138,1,1,1,0,
920082.BJ,方正阀门,L,2024-12-26,,15,only_invalid_before_list_date,2024-12-17,2024-12-26,2026-05-07,324,5910,5891,323,1,1,1,0,
920087.BJ,秋乐种业,L,2022-12-07,,15,valid_before_list_date,2021-11-15,2021-11-15,2026-05-07,1022,19424,19424,1022,0,0,0,259,2022-12-06
920088.BJ,科力股份,L,2024-10-29,,15,only_invalid_before_list_date,2024-10-18,2024-10-29,2026-05-07,365,6941,6922,364,1,1,1,0,
920098.BJ,科隆新材,L,2024-12-05,,15,only_invalid_before_list_date,2024-11-26,2024-12-05,2026-05-07,339,6195,6176,338,1,1,1,0,
920099.BJ,瑞华技术,L,2024-09-25,,15,only_invalid_before_list_date,2024-09-10,2024-09-25,2026-05-07,384,7302,7283,383,1,1,1,0,
920100.BJ,三协电机,L,2025-09-08,,15,only_invalid_before_list_date,2025-08-26,2025-09-08,2026-05-07,156,2718,2699,155,1,1,1,0,
920101.BJ,志高机械,L,2025-08-14,,15,only_invalid_before_list_date,2025-08-05,2025-08-14,2026-05-07,172,3022,3003,171,1,1,1,0,
920106.BJ,林泰新材,L,2024-12-18,,15,only_invalid_before_list_date,2024-12-10,2024-12-18,2026-05-07,330,6024,6005,329,1,1,1,0,
920108.BJ,宏海科技,L,2025-02-06,,15,only_invalid_before_list_date,2025-01-17,2025-02-06,2026-05-07,301,5473,5454,300,1,1,1,0,
920110.BJ,雷特科技,L,2022-12-06,,15,valid_before_list_date,2021-11-15,2021-11-15,2026-05-07,1022,19424,19424,1022,0,0,0,258,2022-12-05
920111.BJ,聚星科技,L,2024-11-11,,15,only_invalid_before_list_date,2024-10-29,2024-11-11,2026-05-07,356,6518,6499,355,1,1,1,0,
920112.BJ,巴兰仕,L,2025-08-28,,15,only_invalid_before_list_date,2025-08-19,2025-08-28,2026-05-07,162,2832,2813,161,1,1,1,0,
920116.BJ,星图测控,L,2025-01-02,,15,only_invalid_before_list_date,2024-12-24,2025-01-02,2026-05-07,320,5834,5815,319,1,1,1,0,
920118.BJ,太湖远大,L,2024-08-22,,15,only_invalid_before_list_date,2024-08-13,2024-08-22,2026-05-07,406,7720,7701,405,1,1,1,0,
920122.BJ,中纺标,L,2022-09-27,,15,valid_before_list_date,2021-11-15,2021-11-15,2026-05-07,1022,19424,19424,1022,0,0,0,213,2022-09-26
920123.BJ,芭薇股份,L,2024-03-29,,15,valid_before_list_date,2021-11-15,2021-11-15,2026-05-07,1022,19424,19424,1022,0,0,0,519,2024-03-28
920128.BJ,胜业电气,L,2024-11-29,,15,only_invalid_before_list_date,2024-11-18,2024-11-29,2026-05-07,343,6271,6252,342,1,1,1,0,
920130.BJ,立方控股,L,2023-11-02,,15,valid_before_list_date,2021-11-15,2021-11-15,2026-05-07,1022,19424,19424,1022,0,0,0,420,2023-11-01
920132.BJ,泰鹏智能,L,2023-11-16,,15,valid_before_list_date,2021-11-15,2021-12-15,2026-05-07,1022,19424,18994,1000,22,22,22,408,2023-11-15
920139.BJ,华岭股份,L,2022-10-28,,15,valid_before_list_date,2021-11-15,2021-11-15,2026-05-07,1022,19424,19423,1022,0,0,0,231,2022-10-27
920152.BJ,昆工科技,L,2022-09-01,,15,valid_before_list_date,2021-11-15,2021-11-15,2026-05-07,1022,19424,19424,1022,0,0,0,196,2022-08-31
920158.BJ,长江能科,L,2025-10-16,,15,only_invalid_before_list_date,2025-09-24,2025-10-16,2026-05-07,135,2319,2300,134,1,1,1,0,
920175.BJ,东方碳素,L,2023-06-30,,15,valid_before_list_date,2021-11-15,2021-11-15,2026-05-07,1022,19424,19423,1022,0,0,0,337,2023-06-29
920190.BJ,雷神科技,L,2022-12-23,,15,valid_before_list_date,2021-11-15,2021-11-15,2026-05-07,1022,19424,19423,1022,0,0,0,271,2022-12-22
920195.BJ,三祥科技,L,2022-12-30,,15,valid_before_list_date,2021-11-15,2021-11-15,2026-05-07,1022,19424,19424,1022,0,0,0,276,2022-12-29
920199.BJ,倍益康,L,2022-12-01,,15,valid_before_list_date,2021-11-15,2021-11-15,2026-05-07,1022,19424,19424,1022,0,0,0,255,2022-11-30
920207.BJ,众诚科技,L,2022-09-23,,15,valid_before_list_date,2021-11-15,2021-11-15,2026-05-07,1022,19424,19424,1022,0,0,0,211,2022-09-22
920208.BJ,青矩技术,L,2023-06-29,,15,valid_before_list_date,2021-11-15,2021-11-15,2026-05-07,1022,19424,19424,1022,0,0,0,336,2023-06-28
920221.BJ,易实精密,L,2023-06-08,,15,valid_before_list_date,2021-11-15,2021-11-15,2026-05-07,1022,19424,19424,1022,0,0,0,323,2023-06-07
920227.BJ,美登科技,L,2022-12-28,,15,valid_before_list_date,2021-11-15,2021-11-15,2026-05-07,1022,19424,19424,1022,0,0,0,274,2022-12-27
920230.BJ,欧康医药,L,2022-12-09,,15,valid_before_list_date,2021-11-15,2021-11-15,2026-05-07,1022,19424,19424,1022,0,0,0,261,2022-12-08
920237.BJ,力佳科技,L,2022-11-25,,15,valid_before_list_date,2021-11-15,2021-11-15,2026-05-07,1022,19424,19424,1022,0,0,0,251,2022-11-24
920247.BJ,华密新材,L,2022-12-23,,15,valid_before_list_date,2021-11-15,2021-11-15,2026-05-07,1022,19424,19424,1022,0,0,0,271,2022-12-22
920249.BJ,利尔达,L,2023-02-17,,15,valid_before_list_date,2021-11-15,2021-11-15,2026-05-07,1022,19424,19424,1022,0,0,0,305,2023-02-16
920252.BJ,天宏锂电,L,2023-01-19,,15,valid_before_list_date,2021-11-15,2021-11-15,2026-05-07,1022,19424,19424,1022,0,0,0,289,2023-01-18
920261.BJ,一诺威,L,2023-04-03,,15,valid_before_list_date,2021-11-15,2021-11-15,2026-05-07,1022,19424,19424,1022,0,0,0,305,2023-02-16
920262.BJ,太湖雪,L,2022-12-30,,15,valid_before_list_date,2021-11-15,2021-11-15,2026-05-07,1022,19424,19424,1022,0,0,0,276,2022-12-29
920270.BJ,天铭科技,L,2022-09-02,,15,valid_before_list_date,2021-11-15,2021-11-15,2026-05-07,1022,19424,19424,1022,0,0,0,197,2022-09-01
920273.BJ,一致魔芋,L,2023-02-21,,15,valid_before_list_date,2021-11-15,2021-11-15,2026-05-07,1022,19424,19424,1022,0,0,0,305,2023-02-16
920274.BJ,宏裕包材,L,2023-08-18,,15,valid_before_list_date,2021-11-15,2021-11-15,2026-05-07,1022,19424,19424,1022,0,0,0,372,2023-08-17
920284.BJ,灵鸽科技,L,2023-12-19,,15,valid_before_list_date,2021-11-15,2021-11-15,2026-05-07,1022,19424,19424,1022,0,0,0,453,2023-12-18
920300.BJ,辰光医疗,L,2022-12-07,,15,valid_before_list_date,2021-11-15,2021-11-15,2026-05-07,1022,19424,19424,1022,0,0,0,259,2022-12-06
920304.BJ,迪尔化工,L,2023-04-18,,15,valid_before_list_date,2021-11-15,2021-11-15,2026-05-07,1022,19424,19424,1022,0,0,0,305,2023-02-16
920339.BJ,恒太照明,L,2022-11-17,,15,valid_before_list_date,2021-11-15,2021-11-15,2026-05-07,1022,19424,19424,1022,0,0,0,245,2022-11-16
920351.BJ,华光源海,L,2022-12-29,,15,valid_before_list_date,2021-11-15,2021-11-15,2026-05-07,1022,19424,19423,1022,0,0,0,275,2022-12-28
920357.BJ,雅葆轩,L,2022-11-18,,15,valid_before_list_date,2021-11-15,2021-12-22,2026-05-07,1022,19424,18907,995,27,27,27,219,2022-11-17
920363.BJ,莱赛激光,L,2023-12-28,,15,only_invalid_before_list_date,2021-11-15,2023-12-28,2026-05-07,1022,19424,10684,562,460,460,460,0,
920367.BJ,新赣江,L,2023-02-09,,15,valid_before_list_date,2021-11-15,2021-11-15,2026-05-07,1022,19424,19423,1022,0,0,0,299,2023-02-08
920371.BJ,欧福蛋业,L,2023-01-18,,15,valid_before_list_date,2021-11-15,2022-03-29,2026-05-07,1022,19424,17697,932,90,90,90,198,2023-01-17
920374.BJ,云里物里,L,2022-11-29,,15,valid_before_list_date,2021-11-15,2021-11-15,2026-05-07,1022,19424,19424,1022,0,0,0,253,2022-11-28
920375.BJ,派诺科技,L,2023-12-14,,15,valid_before_list_date,2021-11-15,2021-11-15,2026-05-07,1022,19424,19424,1022,0,0,0,450,2023-12-13
920392.BJ,佳合科技,L,2022-12-30,,15,valid_before_list_date,2021-11-15,2021-11-15,2026-05-07,1022,19424,19424,1022,0,0,0,276,2022-12-29
920394.BJ,民士达,L,2023-04-25,,15,valid_before_list_date,2021-11-15,2021-11-15,2026-05-07,1022,19424,19424,1022,0,0,0,305,2023-02-16
920395.BJ,朗鸿科技,L,2022-09-01,,15,valid_before_list_date,2021-11-15,2021-11-15,2026-05-07,1022,19424,19423,1022,0,0,0,196,2022-08-31
920402.BJ,硅烷科技,L,2022-09-28,,15,valid_before_list_date,2021-11-15,2021-11-15,2026-05-07,1022,19424,19423,1022,0,0,0,214,2022-09-27
920403.BJ,康农种业,L,2024-01-18,,15,valid_before_list_date,2021-11-15,2021-11-15,2026-05-07,1022,19424,19424,1022,0,0,0,474,2024-01-17
920407.BJ,驰诚股份,L,2023-02-16,,15,valid_before_list_date,2021-11-15,2021-11-15,2026-05-07,1022,19424,19424,1022,0,0,0,304,2023-02-15
920414.BJ,欧普泰,L,2022-12-12,,15,valid_before_list_date,2021-11-15,2021-11-15,2026-05-07,1022,19424,19424,1022,0,0,0,262,2022-12-09
920422.BJ,润普食品,L,2023-03-01,,15,valid_before_list_date,2021-11-15,2021-11-15,2026-05-07,1022,19424,19423,1022,0,0,0,305,2023-02-16
920425.BJ,乐创技术,L,2023-01-30,,15,valid_before_list_date,2021-11-15,2021-11-15,2026-05-07,1022,19424,19424,1022,0,0,0,291,2023-01-20
920429.BJ,康比特,L,2022-12-15,,15,valid_before_list_date,2021-11-15,2021-11-15,2026-05-07,1022,19424,19423,1022,0,0,0,265,2022-12-14
920438.BJ,戈碧迦,L,2024-03-25,,15,valid_before_list_date,2021-11-15,2021-11-15,2026-05-07,1022,19424,19424,1022,0,0,0,515,2024-03-22
920455.BJ,汇隆活塞,L,2023-06-21,,15,valid_before_list_date,2021-11-15,2021-11-15,2026-05-07,1022,19424,19424,1022,0,0,0,332,2023-06-20
920469.BJ,富恒新材,L,2023-09-18,,15,valid_before_list_date,2021-11-15,2021-11-15,2026-05-07,1022,19424,19424,1022,0,0,0,393,2023-09-15
920471.BJ,美邦科技,L,2023-05-25,,15,valid_before_list_date,2021-11-15,2021-11-15,2026-05-07,1022,19424,19424,1022,0,0,0,313,2023-05-24
920476.BJ,海能技术,L,2022-10-14,,15,valid_before_list_date,2021-11-15,2021-11-15,2026-05-07,1022,19424,19424,1022,0,0,0,221,2022-10-13
920478.BJ,峆一药业,L,2023-02-23,,15,valid_before_list_date,2021-11-15,2021-11-15,2026-05-07,1022,19424,19424,1022,0,0,0,305,2023-02-16
920493.BJ,并行科技,L,2023-11-01,,15,valid_before_list_date,2021-11-15,2021-11-15,2026-05-07,1022,19424,19424,1022,0,0,0,419,2023-10-31
920496.BJ,许昌智能,L,2024-01-26,,15,valid_before_list_date,2021-11-15,2021-11-15,2026-05-07,1022,19424,19424,1022,0,0,0,480,2024-01-25
920504.BJ,博迅生物,L,2023-08-17,,15,valid_before_list_date,2021-11-15,2021-11-15,2026-05-07,1022,19424,19424,1022,0,0,0,371,2023-08-16
920505.BJ,九菱科技,L,2022-12-21,,15,valid_before_list_date,2021-11-15,2021-11-15,2026-05-07,1022,19424,19424,1022,0,0,0,269,2022-12-20
920519.BJ,万德股份,L,2023-09-15,,15,valid_before_list_date,2021-11-15,2021-11-15,2026-05-07,1022,19424,19424,1022,0,0,0,392,2023-09-14
920522.BJ,纳科诺尔,L,2023-11-16,,15,valid_before_list_date,2021-11-15,2021-11-15,2026-05-07,1022,19424,19424,1022,0,0,0,430,2023-11-15
920526.BJ,凯华材料,L,2022-12-22,,15,valid_before_list_date,2021-11-15,2021-11-15,2026-05-07,1022,19424,19423,1022,0,0,0,270,2022-12-21
920527.BJ,夜光明,L,2022-10-27,,15,valid_before_list_date,2021-11-15,2021-11-15,2026-05-07,1022,19424,19424,1022,0,0,0,230,2022-10-26
920541.BJ,铁大科技,L,2023-03-10,,15,valid_before_list_date,2021-11-15,2021-11-15,2026-05-07,1022,19424,19424,1022,0,0,0,305,2023-02-16
920547.BJ,无锡晶海,L,2023-12-12,,15,valid_before_list_date,2021-11-15,2022-08-24,2026-05-07,1022,19424,15806,832,190,190,190,258,2023-12-11
920556.BJ,雅达股份,L,2023-03-17,,15,valid_before_list_date,2021-11-15,2021-11-15,2026-05-07,1022,19424,19423,1022,0,0,0,305,2023-02-16
920570.BJ,坤博精工,L,2023-11-23,,15,valid_before_list_date,2021-11-15,2022-09-13,2026-05-07,1022,19424,15551,819,203,203,203,232,2023-11-22
920571.BJ,国航远洋,L,2022-12-15,,15,valid_before_list_date,2021-11-15,2021-11-15,2026-05-07,1022,19424,19423,1022,0,0,0,265,2022-12-14
920575.BJ,康乐卫士,L,2023-03-15,,15,valid_before_list_date,2021-11-15,2021-11-15,2026-05-07,1022,19424,19423,1022,0,0,0,305,2023-02-16
920576.BJ,天力复合,L,2023-07-12,,15,valid_before_list_date,2021-11-15,2021-11-15,2026-05-07,1022,19424,19424,1022,0,0,0,345,2023-07-11
920578.BJ,巨能股份,L,2023-05-12,,15,valid_before_list_date,2021-11-15,2021-11-15,2026-05-07,1022,19424,19424,1022,0,0,0,305,2023-02-16
920579.BJ,机科股份,L,2023-11-30,,15,valid_before_list_date,2021-11-15,2021-11-15,2026-05-07,1022,19424,19424,1022,0,0,0,440,2023-11-29
920592.BJ,华信永道,L,2023-07-10,,15,valid_before_list_date,2021-11-15,2021-11-15,2026-05-07,1022,19424,19424,1022,0,0,0,343,2023-07-07
920593.BJ,鼎智科技,L,2023-04-13,,15,valid_before_list_date,2021-11-15,2022-02-18,2026-05-07,1022,19424,18210,959,63,63,63,242,2023-02-16
920608.BJ,丰安股份,L,2022-12-16,,15,valid_before_list_date,2021-11-15,2021-11-15,2026-05-07,1022,19424,19424,1022,0,0,0,266,2022-12-15
920627.BJ,力王股份,L,2023-09-07,,15,valid_before_list_date,2021-11-15,2021-11-15,2026-05-07,1022,19424,19424,1022,0,0,0,386,2023-09-06
920634.BJ,新威凌,L,2022-11-24,,15,valid_before_list_date,2021-11-15,2021-11-15,2026-05-07,1022,19424,19424,1022,0,0,0,250,2022-11-23
920641.BJ,格利尔,L,2022-12-02,,15,valid_before_list_date,2021-11-15,2021-11-15,2026-05-07,1022,19424,19424,1022,0,0,0,256,2022-12-01
920651.BJ,天罡股份,L,2023-06-27,,15,valid_before_list_date,2021-11-15,2021-11-15,2026-05-07,1022,19424,19424,1022,0,0,0,334,2023-06-26
920656.BJ,海昇药业,L,2024-02-02,,15,valid_before_list_date,2021-11-15,2021-11-15,2026-05-07,1022,19424,19424,1022,0,0,0,485,2024-02-01
920662.BJ,方盛股份,L,2022-11-28,,15,valid_before_list_date,2021-11-15,2021-11-15,2026-05-07,1022,19424,19424,1022,0,0,0,252,2022-11-25
920663.BJ,明阳科技,L,2023-03-15,,15,valid_before_list_date,2021-11-15,2021-11-15,2026-05-07,1022,19424,19424,1022,0,0,0,305,2023-02-16
920665.BJ,科强股份,L,2023-09-26,,15,valid_before_list_date,2022-02-21,2022-02-21,2026-05-07,958,18208,18193,958,0,0,0,335,2023-09-25
920679.BJ,前进科技,L,2023-11-10,,15,only_invalid_before_list_date,2022-03-25,2023-11-10,2026-05-07,934,17752,11330,596,338,338,338,0,
920685.BJ,新芝生物,L,2022-10-10,,15,valid_before_list_date,2021-11-15,2021-11-15,2026-05-07,1022,19424,19424,1022,0,0,0,217,2022-09-30
920690.BJ,捷众科技,L,2024-01-05,,15,valid_before_list_date,2022-05-27,2022-05-27,2026-05-07,894,16992,16987,894,0,0,0,337,2024-01-04
920693.BJ,阿为特,L,2023-10-27,,15,only_invalid_before_list_date,2022-06-16,2023-10-27,2026-05-07,881,16745,11520,606,275,275,275,0,
920694.BJ,中裕科技,L,2023-04-24,,15,valid_before_list_date,2021-11-15,2021-11-15,2026-05-07,1022,19424,19424,1022,0,0,0,305,2023-02-16
920699.BJ,海达尔,L,2023-05-09,,15,only_invalid_before_list_date,2021-11-15,2023-05-15,2026-05-07,1022,19424,13629,717,305,305,305,0,
920701.BJ,豪声电子,L,2023-07-19,,15,valid_before_list_date,2021-11-15,2021-11-15,2026-05-07,1022,19424,19424,1022,0,0,0,350,2023-07-18
920703.BJ,广厦环能,L,2023-12-05,,15,only_invalid_before_list_date,2022-05-11,2023-12-05,2026-05-07,906,17220,11007,579,327,327,327,0,
920706.BJ,铁拓机械,L,2024-03-08,,15,valid_before_list_date,2022-05-26,2022-05-27,2026-05-07,895,17011,16978,894,1,1,1,376,2024-03-07
920717.BJ,瑞星股份,L,2023-07-03,,15,valid_before_list_date,2021-11-15,2021-11-15,2026-05-07,1022,19424,19423,1022,0,0,0,338,2023-06-30
920718.BJ,合肥高科,L,2022-12-22,,15,valid_before_list_date,2021-11-15,2021-11-15,2026-05-07,1022,19424,19424,1022,0,0,0,270,2022-12-21
920719.BJ,宁新新材,L,2023-05-26,,15,valid_before_list_date,2021-11-15,2021-11-15,2026-05-07,1022,19424,19424,1022,0,0,0,314,2023-05-25
920725.BJ,惠丰钻石,L,2022-07-18,,15,valid_before_list_date,2021-11-15,2021-11-15,2026-05-07,1022,19424,19423,1022,0,0,0,163,2022-07-15
920748.BJ,路桥信息,L,2023-08-16,,15,valid_before_list_date,2021-11-15,2021-11-15,2026-05-07,1022,19424,19424,1022,0,0,0,370,2023-08-15
920751.BJ,惠同新材,L,2023-07-17,,15,valid_before_list_date,2021-11-15,2021-11-15,2026-05-07,1022,19424,19424,1022,0,0,0,348,2023-07-14
920753.BJ,天纺标,L,2022-10-31,,15,valid_before_list_date,2021-11-15,2021-11-15,2026-05-07,1022,19424,19424,1022,0,0,0,232,2022-10-28
920770.BJ,艾能聚,L,2023-02-28,,15,valid_before_list_date,2021-11-15,2021-11-15,2026-05-07,1022,19424,19424,1022,0,0,0,305,2023-02-16
920779.BJ,武汉蓝电,L,2023-06-01,,15,valid_before_list_date,2021-11-15,2021-11-15,2026-05-07,1022,19424,19424,1022,0,0,0,318,2023-05-31
920781.BJ,瑞奇智造,L,2022-12-26,,15,valid_before_list_date,2021-11-15,2021-11-15,2026-05-07,1022,19424,19423,1022,0,0,0,272,2022-12-23
920786.BJ,骑士乳业,L,2023-10-13,,15,valid_before_list_date,2021-11-15,2021-11-15,2026-05-07,1022,19424,19424,1022,0,0,0,406,2023-10-12
920790.BJ,联迪信息,L,2022-09-02,,15,valid_before_list_date,2021-11-15,2021-11-15,2026-05-07,1022,19424,19424,1022,0,0,0,197,2022-09-01
920792.BJ,东和新材,L,2023-03-30,,15,valid_before_list_date,2021-11-15,2021-11-15,2026-05-07,1022,19424,19424,1022,0,0,0,305,2023-02-16
920802.BJ,保丽洁,L,2023-02-06,,15,valid_before_list_date,2021-11-15,2021-11-15,2026-05-07,1022,19424,19423,1022,0,0,0,296,2023-02-03
920806.BJ,云星宇,L,2024-01-11,,15,only_invalid_before_list_date,2022-08-18,2024-01-11,2026-05-07,836,15890,10513,553,283,283,283,0,
920807.BJ,奔朗新材,L,2022-12-20,,15,valid_before_list_date,2021-11-15,2021-11-15,2026-05-07,1022,19424,19424,1022,0,0,0,268,2022-12-19
920808.BJ,曙光数创,L,2022-11-18,,15,valid_before_list_date,2021-11-15,2021-11-15,2026-05-07,1022,19424,19423,1022,0,0,0,246,2022-11-17
920809.BJ,安达科技,L,2023-03-23,,15,valid_before_list_date,2021-11-15,2021-11-15,2026-05-07,1022,19424,19423,1022,0,0,0,305,2023-02-16
920810.BJ,春光智能,L,2022-12-16,,15,valid_before_list_date,2021-11-15,2021-11-15,2026-05-07,1022,19424,19424,1022,0,0,0,266,2022-12-15
920833.BJ,美心翼申,L,2023-11-08,,15,valid_before_list_date,2022-06-30,2022-06-30,2026-05-07,871,16555,16542,871,0,0,0,273,2023-11-07
920834.BJ,三维装备,L,2022-08-22,,15,valid_before_list_date,2021-11-15,2021-11-15,2026-05-07,1022,19424,19424,1022,0,0,0,188,2022-08-19
920837.BJ,华原股份,L,2023-05-15,,15,valid_before_list_date,2021-11-15,2022-06-06,2026-05-07,1022,19424,16884,889,133,133,133,172,2023-02-16
920855.BJ,浙江大农,L,2022-12-29,,15,valid_before_list_date,2021-11-15,2021-11-15,2026-05-07,1022,19424,19423,1022,0,0,0,275,2022-12-28
920866.BJ,绿亨科技,L,2022-12-09,,15,valid_before_list_date,2021-11-15,2021-11-15,2026-05-07,1022,19424,19424,1022,0,0,0,261,2022-12-08
920871.BJ,派特尔,L,2022-07-22,,15,valid_before_list_date,2021-11-15,2021-11-15,2026-05-07,1022,19424,19423,1022,0,0,0,167,2022-07-21
920876.BJ,慧为智能,L,2022-11-09,,15,valid_before_list_date,2021-11-15,2021-11-15,2026-05-07,1022,19424,19424,1022,0,0,0,239,2022-11-08
920879.BJ,基康技术,L,2022-12-20,,15,valid_before_list_date,2021-11-15,2021-11-15,2026-05-07,1022,19424,19423,1022,0,0,0,268,2022-12-19
920895.BJ,花溪科技,L,2023-04-06,,15,valid_before_list_date,2021-11-15,2021-11-15,2026-05-07,1022,19424,19424,1022,0,0,0,305,2023-02-16
920896.BJ,旺成科技,L,2023-04-19,,15,valid_before_list_date,2021-11-15,2021-11-15,2026-05-07,1022,19424,19424,1022,0,0,0,305,2023-02-16
920906.BJ,舜宇精工,L,2023-02-22,,15,valid_before_list_date,2021-11-15,2021-11-15,2026-05-07,1022,19424,19424,1022,0,0,0,305,2023-02-16
920914.BJ,远航精密,L,2022-11-11,,15,valid_before_list_date,2021-11-15,2021-11-15,2026-05-07,1022,19424,19424,1022,0,0,0,241,2022-11-10
920926.BJ,鸿智科技,L,2023-08-08,,15,only_invalid_before_list_date,2021-11-15,2023-08-08,2026-05-07,1022,19424,12508,658,364,364,364,0,
920931.BJ,无锡鼎邦,L,2024-04-08,,15,valid_before_list_date,2021-11-15,2021-11-15,2026-05-07,1022,19424,19424,1022,0,0,0,523,2024-04-03
920942.BJ,恒立钻具,L,2022-12-08,,15,valid_before_list_date,2021-11-15,2021-11-15,2026-05-07,1022,19424,19424,1022,0,0,0,260,2022-12-07
920950.BJ,迅安科技,L,2023-01-11,,15,only_invalid_before_list_date,2021-11-15,2023-01-11,2026-05-07,1022,19424,14047,739,283,283,283,0,
920953.BJ,国子软件,L,2023-08-23,,15,only_invalid_before_list_date,2021-11-15,2023-08-23,2026-05-07,1022,19424,12299,647,375,375,375,0,
920957.BJ,汉维科技,L,2022-12-14,,15,valid_before_list_date,2021-11-15,2021-11-15,2026-05-07,1022,19424,19423,1022,0,0,0,264,2022-12-13
920971.BJ,天马新材,L,2022-09-27,,15,valid_before_list_date,2021-11-15,2021-11-15,2026-05-07,1022,19424,19423,1022,0,0,0,213,2022-09-26
920974.BJ,凯大催化,L,2023-03-08,,15,valid_before_list_date,2021-11-15,2021-11-15,2026-05-07,1022,19424,19424,1022,0,0,0,305,2023-02-16
920976.BJ,视声智能,L,2023-09-01,,15,valid_before_list_date,2021-11-15,2021-11-15,2026-05-07,1022,19424,19424,1022,0,0,0,382,2023-08-31
920978.BJ,开特股份,L,2023-09-28,,15,valid_before_list_date,2021-11-15,2021-11-15,2026-05-07,1022,19424,19424,1022,0,0,0,401,2023-09-27
920982.BJ,锦波生物,L,2023-07-20,,15,valid_before_list_date,2021-11-15,2021-11-15,2026-05-07,1022,19424,19424,1022,0,0,0,351,2023-07-19
920985.BJ,海泰新能,L,2022-08-08,,15,valid_before_list_date,2021-11-15,2021-11-15,2026-05-07,1022,19424,19423,1022,0,0,0,178,2022-08-05
920992.BJ,中科美菱,L,2022-10-18,,15,valid_before_list_date,2021-11-15,2021-11-15,2026-05-07,1022,19424,19423,1022,0,0,0,223,2022-10-17
002789.SZ,*ST建艺,L,2016-03-11,,30,no_prelist_issue_for_freq,2016-03-11,2016-03-11,2026-05-07,2465,22185,22185,2465,0,0,0,0,
002790.SZ,瑞尔特,L,2016-03-08,,30,no_prelist_issue_for_freq,2016-03-08,2016-03-08,2026-05-07,2468,22212,22212,2468,0,0,0,0,
002801.SZ,微光股份,L,2016-06-22,,30,no_prelist_issue_for_freq,2016-06-22,2016-06-22,2026-05-07,2396,21564,21564,2396,0,0,0,0,
002802.SZ,洪汇新材,L,2016-06-29,,30,no_prelist_issue_for_freq,2016-06-29,2016-06-29,2026-05-07,2391,21519,21519,2391,0,0,0,0,
002803.SZ,吉宏股份,L,2016-07-12,,30,no_prelist_issue_for_freq,2016-07-12,2016-07-12,2026-05-07,2381,21429,21429,2381,0,0,0,0,
002805.SZ,丰元股份,L,2016-07-07,,30,no_prelist_issue_for_freq,2016-07-07,2016-07-07,2026-05-07,2385,21465,21465,2385,0,0,0,0,
002806.SZ,华锋股份,L,2016-07-26,,30,no_prelist_issue_for_freq,2016-07-26,2016-07-26,2026-05-07,2372,21348,21348,2372,0,0,0,0,
002807.SZ,江阴银行,L,2016-09-02,,30,no_prelist_issue_for_freq,2016-09-02,2016-09-02,2026-05-07,2344,21096,21096,2344,0,0,0,0,
002808.SZ,*ST恒久,L,2016-08-12,,30,no_prelist_issue_for_freq,2016-08-12,2016-08-12,2026-05-07,2359,21231,21231,2359,0,0,0,0,
002809.SZ,红墙股份,L,2016-08-23,,30,no_prelist_issue_for_freq,2016-08-23,2016-08-23,2026-05-07,2352,21168,21168,2352,0,0,0,0,
002810.SZ,山东赫达,L,2016-08-26,,30,no_prelist_issue_for_freq,2016-08-26,2016-08-26,2026-05-07,2349,21141,21141,2349,0,0,0,0,
002811.SZ,郑中设计,L,2016-09-08,,30,no_prelist_issue_for_freq,2016-09-08,2016-09-08,2026-05-07,2340,21060,21060,2340,0,0,0,0,
002812.SZ,恩捷股份,L,2016-09-14,,30,no_prelist_issue_for_freq,2016-09-14,2016-09-14,2026-05-07,2335,21015,21015,2335,0,0,0,0,
002813.SZ,路畅科技,L,2016-10-12,,30,no_prelist_issue_for_freq,2016-10-12,2016-10-12,2026-05-07,2323,20907,20907,2323,0,0,0,0,
002815.SZ,崇达技术,L,2016-10-12,,30,no_prelist_issue_for_freq,2016-10-12,2016-10-12,2026-05-07,2323,20907,20907,2323,0,0,0,0,
002816.SZ,*ST和科,L,2016-10-25,,30,no_prelist_issue_for_freq,2016-10-25,2016-10-25,2026-05-07,2313,20817,20817,2313,0,0,0,0,
002817.SZ,黄山胶囊,L,2016-10-25,,30,no_prelist_issue_for_freq,2016-10-25,2016-10-25,2026-05-07,2314,20826,20826,2314,0,0,0,0,
300502.SZ,新易盛,L,2016-03-03,,30,no_prelist_issue_for_freq,2016-03-03,2016-03-03,2026-05-07,2471,22239,22239,2471,0,0,0,0,
300503.SZ,昊志机电,L,2016-03-09,,30,no_prelist_issue_for_freq,2016-03-09,2016-03-09,2026-05-07,2467,22203,22203,2467,0,0,0,0,
300505.SZ,川金诺,L,2016-03-15,,30,no_prelist_issue_for_freq,2016-03-15,2016-03-15,2026-05-07,2463,22167,22167,2463,0,0,0,0,
300517.SZ,海波重科,L,2016-07-19,,30,no_prelist_issue_for_freq,2016-07-19,2016-07-19,2026-05-07,2377,21393,21393,2377,0,0,0,0,
300518.SZ,新迅达,L,2016-06-24,,30,no_prelist_issue_for_freq,2016-06-24,2016-06-24,2026-05-07,2393,21537,21537,2393,0,0,0,0,
300519.SZ,新光药业,L,2016-06-24,,30,no_prelist_issue_for_freq,2016-06-24,2016-06-24,2026-05-07,2394,21546,21546,2394,0,0,0,0,
300520.SZ,科大国创,L,2016-07-08,,30,no_prelist_issue_for_freq,2016-07-08,2016-07-08,2026-05-07,2384,21456,21456,2384,0,0,0,0,
300521.SZ,爱司凯,L,2016-07-05,,30,no_prelist_issue_for_freq,2016-07-05,2016-07-05,2026-05-07,2387,21483,21483,2387,0,0,0,0,
300522.SZ,世名科技,L,2016-07-05,,30,no_prelist_issue_for_freq,2016-07-05,2016-07-05,2026-05-07,2387,21483,21483,2387,0,0,0,0,
300523.SZ,辰安科技,L,2016-07-26,,30,no_prelist_issue_for_freq,2016-07-26,2016-07-26,2026-05-07,2372,21348,21348,2372,0,0,0,0,
300525.SZ,博思软件,L,2016-07-26,,30,no_prelist_issue_for_freq,2016-07-26,2016-07-26,2026-05-07,2372,21348,21348,2372,0,0,0,0,
300526.SZ,中潜退(退),D,2016-08-02,2023-07-12,30,missing_freq,,,,0,,,0,0,0,0,0,
300527.SZ,ST应急,L,2016-08-05,,30,no_prelist_issue_for_freq,2016-08-05,2016-08-05,2026-05-07,2364,21276,21276,2364,0,0,0,0,
300528.SZ,幸福蓝海,L,2016-08-08,,30,no_prelist_issue_for_freq,2016-08-08,2016-08-08,2026-05-07,2363,21267,21267,2363,0,0,0,0,
300529.SZ,健帆生物,L,2016-08-02,,30,no_prelist_issue_for_freq,2016-08-02,2016-08-02,2026-05-07,2367,21303,21303,2367,0,0,0,0,
300530.SZ,领湃科技,L,2016-08-09,,30,no_prelist_issue_for_freq,2016-08-09,2016-08-09,2026-05-07,2362,21258,21258,2362,0,0,0,0,
300531.SZ,优博讯,L,2016-08-09,,30,no_prelist_issue_for_freq,2016-08-09,2016-08-09,2026-05-07,2362,21258,21258,2362,0,0,0,0,
300532.SZ,今天国际,L,2016-08-18,,30,no_prelist_issue_for_freq,2016-08-18,2016-08-18,2026-05-07,2355,21195,21195,2355,0,0,0,0,
300533.SZ,冰川网络,L,2016-08-18,,30,no_prelist_issue_for_freq,2016-08-18,2016-08-18,2026-05-07,2355,21195,21195,2355,0,0,0,0,
300534.SZ,陇神戎发,L,2016-09-13,,30,no_prelist_issue_for_freq,2016-09-13,2016-09-13,2026-05-07,2337,21033,21033,2337,0,0,0,0,
300535.SZ,达威股份,L,2016-08-12,,30,valid_before_list_date,2016-08-01,2016-08-01,2026-05-07,2360,21240,21240,2360,0,0,0,1,2016-08-01
300536.SZ,农尚环境,L,2016-09-20,,30,no_prelist_issue_for_freq,2016-09-20,2016-09-20,2026-05-07,2334,21006,21006,2334,0,0,0,0,
300537.SZ,广信材料,L,2016-08-30,,30,no_prelist_issue_for_freq,2016-08-30,2016-08-30,2026-05-07,2347,21123,21123,2347,0,0,0,0,
300538.SZ,同益股份,L,2016-08-26,,30,no_prelist_issue_for_freq,2016-08-26,2016-08-26,2026-05-07,2349,21141,21141,2349,0,0,0,0,
300539.SZ,横河精密,L,2016-08-30,,30,no_prelist_issue_for_freq,2016-08-30,2016-08-30,2026-05-07,2347,21123,21123,2347,0,0,0,0,
300540.SZ,蜀道装备,L,2016-08-23,,30,no_prelist_issue_for_freq,2016-08-23,2016-08-23,2026-05-07,2352,21168,21168,2352,0,0,0,0,
300541.SZ,先进数通,L,2016-09-13,,30,no_prelist_issue_for_freq,2016-09-13,2016-09-13,2026-05-07,2337,21033,21033,2337,0,0,0,0,
300542.SZ,新晨科技,L,2016-09-20,,30,no_prelist_issue_for_freq,2016-09-20,2016-09-20,2026-05-07,2334,21006,21006,2334,0,0,0,0,
300543.SZ,朗科智能,L,2016-09-08,,30,no_prelist_issue_for_freq,2016-09-08,2016-09-08,2026-05-07,2339,21051,21051,2339,0,0,0,0,
300545.SZ,联得装备,L,2016-09-28,,30,no_prelist_issue_for_freq,2016-09-28,2016-09-28,2026-05-07,2328,20952,20952,2328,0,0,0,0,
300546.SZ,雄帝科技,L,2016-09-28,,30,no_prelist_issue_for_freq,2016-09-28,2016-09-28,2026-05-07,2328,20952,20952,2328,0,0,0,0,
300547.SZ,川环科技,L,2016-09-30,,30,no_prelist_issue_for_freq,2016-09-30,2016-09-30,2026-05-07,2326,20934,20934,2326,0,0,0,0,
300548.SZ,长芯博创,L,2016-10-12,,30,no_prelist_issue_for_freq,2016-10-12,2016-10-12,2026-05-07,2323,20907,20907,2323,0,0,0,0,
300549.SZ,优德精密,L,2016-09-30,,30,no_prelist_issue_for_freq,2016-09-30,2016-09-30,2026-05-07,2326,20934,20934,2326,0,0,0,0,
300550.SZ,和仁科技,L,2016-10-18,,30,no_prelist_issue_for_freq,2016-10-18,2016-10-18,2026-05-07,2319,20871,20871,2319,0,0,0,0,
300551.SZ,古鳌科技,L,2016-10-18,,30,no_prelist_issue_for_freq,2016-10-18,2016-10-18,2026-05-07,2319,20871,20871,2319,0,0,0,0,
300552.SZ,万集科技,L,2016-10-21,,30,no_prelist_issue_for_freq,2016-10-21,2016-10-21,2026-05-07,2316,20844,20844,2316,0,0,0,0,
300553.SZ,集智股份,L,2016-10-21,,30,no_prelist_issue_for_freq,2016-10-21,2016-10-21,2026-05-07,2316,20844,20844,2316,0,0,0,0,
300555.SZ,ST路通,L,2016-10-18,,30,no_prelist_issue_for_freq,2016-10-18,2016-10-18,2026-05-07,2319,20871,20871,2319,0,0,0,0,
601717.SH,中创智领,L,2010-08-03,,30,no_prelist_issue_for_freq,2010-08-03,2010-08-03,2026-05-07,3822,34398,34398,3822,0,0,0,0,
920001.BJ,纬达光电,L,2022-12-27,,30,valid_before_list_date,2021-11-15,2022-01-07,2026-05-07,1019,9868,9485,981,38,38,38,235,2022-12-26
920002.BJ,万达轴承,L,2024-05-30,,30,only_invalid_before_list_date,2024-05-21,2024-05-30,2026-05-07,462,4758,4748,461,1,1,1,0,
920003.BJ,中诚咨询,L,2025-11-07,,30,only_invalid_before_list_date,2025-10-28,2025-11-07,2026-05-07,119,1072,1062,118,1,1,1,0,
920005.BJ,鼎佳精密,L,2025-07-31,,30,only_invalid_before_list_date,2025-07-22,2025-07-31,2026-05-07,181,1687,1677,180,1,1,1,0,
920006.BJ,晟楠科技,L,2023-05-18,,30,valid_before_list_date,2021-11-15,2021-11-15,2026-05-07,1019,9868,9868,1019,0,0,0,308,2023-05-17
920007.BJ,酉立智能,L,2025-08-08,,30,only_invalid_before_list_date,2025-07-29,2025-08-08,2026-05-07,176,1637,1627,175,1,1,1,0,
920008.BJ,成电光信,L,2024-08-29,,30,only_invalid_before_list_date,2024-08-20,2024-08-29,2026-05-07,398,4118,4108,397,1,1,1,0,
920009.BJ,丹娜生物,L,2025-11-03,,30,only_invalid_before_list_date,2025-10-22,2025-11-03,2026-05-07,123,1108,1098,122,1,1,1,0,
920014.BJ,特瑞斯,L,2022-12-13,,30,valid_before_list_date,2021-11-15,2021-11-15,2026-05-07,1019,9868,9867,1019,0,0,0,263,2022-12-12
920015.BJ,锦华新材,L,2025-09-25,,30,only_invalid_before_list_date,2025-09-16,2025-09-25,2026-05-07,143,1307,1297,142,1,1,1,0,
920016.BJ,中草香料,L,2024-09-13,,30,only_invalid_before_list_date,2024-09-03,2024-09-13,2026-05-07,387,4008,3998,386,1,1,1,0,
920017.BJ,星昊医药,L,2023-05-31,,30,valid_before_list_date,2021-11-15,2021-11-15,2026-05-07,1019,9868,9867,1019,0,0,0,317,2023-05-30
920018.BJ,宏远股份,L,2025-08-20,,30,only_invalid_before_list_date,2025-08-11,2025-08-20,2026-05-07,168,1557,1547,167,1,1,1,0,
920019.BJ,铜冠矿建,L,2024-10-11,,30,only_invalid_before_list_date,2024-09-18,2024-10-11,2026-05-07,374,3878,3868,373,1,1,1,0,
920020.BJ,泰凯英,L,2025-10-28,,30,only_invalid_before_list_date,2025-10-15,2025-10-28,2026-05-07,127,1147,1137,126,1,1,1,0,
920022.BJ,世昌股份,L,2025-09-19,,30,only_invalid_before_list_date,2025-09-09,2025-09-19,2026-05-07,147,1347,1337,146,1,1,1,0,
920023.BJ,田野股份,L,2023-02-02,,30,valid_before_list_date,2021-11-15,2021-11-15,2026-05-07,1019,9868,9868,1019,0,0,0,294,2023-02-01
920026.BJ,卓兆点胶,L,2023-10-19,,30,only_invalid_before_list_date,2022-06-24,2023-10-19,2026-05-07,872,8398,6228,609,263,263,263,0,
920027.BJ,交大铁发,L,2025-06-10,,30,only_invalid_before_list_date,2025-05-27,2025-06-10,2026-05-07,215,2027,2017,214,1,1,1,0,
920029.BJ,开发科技,L,2025-03-28,,30,only_invalid_before_list_date,2025-03-18,2025-03-28,2026-05-07,262,2497,2487,261,1,1,1,0,
920033.BJ,康普化学,L,2022-12-21,,30,valid_before_list_date,2021-11-15,2021-11-15,2026-05-07,1019,9868,9868,1019,0,0,0,269,2022-12-20
920037.BJ,广信科技,L,2025-06-26,,30,only_invalid_before_list_date,2025-06-17,2025-06-26,2026-05-07,203,1907,1897,202,1,1,1,0,
920046.BJ,亿能电力,L,2022-10-13,,30,valid_before_list_date,2021-11-15,2021-11-15,2026-05-07,1019,9868,9868,1019,0,0,0,220,2022-10-12
920056.BJ,能之光,L,2025-08-22,,30,only_invalid_before_list_date,2025-08-13,2025-08-22,2026-05-07,166,1537,1527,165,1,1,1,0,
920057.BJ,百甲科技,L,2023-03-14,,30,valid_before_list_date,2021-11-15,2021-11-15,2026-05-07,1019,9868,9867,1019,0,0,0,305,2023-02-16
920058.BJ,华洋赛车,L,2023-08-10,,30,valid_before_list_date,2021-11-15,2021-11-15,2026-05-07,1019,9868,9868,1019,0,0,0,366,2023-08-09
920060.BJ,万源通,L,2024-11-19,,30,only_invalid_before_list_date,2024-11-08,2024-11-19,2026-05-07,347,3347,3337,346,1,1,1,0,
920061.BJ,西磁科技,L,2023-12-21,,30,valid_before_list_date,2021-11-15,2021-11-15,2026-05-07,1019,9868,9868,1019,0,0,0,455,2023-12-20
920066.BJ,科拜尔,L,2024-10-31,,30,only_invalid_before_list_date,2024-10-22,2024-10-31,2026-05-07,360,3477,3467,359,1,1,1,0,
920068.BJ,XD天工股,L,2025-05-13,,30,only_invalid_before_list_date,2025-04-28,2025-05-13,2026-05-07,234,2217,2207,233,1,1,1,0,
920075.BJ,柏星龙,L,2022-12-14,,30,valid_before_list_date,2021-11-15,2021-11-15,2026-05-07,1019,9868,9867,1019,0,0,0,264,2022-12-13
920080.BJ,奥美森,L,2025-10-10,,30,only_invalid_before_list_date,2025-09-22,2025-10-10,2026-05-07,139,1267,1257,138,1,1,1,0,
920082.BJ,方正阀门,L,2024-12-26,,30,only_invalid_before_list_date,2024-12-17,2024-12-26,2026-05-07,321,3087,3077,320,1,1,1,0,
920087.BJ,秋乐种业,L,2022-12-07,,30,valid_before_list_date,2021-11-15,2021-11-15,2026-05-07,1019,9868,9868,1019,0,0,0,259,2022-12-06
920088.BJ,科力股份,L,2024-10-29,,30,only_invalid_before_list_date,2024-10-18,2024-10-29,2026-05-07,362,3758,3748,361,1,1,1,0,
920098.BJ,科隆新材,L,2024-12-05,,30,only_invalid_before_list_date,2024-11-26,2024-12-05,2026-05-07,336,3237,3227,335,1,1,1,0,
920099.BJ,瑞华技术,L,2024-09-25,,30,only_invalid_before_list_date,2024-09-10,2024-09-25,2026-05-07,381,3948,3938,380,1,1,1,0,
920100.BJ,三协电机,L,2025-09-08,,30,only_invalid_before_list_date,2025-08-26,2025-09-08,2026-05-07,156,1437,1427,155,1,1,1,0,
920101.BJ,志高机械,L,2025-08-14,,30,only_invalid_before_list_date,2025-08-05,2025-08-14,2026-05-07,172,1597,1587,171,1,1,1,0,
920106.BJ,林泰新材,L,2024-12-18,,30,only_invalid_before_list_date,2024-12-10,2024-12-18,2026-05-07,327,3147,3137,326,1,1,1,0,
920108.BJ,宏海科技,L,2025-02-06,,30,only_invalid_before_list_date,2025-01-17,2025-02-06,2026-05-07,298,2857,2847,297,1,1,1,0,
920110.BJ,雷特科技,L,2022-12-06,,30,valid_before_list_date,2021-11-15,2021-11-15,2026-05-07,1019,9868,9868,1019,0,0,0,258,2022-12-05
920111.BJ,聚星科技,L,2024-11-11,,30,only_invalid_before_list_date,2024-10-29,2024-11-11,2026-05-07,353,3407,3397,352,1,1,1,0,
920112.BJ,巴兰仕,L,2025-08-28,,30,only_invalid_before_list_date,2025-08-19,2025-08-28,2026-05-07,162,1497,1487,161,1,1,1,0,
920116.BJ,星图测控,L,2025-01-02,,30,only_invalid_before_list_date,2024-12-24,2025-01-02,2026-05-07,317,3047,3037,316,1,1,1,0,
920118.BJ,太湖远大,L,2024-08-22,,30,only_invalid_before_list_date,2024-08-13,2024-08-22,2026-05-07,403,4168,4158,402,1,1,1,0,
920122.BJ,中纺标,L,2022-09-27,,30,valid_before_list_date,2021-11-15,2021-11-15,2026-05-07,1019,9868,9868,1019,0,0,0,213,2022-09-26
920123.BJ,芭薇股份,L,2024-03-29,,30,valid_before_list_date,2021-11-15,2021-11-15,2026-05-07,1019,9868,9868,1019,0,0,0,519,2024-03-28
920128.BJ,胜业电气,L,2024-11-29,,30,only_invalid_before_list_date,2024-11-18,2024-11-29,2026-05-07,340,3277,3267,339,1,1,1,0,
920130.BJ,立方控股,L,2023-11-02,,30,valid_before_list_date,2021-11-15,2021-11-15,2026-05-07,1019,9868,9868,1019,0,0,0,420,2023-11-01
920132.BJ,泰鹏智能,L,2023-11-16,,30,valid_before_list_date,2021-11-15,2021-12-15,2026-05-07,1019,9868,9642,997,22,22,22,408,2023-11-15
920139.BJ,华岭股份,L,2022-10-28,,30,valid_before_list_date,2021-11-15,2021-11-15,2026-05-07,1019,9868,9867,1019,0,0,0,231,2022-10-27
920152.BJ,昆工科技,L,2022-09-01,,30,valid_before_list_date,2021-11-15,2021-11-15,2026-05-07,1019,9868,9868,1019,0,0,0,196,2022-08-31
920158.BJ,长江能科,L,2025-10-16,,30,only_invalid_before_list_date,2025-09-24,2025-10-16,2026-05-07,135,1227,1217,134,1,1,1,0,
920175.BJ,东方碳素,L,2023-06-30,,30,valid_before_list_date,2021-11-15,2021-11-15,2026-05-07,1019,9868,9867,1019,0,0,0,337,2023-06-29
920190.BJ,雷神科技,L,2022-12-23,,30,valid_before_list_date,2021-11-15,2021-11-15,2026-05-07,1019,9868,9867,1019,0,0,0,271,2022-12-22
920195.BJ,三祥科技,L,2022-12-30,,30,valid_before_list_date,2021-11-15,2021-11-15,2026-05-07,1019,9868,9868,1019,0,0,0,276,2022-12-29
920199.BJ,倍益康,L,2022-12-01,,30,valid_before_list_date,2021-11-15,2021-11-15,2026-05-07,1019,9868,9868,1019,0,0,0,255,2022-11-30
920207.BJ,众诚科技,L,2022-09-23,,30,valid_before_list_date,2021-11-15,2021-11-15,2026-05-07,1019,9868,9868,1019,0,0,0,211,2022-09-22
920208.BJ,青矩技术,L,2023-06-29,,30,valid_before_list_date,2021-11-15,2021-11-15,2026-05-07,1019,9868,9868,1019,0,0,0,336,2023-06-28
920221.BJ,易实精密,L,2023-06-08,,30,valid_before_list_date,2021-11-15,2021-11-15,2026-05-07,1019,9868,9868,1019,0,0,0,323,2023-06-07
920227.BJ,美登科技,L,2022-12-28,,30,valid_before_list_date,2021-11-15,2021-11-15,2026-05-07,1019,9868,9868,1019,0,0,0,274,2022-12-27
920230.BJ,欧康医药,L,2022-12-09,,30,valid_before_list_date,2021-11-15,2021-11-15,2026-05-07,1019,9868,9868,1019,0,0,0,261,2022-12-08
920237.BJ,力佳科技,L,2022-11-25,,30,valid_before_list_date,2021-11-15,2021-11-15,2026-05-07,1019,9868,9868,1019,0,0,0,251,2022-11-24
920247.BJ,华密新材,L,2022-12-23,,30,valid_before_list_date,2021-11-15,2021-11-15,2026-05-07,1019,9868,9868,1019,0,0,0,271,2022-12-22
920249.BJ,利尔达,L,2023-02-17,,30,valid_before_list_date,2021-11-15,2021-11-15,2026-05-07,1019,9868,9868,1019,0,0,0,305,2023-02-16
920252.BJ,天宏锂电,L,2023-01-19,,30,valid_before_list_date,2021-11-15,2021-11-15,2026-05-07,1019,9868,9868,1019,0,0,0,289,2023-01-18
920261.BJ,一诺威,L,2023-04-03,,30,valid_before_list_date,2021-11-15,2021-11-15,2026-05-07,1019,9868,9868,1019,0,0,0,305,2023-02-16
920262.BJ,太湖雪,L,2022-12-30,,30,valid_before_list_date,2021-11-15,2021-11-15,2026-05-07,1019,9868,9868,1019,0,0,0,276,2022-12-29
920270.BJ,天铭科技,L,2022-09-02,,30,valid_before_list_date,2021-11-15,2021-11-15,2026-05-07,1019,9868,9868,1019,0,0,0,197,2022-09-01
920273.BJ,一致魔芋,L,2023-02-21,,30,valid_before_list_date,2021-11-15,2021-11-15,2026-05-07,1019,9868,9868,1019,0,0,0,305,2023-02-16
920274.BJ,宏裕包材,L,2023-08-18,,30,valid_before_list_date,2021-11-15,2021-11-15,2026-05-07,1019,9868,9868,1019,0,0,0,372,2023-08-17
920284.BJ,灵鸽科技,L,2023-12-19,,30,valid_before_list_date,2021-11-15,2021-11-15,2026-05-07,1019,9868,9868,1019,0,0,0,453,2023-12-18
920300.BJ,辰光医疗,L,2022-12-07,,30,valid_before_list_date,2021-11-15,2021-11-15,2026-05-07,1019,9868,9868,1019,0,0,0,259,2022-12-06
920304.BJ,迪尔化工,L,2023-04-18,,30,valid_before_list_date,2021-11-15,2021-11-15,2026-05-07,1019,9868,9868,1019,0,0,0,305,2023-02-16
920339.BJ,恒太照明,L,2022-11-17,,30,valid_before_list_date,2021-11-15,2021-11-15,2026-05-07,1019,9868,9868,1019,0,0,0,245,2022-11-16
920351.BJ,华光源海,L,2022-12-29,,30,valid_before_list_date,2021-11-15,2021-11-15,2026-05-07,1019,9868,9867,1019,0,0,0,275,2022-12-28
920357.BJ,雅葆轩,L,2022-11-18,,30,valid_before_list_date,2021-11-15,2021-12-22,2026-05-07,1019,9868,9596,992,27,27,27,219,2022-11-17
920363.BJ,莱赛激光,L,2023-12-28,,30,only_invalid_before_list_date,2021-11-15,2023-12-28,2026-05-07,1019,9868,5728,559,460,460,460,0,
920367.BJ,新赣江,L,2023-02-09,,30,valid_before_list_date,2021-11-15,2021-11-15,2026-05-07,1019,9868,9867,1019,0,0,0,299,2023-02-08
920371.BJ,欧福蛋业,L,2023-01-18,,30,valid_before_list_date,2021-11-15,2022-03-29,2026-05-07,1019,9868,8959,929,90,90,90,198,2023-01-17
920374.BJ,云里物里,L,2022-11-29,,30,valid_before_list_date,2021-11-15,2021-11-15,2026-05-07,1019,9868,9868,1019,0,0,0,253,2022-11-28
920375.BJ,派诺科技,L,2023-12-14,,30,valid_before_list_date,2021-11-15,2021-11-15,2026-05-07,1019,9868,9868,1019,0,0,0,450,2023-12-13
920392.BJ,佳合科技,L,2022-12-30,,30,valid_before_list_date,2021-11-15,2021-11-15,2026-05-07,1019,9868,9868,1019,0,0,0,276,2022-12-29
920394.BJ,民士达,L,2023-04-25,,30,valid_before_list_date,2021-11-15,2021-11-15,2026-05-07,1019,9868,9868,1019,0,0,0,305,2023-02-16
920395.BJ,朗鸿科技,L,2022-09-01,,30,valid_before_list_date,2021-11-15,2021-11-15,2026-05-07,1019,9868,9867,1019,0,0,0,196,2022-08-31
920402.BJ,硅烷科技,L,2022-09-28,,30,valid_before_list_date,2021-11-15,2021-11-15,2026-05-07,1019,9868,9867,1019,0,0,0,214,2022-09-27
920403.BJ,康农种业,L,2024-01-18,,30,valid_before_list_date,2021-11-15,2021-11-15,2026-05-07,1019,9868,9868,1019,0,0,0,474,2024-01-17
920407.BJ,驰诚股份,L,2023-02-16,,30,valid_before_list_date,2021-11-15,2021-11-15,2026-05-07,1019,9868,9868,1019,0,0,0,304,2023-02-15
920414.BJ,欧普泰,L,2022-12-12,,30,valid_before_list_date,2021-11-15,2021-11-15,2026-05-07,1019,9868,9868,1019,0,0,0,262,2022-12-09
920422.BJ,润普食品,L,2023-03-01,,30,valid_before_list_date,2021-11-15,2021-11-15,2026-05-07,1019,9868,9867,1019,0,0,0,305,2023-02-16
920425.BJ,乐创技术,L,2023-01-30,,30,valid_before_list_date,2021-11-15,2021-11-15,2026-05-07,1019,9868,9868,1019,0,0,0,291,2023-01-20
920429.BJ,康比特,L,2022-12-15,,30,valid_before_list_date,2021-11-15,2021-11-15,2026-05-07,1019,9868,9867,1019,0,0,0,265,2022-12-14
920438.BJ,戈碧迦,L,2024-03-25,,30,valid_before_list_date,2021-11-15,2021-11-15,2026-05-07,1019,9868,9868,1019,0,0,0,515,2024-03-22
920455.BJ,汇隆活塞,L,2023-06-21,,30,valid_before_list_date,2021-11-15,2021-11-15,2026-05-07,1019,9868,9868,1019,0,0,0,332,2023-06-20
920469.BJ,富恒新材,L,2023-09-18,,30,valid_before_list_date,2021-11-15,2021-11-15,2026-05-07,1019,9868,9868,1019,0,0,0,393,2023-09-15
920471.BJ,美邦科技,L,2023-05-25,,30,valid_before_list_date,2021-11-15,2021-11-15,2026-05-07,1019,9868,9868,1019,0,0,0,313,2023-05-24
920476.BJ,海能技术,L,2022-10-14,,30,valid_before_list_date,2021-11-15,2021-11-15,2026-05-07,1019,9868,9868,1019,0,0,0,221,2022-10-13
920478.BJ,峆一药业,L,2023-02-23,,30,valid_before_list_date,2021-11-15,2021-11-15,2026-05-07,1019,9868,9868,1019,0,0,0,305,2023-02-16
920493.BJ,并行科技,L,2023-11-01,,30,valid_before_list_date,2021-11-15,2021-11-15,2026-05-07,1019,9868,9868,1019,0,0,0,419,2023-10-31
920496.BJ,许昌智能,L,2024-01-26,,30,valid_before_list_date,2021-11-15,2021-11-15,2026-05-07,1019,9868,9868,1019,0,0,0,480,2024-01-25
920504.BJ,博迅生物,L,2023-08-17,,30,valid_before_list_date,2021-11-15,2021-11-15,2026-05-07,1019,9868,9868,1019,0,0,0,371,2023-08-16
920505.BJ,九菱科技,L,2022-12-21,,30,valid_before_list_date,2021-11-15,2021-11-15,2026-05-07,1019,9868,9868,1019,0,0,0,269,2022-12-20
920519.BJ,万德股份,L,2023-09-15,,30,valid_before_list_date,2021-11-15,2021-11-15,2026-05-07,1019,9868,9868,1019,0,0,0,392,2023-09-14
920522.BJ,纳科诺尔,L,2023-11-16,,30,valid_before_list_date,2021-11-15,2021-11-15,2026-05-07,1019,9868,9868,1019,0,0,0,430,2023-11-15
920526.BJ,凯华材料,L,2022-12-22,,30,valid_before_list_date,2021-11-15,2021-11-15,2026-05-07,1019,9868,9867,1019,0,0,0,270,2022-12-21
920527.BJ,夜光明,L,2022-10-27,,30,valid_before_list_date,2021-11-15,2021-11-15,2026-05-07,1019,9868,9868,1019,0,0,0,230,2022-10-26
920541.BJ,铁大科技,L,2023-03-10,,30,valid_before_list_date,2021-11-15,2021-11-15,2026-05-07,1019,9868,9868,1019,0,0,0,305,2023-02-16
920547.BJ,无锡晶海,L,2023-12-12,,30,valid_before_list_date,2021-11-15,2022-08-24,2026-05-07,1019,9868,8078,829,190,190,190,258,2023-12-11
920556.BJ,雅达股份,L,2023-03-17,,30,valid_before_list_date,2021-11-15,2021-11-15,2026-05-07,1019,9868,9867,1019,0,0,0,305,2023-02-16
920570.BJ,坤博精工,L,2023-11-23,,30,valid_before_list_date,2021-11-15,2022-09-13,2026-05-07,1019,9868,7998,816,203,203,203,232,2023-11-22
920571.BJ,国航远洋,L,2022-12-15,,30,valid_before_list_date,2021-11-15,2021-11-15,2026-05-07,1019,9868,9867,1019,0,0,0,265,2022-12-14
920575.BJ,康乐卫士,L,2023-03-15,,30,valid_before_list_date,2021-11-15,2021-11-15,2026-05-07,1019,9868,9867,1019,0,0,0,305,2023-02-16
920576.BJ,天力复合,L,2023-07-12,,30,valid_before_list_date,2021-11-15,2021-11-15,2026-05-07,1019,9868,9868,1019,0,0,0,345,2023-07-11
920578.BJ,巨能股份,L,2023-05-12,,30,valid_before_list_date,2021-11-15,2021-11-15,2026-05-07,1019,9868,9868,1019,0,0,0,305,2023-02-16
920579.BJ,机科股份,L,2023-11-30,,30,valid_before_list_date,2021-11-15,2021-11-15,2026-05-07,1019,9868,9868,1019,0,0,0,440,2023-11-29
920592.BJ,华信永道,L,2023-07-10,,30,valid_before_list_date,2021-11-15,2021-11-15,2026-05-07,1019,9868,9868,1019,0,0,0,343,2023-07-07
920593.BJ,鼎智科技,L,2023-04-13,,30,valid_before_list_date,2021-11-15,2022-02-18,2026-05-07,1019,9868,9229,956,63,63,63,242,2023-02-16
920608.BJ,丰安股份,L,2022-12-16,,30,valid_before_list_date,2021-11-15,2021-11-15,2026-05-07,1019,9868,9868,1019,0,0,0,266,2022-12-15
920627.BJ,力王股份,L,2023-09-07,,30,valid_before_list_date,2021-11-15,2021-11-15,2026-05-07,1019,9868,9868,1019,0,0,0,386,2023-09-06
920634.BJ,新威凌,L,2022-11-24,,30,valid_before_list_date,2021-11-15,2021-11-15,2026-05-07,1019,9868,9868,1019,0,0,0,250,2022-11-23
920641.BJ,格利尔,L,2022-12-02,,30,valid_before_list_date,2021-11-15,2021-11-15,2026-05-07,1019,9868,9868,1019,0,0,0,256,2022-12-01
920651.BJ,天罡股份,L,2023-06-27,,30,valid_before_list_date,2021-11-15,2021-11-15,2026-05-07,1019,9868,9868,1019,0,0,0,334,2023-06-26
920656.BJ,海昇药业,L,2024-02-02,,30,valid_before_list_date,2021-11-15,2021-11-15,2026-05-07,1019,9868,9868,1019,0,0,0,485,2024-02-01
920662.BJ,方盛股份,L,2022-11-28,,30,valid_before_list_date,2021-11-15,2021-11-15,2026-05-07,1019,9868,9868,1019,0,0,0,252,2022-11-25
920663.BJ,明阳科技,L,2023-03-15,,30,valid_before_list_date,2021-11-15,2021-11-15,2026-05-07,1019,9868,9868,1019,0,0,0,305,2023-02-16
920665.BJ,科强股份,L,2023-09-26,,30,valid_before_list_date,2022-02-21,2022-02-21,2026-05-07,955,9228,9220,955,0,0,0,335,2023-09-25
920679.BJ,前进科技,L,2023-11-10,,30,only_invalid_before_list_date,2022-03-25,2023-11-10,2026-05-07,931,8988,6068,593,338,338,338,0,
920685.BJ,新芝生物,L,2022-10-10,,30,valid_before_list_date,2021-11-15,2021-11-15,2026-05-07,1019,9868,9868,1019,0,0,0,217,2022-09-30
920690.BJ,捷众科技,L,2024-01-05,,30,valid_before_list_date,2022-05-27,2022-05-27,2026-05-07,891,8588,8585,891,0,0,0,337,2024-01-04
920693.BJ,阿为特,L,2023-10-27,,30,only_invalid_before_list_date,2022-06-16,2023-10-27,2026-05-07,878,8458,6168,603,275,275,275,0,
920694.BJ,中裕科技,L,2023-04-24,,30,valid_before_list_date,2021-11-15,2021-11-15,2026-05-07,1019,9868,9868,1019,0,0,0,305,2023-02-16
920699.BJ,海达尔,L,2023-05-09,,30,only_invalid_before_list_date,2021-11-15,2023-05-15,2026-05-07,1019,9868,7278,714,305,305,305,0,
920701.BJ,豪声电子,L,2023-07-19,,30,valid_before_list_date,2021-11-15,2021-11-15,2026-05-07,1019,9868,9868,1019,0,0,0,350,2023-07-18
920703.BJ,广厦环能,L,2023-12-05,,30,only_invalid_before_list_date,2022-05-11,2023-12-05,2026-05-07,903,8708,5898,576,327,327,327,0,
920706.BJ,铁拓机械,L,2024-03-08,,30,valid_before_list_date,2022-05-26,2022-05-27,2026-05-07,892,8598,8581,891,1,1,1,376,2024-03-07
920717.BJ,瑞星股份,L,2023-07-03,,30,valid_before_list_date,2021-11-15,2021-11-15,2026-05-07,1019,9868,9867,1019,0,0,0,338,2023-06-30
920718.BJ,合肥高科,L,2022-12-22,,30,valid_before_list_date,2021-11-15,2021-11-15,2026-05-07,1019,9868,9868,1019,0,0,0,270,2022-12-21
920719.BJ,宁新新材,L,2023-05-26,,30,valid_before_list_date,2021-11-15,2021-11-15,2026-05-07,1019,9868,9868,1019,0,0,0,314,2023-05-25
920725.BJ,惠丰钻石,L,2022-07-18,,30,valid_before_list_date,2021-11-15,2021-11-15,2026-05-07,1019,9868,9867,1019,0,0,0,163,2022-07-15
920748.BJ,路桥信息,L,2023-08-16,,30,valid_before_list_date,2021-11-15,2021-11-15,2026-05-07,1019,9868,9868,1019,0,0,0,370,2023-08-15
920751.BJ,惠同新材,L,2023-07-17,,30,valid_before_list_date,2021-11-15,2021-11-15,2026-05-07,1019,9868,9868,1019,0,0,0,348,2023-07-14
920753.BJ,天纺标,L,2022-10-31,,30,valid_before_list_date,2021-11-15,2021-11-15,2026-05-07,1019,9868,9868,1019,0,0,0,232,2022-10-28
920770.BJ,艾能聚,L,2023-02-28,,30,valid_before_list_date,2021-11-15,2021-11-15,2026-05-07,1019,9868,9868,1019,0,0,0,305,2023-02-16
920779.BJ,武汉蓝电,L,2023-06-01,,30,valid_before_list_date,2021-11-15,2021-11-15,2026-05-07,1019,9868,9868,1019,0,0,0,318,2023-05-31
920781.BJ,瑞奇智造,L,2022-12-26,,30,valid_before_list_date,2021-11-15,2021-11-15,2026-05-07,1019,9868,9867,1019,0,0,0,272,2022-12-23
920786.BJ,骑士乳业,L,2023-10-13,,30,valid_before_list_date,2021-11-15,2021-11-15,2026-05-07,1019,9868,9868,1019,0,0,0,406,2023-10-12
920790.BJ,联迪信息,L,2022-09-02,,30,valid_before_list_date,2021-11-15,2021-11-15,2026-05-07,1019,9868,9868,1019,0,0,0,197,2022-09-01
920792.BJ,东和新材,L,2023-03-30,,30,valid_before_list_date,2021-11-15,2021-11-15,2026-05-07,1019,9868,9868,1019,0,0,0,305,2023-02-16
920802.BJ,保丽洁,L,2023-02-06,,30,valid_before_list_date,2021-11-15,2021-11-15,2026-05-07,1019,9868,9867,1019,0,0,0,296,2023-02-03
920806.BJ,云星宇,L,2024-01-11,,30,only_invalid_before_list_date,2022-08-18,2024-01-11,2026-05-07,833,8104,5638,550,283,283,283,0,
920807.BJ,奔朗新材,L,2022-12-20,,30,valid_before_list_date,2021-11-15,2021-11-15,2026-05-07,1019,9868,9868,1019,0,0,0,268,2022-12-19
920808.BJ,曙光数创,L,2022-11-18,,30,valid_before_list_date,2021-11-15,2021-11-15,2026-05-07,1019,9868,9867,1019,0,0,0,246,2022-11-17
920809.BJ,安达科技,L,2023-03-23,,30,valid_before_list_date,2021-11-15,2021-11-15,2026-05-07,1019,9868,9867,1019,0,0,0,305,2023-02-16
920810.BJ,春光智能,L,2022-12-16,,30,valid_before_list_date,2021-11-15,2021-11-15,2026-05-07,1019,9868,9868,1019,0,0,0,266,2022-12-15
920833.BJ,美心翼申,L,2023-11-08,,30,valid_before_list_date,2022-06-30,2022-06-30,2026-05-07,868,8358,8351,868,0,0,0,273,2023-11-07
920834.BJ,三维装备,L,2022-08-22,,30,valid_before_list_date,2021-11-15,2021-11-15,2026-05-07,1019,9868,9868,1019,0,0,0,188,2022-08-19
920837.BJ,华原股份,L,2023-05-15,,30,valid_before_list_date,2021-11-15,2022-06-06,2026-05-07,1019,9868,8531,886,133,133,133,172,2023-02-16
920855.BJ,浙江大农,L,2022-12-29,,30,valid_before_list_date,2021-11-15,2021-11-15,2026-05-07,1019,9868,9867,1019,0,0,0,275,2022-12-28
920866.BJ,绿亨科技,L,2022-12-09,,30,valid_before_list_date,2021-11-15,2021-11-15,2026-05-07,1019,9868,9868,1019,0,0,0,261,2022-12-08
920871.BJ,派特尔,L,2022-07-22,,30,valid_before_list_date,2021-11-15,2021-11-15,2026-05-07,1019,9868,9867,1019,0,0,0,167,2022-07-21
920876.BJ,慧为智能,L,2022-11-09,,30,valid_before_list_date,2021-11-15,2021-11-15,2026-05-07,1019,9868,9868,1019,0,0,0,239,2022-11-08
920879.BJ,基康技术,L,2022-12-20,,30,valid_before_list_date,2021-11-15,2021-11-15,2026-05-07,1019,9868,9867,1019,0,0,0,268,2022-12-19
920895.BJ,花溪科技,L,2023-04-06,,30,valid_before_list_date,2021-11-15,2021-11-15,2026-05-07,1019,9868,9868,1019,0,0,0,305,2023-02-16
920896.BJ,旺成科技,L,2023-04-19,,30,valid_before_list_date,2021-11-15,2021-11-15,2026-05-07,1019,9868,9868,1019,0,0,0,305,2023-02-16
920906.BJ,舜宇精工,L,2023-02-22,,30,valid_before_list_date,2021-11-15,2021-11-15,2026-05-07,1019,9868,9868,1019,0,0,0,305,2023-02-16
920914.BJ,远航精密,L,2022-11-11,,30,valid_before_list_date,2021-11-15,2021-11-15,2026-05-07,1019,9868,9868,1019,0,0,0,241,2022-11-10
920926.BJ,鸿智科技,L,2023-08-08,,30,only_invalid_before_list_date,2021-11-15,2023-08-08,2026-05-07,1019,9868,6688,655,364,364,364,0,
920931.BJ,无锡鼎邦,L,2024-04-08,,30,valid_before_list_date,2021-11-15,2021-11-15,2026-05-07,1019,9868,9868,1019,0,0,0,523,2024-04-03
920942.BJ,恒立钻具,L,2022-12-08,,30,valid_before_list_date,2021-11-15,2021-11-15,2026-05-07,1019,9868,9868,1019,0,0,0,260,2022-12-07
920950.BJ,迅安科技,L,2023-01-11,,30,only_invalid_before_list_date,2021-11-15,2023-01-11,2026-05-07,1019,9868,7498,736,283,283,283,0,
920953.BJ,国子软件,L,2023-08-23,,30,only_invalid_before_list_date,2021-11-15,2023-08-23,2026-05-07,1019,9868,6578,644,375,375,375,0,
920957.BJ,汉维科技,L,2022-12-14,,30,valid_before_list_date,2021-11-15,2021-11-15,2026-05-07,1019,9868,9867,1019,0,0,0,264,2022-12-13
920971.BJ,天马新材,L,2022-09-27,,30,valid_before_list_date,2021-11-15,2021-11-15,2026-05-07,1019,9868,9867,1019,0,0,0,213,2022-09-26
920974.BJ,凯大催化,L,2023-03-08,,30,valid_before_list_date,2021-11-15,2021-11-15,2026-05-07,1019,9868,9868,1019,0,0,0,305,2023-02-16
920976.BJ,视声智能,L,2023-09-01,,30,valid_before_list_date,2021-11-15,2021-11-15,2026-05-07,1019,9868,9868,1019,0,0,0,382,2023-08-31
920978.BJ,开特股份,L,2023-09-28,,30,valid_before_list_date,2021-11-15,2021-11-15,2026-05-07,1019,9868,9868,1019,0,0,0,401,2023-09-27
920982.BJ,锦波生物,L,2023-07-20,,30,valid_before_list_date,2021-11-15,2021-11-15,2026-05-07,1019,9868,9868,1019,0,0,0,351,2023-07-19
920985.BJ,海泰新能,L,2022-08-08,,30,valid_before_list_date,2021-11-15,2021-11-15,2026-05-07,1019,9868,9867,1019,0,0,0,178,2022-08-05
920992.BJ,中科美菱,L,2022-10-18,,30,valid_before_list_date,2021-11-15,2021-11-15,2026-05-07,1019,9868,9867,1019,0,0,0,223,2022-10-17
002789.SZ,*ST建艺,L,2016-03-11,,60,no_prelist_issue_for_freq,2016-03-11,2016-03-11,2026-05-07,2465,12325,12325,2465,0,0,0,0,
002790.SZ,瑞尔特,L,2016-03-08,,60,no_prelist_issue_for_freq,2016-03-08,2016-03-08,2026-05-07,2468,12340,12340,2468,0,0,0,0,
002801.SZ,微光股份,L,2016-06-22,,60,no_prelist_issue_for_freq,2016-06-22,2016-06-22,2026-05-07,2396,11980,11980,2396,0,0,0,0,
002802.SZ,洪汇新材,L,2016-06-29,,60,no_prelist_issue_for_freq,2016-06-29,2016-06-29,2026-05-07,2391,11955,11955,2391,0,0,0,0,
002803.SZ,吉宏股份,L,2016-07-12,,60,no_prelist_issue_for_freq,2016-07-12,2016-07-12,2026-05-07,2381,11905,11905,2381,0,0,0,0,
002805.SZ,丰元股份,L,2016-07-07,,60,no_prelist_issue_for_freq,2016-07-07,2016-07-07,2026-05-07,2385,11925,11925,2385,0,0,0,0,
002806.SZ,华锋股份,L,2016-07-26,,60,no_prelist_issue_for_freq,2016-07-26,2016-07-26,2026-05-07,2372,11860,11860,2372,0,0,0,0,
002807.SZ,江阴银行,L,2016-09-02,,60,no_prelist_issue_for_freq,2016-09-02,2016-09-02,2026-05-07,2344,11720,11720,2344,0,0,0,0,
002808.SZ,*ST恒久,L,2016-08-12,,60,no_prelist_issue_for_freq,2016-08-12,2016-08-12,2026-05-07,2359,11795,11795,2359,0,0,0,0,
002809.SZ,红墙股份,L,2016-08-23,,60,no_prelist_issue_for_freq,2016-08-23,2016-08-23,2026-05-07,2352,11760,11760,2352,0,0,0,0,
002810.SZ,山东赫达,L,2016-08-26,,60,no_prelist_issue_for_freq,2016-08-26,2016-08-26,2026-05-07,2349,11745,11745,2349,0,0,0,0,
002811.SZ,郑中设计,L,2016-09-08,,60,no_prelist_issue_for_freq,2016-09-08,2016-09-08,2026-05-07,2340,11700,11700,2340,0,0,0,0,
002812.SZ,恩捷股份,L,2016-09-14,,60,no_prelist_issue_for_freq,2016-09-14,2016-09-14,2026-05-07,2335,11675,11675,2335,0,0,0,0,
002813.SZ,路畅科技,L,2016-10-12,,60,no_prelist_issue_for_freq,2016-10-12,2016-10-12,2026-05-07,2323,11615,11615,2323,0,0,0,0,
002815.SZ,崇达技术,L,2016-10-12,,60,no_prelist_issue_for_freq,2016-10-12,2016-10-12,2026-05-07,2323,11615,11615,2323,0,0,0,0,
002816.SZ,*ST和科,L,2016-10-25,,60,no_prelist_issue_for_freq,2016-10-25,2016-10-25,2026-05-07,2313,11565,11565,2313,0,0,0,0,
002817.SZ,黄山胶囊,L,2016-10-25,,60,no_prelist_issue_for_freq,2016-10-25,2016-10-25,2026-05-07,2314,11570,11570,2314,0,0,0,0,
300502.SZ,新易盛,L,2016-03-03,,60,no_prelist_issue_for_freq,2016-03-03,2016-03-03,2026-05-07,2471,12355,12355,2471,0,0,0,0,
300503.SZ,昊志机电,L,2016-03-09,,60,no_prelist_issue_for_freq,2016-03-09,2016-03-09,2026-05-07,2467,12335,12335,2467,0,0,0,0,
300505.SZ,川金诺,L,2016-03-15,,60,no_prelist_issue_for_freq,2016-03-15,2016-03-15,2026-05-07,2463,12315,12315,2463,0,0,0,0,
300517.SZ,海波重科,L,2016-07-19,,60,no_prelist_issue_for_freq,2016-07-19,2016-07-19,2026-05-07,2377,11885,11885,2377,0,0,0,0,
300518.SZ,新迅达,L,2016-06-24,,60,no_prelist_issue_for_freq,2016-06-24,2016-06-24,2026-05-07,2393,11965,11965,2393,0,0,0,0,
300519.SZ,新光药业,L,2016-06-24,,60,no_prelist_issue_for_freq,2016-06-24,2016-06-24,2026-05-07,2394,11970,11970,2394,0,0,0,0,
300520.SZ,科大国创,L,2016-07-08,,60,no_prelist_issue_for_freq,2016-07-08,2016-07-08,2026-05-07,2384,11920,11920,2384,0,0,0,0,
300521.SZ,爱司凯,L,2016-07-05,,60,no_prelist_issue_for_freq,2016-07-05,2016-07-05,2026-05-07,2387,11935,11935,2387,0,0,0,0,
300522.SZ,世名科技,L,2016-07-05,,60,no_prelist_issue_for_freq,2016-07-05,2016-07-05,2026-05-07,2387,11935,11935,2387,0,0,0,0,
300523.SZ,辰安科技,L,2016-07-26,,60,no_prelist_issue_for_freq,2016-07-26,2016-07-26,2026-05-07,2372,11860,11860,2372,0,0,0,0,
300525.SZ,博思软件,L,2016-07-26,,60,no_prelist_issue_for_freq,2016-07-26,2016-07-26,2026-05-07,2372,11860,11860,2372,0,0,0,0,
300526.SZ,中潜退(退),D,2016-08-02,2023-07-12,60,missing_freq,,,,0,,,0,0,0,0,0,
300527.SZ,ST应急,L,2016-08-05,,60,no_prelist_issue_for_freq,2016-08-05,2016-08-05,2026-05-07,2364,11820,11820,2364,0,0,0,0,
300528.SZ,幸福蓝海,L,2016-08-08,,60,no_prelist_issue_for_freq,2016-08-08,2016-08-08,2026-05-07,2363,11815,11815,2363,0,0,0,0,
300529.SZ,健帆生物,L,2016-08-02,,60,no_prelist_issue_for_freq,2016-08-02,2016-08-02,2026-05-07,2367,11835,11835,2367,0,0,0,0,
300530.SZ,领湃科技,L,2016-08-09,,60,no_prelist_issue_for_freq,2016-08-09,2016-08-09,2026-05-07,2362,11810,11810,2362,0,0,0,0,
300531.SZ,优博讯,L,2016-08-09,,60,no_prelist_issue_for_freq,2016-08-09,2016-08-09,2026-05-07,2362,11810,11810,2362,0,0,0,0,
300532.SZ,今天国际,L,2016-08-18,,60,no_prelist_issue_for_freq,2016-08-18,2016-08-18,2026-05-07,2355,11775,11775,2355,0,0,0,0,
300533.SZ,冰川网络,L,2016-08-18,,60,no_prelist_issue_for_freq,2016-08-18,2016-08-18,2026-05-07,2355,11775,11775,2355,0,0,0,0,
300534.SZ,陇神戎发,L,2016-09-13,,60,no_prelist_issue_for_freq,2016-09-13,2016-09-13,2026-05-07,2337,11685,11685,2337,0,0,0,0,
300535.SZ,达威股份,L,2016-08-12,,60,no_prelist_issue_for_freq,2016-08-12,2016-08-12,2026-05-07,2359,11795,11795,2359,0,0,0,0,
300536.SZ,农尚环境,L,2016-09-20,,60,no_prelist_issue_for_freq,2016-09-20,2016-09-20,2026-05-07,2334,11670,11670,2334,0,0,0,0,
300537.SZ,广信材料,L,2016-08-30,,60,no_prelist_issue_for_freq,2016-08-30,2016-08-30,2026-05-07,2347,11735,11735,2347,0,0,0,0,
300538.SZ,同益股份,L,2016-08-26,,60,no_prelist_issue_for_freq,2016-08-26,2016-08-26,2026-05-07,2349,11745,11745,2349,0,0,0,0,
300539.SZ,横河精密,L,2016-08-30,,60,no_prelist_issue_for_freq,2016-08-30,2016-08-30,2026-05-07,2347,11735,11735,2347,0,0,0,0,
300540.SZ,蜀道装备,L,2016-08-23,,60,no_prelist_issue_for_freq,2016-08-23,2016-08-23,2026-05-07,2352,11760,11760,2352,0,0,0,0,
300541.SZ,先进数通,L,2016-09-13,,60,no_prelist_issue_for_freq,2016-09-13,2016-09-13,2026-05-07,2337,11685,11685,2337,0,0,0,0,
300542.SZ,新晨科技,L,2016-09-20,,60,no_prelist_issue_for_freq,2016-09-20,2016-09-20,2026-05-07,2334,11670,11670,2334,0,0,0,0,
300543.SZ,朗科智能,L,2016-09-08,,60,no_prelist_issue_for_freq,2016-09-08,2016-09-08,2026-04-30,2337,11685,11685,2337,0,0,0,0,
300545.SZ,联得装备,L,2016-09-28,,60,no_prelist_issue_for_freq,2016-09-28,2016-09-28,2026-05-07,2328,11640,11640,2328,0,0,0,0,
300546.SZ,雄帝科技,L,2016-09-28,,60,no_prelist_issue_for_freq,2016-09-28,2016-09-28,2026-05-07,2328,11640,11640,2328,0,0,0,0,
300547.SZ,川环科技,L,2016-09-30,,60,no_prelist_issue_for_freq,2016-09-30,2016-09-30,2026-05-07,2326,11630,11630,2326,0,0,0,0,
300548.SZ,长芯博创,L,2016-10-12,,60,no_prelist_issue_for_freq,2016-10-12,2016-10-12,2026-05-07,2323,11615,11615,2323,0,0,0,0,
300549.SZ,优德精密,L,2016-09-30,,60,no_prelist_issue_for_freq,2016-09-30,2016-09-30,2026-05-07,2326,11630,11630,2326,0,0,0,0,
300550.SZ,和仁科技,L,2016-10-18,,60,no_prelist_issue_for_freq,2016-10-18,2016-10-18,2026-05-07,2319,11595,11595,2319,0,0,0,0,
300551.SZ,古鳌科技,L,2016-10-18,,60,no_prelist_issue_for_freq,2016-10-18,2016-10-18,2026-05-07,2319,11595,11595,2319,0,0,0,0,
300552.SZ,万集科技,L,2016-10-21,,60,no_prelist_issue_for_freq,2016-10-21,2016-10-21,2026-05-07,2316,11580,11580,2316,0,0,0,0,
300553.SZ,集智股份,L,2016-10-21,,60,no_prelist_issue_for_freq,2016-10-21,2016-10-21,2026-05-07,2316,11580,11580,2316,0,0,0,0,
300555.SZ,ST路通,L,2016-10-18,,60,no_prelist_issue_for_freq,2016-10-18,2016-10-18,2026-05-07,2319,11595,11595,2319,0,0,0,0,
601717.SH,中创智领,L,2010-08-03,,60,no_prelist_issue_for_freq,2010-08-03,2010-08-03,2026-05-07,3822,19110,19110,3822,0,0,0,0,
920001.BJ,纬达光电,L,2022-12-27,,60,valid_before_list_date,2021-11-15,2022-01-07,2026-05-07,1075,6592,6362,1037,38,38,38,235,2022-12-26
920002.BJ,万达轴承,L,2024-05-30,,60,only_invalid_before_list_date,2024-05-21,2024-05-30,2026-05-07,461,2908,2902,460,1,1,1,0,
920003.BJ,中诚咨询,L,2025-11-07,,60,only_invalid_before_list_date,2025-10-28,2025-11-07,2026-05-07,119,596,590,118,1,1,1,0,
920005.BJ,鼎佳精密,L,2025-07-31,,60,only_invalid_before_list_date,2025-07-22,2025-07-31,2026-05-07,181,963,957,180,1,1,1,0,
920006.BJ,晟楠科技,L,2023-05-18,,60,valid_before_list_date,2021-11-15,2021-11-15,2026-05-07,1075,6592,6592,1075,0,0,0,365,2023-05-17
920007.BJ,酉立智能,L,2025-08-08,,60,only_invalid_before_list_date,2025-07-29,2025-08-08,2026-05-07,176,933,927,175,1,1,1,0,
920008.BJ,成电光信,L,2024-08-29,,60,only_invalid_before_list_date,2024-08-20,2024-08-29,2026-05-07,397,2524,2518,396,1,1,1,0,
920009.BJ,丹娜生物,L,2025-11-03,,60,only_invalid_before_list_date,2025-10-22,2025-11-03,2026-05-07,123,616,610,122,1,1,1,0,
920014.BJ,特瑞斯,L,2022-12-13,,60,valid_before_list_date,2021-11-15,2021-11-15,2026-05-07,1075,6592,6591,1075,0,0,0,263,2022-12-12
920015.BJ,锦华新材,L,2025-09-25,,60,only_invalid_before_list_date,2025-09-16,2025-09-25,2026-05-07,143,735,729,142,1,1,1,0,
920016.BJ,中草香料,L,2024-09-13,,60,only_invalid_before_list_date,2024-09-03,2024-09-13,2026-05-07,386,2458,2452,385,1,1,1,0,
920017.BJ,星昊医药,L,2023-05-31,,60,valid_before_list_date,2021-11-15,2021-11-15,2026-05-07,1075,6592,6591,1075,0,0,0,374,2023-05-30
920018.BJ,宏远股份,L,2025-08-20,,60,only_invalid_before_list_date,2025-08-11,2025-08-20,2026-05-07,168,885,879,167,1,1,1,0,
920019.BJ,铜冠矿建,L,2024-10-11,,60,only_invalid_before_list_date,2024-09-18,2024-10-11,2026-05-07,373,2380,2374,372,1,1,1,0,
920020.BJ,泰凯英,L,2025-10-28,,60,only_invalid_before_list_date,2025-10-15,2025-10-28,2026-05-07,127,639,633,126,1,1,1,0,
920022.BJ,世昌股份,L,2025-09-19,,60,only_invalid_before_list_date,2025-09-09,2025-09-19,2026-05-07,147,759,753,146,1,1,1,0,
920023.BJ,田野股份,L,2023-02-02,,60,valid_before_list_date,2021-11-15,2021-11-15,2026-05-07,1075,6592,6592,1075,0,0,0,294,2023-02-01
920026.BJ,卓兆点胶,L,2023-10-19,,60,only_invalid_before_list_date,2022-06-24,2023-10-19,2026-05-07,928,5710,3790,608,320,320,320,0,
920027.BJ,交大铁发,L,2025-06-10,,60,only_invalid_before_list_date,2025-05-27,2025-06-10,2026-05-07,214,1161,1155,213,1,1,1,0,
920029.BJ,开发科技,L,2025-03-28,,60,only_invalid_before_list_date,2025-03-18,2025-03-28,2026-05-07,261,1443,1437,260,1,1,1,0,
920033.BJ,康普化学,L,2022-12-21,,60,valid_before_list_date,2021-11-15,2021-11-15,2026-05-07,1075,6592,6592,1075,0,0,0,269,2022-12-20
920037.BJ,广信科技,L,2025-06-26,,60,only_invalid_before_list_date,2025-06-17,2025-06-26,2026-05-07,202,1089,1083,201,1,1,1,0,
920046.BJ,亿能电力,L,2022-10-13,,60,valid_before_list_date,2021-11-15,2021-11-15,2026-05-07,1075,6592,6592,1075,0,0,0,220,2022-10-12
920056.BJ,能之光,L,2025-08-22,,60,only_invalid_before_list_date,2025-08-13,2025-08-22,2026-05-07,166,873,867,165,1,1,1,0,
920057.BJ,百甲科技,L,2023-03-14,,60,valid_before_list_date,2021-11-15,2021-11-15,2026-05-07,1075,6592,6591,1075,0,0,0,322,2023-03-13
920058.BJ,华洋赛车,L,2023-08-10,,60,valid_before_list_date,2021-11-15,2021-11-15,2026-05-07,1075,6592,6592,1075,0,0,0,423,2023-08-09
920060.BJ,万源通,L,2024-11-19,,60,only_invalid_before_list_date,2024-11-08,2024-11-19,2026-05-07,346,1953,1947,345,1,1,1,0,
920061.BJ,西磁科技,L,2023-12-21,,60,valid_before_list_date,2021-11-15,2021-11-15,2026-05-07,1075,6592,6592,1075,0,0,0,512,2023-12-20
920066.BJ,科拜尔,L,2024-10-31,,60,only_invalid_before_list_date,2024-10-22,2024-10-31,2026-05-07,359,2031,2025,358,1,1,1,0,
920068.BJ,XD天工股,L,2025-05-13,,60,only_invalid_before_list_date,2025-04-28,2025-05-13,2026-05-07,233,1275,1269,232,1,1,1,0,
920075.BJ,柏星龙,L,2022-12-14,,60,valid_before_list_date,2021-11-15,2021-11-15,2026-05-07,1075,6592,6591,1075,0,0,0,264,2022-12-13
920080.BJ,奥美森,L,2025-10-10,,60,only_invalid_before_list_date,2025-09-22,2025-10-10,2026-05-07,139,711,705,138,1,1,1,0,
920082.BJ,方正阀门,L,2024-12-26,,60,only_invalid_before_list_date,2024-12-17,2024-12-26,2026-05-07,320,1797,1791,319,1,1,1,0,
920087.BJ,秋乐种业,L,2022-12-07,,60,valid_before_list_date,2021-11-15,2021-11-15,2026-05-07,1075,6592,6592,1075,0,0,0,259,2022-12-06
920088.BJ,科力股份,L,2024-10-29,,60,only_invalid_before_list_date,2024-10-18,2024-10-29,2026-05-07,361,2308,2302,360,1,1,1,0,
920098.BJ,科隆新材,L,2024-12-05,,60,only_invalid_before_list_date,2024-11-26,2024-12-05,2026-05-07,335,1887,1881,334,1,1,1,0,
920099.BJ,瑞华技术,L,2024-09-25,,60,only_invalid_before_list_date,2024-09-10,2024-09-25,2026-05-07,380,2422,2416,379,1,1,1,0,
920100.BJ,三协电机,L,2025-09-08,,60,only_invalid_before_list_date,2025-08-26,2025-09-08,2026-05-07,156,813,807,155,1,1,1,0,
920101.BJ,志高机械,L,2025-08-14,,60,only_invalid_before_list_date,2025-08-05,2025-08-14,2026-05-07,172,909,903,171,1,1,1,0,
920106.BJ,林泰新材,L,2024-12-18,,60,only_invalid_before_list_date,2024-12-10,2024-12-18,2026-05-07,326,1833,1827,325,1,1,1,0,
920108.BJ,宏海科技,L,2025-02-06,,60,only_invalid_before_list_date,2025-01-17,2025-02-06,2026-05-07,297,1659,1653,296,1,1,1,0,
920110.BJ,雷特科技,L,2022-12-06,,60,valid_before_list_date,2021-11-15,2021-11-15,2026-05-07,1075,6592,6592,1075,0,0,0,258,2022-12-05
920111.BJ,聚星科技,L,2024-11-11,,60,only_invalid_before_list_date,2024-10-29,2024-11-11,2026-05-07,352,1989,1983,351,1,1,1,0,
920112.BJ,巴兰仕,L,2025-08-28,,60,only_invalid_before_list_date,2025-08-19,2025-08-28,2026-05-07,162,849,843,161,1,1,1,0,
920116.BJ,星图测控,L,2025-01-02,,60,only_invalid_before_list_date,2024-12-24,2025-01-02,2026-05-07,316,1773,1767,315,1,1,1,0,
920118.BJ,太湖远大,L,2024-08-22,,60,only_invalid_before_list_date,2024-08-13,2024-08-22,2026-05-07,402,2554,2548,401,1,1,1,0,
920122.BJ,中纺标,L,2022-09-27,,60,valid_before_list_date,2021-11-15,2021-11-15,2026-05-07,1075,6592,6592,1075,0,0,0,213,2022-09-26
920123.BJ,芭薇股份,L,2024-03-29,,60,valid_before_list_date,2021-11-15,2021-11-15,2026-05-07,1075,6592,6592,1075,0,0,0,576,2024-03-28
920128.BJ,胜业电气,L,2024-11-29,,60,only_invalid_before_list_date,2024-11-18,2024-11-29,2026-05-07,339,1911,1905,338,1,1,1,0,
920130.BJ,立方控股,L,2023-11-02,,60,valid_before_list_date,2021-11-15,2021-11-15,2026-05-07,1075,6592,6592,1075,0,0,0,477,2023-11-01
920132.BJ,泰鹏智能,L,2023-11-16,,60,valid_before_list_date,2021-11-15,2021-12-15,2026-05-07,1075,6592,6457,1053,22,22,22,465,2023-11-15
920139.BJ,华岭股份,L,2022-10-28,,60,valid_before_list_date,2021-11-15,2021-11-15,2026-05-07,1075,6592,6591,1075,0,0,0,231,2022-10-27
920152.BJ,昆工科技,L,2022-09-01,,60,valid_before_list_date,2021-11-15,2021-11-15,2026-05-07,1075,6592,6592,1075,0,0,0,196,2022-08-31
920158.BJ,长江能科,L,2025-10-16,,60,only_invalid_before_list_date,2025-09-24,2025-10-16,2026-05-07,135,687,681,134,1,1,1,0,
920175.BJ,东方碳素,L,2023-06-30,,60,valid_before_list_date,2021-11-15,2021-11-15,2026-05-07,1075,6592,6591,1075,0,0,0,394,2023-06-29
920190.BJ,雷神科技,L,2022-12-23,,60,valid_before_list_date,2021-11-15,2021-11-15,2026-05-07,1075,6592,6591,1075,0,0,0,271,2022-12-22
920195.BJ,三祥科技,L,2022-12-30,,60,valid_before_list_date,2021-11-15,2021-11-15,2026-05-07,1075,6592,6592,1075,0,0,0,276,2022-12-29
920199.BJ,倍益康,L,2022-12-01,,60,valid_before_list_date,2021-11-15,2021-11-15,2026-05-07,1075,6592,6592,1075,0,0,0,255,2022-11-30
920207.BJ,众诚科技,L,2022-09-23,,60,valid_before_list_date,2021-11-15,2021-11-15,2026-05-07,1075,6592,6592,1075,0,0,0,211,2022-09-22
920208.BJ,青矩技术,L,2023-06-29,,60,valid_before_list_date,2021-11-15,2021-11-15,2026-05-07,1075,6592,6592,1075,0,0,0,393,2023-06-28
920221.BJ,易实精密,L,2023-06-08,,60,valid_before_list_date,2021-11-15,2021-11-15,2026-05-07,1075,6592,6592,1075,0,0,0,380,2023-06-07
920227.BJ,美登科技,L,2022-12-28,,60,valid_before_list_date,2021-11-15,2021-11-15,2026-05-07,1075,6592,6592,1075,0,0,0,274,2022-12-27
920230.BJ,欧康医药,L,2022-12-09,,60,valid_before_list_date,2021-11-15,2021-11-15,2026-05-07,1075,6592,6592,1075,0,0,0,261,2022-12-08
920237.BJ,力佳科技,L,2022-11-25,,60,valid_before_list_date,2021-11-15,2021-11-15,2026-05-07,1075,6592,6592,1075,0,0,0,251,2022-11-24
920247.BJ,华密新材,L,2022-12-23,,60,valid_before_list_date,2021-11-15,2021-11-15,2026-05-07,1075,6592,6592,1075,0,0,0,271,2022-12-22
920249.BJ,利尔达,L,2023-02-17,,60,valid_before_list_date,2021-11-15,2021-11-15,2026-05-07,1075,6592,6592,1075,0,0,0,305,2023-02-16
920252.BJ,天宏锂电,L,2023-01-19,,60,valid_before_list_date,2021-11-15,2021-11-15,2026-05-07,1075,6592,6592,1075,0,0,0,289,2023-01-18
920261.BJ,一诺威,L,2023-04-03,,60,valid_before_list_date,2021-11-15,2021-11-15,2026-05-07,1075,6592,6592,1075,0,0,0,336,2023-03-31
920262.BJ,太湖雪,L,2022-12-30,,60,valid_before_list_date,2021-11-15,2021-11-15,2026-05-07,1075,6592,6592,1075,0,0,0,276,2022-12-29
920270.BJ,天铭科技,L,2022-09-02,,60,valid_before_list_date,2021-11-15,2021-11-15,2026-05-07,1075,6592,6592,1075,0,0,0,197,2022-09-01
920273.BJ,一致魔芋,L,2023-02-21,,60,valid_before_list_date,2021-11-15,2021-11-15,2026-05-07,1075,6592,6592,1075,0,0,0,307,2023-02-20
920274.BJ,宏裕包材,L,2023-08-18,,60,valid_before_list_date,2021-11-15,2021-11-15,2026-05-07,1075,6592,6592,1075,0,0,0,429,2023-08-17
920284.BJ,灵鸽科技,L,2023-12-19,,60,valid_before_list_date,2021-11-15,2021-11-15,2026-05-07,1075,6592,6592,1075,0,0,0,510,2023-12-18
920300.BJ,辰光医疗,L,2022-12-07,,60,valid_before_list_date,2021-11-15,2021-11-15,2026-05-07,1075,6592,6592,1075,0,0,0,259,2022-12-06
920304.BJ,迪尔化工,L,2023-04-18,,60,valid_before_list_date,2021-11-15,2021-11-15,2026-05-07,1075,6592,6592,1075,0,0,0,346,2023-04-17
920339.BJ,恒太照明,L,2022-11-17,,60,valid_before_list_date,2021-11-15,2021-11-15,2026-05-07,1075,6592,6592,1075,0,0,0,245,2022-11-16
920351.BJ,华光源海,L,2022-12-29,,60,valid_before_list_date,2021-11-15,2021-11-15,2026-05-07,1075,6592,6591,1075,0,0,0,275,2022-12-28
920357.BJ,雅葆轩,L,2022-11-18,,60,valid_before_list_date,2021-11-15,2021-12-22,2026-05-07,1075,6592,6429,1048,27,27,27,219,2022-11-17
920363.BJ,莱赛激光,L,2023-12-28,,60,only_invalid_before_list_date,2021-11-15,2023-12-28,2026-05-07,1075,6592,3490,558,517,517,517,0,
920367.BJ,新赣江,L,2023-02-09,,60,valid_before_list_date,2021-11-15,2021-11-15,2026-05-07,1075,6592,6591,1075,0,0,0,299,2023-02-08
920371.BJ,欧福蛋业,L,2023-01-18,,60,valid_before_list_date,2021-11-15,2022-03-29,2026-05-07,1075,6592,6047,985,90,90,90,198,2023-01-17
920374.BJ,云里物里,L,2022-11-29,,60,valid_before_list_date,2021-11-15,2021-11-15,2026-05-07,1075,6592,6592,1075,0,0,0,253,2022-11-28
920375.BJ,派诺科技,L,2023-12-14,,60,valid_before_list_date,2021-11-15,2021-11-15,2026-05-07,1075,6592,6592,1075,0,0,0,507,2023-12-13
920392.BJ,佳合科技,L,2022-12-30,,60,valid_before_list_date,2021-11-15,2021-11-15,2026-05-07,1075,6592,6592,1075,0,0,0,276,2022-12-29
920394.BJ,民士达,L,2023-04-25,,60,valid_before_list_date,2021-11-15,2021-11-15,2026-05-07,1075,6592,6592,1075,0,0,0,351,2023-04-24
920395.BJ,朗鸿科技,L,2022-09-01,,60,valid_before_list_date,2021-11-15,2021-11-15,2026-05-07,1075,6592,6591,1075,0,0,0,196,2022-08-31
920402.BJ,硅烷科技,L,2022-09-28,,60,valid_before_list_date,2021-11-15,2021-11-15,2026-05-07,1075,6592,6591,1075,0,0,0,214,2022-09-27
920403.BJ,康农种业,L,2024-01-18,,60,valid_before_list_date,2021-11-15,2021-11-15,2026-05-07,1075,6592,6592,1075,0,0,0,531,2024-01-17
920407.BJ,驰诚股份,L,2023-02-16,,60,valid_before_list_date,2021-11-15,2021-11-15,2026-05-07,1075,6592,6592,1075,0,0,0,304,2023-02-15
920414.BJ,欧普泰,L,2022-12-12,,60,valid_before_list_date,2021-11-15,2021-11-15,2026-05-07,1075,6592,6592,1075,0,0,0,262,2022-12-09
920422.BJ,润普食品,L,2023-03-01,,60,valid_before_list_date,2021-11-15,2021-11-15,2026-05-07,1075,6592,6591,1075,0,0,0,313,2023-02-28
920425.BJ,乐创技术,L,2023-01-30,,60,valid_before_list_date,2021-11-15,2021-11-15,2026-05-07,1075,6592,6592,1075,0,0,0,291,2023-01-20
920429.BJ,康比特,L,2022-12-15,,60,valid_before_list_date,2021-11-15,2021-11-15,2026-05-07,1075,6592,6591,1075,0,0,0,265,2022-12-14
920438.BJ,戈碧迦,L,2024-03-25,,60,valid_before_list_date,2021-11-15,2021-11-15,2026-05-07,1075,6592,6592,1075,0,0,0,572,2024-03-22
920455.BJ,汇隆活塞,L,2023-06-21,,60,valid_before_list_date,2021-11-15,2021-11-15,2026-05-07,1075,6592,6592,1075,0,0,0,389,2023-06-20
920469.BJ,富恒新材,L,2023-09-18,,60,valid_before_list_date,2021-11-15,2021-11-15,2026-05-07,1075,6592,6592,1075,0,0,0,450,2023-09-15
920471.BJ,美邦科技,L,2023-05-25,,60,valid_before_list_date,2021-11-15,2021-11-15,2026-05-07,1075,6592,6592,1075,0,0,0,370,2023-05-24
920476.BJ,海能技术,L,2022-10-14,,60,valid_before_list_date,2021-11-15,2021-11-15,2026-05-07,1075,6592,6592,1075,0,0,0,221,2022-10-13
920478.BJ,峆一药业,L,2023-02-23,,60,valid_before_list_date,2021-11-15,2021-11-15,2026-05-07,1075,6592,6592,1075,0,0,0,309,2023-02-22
920493.BJ,并行科技,L,2023-11-01,,60,valid_before_list_date,2021-11-15,2021-11-15,2026-05-07,1075,6592,6592,1075,0,0,0,476,2023-10-31
920496.BJ,许昌智能,L,2024-01-26,,60,valid_before_list_date,2021-11-15,2021-11-15,2026-05-07,1075,6592,6592,1075,0,0,0,537,2024-01-25
920504.BJ,博迅生物,L,2023-08-17,,60,valid_before_list_date,2021-11-15,2021-11-15,2026-05-07,1075,6592,6592,1075,0,0,0,428,2023-08-16
920505.BJ,九菱科技,L,2022-12-21,,60,valid_before_list_date,2021-11-15,2021-11-15,2026-05-07,1075,6592,6592,1075,0,0,0,269,2022-12-20
920519.BJ,万德股份,L,2023-09-15,,60,valid_before_list_date,2021-11-15,2021-11-15,2026-05-07,1075,6592,6592,1075,0,0,0,449,2023-09-14
920522.BJ,纳科诺尔,L,2023-11-16,,60,valid_before_list_date,2021-11-15,2021-11-15,2026-05-07,1075,6592,6592,1075,0,0,0,487,2023-11-15
920526.BJ,凯华材料,L,2022-12-22,,60,valid_before_list_date,2021-11-15,2021-11-15,2026-05-07,1075,6592,6591,1075,0,0,0,270,2022-12-21
920527.BJ,夜光明,L,2022-10-27,,60,valid_before_list_date,2021-11-15,2021-11-15,2026-05-07,1075,6592,6592,1075,0,0,0,230,2022-10-26
920541.BJ,铁大科技,L,2023-03-10,,60,valid_before_list_date,2021-11-15,2021-11-15,2026-05-07,1075,6592,6592,1075,0,0,0,320,2023-03-09
920547.BJ,无锡晶海,L,2023-12-12,,60,valid_before_list_date,2021-11-15,2022-08-24,2026-05-07,1075,6592,5450,885,190,190,190,315,2023-12-11
920556.BJ,雅达股份,L,2023-03-17,,60,valid_before_list_date,2021-11-15,2021-11-15,2026-05-07,1075,6592,6591,1075,0,0,0,325,2023-03-16
920570.BJ,坤博精工,L,2023-11-23,,60,valid_before_list_date,2021-11-15,2022-09-13,2026-05-07,1075,6592,5370,872,203,203,203,289,2023-11-22
920571.BJ,国航远洋,L,2022-12-15,,60,valid_before_list_date,2021-11-15,2021-11-15,2026-05-07,1075,6592,6591,1075,0,0,0,265,2022-12-14
920575.BJ,康乐卫士,L,2023-03-15,,60,valid_before_list_date,2021-11-15,2021-11-15,2026-05-07,1075,6592,6591,1075,0,0,0,323,2023-03-14
920576.BJ,天力复合,L,2023-07-12,,60,valid_before_list_date,2021-11-15,2021-11-15,2026-05-07,1075,6592,6592,1075,0,0,0,402,2023-07-11
920578.BJ,巨能股份,L,2023-05-12,,60,valid_before_list_date,2021-11-15,2021-11-15,2026-05-07,1075,6592,6592,1075,0,0,0,361,2023-05-11
920579.BJ,机科股份,L,2023-11-30,,60,valid_before_list_date,2021-11-15,2021-11-15,2026-05-07,1075,6592,6592,1075,0,0,0,497,2023-11-29
920592.BJ,华信永道,L,2023-07-10,,60,valid_before_list_date,2021-11-15,2021-11-15,2026-05-07,1075,6592,6592,1075,0,0,0,400,2023-07-07
920593.BJ,鼎智科技,L,2023-04-13,,60,valid_before_list_date,2021-11-15,2022-02-18,2026-05-07,1075,6592,6209,1012,63,63,63,280,2023-04-12
920608.BJ,丰安股份,L,2022-12-16,,60,valid_before_list_date,2021-11-15,2021-11-15,2026-05-07,1075,6592,6592,1075,0,0,0,266,2022-12-15
920627.BJ,力王股份,L,2023-09-07,,60,valid_before_list_date,2021-11-15,2021-11-15,2026-05-07,1075,6592,6592,1075,0,0,0,443,2023-09-06
920634.BJ,新威凌,L,2022-11-24,,60,valid_before_list_date,2021-11-15,2021-11-15,2026-05-07,1075,6592,6592,1075,0,0,0,250,2022-11-23
920641.BJ,格利尔,L,2022-12-02,,60,valid_before_list_date,2021-11-15,2021-11-15,2026-05-07,1075,6592,6592,1075,0,0,0,256,2022-12-01
920651.BJ,天罡股份,L,2023-06-27,,60,valid_before_list_date,2021-11-15,2021-11-15,2026-05-07,1075,6592,6592,1075,0,0,0,391,2023-06-26
920656.BJ,海昇药业,L,2024-02-02,,60,valid_before_list_date,2021-11-15,2021-11-15,2026-05-07,1075,6592,6592,1075,0,0,0,542,2024-02-01
920662.BJ,方盛股份,L,2022-11-28,,60,valid_before_list_date,2021-11-15,2021-11-15,2026-05-07,1075,6592,6592,1075,0,0,0,252,2022-11-25
920663.BJ,明阳科技,L,2023-03-15,,60,valid_before_list_date,2021-11-15,2021-11-15,2026-05-07,1075,6592,6592,1075,0,0,0,323,2023-03-14
920665.BJ,科强股份,L,2023-09-26,,60,valid_before_list_date,2022-02-21,2022-02-21,2026-05-07,1011,6208,6204,1011,0,0,0,392,2023-09-25
920679.BJ,前进科技,L,2023-11-10,,60,only_invalid_before_list_date,2022-03-25,2023-11-10,2026-05-07,987,6064,3694,592,395,395,395,0,
920685.BJ,新芝生物,L,2022-10-10,,60,valid_before_list_date,2021-11-15,2021-11-15,2026-05-07,1075,6592,6592,1075,0,0,0,217,2022-09-30
920690.BJ,捷众科技,L,2024-01-05,,60,valid_before_list_date,2022-05-27,2022-05-27,2026-05-07,947,5824,5822,947,0,0,0,394,2024-01-04
920693.BJ,阿为特,L,2023-10-27,,60,only_invalid_before_list_date,2022-06-16,2023-10-27,2026-05-07,934,5746,3754,602,332,332,332,0,
920694.BJ,中裕科技,L,2023-04-24,,60,valid_before_list_date,2021-11-15,2021-11-15,2026-05-07,1075,6592,6592,1075,0,0,0,350,2023-04-21
920699.BJ,海达尔,L,2023-05-09,,60,only_invalid_before_list_date,2021-11-15,2023-05-09,2026-05-07,1075,6592,4444,717,358,358,358,0,
920701.BJ,豪声电子,L,2023-07-19,,60,valid_before_list_date,2021-11-15,2021-11-15,2026-05-07,1075,6592,6592,1075,0,0,0,407,2023-07-18
920703.BJ,广厦环能,L,2023-12-05,,60,only_invalid_before_list_date,2022-05-11,2023-12-05,2026-05-07,959,5896,3592,575,384,384,384,0,
920706.BJ,铁拓机械,L,2024-03-08,,60,valid_before_list_date,2022-05-26,2022-05-27,2026-05-07,948,5830,5820,947,1,1,1,433,2024-03-07
920717.BJ,瑞星股份,L,2023-07-03,,60,valid_before_list_date,2021-11-15,2021-11-15,2026-05-07,1075,6592,6591,1075,0,0,0,395,2023-06-30
920718.BJ,合肥高科,L,2022-12-22,,60,valid_before_list_date,2021-11-15,2021-11-15,2026-05-07,1075,6592,6592,1075,0,0,0,270,2022-12-21
920719.BJ,宁新新材,L,2023-05-26,,60,valid_before_list_date,2021-11-15,2021-11-15,2026-05-07,1075,6592,6592,1075,0,0,0,371,2023-05-25
920725.BJ,惠丰钻石,L,2022-07-18,,60,valid_before_list_date,2021-11-15,2021-11-15,2026-05-07,1075,6592,6591,1075,0,0,0,163,2022-07-15
920748.BJ,路桥信息,L,2023-08-16,,60,valid_before_list_date,2021-11-15,2021-11-15,2026-05-07,1075,6592,6592,1075,0,0,0,427,2023-08-15
920751.BJ,惠同新材,L,2023-07-17,,60,valid_before_list_date,2021-11-15,2021-11-15,2026-05-07,1075,6592,6592,1075,0,0,0,405,2023-07-14
920753.BJ,天纺标,L,2022-10-31,,60,valid_before_list_date,2021-11-15,2021-11-15,2026-05-07,1075,6592,6592,1075,0,0,0,232,2022-10-28
920770.BJ,艾能聚,L,2023-02-28,,60,valid_before_list_date,2021-11-15,2021-11-15,2026-05-07,1075,6592,6592,1075,0,0,0,312,2023-02-27
920779.BJ,武汉蓝电,L,2023-06-01,,60,valid_before_list_date,2021-11-15,2021-11-15,2026-05-07,1075,6592,6592,1075,0,0,0,375,2023-05-31
920781.BJ,瑞奇智造,L,2022-12-26,,60,valid_before_list_date,2021-11-15,2021-11-15,2026-05-07,1075,6592,6591,1075,0,0,0,272,2022-12-23
920786.BJ,骑士乳业,L,2023-10-13,,60,valid_before_list_date,2021-11-15,2021-11-15,2026-05-07,1075,6592,6592,1075,0,0,0,463,2023-10-12
920790.BJ,联迪信息,L,2022-09-02,,60,valid_before_list_date,2021-11-15,2021-11-15,2026-05-07,1075,6592,6592,1075,0,0,0,197,2022-09-01
920792.BJ,东和新材,L,2023-03-30,,60,valid_before_list_date,2021-11-15,2021-11-15,2026-05-07,1075,6592,6592,1075,0,0,0,334,2023-03-29
920802.BJ,保丽洁,L,2023-02-06,,60,valid_before_list_date,2021-11-15,2021-11-15,2026-05-07,1075,6592,6591,1075,0,0,0,296,2023-02-03
920806.BJ,云星宇,L,2024-01-11,,60,only_invalid_before_list_date,2022-08-18,2024-01-11,2026-05-07,889,5476,3436,549,340,340,340,0,
920807.BJ,奔朗新材,L,2022-12-20,,60,valid_before_list_date,2021-11-15,2021-11-15,2026-05-07,1075,6592,6592,1075,0,0,0,268,2022-12-19
920808.BJ,曙光数创,L,2022-11-18,,60,valid_before_list_date,2021-11-15,2021-11-15,2026-05-07,1075,6592,6591,1075,0,0,0,246,2022-11-17
920809.BJ,安达科技,L,2023-03-23,,60,valid_before_list_date,2021-11-15,2021-11-15,2026-05-07,1075,6592,6591,1075,0,0,0,329,2023-03-22
920810.BJ,春光智能,L,2022-12-16,,60,valid_before_list_date,2021-11-15,2021-11-15,2026-05-07,1075,6592,6592,1075,0,0,0,266,2022-12-15
920833.BJ,美心翼申,L,2023-11-08,,60,valid_before_list_date,2022-06-30,2022-06-30,2026-05-07,924,5686,5682,924,0,0,0,330,2023-11-07
920834.BJ,三维装备,L,2022-08-22,,60,valid_before_list_date,2021-11-15,2021-11-15,2026-05-07,1075,6592,6592,1075,0,0,0,188,2022-08-19
920837.BJ,华原股份,L,2023-05-15,,60,valid_before_list_date,2021-11-15,2022-06-06,2026-05-07,1075,6592,5790,942,133,133,133,229,2023-05-12
920855.BJ,浙江大农,L,2022-12-29,,60,valid_before_list_date,2021-11-15,2021-11-15,2026-05-07,1075,6592,6591,1075,0,0,0,275,2022-12-28
920866.BJ,绿亨科技,L,2022-12-09,,60,valid_before_list_date,2021-11-15,2021-11-15,2026-05-07,1075,6592,6592,1075,0,0,0,261,2022-12-08
920871.BJ,派特尔,L,2022-07-22,,60,valid_before_list_date,2021-11-15,2021-11-15,2026-05-07,1075,6592,6591,1075,0,0,0,167,2022-07-21
920876.BJ,慧为智能,L,2022-11-09,,60,valid_before_list_date,2021-11-15,2021-11-15,2026-05-07,1075,6592,6592,1075,0,0,0,239,2022-11-08
920879.BJ,基康技术,L,2022-12-20,,60,valid_before_list_date,2021-11-15,2021-11-15,2026-05-07,1075,6592,6591,1075,0,0,0,268,2022-12-19
920895.BJ,花溪科技,L,2023-04-06,,60,valid_before_list_date,2021-11-15,2021-11-15,2026-05-07,1075,6592,6592,1075,0,0,0,338,2023-04-04
920896.BJ,旺成科技,L,2023-04-19,,60,valid_before_list_date,2021-11-15,2021-11-15,2026-05-07,1075,6592,6592,1075,0,0,0,347,2023-04-18
920906.BJ,舜宇精工,L,2023-02-22,,60,valid_before_list_date,2021-11-15,2021-11-15,2026-05-07,1075,6592,6592,1075,0,0,0,308,2023-02-21
920914.BJ,远航精密,L,2022-11-11,,60,valid_before_list_date,2021-11-15,2021-11-15,2026-05-07,1075,6592,6592,1075,0,0,0,241,2022-11-10
920926.BJ,鸿智科技,L,2023-08-08,,60,only_invalid_before_list_date,2021-11-15,2023-08-08,2026-05-07,1075,6592,4066,654,421,421,421,0,
920931.BJ,无锡鼎邦,L,2024-04-08,,60,valid_before_list_date,2021-11-15,2021-11-15,2026-05-07,1075,6592,6592,1075,0,0,0,580,2024-04-03
920942.BJ,恒立钻具,L,2022-12-08,,60,valid_before_list_date,2021-11-15,2021-11-15,2026-05-07,1075,6592,6592,1075,0,0,0,260,2022-12-07
920950.BJ,迅安科技,L,2023-01-11,,60,only_invalid_before_list_date,2021-11-15,2023-01-11,2026-05-07,1075,6592,4894,792,283,283,283,0,
920953.BJ,国子软件,L,2023-08-23,,60,only_invalid_before_list_date,2021-11-15,2023-08-23,2026-05-07,1075,6592,4000,643,432,432,432,0,
920957.BJ,汉维科技,L,2022-12-14,,60,valid_before_list_date,2021-11-15,2021-11-15,2026-05-07,1075,6592,6591,1075,0,0,0,264,2022-12-13
920971.BJ,天马新材,L,2022-09-27,,60,valid_before_list_date,2021-11-15,2021-11-15,2026-05-07,1075,6592,6591,1075,0,0,0,213,2022-09-26
920974.BJ,凯大催化,L,2023-03-08,,60,valid_before_list_date,2021-11-15,2021-11-15,2026-05-07,1075,6592,6592,1075,0,0,0,318,2023-03-07
920976.BJ,视声智能,L,2023-09-01,,60,valid_before_list_date,2021-11-15,2021-11-15,2026-05-07,1075,6592,6592,1075,0,0,0,439,2023-08-31
920978.BJ,开特股份,L,2023-09-28,,60,valid_before_list_date,2021-11-15,2021-11-15,2026-05-07,1075,6592,6592,1075,0,0,0,458,2023-09-27
920982.BJ,锦波生物,L,2023-07-20,,60,valid_before_list_date,2021-11-15,2021-11-15,2026-05-07,1075,6592,6592,1075,0,0,0,408,2023-07-19
920985.BJ,海泰新能,L,2022-08-08,,60,valid_before_list_date,2021-11-15,2021-11-15,2026-05-07,1075,6592,6591,1075,0,0,0,178,2022-08-05
920992.BJ,中科美菱,L,2022-10-18,,60,valid_before_list_date,2021-11-15,2021-11-15,2026-05-07,1075,6592,6591,1075,0,0,0,223,2022-10-17
002789.SZ,*ST建艺,L,2016-03-11,,90,no_prelist_issue_for_freq,2016-03-11,2016-03-11,2026-05-07,2465,7395,7395,2465,0,0,0,0,
002790.SZ,瑞尔特,L,2016-03-08,,90,no_prelist_issue_for_freq,2016-03-08,2016-03-08,2026-05-07,2468,7404,7404,2468,0,0,0,0,
002801.SZ,微光股份,L,2016-06-22,,90,no_prelist_issue_for_freq,2016-06-22,2016-06-22,2026-05-07,2396,7188,7188,2396,0,0,0,0,
002802.SZ,洪汇新材,L,2016-06-29,,90,no_prelist_issue_for_freq,2016-06-29,2016-06-29,2026-05-07,2391,7173,7173,2391,0,0,0,0,
002803.SZ,吉宏股份,L,2016-07-12,,90,no_prelist_issue_for_freq,2016-07-12,2016-07-12,2026-05-07,2381,7143,7143,2381,0,0,0,0,
002805.SZ,丰元股份,L,2016-07-07,,90,no_prelist_issue_for_freq,2016-07-07,2016-07-07,2026-05-07,2385,7155,7155,2385,0,0,0,0,
002806.SZ,华锋股份,L,2016-07-26,,90,no_prelist_issue_for_freq,2016-07-26,2016-07-26,2026-05-07,2372,7116,7116,2372,0,0,0,0,
002807.SZ,江阴银行,L,2016-09-02,,90,no_prelist_issue_for_freq,2016-09-02,2016-09-02,2026-05-07,2344,7032,7032,2344,0,0,0,0,
002808.SZ,*ST恒久,L,2016-08-12,,90,no_prelist_issue_for_freq,2016-08-12,2016-08-12,2026-05-07,2359,7077,7077,2359,0,0,0,0,
002809.SZ,红墙股份,L,2016-08-23,,90,no_prelist_issue_for_freq,2016-08-23,2016-08-23,2026-05-07,2352,7056,7056,2352,0,0,0,0,
002810.SZ,山东赫达,L,2016-08-26,,90,no_prelist_issue_for_freq,2016-08-26,2016-08-26,2026-05-07,2349,7047,7047,2349,0,0,0,0,
002811.SZ,郑中设计,L,2016-09-08,,90,no_prelist_issue_for_freq,2016-09-08,2016-09-08,2026-05-07,2340,7020,7020,2340,0,0,0,0,
002812.SZ,恩捷股份,L,2016-09-14,,90,no_prelist_issue_for_freq,2016-09-14,2016-09-14,2026-05-07,2335,7005,7005,2335,0,0,0,0,
002813.SZ,路畅科技,L,2016-10-12,,90,no_prelist_issue_for_freq,2016-10-12,2016-10-12,2026-05-07,2323,6969,6969,2323,0,0,0,0,
002815.SZ,崇达技术,L,2016-10-12,,90,no_prelist_issue_for_freq,2016-10-12,2016-10-12,2026-05-07,2323,6969,6969,2323,0,0,0,0,
002816.SZ,*ST和科,L,2016-10-25,,90,no_prelist_issue_for_freq,2016-10-25,2016-10-25,2026-05-07,2313,6939,6939,2313,0,0,0,0,
002817.SZ,黄山胶囊,L,2016-10-25,,90,no_prelist_issue_for_freq,2016-10-25,2016-10-25,2026-05-07,2314,6942,6942,2314,0,0,0,0,
300502.SZ,新易盛,L,2016-03-03,,90,no_prelist_issue_for_freq,2016-03-03,2016-03-03,2026-05-07,2471,7413,7413,2471,0,0,0,0,
300503.SZ,昊志机电,L,2016-03-09,,90,no_prelist_issue_for_freq,2016-03-09,2016-03-09,2026-05-07,2467,7401,7401,2467,0,0,0,0,
300505.SZ,川金诺,L,2016-03-15,,90,no_prelist_issue_for_freq,2016-03-15,2016-03-15,2026-05-07,2463,7389,7389,2463,0,0,0,0,
300517.SZ,海波重科,L,2016-07-19,,90,no_prelist_issue_for_freq,2016-07-19,2016-07-19,2026-05-07,2377,7131,7131,2377,0,0,0,0,
300518.SZ,新迅达,L,2016-06-24,,90,no_prelist_issue_for_freq,2016-06-24,2016-06-24,2026-05-07,2393,7179,7179,2393,0,0,0,0,
300519.SZ,新光药业,L,2016-06-24,,90,no_prelist_issue_for_freq,2016-06-24,2016-06-24,2026-05-07,2394,7182,7182,2394,0,0,0,0,
300520.SZ,科大国创,L,2016-07-08,,90,no_prelist_issue_for_freq,2016-07-08,2016-07-08,2026-05-07,2384,7152,7152,2384,0,0,0,0,
300521.SZ,爱司凯,L,2016-07-05,,90,no_prelist_issue_for_freq,2016-07-05,2016-07-05,2026-05-07,2387,7161,7161,2387,0,0,0,0,
300522.SZ,世名科技,L,2016-07-05,,90,no_prelist_issue_for_freq,2016-07-05,2016-07-05,2026-05-07,2387,7161,7161,2387,0,0,0,0,
300523.SZ,辰安科技,L,2016-07-26,,90,no_prelist_issue_for_freq,2016-07-26,2016-07-26,2026-05-07,2372,7116,7116,2372,0,0,0,0,
300525.SZ,博思软件,L,2016-07-26,,90,no_prelist_issue_for_freq,2016-07-26,2016-07-26,2026-05-07,2372,7116,7116,2372,0,0,0,0,
300526.SZ,中潜退(退),D,2016-08-02,2023-07-12,90,missing_freq,,,,0,,,0,0,0,0,0,
300527.SZ,ST应急,L,2016-08-05,,90,no_prelist_issue_for_freq,2016-08-05,2016-08-05,2026-05-07,2364,7092,7092,2364,0,0,0,0,
300528.SZ,幸福蓝海,L,2016-08-08,,90,no_prelist_issue_for_freq,2016-08-08,2016-08-08,2026-05-07,2363,7089,7089,2363,0,0,0,0,
300529.SZ,健帆生物,L,2016-08-02,,90,no_prelist_issue_for_freq,2016-08-02,2016-08-02,2026-05-07,2367,7101,7101,2367,0,0,0,0,
300530.SZ,领湃科技,L,2016-08-09,,90,no_prelist_issue_for_freq,2016-08-09,2016-08-09,2026-05-07,2362,7086,7086,2362,0,0,0,0,
300531.SZ,优博讯,L,2016-08-09,,90,no_prelist_issue_for_freq,2016-08-09,2016-08-09,2026-05-07,2362,7086,7086,2362,0,0,0,0,
300532.SZ,今天国际,L,2016-08-18,,90,no_prelist_issue_for_freq,2016-08-18,2016-08-18,2026-05-07,2355,7065,7065,2355,0,0,0,0,
300533.SZ,冰川网络,L,2016-08-18,,90,no_prelist_issue_for_freq,2016-08-18,2016-08-18,2026-05-07,2355,7065,7065,2355,0,0,0,0,
300534.SZ,陇神戎发,L,2016-09-13,,90,no_prelist_issue_for_freq,2016-09-13,2016-09-13,2026-05-07,2337,7011,7011,2337,0,0,0,0,
300535.SZ,达威股份,L,2016-08-12,,90,valid_before_list_date,2016-08-01,2016-08-01,2026-05-07,2360,7080,7080,2360,0,0,0,1,2016-08-01
300536.SZ,农尚环境,L,2016-09-20,,90,no_prelist_issue_for_freq,2016-09-20,2016-09-20,2026-05-07,2334,7002,7002,2334,0,0,0,0,
300537.SZ,广信材料,L,2016-08-30,,90,no_prelist_issue_for_freq,2016-08-30,2016-08-30,2026-05-07,2347,7041,7041,2347,0,0,0,0,
300538.SZ,同益股份,L,2016-08-26,,90,no_prelist_issue_for_freq,2016-08-26,2016-08-26,2026-05-07,2349,7047,7047,2349,0,0,0,0,
300539.SZ,横河精密,L,2016-08-30,,90,no_prelist_issue_for_freq,2016-08-30,2016-08-30,2026-05-07,2347,7041,7041,2347,0,0,0,0,
300540.SZ,蜀道装备,L,2016-08-23,,90,no_prelist_issue_for_freq,2016-08-23,2016-08-23,2026-05-07,2352,7056,7056,2352,0,0,0,0,
300541.SZ,先进数通,L,2016-09-13,,90,no_prelist_issue_for_freq,2016-09-13,2016-09-13,2026-05-07,2337,7011,7011,2337,0,0,0,0,
300542.SZ,新晨科技,L,2016-09-20,,90,no_prelist_issue_for_freq,2016-09-20,2016-09-20,2026-05-07,2334,7002,7002,2334,0,0,0,0,
300543.SZ,朗科智能,L,2016-09-08,,90,no_prelist_issue_for_freq,2016-09-08,2016-09-08,2026-05-07,2339,7017,7017,2339,0,0,0,0,
300545.SZ,联得装备,L,2016-09-28,,90,no_prelist_issue_for_freq,2016-09-28,2016-09-28,2026-05-07,2328,6984,6984,2328,0,0,0,0,
300546.SZ,雄帝科技,L,2016-09-28,,90,no_prelist_issue_for_freq,2016-09-28,2016-09-28,2026-05-07,2328,6984,6984,2328,0,0,0,0,
300547.SZ,川环科技,L,2016-09-30,,90,no_prelist_issue_for_freq,2016-09-30,2016-09-30,2026-05-07,2326,6978,6978,2326,0,0,0,0,
300548.SZ,长芯博创,L,2016-10-12,,90,no_prelist_issue_for_freq,2016-10-12,2016-10-12,2026-05-07,2323,6969,6969,2323,0,0,0,0,
300549.SZ,优德精密,L,2016-09-30,,90,no_prelist_issue_for_freq,2016-09-30,2016-09-30,2026-05-07,2326,6978,6978,2326,0,0,0,0,
300550.SZ,和仁科技,L,2016-10-18,,90,no_prelist_issue_for_freq,2016-10-18,2016-10-18,2026-05-07,2319,6957,6957,2319,0,0,0,0,
300551.SZ,古鳌科技,L,2016-10-18,,90,no_prelist_issue_for_freq,2016-10-18,2016-10-18,2026-05-07,2319,6957,6957,2319,0,0,0,0,
300552.SZ,万集科技,L,2016-10-21,,90,no_prelist_issue_for_freq,2016-10-21,2016-10-21,2026-05-07,2316,6948,6948,2316,0,0,0,0,
300553.SZ,集智股份,L,2016-10-21,,90,no_prelist_issue_for_freq,2016-10-21,2016-10-21,2026-05-07,2316,6948,6948,2316,0,0,0,0,
300555.SZ,ST路通,L,2016-10-18,,90,no_prelist_issue_for_freq,2016-10-18,2016-10-18,2026-05-07,2319,6957,6957,2319,0,0,0,0,
601717.SH,中创智领,L,2010-08-03,,90,no_prelist_issue_for_freq,2010-08-03,2010-08-03,2026-05-07,3822,11466,11466,3822,0,0,0,0,
920001.BJ,纬达光电,L,2022-12-27,,90,valid_before_list_date,2021-11-15,2022-01-07,2026-05-07,1019,3029,2914,981,38,38,38,235,2022-12-26
920002.BJ,万达轴承,L,2024-05-30,,90,only_invalid_before_list_date,2024-05-21,2024-05-30,2026-05-07,462,1473,1470,461,1,1,1,0,
920003.BJ,中诚咨询,L,2025-11-07,,90,only_invalid_before_list_date,2025-10-28,2025-11-07,2026-05-07,119,357,354,118,1,1,1,0,
920005.BJ,鼎佳精密,L,2025-07-31,,90,only_invalid_before_list_date,2025-07-22,2025-07-31,2026-05-07,181,543,540,180,1,1,1,0,
920006.BJ,晟楠科技,L,2023-05-18,,90,valid_before_list_date,2021-11-15,2021-11-15,2026-05-07,1019,3029,3029,1019,0,0,0,308,2023-05-17
920007.BJ,酉立智能,L,2025-08-08,,90,only_invalid_before_list_date,2025-07-29,2025-08-08,2026-05-07,176,528,525,175,1,1,1,0,
920008.BJ,成电光信,L,2024-08-29,,90,only_invalid_before_list_date,2024-08-20,2024-08-29,2026-05-07,398,1281,1278,397,1,1,1,0,
920009.BJ,丹娜生物,L,2025-11-03,,90,only_invalid_before_list_date,2025-10-22,2025-11-03,2026-05-07,123,369,366,122,1,1,1,0,
920014.BJ,特瑞斯,L,2022-12-13,,90,valid_before_list_date,2021-11-15,2021-11-15,2026-05-07,1019,3029,3029,1019,0,0,0,263,2022-12-12
920015.BJ,锦华新材,L,2025-09-25,,90,only_invalid_before_list_date,2025-09-16,2025-09-25,2026-05-07,143,429,426,142,1,1,1,0,
920016.BJ,中草香料,L,2024-09-13,,90,only_invalid_before_list_date,2024-09-03,2024-09-13,2026-05-07,387,1248,1245,386,1,1,1,0,
920017.BJ,星昊医药,L,2023-05-31,,90,valid_before_list_date,2021-11-15,2021-11-15,2026-05-07,1019,3029,3028,1019,0,0,0,317,2023-05-30
920018.BJ,宏远股份,L,2025-08-20,,90,only_invalid_before_list_date,2025-08-11,2025-08-20,2026-05-07,168,504,501,167,1,1,1,0,
920019.BJ,铜冠矿建,L,2024-10-11,,90,only_invalid_before_list_date,2024-09-18,2024-10-11,2026-05-07,374,1209,1206,373,1,1,1,0,
920020.BJ,泰凯英,L,2025-10-28,,90,only_invalid_before_list_date,2025-10-15,2025-10-28,2026-05-07,127,381,378,126,1,1,1,0,
920022.BJ,世昌股份,L,2025-09-19,,90,only_invalid_before_list_date,2025-09-09,2025-09-19,2026-05-07,147,441,438,146,1,1,1,0,
920023.BJ,田野股份,L,2023-02-02,,90,valid_before_list_date,2021-11-15,2021-11-15,2026-05-07,1019,3029,3029,1019,0,0,0,294,2023-02-01
920026.BJ,卓兆点胶,L,2023-10-19,,90,only_invalid_before_list_date,2022-06-24,2023-10-19,2026-05-07,872,2588,1914,609,263,263,263,0,
920027.BJ,交大铁发,L,2025-06-10,,90,only_invalid_before_list_date,2025-05-27,2025-06-10,2026-05-07,215,645,642,214,1,1,1,0,
920029.BJ,开发科技,L,2025-03-28,,90,only_invalid_before_list_date,2025-03-18,2025-03-28,2026-05-07,262,786,783,261,1,1,1,0,
920033.BJ,康普化学,L,2022-12-21,,90,valid_before_list_date,2021-11-15,2021-11-15,2026-05-07,1019,3029,3029,1019,0,0,0,269,2022-12-20
920037.BJ,广信科技,L,2025-06-26,,90,only_invalid_before_list_date,2025-06-17,2025-06-26,2026-05-07,203,609,606,202,1,1,1,0,
920046.BJ,亿能电力,L,2022-10-13,,90,valid_before_list_date,2021-11-15,2021-11-15,2026-05-07,1019,3029,3029,1019,0,0,0,220,2022-10-12
920056.BJ,能之光,L,2025-08-22,,90,only_invalid_before_list_date,2025-08-13,2025-08-22,2026-05-07,166,498,495,165,1,1,1,0,
920057.BJ,百甲科技,L,2023-03-14,,90,valid_before_list_date,2021-11-15,2021-11-15,2026-05-07,1019,3029,3028,1019,0,0,0,305,2023-02-16
920058.BJ,华洋赛车,L,2023-08-10,,90,valid_before_list_date,2021-11-15,2021-11-15,2026-05-07,1019,3029,3029,1019,0,0,0,366,2023-08-09
920060.BJ,万源通,L,2024-11-19,,90,only_invalid_before_list_date,2024-11-08,2024-11-19,2026-05-07,347,1041,1038,346,1,1,1,0,
920061.BJ,西磁科技,L,2023-12-21,,90,valid_before_list_date,2021-11-15,2021-11-15,2026-05-07,1019,3029,3029,1019,0,0,0,455,2023-12-20
920066.BJ,科拜尔,L,2024-10-31,,90,only_invalid_before_list_date,2024-10-22,2024-10-31,2026-05-07,360,1080,1077,359,1,1,1,0,
920068.BJ,XD天工股,L,2025-05-13,,90,only_invalid_before_list_date,2025-04-28,2025-05-13,2026-05-07,234,702,699,233,1,1,1,0,
920075.BJ,柏星龙,L,2022-12-14,,90,valid_before_list_date,2021-11-15,2021-11-15,2026-05-07,1019,3029,3028,1019,0,0,0,264,2022-12-13
920080.BJ,奥美森,L,2025-10-10,,90,only_invalid_before_list_date,2025-09-22,2025-10-10,2026-05-07,139,417,414,138,1,1,1,0,
920082.BJ,方正阀门,L,2024-12-26,,90,only_invalid_before_list_date,2024-12-17,2024-12-26,2026-05-07,321,963,960,320,1,1,1,0,
920087.BJ,秋乐种业,L,2022-12-07,,90,valid_before_list_date,2021-11-15,2021-11-15,2026-05-07,1019,3029,3029,1019,0,0,0,259,2022-12-06
920088.BJ,科力股份,L,2024-10-29,,90,only_invalid_before_list_date,2024-10-18,2024-10-29,2026-05-07,362,1173,1170,361,1,1,1,0,
920098.BJ,科隆新材,L,2024-12-05,,90,only_invalid_before_list_date,2024-11-26,2024-12-05,2026-05-07,336,1008,1005,335,1,1,1,0,
920099.BJ,瑞华技术,L,2024-09-25,,90,only_invalid_before_list_date,2024-09-10,2024-09-25,2026-05-07,381,1230,1227,380,1,1,1,0,
920100.BJ,三协电机,L,2025-09-08,,90,only_invalid_before_list_date,2025-08-26,2025-09-08,2026-05-07,156,468,465,155,1,1,1,0,
920101.BJ,志高机械,L,2025-08-14,,90,only_invalid_before_list_date,2025-08-05,2025-08-14,2026-05-07,172,516,513,171,1,1,1,0,
920106.BJ,林泰新材,L,2024-12-18,,90,only_invalid_before_list_date,2024-12-10,2024-12-18,2026-05-07,327,981,978,326,1,1,1,0,
920108.BJ,宏海科技,L,2025-02-06,,90,only_invalid_before_list_date,2025-01-17,2025-02-06,2026-05-07,298,894,891,297,1,1,1,0,
920110.BJ,雷特科技,L,2022-12-06,,90,valid_before_list_date,2021-11-15,2021-11-15,2026-05-07,1019,3029,3029,1019,0,0,0,258,2022-12-05
920111.BJ,聚星科技,L,2024-11-11,,90,only_invalid_before_list_date,2024-10-29,2024-11-11,2026-05-07,353,1059,1056,352,1,1,1,0,
920112.BJ,巴兰仕,L,2025-08-28,,90,only_invalid_before_list_date,2025-08-19,2025-08-28,2026-05-07,162,486,483,161,1,1,1,0,
920116.BJ,星图测控,L,2025-01-02,,90,only_invalid_before_list_date,2024-12-24,2025-01-02,2026-05-07,317,951,948,316,1,1,1,0,
920118.BJ,太湖远大,L,2024-08-22,,90,only_invalid_before_list_date,2024-08-13,2024-08-22,2026-05-07,403,1296,1293,402,1,1,1,0,
920122.BJ,中纺标,L,2022-09-27,,90,valid_before_list_date,2021-11-15,2021-11-15,2026-05-07,1019,3029,3029,1019,0,0,0,213,2022-09-26
920123.BJ,芭薇股份,L,2024-03-29,,90,valid_before_list_date,2021-11-15,2021-11-15,2026-05-07,1019,3029,3029,1019,0,0,0,519,2024-03-28
920128.BJ,胜业电气,L,2024-11-29,,90,only_invalid_before_list_date,2024-11-18,2024-11-29,2026-05-07,340,1020,1017,339,1,1,1,0,
920130.BJ,立方控股,L,2023-11-02,,90,valid_before_list_date,2021-11-15,2021-11-15,2026-05-07,1019,3029,3029,1019,0,0,0,420,2023-11-01
920132.BJ,泰鹏智能,L,2023-11-16,,90,valid_before_list_date,2021-11-15,2021-12-15,2026-05-07,1019,3029,2961,997,22,22,22,408,2023-11-15
920139.BJ,华岭股份,L,2022-10-28,,90,valid_before_list_date,2021-11-15,2021-11-15,2026-05-07,1019,3029,3029,1019,0,0,0,231,2022-10-27
920152.BJ,昆工科技,L,2022-09-01,,90,valid_before_list_date,2021-11-15,2021-11-15,2026-05-07,1019,3029,3029,1019,0,0,0,196,2022-08-31
920158.BJ,长江能科,L,2025-10-16,,90,only_invalid_before_list_date,2025-09-24,2025-10-16,2026-05-07,135,405,402,134,1,1,1,0,
920175.BJ,东方碳素,L,2023-06-30,,90,valid_before_list_date,2021-11-15,2021-11-15,2026-05-07,1019,3029,3029,1019,0,0,0,337,2023-06-29
920190.BJ,雷神科技,L,2022-12-23,,90,valid_before_list_date,2021-11-15,2021-11-15,2026-05-07,1019,3029,3029,1019,0,0,0,271,2022-12-22
920195.BJ,三祥科技,L,2022-12-30,,90,valid_before_list_date,2021-11-15,2021-11-15,2026-05-07,1019,3029,3029,1019,0,0,0,276,2022-12-29
920199.BJ,倍益康,L,2022-12-01,,90,valid_before_list_date,2021-11-15,2021-11-15,2026-05-07,1019,3029,3029,1019,0,0,0,255,2022-11-30
920207.BJ,众诚科技,L,2022-09-23,,90,valid_before_list_date,2021-11-15,2021-11-15,2026-05-07,1019,3029,3029,1019,0,0,0,211,2022-09-22
920208.BJ,青矩技术,L,2023-06-29,,90,valid_before_list_date,2021-11-15,2021-11-15,2026-05-07,1019,3029,3029,1019,0,0,0,336,2023-06-28
920221.BJ,易实精密,L,2023-06-08,,90,valid_before_list_date,2021-11-15,2021-11-15,2026-05-07,1019,3029,3029,1019,0,0,0,323,2023-06-07
920227.BJ,美登科技,L,2022-12-28,,90,valid_before_list_date,2021-11-15,2021-11-15,2026-05-07,1019,3029,3029,1019,0,0,0,274,2022-12-27
920230.BJ,欧康医药,L,2022-12-09,,90,valid_before_list_date,2021-11-15,2021-11-15,2026-05-07,1019,3029,3029,1019,0,0,0,261,2022-12-08
920237.BJ,力佳科技,L,2022-11-25,,90,valid_before_list_date,2021-11-15,2021-11-15,2026-05-07,1019,3029,3029,1019,0,0,0,251,2022-11-24
920247.BJ,华密新材,L,2022-12-23,,90,valid_before_list_date,2021-11-15,2021-11-15,2026-05-07,1019,3029,3029,1019,0,0,0,271,2022-12-22
920249.BJ,利尔达,L,2023-02-17,,90,valid_before_list_date,2021-11-15,2021-11-15,2026-05-07,1019,3029,3029,1019,0,0,0,305,2023-02-16
920252.BJ,天宏锂电,L,2023-01-19,,90,valid_before_list_date,2021-11-15,2021-11-15,2026-05-07,1019,3029,3029,1019,0,0,0,289,2023-01-18
920261.BJ,一诺威,L,2023-04-03,,90,valid_before_list_date,2021-11-15,2021-11-15,2026-05-07,1019,3029,3029,1019,0,0,0,305,2023-02-16
920262.BJ,太湖雪,L,2022-12-30,,90,valid_before_list_date,2021-11-15,2021-11-15,2026-05-07,1019,3029,3029,1019,0,0,0,276,2022-12-29
920270.BJ,天铭科技,L,2022-09-02,,90,valid_before_list_date,2021-11-15,2021-11-15,2026-05-07,1019,3029,3029,1019,0,0,0,197,2022-09-01
920273.BJ,一致魔芋,L,2023-02-21,,90,valid_before_list_date,2021-11-15,2021-11-15,2026-05-07,1019,3029,3029,1019,0,0,0,305,2023-02-16
920274.BJ,宏裕包材,L,2023-08-18,,90,valid_before_list_date,2021-11-15,2021-11-15,2026-05-07,1019,3029,3029,1019,0,0,0,372,2023-08-17
920284.BJ,灵鸽科技,L,2023-12-19,,90,valid_before_list_date,2021-11-15,2021-11-15,2026-05-07,1019,3029,3029,1019,0,0,0,453,2023-12-18
920300.BJ,辰光医疗,L,2022-12-07,,90,valid_before_list_date,2021-11-15,2021-11-15,2026-05-07,1019,3029,3029,1019,0,0,0,259,2022-12-06
920304.BJ,迪尔化工,L,2023-04-18,,90,valid_before_list_date,2021-11-15,2021-11-15,2026-05-07,1019,3029,3029,1019,0,0,0,305,2023-02-16
920339.BJ,恒太照明,L,2022-11-17,,90,valid_before_list_date,2021-11-15,2021-11-15,2026-05-07,1019,3029,3029,1019,0,0,0,245,2022-11-16
920351.BJ,华光源海,L,2022-12-29,,90,valid_before_list_date,2021-11-15,2021-11-15,2026-05-07,1019,3029,3028,1019,0,0,0,275,2022-12-28
920357.BJ,雅葆轩,L,2022-11-18,,90,valid_before_list_date,2021-11-15,2021-12-22,2026-05-07,1019,3029,2947,992,27,27,27,219,2022-11-17
920363.BJ,莱赛激光,L,2023-12-28,,90,only_invalid_before_list_date,2021-11-15,2023-12-28,2026-05-07,1019,3029,1764,559,460,460,460,0,
920367.BJ,新赣江,L,2023-02-09,,90,valid_before_list_date,2021-11-15,2021-11-15,2026-05-07,1019,3029,3029,1019,0,0,0,299,2023-02-08
920371.BJ,欧福蛋业,L,2023-01-18,,90,valid_before_list_date,2021-11-15,2022-03-30,2026-05-07,1019,3029,2756,928,91,91,90,197,2023-01-17
920374.BJ,云里物里,L,2022-11-29,,90,valid_before_list_date,2021-11-15,2021-11-15,2026-05-07,1019,3029,3029,1019,0,0,0,253,2022-11-28
920375.BJ,派诺科技,L,2023-12-14,,90,valid_before_list_date,2021-11-15,2021-11-15,2026-05-07,1019,3029,3029,1019,0,0,0,450,2023-12-13
920392.BJ,佳合科技,L,2022-12-30,,90,valid_before_list_date,2021-11-15,2021-11-15,2026-05-07,1019,3029,3029,1019,0,0,0,276,2022-12-29
920394.BJ,民士达,L,2023-04-25,,90,valid_before_list_date,2021-11-15,2021-11-15,2026-05-07,1019,3029,3029,1019,0,0,0,305,2023-02-16
920395.BJ,朗鸿科技,L,2022-09-01,,90,valid_before_list_date,2021-11-15,2021-11-15,2026-05-07,1019,3029,3028,1019,0,0,0,196,2022-08-31
920402.BJ,硅烷科技,L,2022-09-28,,90,valid_before_list_date,2021-11-15,2021-11-15,2026-05-07,1019,3029,3029,1019,0,0,0,214,2022-09-27
920403.BJ,康农种业,L,2024-01-18,,90,valid_before_list_date,2021-11-15,2021-11-15,2026-05-07,1019,3029,3029,1019,0,0,0,474,2024-01-17
920407.BJ,驰诚股份,L,2023-02-16,,90,valid_before_list_date,2021-11-15,2021-11-15,2026-05-07,1019,3029,3029,1019,0,0,0,304,2023-02-15
920414.BJ,欧普泰,L,2022-12-12,,90,valid_before_list_date,2021-11-15,2021-11-15,2026-05-07,1019,3029,3029,1019,0,0,0,262,2022-12-09
920422.BJ,润普食品,L,2023-03-01,,90,valid_before_list_date,2021-11-15,2021-11-15,2026-05-07,1019,3029,3029,1019,0,0,0,305,2023-02-16
920425.BJ,乐创技术,L,2023-01-30,,90,valid_before_list_date,2021-11-15,2021-11-15,2026-05-07,1019,3029,3029,1019,0,0,0,291,2023-01-20
920429.BJ,康比特,L,2022-12-15,,90,valid_before_list_date,2021-11-15,2021-11-15,2026-05-07,1019,3029,3028,1019,0,0,0,265,2022-12-14
920438.BJ,戈碧迦,L,2024-03-25,,90,valid_before_list_date,2021-11-15,2021-11-15,2026-05-07,1019,3029,3029,1019,0,0,0,515,2024-03-22
920455.BJ,汇隆活塞,L,2023-06-21,,90,valid_before_list_date,2021-11-15,2021-11-15,2026-05-07,1019,3029,3029,1019,0,0,0,332,2023-06-20
920469.BJ,富恒新材,L,2023-09-18,,90,valid_before_list_date,2021-11-15,2021-11-15,2026-05-07,1019,3029,3029,1019,0,0,0,393,2023-09-15
920471.BJ,美邦科技,L,2023-05-25,,90,valid_before_list_date,2021-11-15,2021-11-15,2026-05-07,1019,3029,3029,1019,0,0,0,313,2023-05-24
920476.BJ,海能技术,L,2022-10-14,,90,valid_before_list_date,2021-11-15,2021-11-15,2026-05-07,1019,3029,3029,1019,0,0,0,221,2022-10-13
920478.BJ,峆一药业,L,2023-02-23,,90,valid_before_list_date,2021-11-15,2021-11-15,2026-05-07,1019,3029,3029,1019,0,0,0,305,2023-02-16
920493.BJ,并行科技,L,2023-11-01,,90,valid_before_list_date,2021-11-15,2021-11-15,2026-05-07,1019,3029,3029,1019,0,0,0,419,2023-10-31
920496.BJ,许昌智能,L,2024-01-26,,90,valid_before_list_date,2021-11-15,2021-11-15,2026-05-07,1019,3029,3029,1019,0,0,0,480,2024-01-25
920504.BJ,博迅生物,L,2023-08-17,,90,valid_before_list_date,2021-11-15,2021-11-15,2026-05-07,1019,3029,3029,1019,0,0,0,371,2023-08-16
920505.BJ,九菱科技,L,2022-12-21,,90,valid_before_list_date,2021-11-15,2021-11-15,2026-05-07,1019,3029,3029,1019,0,0,0,269,2022-12-20
920519.BJ,万德股份,L,2023-09-15,,90,valid_before_list_date,2021-11-15,2021-11-15,2026-05-07,1019,3029,3029,1019,0,0,0,392,2023-09-14
920522.BJ,纳科诺尔,L,2023-11-16,,90,valid_before_list_date,2021-11-15,2021-11-15,2026-05-07,1019,3029,3029,1019,0,0,0,430,2023-11-15
920526.BJ,凯华材料,L,2022-12-22,,90,valid_before_list_date,2021-11-15,2021-11-15,2026-05-07,1019,3029,3028,1019,0,0,0,270,2022-12-21
920527.BJ,夜光明,L,2022-10-27,,90,valid_before_list_date,2021-11-15,2021-11-15,2026-05-07,1019,3029,3029,1019,0,0,0,230,2022-10-26
920541.BJ,铁大科技,L,2023-03-10,,90,valid_before_list_date,2021-11-15,2021-11-15,2026-05-07,1019,3029,3029,1019,0,0,0,305,2023-02-16
920547.BJ,无锡晶海,L,2023-12-12,,90,valid_before_list_date,2021-11-15,2022-08-24,2026-05-07,1019,3029,2486,829,190,190,190,258,2023-12-11
920556.BJ,雅达股份,L,2023-03-17,,90,valid_before_list_date,2021-11-15,2021-11-15,2026-05-07,1019,3029,3029,1019,0,0,0,305,2023-02-16
920570.BJ,坤博精工,L,2023-11-23,,90,valid_before_list_date,2021-11-15,2022-09-13,2026-05-07,1019,3029,2460,816,203,203,203,232,2023-11-22
920571.BJ,国航远洋,L,2022-12-15,,90,valid_before_list_date,2021-11-15,2021-11-15,2026-05-07,1019,3029,3028,1019,0,0,0,265,2022-12-14
920575.BJ,康乐卫士,L,2023-03-15,,90,valid_before_list_date,2021-11-15,2021-11-15,2026-05-07,1019,3029,3028,1019,0,0,0,305,2023-02-16
920576.BJ,天力复合,L,2023-07-12,,90,valid_before_list_date,2021-11-15,2021-11-15,2026-05-07,1019,3029,3029,1019,0,0,0,345,2023-07-11
920578.BJ,巨能股份,L,2023-05-12,,90,valid_before_list_date,2021-11-15,2021-11-15,2026-05-07,1019,3029,3029,1019,0,0,0,305,2023-02-16
920579.BJ,机科股份,L,2023-11-30,,90,valid_before_list_date,2021-11-15,2021-11-15,2026-05-07,1019,3029,3029,1019,0,0,0,440,2023-11-29
920592.BJ,华信永道,L,2023-07-10,,90,valid_before_list_date,2021-11-15,2021-11-15,2026-05-07,1019,3029,3029,1019,0,0,0,343,2023-07-07
920593.BJ,鼎智科技,L,2023-04-13,,90,valid_before_list_date,2021-11-15,2022-02-21,2026-05-07,1019,3029,2837,955,64,64,63,241,2023-02-16
920608.BJ,丰安股份,L,2022-12-16,,90,valid_before_list_date,2021-11-15,2021-11-15,2026-05-07,1019,3029,3029,1019,0,0,0,266,2022-12-15
920627.BJ,力王股份,L,2023-09-07,,90,valid_before_list_date,2021-11-15,2021-11-15,2026-05-07,1019,3029,3029,1019,0,0,0,386,2023-09-06
920634.BJ,新威凌,L,2022-11-24,,90,valid_before_list_date,2021-11-15,2021-11-15,2026-05-07,1019,3029,3029,1019,0,0,0,250,2022-11-23
920641.BJ,格利尔,L,2022-12-02,,90,valid_before_list_date,2021-11-15,2021-11-15,2026-05-07,1019,3029,3029,1019,0,0,0,256,2022-12-01
920651.BJ,天罡股份,L,2023-06-27,,90,valid_before_list_date,2021-11-15,2021-11-15,2026-05-07,1019,3029,3029,1019,0,0,0,334,2023-06-26
920656.BJ,海昇药业,L,2024-02-02,,90,valid_before_list_date,2021-11-15,2021-11-15,2026-05-07,1019,3029,3029,1019,0,0,0,485,2024-02-01
920662.BJ,方盛股份,L,2022-11-28,,90,valid_before_list_date,2021-11-15,2021-11-15,2026-05-07,1019,3029,3029,1019,0,0,0,252,2022-11-25
920663.BJ,明阳科技,L,2023-03-15,,90,valid_before_list_date,2021-11-15,2021-11-15,2026-05-07,1019,3029,3029,1019,0,0,0,305,2023-02-16
920665.BJ,科强股份,L,2023-09-26,,90,valid_before_list_date,2022-02-21,2022-02-22,2026-05-07,955,2837,2834,954,1,1,0,334,2023-09-25
920679.BJ,前进科技,L,2023-11-10,,90,only_invalid_before_list_date,2022-03-25,2023-11-10,2026-05-07,931,2765,1866,593,338,338,338,0,
920685.BJ,新芝生物,L,2022-10-10,,90,valid_before_list_date,2021-11-15,2021-11-15,2026-05-07,1019,3029,3029,1019,0,0,0,217,2022-09-30
920690.BJ,捷众科技,L,2024-01-05,,90,valid_before_list_date,2022-05-27,2022-05-27,2026-05-07,891,2645,2644,891,0,0,0,337,2024-01-04
920693.BJ,阿为特,L,2023-10-27,,90,only_invalid_before_list_date,2022-06-16,2023-10-27,2026-05-07,878,2606,1896,603,275,275,275,0,
920694.BJ,中裕科技,L,2023-04-24,,90,valid_before_list_date,2021-11-15,2021-11-15,2026-05-07,1019,3029,3029,1019,0,0,0,305,2023-02-16
920699.BJ,海达尔,L,2023-05-09,,90,only_invalid_before_list_date,2021-11-15,2023-05-15,2026-05-07,1019,3029,2229,714,305,305,305,0,
920701.BJ,豪声电子,L,2023-07-19,,90,valid_before_list_date,2021-11-15,2021-11-15,2026-05-07,1019,3029,3029,1019,0,0,0,350,2023-07-18
920703.BJ,广厦环能,L,2023-12-05,,90,only_invalid_before_list_date,2022-05-11,2023-12-05,2026-05-07,903,2681,1815,576,327,327,327,0,
920706.BJ,铁拓机械,L,2024-03-08,,90,valid_before_list_date,2022-05-26,2022-05-27,2026-05-07,892,2648,2643,891,1,1,1,376,2024-03-07
920717.BJ,瑞星股份,L,2023-07-03,,90,valid_before_list_date,2021-11-15,2021-11-15,2026-05-07,1019,3029,3028,1019,0,0,0,338,2023-06-30
920718.BJ,合肥高科,L,2022-12-22,,90,valid_before_list_date,2021-11-15,2021-11-15,2026-05-07,1019,3029,3029,1019,0,0,0,270,2022-12-21
920719.BJ,宁新新材,L,2023-05-26,,90,valid_before_list_date,2021-11-15,2021-11-15,2026-05-07,1019,3029,3029,1019,0,0,0,314,2023-05-25
920725.BJ,惠丰钻石,L,2022-07-18,,90,valid_before_list_date,2021-11-15,2021-11-15,2026-05-07,1019,3029,3029,1019,0,0,0,163,2022-07-15
920748.BJ,路桥信息,L,2023-08-16,,90,valid_before_list_date,2021-11-15,2021-11-15,2026-05-07,1019,3029,3029,1019,0,0,0,370,2023-08-15
920751.BJ,惠同新材,L,2023-07-17,,90,valid_before_list_date,2021-11-15,2021-11-15,2026-05-07,1019,3029,3029,1019,0,0,0,348,2023-07-14
920753.BJ,天纺标,L,2022-10-31,,90,valid_before_list_date,2021-11-15,2021-11-15,2026-05-07,1019,3029,3029,1019,0,0,0,232,2022-10-28
920770.BJ,艾能聚,L,2023-02-28,,90,valid_before_list_date,2021-11-15,2021-11-15,2026-05-07,1019,3029,3029,1019,0,0,0,305,2023-02-16
920779.BJ,武汉蓝电,L,2023-06-01,,90,valid_before_list_date,2021-11-15,2021-11-15,2026-05-07,1019,3029,3029,1019,0,0,0,318,2023-05-31
920781.BJ,瑞奇智造,L,2022-12-26,,90,valid_before_list_date,2021-11-15,2021-11-15,2026-05-07,1019,3029,3028,1019,0,0,0,272,2022-12-23
920786.BJ,骑士乳业,L,2023-10-13,,90,valid_before_list_date,2021-11-15,2021-11-15,2026-05-07,1019,3029,3029,1019,0,0,0,406,2023-10-12
920790.BJ,联迪信息,L,2022-09-02,,90,valid_before_list_date,2021-11-15,2021-11-15,2026-05-07,1019,3029,3029,1019,0,0,0,197,2022-09-01
920792.BJ,东和新材,L,2023-03-30,,90,valid_before_list_date,2021-11-15,2021-11-15,2026-05-07,1019,3029,3029,1019,0,0,0,305,2023-02-16
920802.BJ,保丽洁,L,2023-02-06,,90,valid_before_list_date,2021-11-15,2021-11-15,2026-05-07,1019,3029,3028,1019,0,0,0,296,2023-02-03
920806.BJ,云星宇,L,2024-01-11,,90,only_invalid_before_list_date,2022-08-18,2024-01-11,2026-05-07,833,2495,1737,550,283,283,283,0,
920807.BJ,奔朗新材,L,2022-12-20,,90,valid_before_list_date,2021-11-15,2021-11-15,2026-05-07,1019,3029,3029,1019,0,0,0,268,2022-12-19
920808.BJ,曙光数创,L,2022-11-18,,90,valid_before_list_date,2021-11-15,2021-11-15,2026-05-07,1019,3029,3028,1019,0,0,0,246,2022-11-17
920809.BJ,安达科技,L,2023-03-23,,90,valid_before_list_date,2021-11-15,2021-11-15,2026-05-07,1019,3029,3029,1019,0,0,0,305,2023-02-16
920810.BJ,春光智能,L,2022-12-16,,90,valid_before_list_date,2021-11-15,2021-11-15,2026-05-07,1019,3029,3029,1019,0,0,0,266,2022-12-15
920833.BJ,美心翼申,L,2023-11-08,,90,valid_before_list_date,2022-06-30,2022-06-30,2026-05-07,868,2576,2574,868,0,0,0,273,2023-11-07
920834.BJ,三维装备,L,2022-08-22,,90,valid_before_list_date,2021-11-15,2021-11-15,2026-05-07,1019,3029,3029,1019,0,0,0,188,2022-08-19
920837.BJ,华原股份,L,2023-05-15,,90,valid_before_list_date,2021-11-15,2022-06-06,2026-05-07,1019,3029,2628,886,133,133,133,172,2023-02-16
920855.BJ,浙江大农,L,2022-12-29,,90,valid_before_list_date,2021-11-15,2021-11-15,2026-05-07,1019,3029,3029,1019,0,0,0,275,2022-12-28
920866.BJ,绿亨科技,L,2022-12-09,,90,valid_before_list_date,2021-11-15,2021-11-15,2026-05-07,1019,3029,3029,1019,0,0,0,261,2022-12-08
920871.BJ,派特尔,L,2022-07-22,,90,valid_before_list_date,2021-11-15,2021-11-15,2026-05-07,1019,3029,3029,1019,0,0,0,167,2022-07-21
920876.BJ,慧为智能,L,2022-11-09,,90,valid_before_list_date,2021-11-15,2021-11-15,2026-05-07,1019,3029,3029,1019,0,0,0,239,2022-11-08
920879.BJ,基康技术,L,2022-12-20,,90,valid_before_list_date,2021-11-15,2021-11-15,2026-05-07,1019,3029,3028,1019,0,0,0,268,2022-12-19
920895.BJ,花溪科技,L,2023-04-06,,90,valid_before_list_date,2021-11-15,2021-11-15,2026-05-07,1019,3029,3029,1019,0,0,0,305,2023-02-16
920896.BJ,旺成科技,L,2023-04-19,,90,valid_before_list_date,2021-11-15,2021-11-15,2026-05-07,1019,3029,3029,1019,0,0,0,305,2023-02-16
920906.BJ,舜宇精工,L,2023-02-22,,90,valid_before_list_date,2021-11-15,2021-11-15,2026-05-07,1019,3029,3029,1019,0,0,0,305,2023-02-16
920914.BJ,远航精密,L,2022-11-11,,90,valid_before_list_date,2021-11-15,2021-11-15,2026-05-07,1019,3029,3029,1019,0,0,0,241,2022-11-10
920926.BJ,鸿智科技,L,2023-08-08,,90,only_invalid_before_list_date,2021-11-15,2023-08-08,2026-05-07,1019,3029,2052,655,364,364,364,0,
920931.BJ,无锡鼎邦,L,2024-04-08,,90,valid_before_list_date,2021-11-15,2021-11-15,2026-05-07,1019,3029,3029,1019,0,0,0,523,2024-04-03
920942.BJ,恒立钻具,L,2022-12-08,,90,valid_before_list_date,2021-11-15,2021-11-15,2026-05-07,1019,3029,3029,1019,0,0,0,260,2022-12-07
920950.BJ,迅安科技,L,2023-01-11,,90,only_invalid_before_list_date,2021-11-15,2023-01-11,2026-05-07,1019,3029,2295,736,283,283,283,0,
920953.BJ,国子软件,L,2023-08-23,,90,only_invalid_before_list_date,2021-11-15,2023-08-23,2026-05-07,1019,3029,2019,644,375,375,375,0,
920957.BJ,汉维科技,L,2022-12-14,,90,valid_before_list_date,2021-11-15,2021-11-15,2026-05-07,1019,3029,3029,1019,0,0,0,264,2022-12-13
920971.BJ,天马新材,L,2022-09-27,,90,valid_before_list_date,2021-11-15,2021-11-15,2026-05-07,1019,3029,3028,1019,0,0,0,213,2022-09-26
920974.BJ,凯大催化,L,2023-03-08,,90,valid_before_list_date,2021-11-15,2021-11-15,2026-05-07,1019,3029,3029,1019,0,0,0,305,2023-02-16
920976.BJ,视声智能,L,2023-09-01,,90,valid_before_list_date,2021-11-15,2021-11-15,2026-05-07,1019,3029,3029,1019,0,0,0,382,2023-08-31
920978.BJ,开特股份,L,2023-09-28,,90,valid_before_list_date,2021-11-15,2021-11-15,2026-05-07,1019,3029,3029,1019,0,0,0,401,2023-09-27
920982.BJ,锦波生物,L,2023-07-20,,90,valid_before_list_date,2021-11-15,2021-11-15,2026-05-07,1019,3029,3029,1019,0,0,0,351,2023-07-19
920985.BJ,海泰新能,L,2022-08-08,,90,valid_before_list_date,2021-11-15,2021-11-15,2026-05-07,1019,3029,3029,1019,0,0,0,178,2022-08-05
920992.BJ,中科美菱,L,2022-10-18,,90,valid_before_list_date,2021-11-15,2021-11-15,2026-05-07,1019,3029,3028,1019,0,0,0,223,2022-10-17
002789.SZ,*ST建艺,L,2016-03-11,,120,no_prelist_issue_for_freq,2016-03-11,2016-03-11,2026-05-07,2465,4930,4930,2465,0,0,0,0,
002790.SZ,瑞尔特,L,2016-03-08,,120,no_prelist_issue_for_freq,2016-03-08,2016-03-08,2026-05-07,2468,4936,4936,2468,0,0,0,0,
002801.SZ,微光股份,L,2016-06-22,,120,no_prelist_issue_for_freq,2016-06-22,2016-06-22,2026-05-07,2396,4792,4792,2396,0,0,0,0,
002802.SZ,洪汇新材,L,2016-06-29,,120,no_prelist_issue_for_freq,2016-06-29,2016-06-29,2026-05-07,2391,4782,4782,2391,0,0,0,0,
002803.SZ,吉宏股份,L,2016-07-12,,120,no_prelist_issue_for_freq,2016-07-12,2016-07-12,2026-05-07,2381,4762,4762,2381,0,0,0,0,
002805.SZ,丰元股份,L,2016-07-07,,120,no_prelist_issue_for_freq,2016-07-07,2016-07-07,2026-05-07,2385,4770,4770,2385,0,0,0,0,
002806.SZ,华锋股份,L,2016-07-26,,120,no_prelist_issue_for_freq,2016-07-26,2016-07-26,2026-05-07,2372,4744,4744,2372,0,0,0,0,
002807.SZ,江阴银行,L,2016-09-02,,120,no_prelist_issue_for_freq,2016-09-02,2016-09-02,2026-05-07,2344,4688,4688,2344,0,0,0,0,
002808.SZ,*ST恒久,L,2016-08-12,,120,no_prelist_issue_for_freq,2016-08-12,2016-08-12,2026-05-07,2359,4718,4718,2359,0,0,0,0,
002809.SZ,红墙股份,L,2016-08-23,,120,no_prelist_issue_for_freq,2016-08-23,2016-08-23,2026-05-07,2352,4704,4704,2352,0,0,0,0,
002810.SZ,山东赫达,L,2016-08-26,,120,no_prelist_issue_for_freq,2016-08-26,2016-08-26,2026-05-07,2349,4698,4698,2349,0,0,0,0,
002811.SZ,郑中设计,L,2016-09-08,,120,no_prelist_issue_for_freq,2016-09-08,2016-09-08,2026-05-07,2340,4680,4680,2340,0,0,0,0,
002812.SZ,恩捷股份,L,2016-09-14,,120,no_prelist_issue_for_freq,2016-09-14,2016-09-14,2026-05-07,2335,4670,4670,2335,0,0,0,0,
002813.SZ,路畅科技,L,2016-10-12,,120,no_prelist_issue_for_freq,2016-10-12,2016-10-12,2026-05-07,2323,4646,4646,2323,0,0,0,0,
002815.SZ,崇达技术,L,2016-10-12,,120,no_prelist_issue_for_freq,2016-10-12,2016-10-12,2026-05-07,2323,4646,4646,2323,0,0,0,0,
002816.SZ,*ST和科,L,2016-10-25,,120,no_prelist_issue_for_freq,2016-10-25,2016-10-25,2026-05-07,2313,4626,4626,2313,0,0,0,0,
002817.SZ,黄山胶囊,L,2016-10-25,,120,no_prelist_issue_for_freq,2016-10-25,2016-10-25,2026-05-07,2314,4628,4628,2314,0,0,0,0,
300502.SZ,新易盛,L,2016-03-03,,120,no_prelist_issue_for_freq,2016-03-03,2016-03-03,2026-05-07,2471,4942,4942,2471,0,0,0,0,
300503.SZ,昊志机电,L,2016-03-09,,120,no_prelist_issue_for_freq,2016-03-09,2016-03-09,2026-05-07,2467,4934,4934,2467,0,0,0,0,
300505.SZ,川金诺,L,2016-03-15,,120,no_prelist_issue_for_freq,2016-03-15,2016-03-15,2026-05-07,2463,4926,4926,2463,0,0,0,0,
300517.SZ,海波重科,L,2016-07-19,,120,no_prelist_issue_for_freq,2016-07-19,2016-07-19,2026-05-07,2377,4754,4754,2377,0,0,0,0,
300518.SZ,新迅达,L,2016-06-24,,120,no_prelist_issue_for_freq,2016-06-24,2016-06-24,2026-05-07,2393,4786,4786,2393,0,0,0,0,
300519.SZ,新光药业,L,2016-06-24,,120,no_prelist_issue_for_freq,2016-06-24,2016-06-24,2026-05-07,2394,4788,4788,2394,0,0,0,0,
300520.SZ,科大国创,L,2016-07-08,,120,no_prelist_issue_for_freq,2016-07-08,2016-07-08,2026-05-07,2384,4768,4768,2384,0,0,0,0,
300521.SZ,爱司凯,L,2016-07-05,,120,no_prelist_issue_for_freq,2016-07-05,2016-07-05,2026-05-07,2387,4774,4774,2387,0,0,0,0,
300522.SZ,世名科技,L,2016-07-05,,120,no_prelist_issue_for_freq,2016-07-05,2016-07-05,2026-05-07,2387,4774,4774,2387,0,0,0,0,
300523.SZ,辰安科技,L,2016-07-26,,120,no_prelist_issue_for_freq,2016-07-26,2016-07-26,2026-05-07,2372,4744,4744,2372,0,0,0,0,
300525.SZ,博思软件,L,2016-07-26,,120,no_prelist_issue_for_freq,2016-07-26,2016-07-26,2026-05-07,2372,4744,4744,2372,0,0,0,0,
300526.SZ,中潜退(退),D,2016-08-02,2023-07-12,120,missing_freq,,,,0,,,0,0,0,0,0,
300527.SZ,ST应急,L,2016-08-05,,120,no_prelist_issue_for_freq,2016-08-05,2016-08-05,2026-05-07,2364,4728,4728,2364,0,0,0,0,
300528.SZ,幸福蓝海,L,2016-08-08,,120,no_prelist_issue_for_freq,2016-08-08,2016-08-08,2026-05-07,2363,4726,4726,2363,0,0,0,0,
300529.SZ,健帆生物,L,2016-08-02,,120,no_prelist_issue_for_freq,2016-08-02,2016-08-02,2026-05-07,2367,4734,4734,2367,0,0,0,0,
300530.SZ,领湃科技,L,2016-08-09,,120,no_prelist_issue_for_freq,2016-08-09,2016-08-09,2026-05-07,2362,4724,4724,2362,0,0,0,0,
300531.SZ,优博讯,L,2016-08-09,,120,no_prelist_issue_for_freq,2016-08-09,2016-08-09,2026-05-07,2362,4724,4724,2362,0,0,0,0,
300532.SZ,今天国际,L,2016-08-18,,120,no_prelist_issue_for_freq,2016-08-18,2016-08-18,2026-05-07,2355,4710,4710,2355,0,0,0,0,
300533.SZ,冰川网络,L,2016-08-18,,120,no_prelist_issue_for_freq,2016-08-18,2016-08-18,2026-05-07,2355,4710,4710,2355,0,0,0,0,
300534.SZ,陇神戎发,L,2016-09-13,,120,no_prelist_issue_for_freq,2016-09-13,2016-09-13,2026-05-07,2337,4674,4674,2337,0,0,0,0,
300535.SZ,达威股份,L,2016-08-12,,120,no_prelist_issue_for_freq,2016-08-12,2016-08-12,2026-05-07,2359,4718,4718,2359,0,0,0,0,
300536.SZ,农尚环境,L,2016-09-20,,120,no_prelist_issue_for_freq,2016-09-20,2016-09-20,2026-05-07,2334,4668,4668,2334,0,0,0,0,
300537.SZ,广信材料,L,2016-08-30,,120,no_prelist_issue_for_freq,2016-08-30,2016-08-30,2026-05-07,2347,4694,4694,2347,0,0,0,0,
300538.SZ,同益股份,L,2016-08-26,,120,no_prelist_issue_for_freq,2016-08-26,2016-08-26,2026-05-07,2349,4698,4698,2349,0,0,0,0,
300539.SZ,横河精密,L,2016-08-30,,120,no_prelist_issue_for_freq,2016-08-30,2016-08-30,2026-05-07,2347,4694,4694,2347,0,0,0,0,
300540.SZ,蜀道装备,L,2016-08-23,,120,no_prelist_issue_for_freq,2016-08-23,2016-08-23,2026-05-07,2352,4704,4704,2352,0,0,0,0,
300541.SZ,先进数通,L,2016-09-13,,120,no_prelist_issue_for_freq,2016-09-13,2016-09-13,2026-05-07,2337,4674,4674,2337,0,0,0,0,
300542.SZ,新晨科技,L,2016-09-20,,120,no_prelist_issue_for_freq,2016-09-20,2016-09-20,2026-05-07,2334,4668,4668,2334,0,0,0,0,
300543.SZ,朗科智能,L,2016-09-08,,120,no_prelist_issue_for_freq,2016-09-08,2016-09-08,2026-04-30,2337,4674,4674,2337,0,0,0,0,
300545.SZ,联得装备,L,2016-09-28,,120,no_prelist_issue_for_freq,2016-09-28,2016-09-28,2026-05-07,2328,4656,4656,2328,0,0,0,0,
300546.SZ,雄帝科技,L,2016-09-28,,120,no_prelist_issue_for_freq,2016-09-28,2016-09-28,2026-05-07,2328,4656,4656,2328,0,0,0,0,
300547.SZ,川环科技,L,2016-09-30,,120,no_prelist_issue_for_freq,2016-09-30,2016-09-30,2026-05-07,2326,4652,4652,2326,0,0,0,0,
300548.SZ,长芯博创,L,2016-10-12,,120,no_prelist_issue_for_freq,2016-10-12,2016-10-12,2026-05-07,2323,4646,4646,2323,0,0,0,0,
300549.SZ,优德精密,L,2016-09-30,,120,no_prelist_issue_for_freq,2016-09-30,2016-09-30,2026-05-07,2326,4652,4652,2326,0,0,0,0,
300550.SZ,和仁科技,L,2016-10-18,,120,no_prelist_issue_for_freq,2016-10-18,2016-10-18,2026-05-07,2319,4638,4638,2319,0,0,0,0,
300551.SZ,古鳌科技,L,2016-10-18,,120,no_prelist_issue_for_freq,2016-10-18,2016-10-18,2026-05-07,2319,4638,4638,2319,0,0,0,0,
300552.SZ,万集科技,L,2016-10-21,,120,no_prelist_issue_for_freq,2016-10-21,2016-10-21,2026-05-07,2316,4632,4632,2316,0,0,0,0,
300553.SZ,集智股份,L,2016-10-21,,120,no_prelist_issue_for_freq,2016-10-21,2016-10-21,2026-05-07,2316,4632,4632,2316,0,0,0,0,
300555.SZ,ST路通,L,2016-10-18,,120,no_prelist_issue_for_freq,2016-10-18,2016-10-18,2026-05-07,2319,4638,4638,2319,0,0,0,0,
601717.SH,中创智领,L,2010-08-03,,120,no_prelist_issue_for_freq,2010-08-03,2010-08-03,2026-05-07,3822,7644,7644,3822,0,0,0,0,
920001.BJ,纬达光电,L,2022-12-27,,120,valid_before_list_date,2021-11-15,2022-01-07,2026-05-07,1075,3234,3119,1037,38,38,38,235,2022-12-26
920002.BJ,万达轴承,L,2024-05-30,,120,only_invalid_before_list_date,2024-05-21,2024-05-30,2026-05-07,461,1392,1389,460,1,1,1,0,
920003.BJ,中诚咨询,L,2025-11-07,,120,only_invalid_before_list_date,2025-10-28,2025-11-07,2026-05-07,119,239,236,118,1,1,1,0,
920005.BJ,鼎佳精密,L,2025-07-31,,120,only_invalid_before_list_date,2025-07-22,2025-07-31,2026-05-07,181,420,417,180,1,1,1,0,
920006.BJ,晟楠科技,L,2023-05-18,,120,valid_before_list_date,2021-11-15,2021-11-15,2026-05-07,1075,3234,3234,1075,0,0,0,365,2023-05-17
920007.BJ,酉立智能,L,2025-08-08,,120,only_invalid_before_list_date,2025-07-29,2025-08-08,2026-05-07,176,405,402,175,1,1,1,0,
920008.BJ,成电光信,L,2024-08-29,,120,only_invalid_before_list_date,2024-08-20,2024-08-29,2026-05-07,397,1200,1197,396,1,1,1,0,
920009.BJ,丹娜生物,L,2025-11-03,,120,only_invalid_before_list_date,2025-10-22,2025-11-03,2026-05-07,123,247,244,122,1,1,1,0,
920014.BJ,特瑞斯,L,2022-12-13,,120,valid_before_list_date,2021-11-15,2021-11-15,2026-05-07,1075,3234,3234,1075,0,0,0,263,2022-12-12
920015.BJ,锦华新材,L,2025-09-25,,120,only_invalid_before_list_date,2025-09-16,2025-09-25,2026-05-07,143,306,303,142,1,1,1,0,
920016.BJ,中草香料,L,2024-09-13,,120,only_invalid_before_list_date,2024-09-03,2024-09-13,2026-05-07,386,1167,1164,385,1,1,1,0,
920017.BJ,星昊医药,L,2023-05-31,,120,valid_before_list_date,2021-11-15,2021-11-15,2026-05-07,1075,3234,3233,1075,0,0,0,374,2023-05-30
920018.BJ,宏远股份,L,2025-08-20,,120,only_invalid_before_list_date,2025-08-11,2025-08-20,2026-05-07,168,381,378,167,1,1,1,0,
920019.BJ,铜冠矿建,L,2024-10-11,,120,only_invalid_before_list_date,2024-09-18,2024-10-11,2026-05-07,373,1128,1125,372,1,1,1,0,
920020.BJ,泰凯英,L,2025-10-28,,120,only_invalid_before_list_date,2025-10-15,2025-10-28,2026-05-07,127,258,255,126,1,1,1,0,
920022.BJ,世昌股份,L,2025-09-19,,120,only_invalid_before_list_date,2025-09-09,2025-09-19,2026-05-07,147,318,315,146,1,1,1,0,
920023.BJ,田野股份,L,2023-02-02,,120,valid_before_list_date,2021-11-15,2021-11-15,2026-05-07,1075,3234,3234,1075,0,0,0,294,2023-02-01
920026.BJ,卓兆点胶,L,2023-10-19,,120,only_invalid_before_list_date,2022-06-24,2023-10-19,2026-05-07,928,2793,1833,608,320,320,320,0,
920027.BJ,交大铁发,L,2025-06-10,,120,only_invalid_before_list_date,2025-05-27,2025-06-10,2026-05-07,214,519,516,213,1,1,1,0,
920029.BJ,开发科技,L,2025-03-28,,120,only_invalid_before_list_date,2025-03-18,2025-03-28,2026-05-07,261,660,657,260,1,1,1,0,
920033.BJ,康普化学,L,2022-12-21,,120,valid_before_list_date,2021-11-15,2021-11-15,2026-05-07,1075,3234,3234,1075,0,0,0,269,2022-12-20
920037.BJ,广信科技,L,2025-06-26,,120,only_invalid_before_list_date,2025-06-17,2025-06-26,2026-05-07,202,483,480,201,1,1,1,0,
920046.BJ,亿能电力,L,2022-10-13,,120,valid_before_list_date,2021-11-15,2021-11-15,2026-05-07,1075,3234,3234,1075,0,0,0,220,2022-10-12
920056.BJ,能之光,L,2025-08-22,,120,only_invalid_before_list_date,2025-08-13,2025-08-22,2026-05-07,166,375,372,165,1,1,1,0,
920057.BJ,百甲科技,L,2023-03-14,,120,valid_before_list_date,2021-11-15,2021-11-15,2026-05-07,1075,3234,3233,1075,0,0,0,322,2023-03-13
920058.BJ,华洋赛车,L,2023-08-10,,120,valid_before_list_date,2021-11-15,2021-11-15,2026-05-07,1075,3234,3234,1075,0,0,0,423,2023-08-09
920060.BJ,万源通,L,2024-11-19,,120,only_invalid_before_list_date,2024-11-08,2024-11-19,2026-05-07,346,915,912,345,1,1,1,0,
920061.BJ,西磁科技,L,2023-12-21,,120,valid_before_list_date,2021-11-15,2021-11-15,2026-05-07,1075,3234,3234,1075,0,0,0,512,2023-12-20
920066.BJ,科拜尔,L,2024-10-31,,120,only_invalid_before_list_date,2024-10-22,2024-10-31,2026-05-07,359,954,951,358,1,1,1,0,
920068.BJ,XD天工股,L,2025-05-13,,120,only_invalid_before_list_date,2025-04-28,2025-05-13,2026-05-07,233,576,573,232,1,1,1,0,
920075.BJ,柏星龙,L,2022-12-14,,120,valid_before_list_date,2021-11-15,2021-11-15,2026-05-07,1075,3234,3233,1075,0,0,0,264,2022-12-13
920080.BJ,奥美森,L,2025-10-10,,120,only_invalid_before_list_date,2025-09-22,2025-10-10,2026-05-07,139,294,291,138,1,1,1,0,
920082.BJ,方正阀门,L,2024-12-26,,120,only_invalid_before_list_date,2024-12-17,2024-12-26,2026-05-07,320,837,834,319,1,1,1,0,
920087.BJ,秋乐种业,L,2022-12-07,,120,valid_before_list_date,2021-11-15,2021-11-15,2026-05-07,1075,3234,3234,1075,0,0,0,259,2022-12-06
920088.BJ,科力股份,L,2024-10-29,,120,only_invalid_before_list_date,2024-10-18,2024-10-29,2026-05-07,361,1092,1089,360,1,1,1,0,
920098.BJ,科隆新材,L,2024-12-05,,120,only_invalid_before_list_date,2024-11-26,2024-12-05,2026-05-07,335,882,879,334,1,1,1,0,
920099.BJ,瑞华技术,L,2024-09-25,,120,only_invalid_before_list_date,2024-09-10,2024-09-25,2026-05-07,380,1149,1146,379,1,1,1,0,
920100.BJ,三协电机,L,2025-09-08,,120,only_invalid_before_list_date,2025-08-26,2025-09-08,2026-05-07,156,345,342,155,1,1,1,0,
920101.BJ,志高机械,L,2025-08-14,,120,only_invalid_before_list_date,2025-08-05,2025-08-14,2026-05-07,172,393,390,171,1,1,1,0,
920106.BJ,林泰新材,L,2024-12-18,,120,only_invalid_before_list_date,2024-12-10,2024-12-18,2026-05-07,326,855,852,325,1,1,1,0,
920108.BJ,宏海科技,L,2025-02-06,,120,only_invalid_before_list_date,2025-01-17,2025-02-06,2026-05-07,297,768,765,296,1,1,1,0,
920110.BJ,雷特科技,L,2022-12-06,,120,valid_before_list_date,2021-11-15,2021-11-15,2026-05-07,1075,3234,3234,1075,0,0,0,258,2022-12-05
920111.BJ,聚星科技,L,2024-11-11,,120,only_invalid_before_list_date,2024-10-29,2024-11-11,2026-05-07,352,933,930,351,1,1,1,0,
920112.BJ,巴兰仕,L,2025-08-28,,120,only_invalid_before_list_date,2025-08-19,2025-08-28,2026-05-07,162,363,360,161,1,1,1,0,
920116.BJ,星图测控,L,2025-01-02,,120,only_invalid_before_list_date,2024-12-24,2025-01-02,2026-05-07,316,825,822,315,1,1,1,0,
920118.BJ,太湖远大,L,2024-08-22,,120,only_invalid_before_list_date,2024-08-13,2024-08-22,2026-05-07,402,1215,1212,401,1,1,1,0,
920122.BJ,中纺标,L,2022-09-27,,120,valid_before_list_date,2021-11-15,2021-11-15,2026-05-07,1075,3234,3234,1075,0,0,0,213,2022-09-26
920123.BJ,芭薇股份,L,2024-03-29,,120,valid_before_list_date,2021-11-15,2021-11-15,2026-05-07,1075,3234,3234,1075,0,0,0,576,2024-03-28
920128.BJ,胜业电气,L,2024-11-29,,120,only_invalid_before_list_date,2024-11-18,2024-11-29,2026-05-07,339,894,891,338,1,1,1,0,
920130.BJ,立方控股,L,2023-11-02,,120,valid_before_list_date,2021-11-15,2021-11-15,2026-05-07,1075,3234,3234,1075,0,0,0,477,2023-11-01
920132.BJ,泰鹏智能,L,2023-11-16,,120,valid_before_list_date,2021-11-15,2021-12-15,2026-05-07,1075,3234,3166,1053,22,22,22,465,2023-11-15
920139.BJ,华岭股份,L,2022-10-28,,120,valid_before_list_date,2021-11-15,2021-11-15,2026-05-07,1075,3234,3234,1075,0,0,0,231,2022-10-27
920152.BJ,昆工科技,L,2022-09-01,,120,valid_before_list_date,2021-11-15,2021-11-15,2026-05-07,1075,3234,3234,1075,0,0,0,196,2022-08-31
920158.BJ,长江能科,L,2025-10-16,,120,only_invalid_before_list_date,2025-09-24,2025-10-16,2026-05-07,135,282,279,134,1,1,1,0,
920175.BJ,东方碳素,L,2023-06-30,,120,valid_before_list_date,2021-11-15,2021-11-15,2026-05-07,1075,3234,3234,1075,0,0,0,394,2023-06-29
920190.BJ,雷神科技,L,2022-12-23,,120,valid_before_list_date,2021-11-15,2021-11-15,2026-05-07,1075,3234,3234,1075,0,0,0,271,2022-12-22
920195.BJ,三祥科技,L,2022-12-30,,120,valid_before_list_date,2021-11-15,2021-11-15,2026-05-07,1075,3234,3234,1075,0,0,0,276,2022-12-29
920199.BJ,倍益康,L,2022-12-01,,120,valid_before_list_date,2021-11-15,2021-11-15,2026-05-07,1075,3234,3234,1075,0,0,0,255,2022-11-30
920207.BJ,众诚科技,L,2022-09-23,,120,valid_before_list_date,2021-11-15,2021-11-15,2026-05-07,1075,3234,3234,1075,0,0,0,211,2022-09-22
920208.BJ,青矩技术,L,2023-06-29,,120,valid_before_list_date,2021-11-15,2021-11-15,2026-05-07,1075,3234,3234,1075,0,0,0,393,2023-06-28
920221.BJ,易实精密,L,2023-06-08,,120,valid_before_list_date,2021-11-15,2021-11-15,2026-05-07,1075,3234,3234,1075,0,0,0,380,2023-06-07
920227.BJ,美登科技,L,2022-12-28,,120,valid_before_list_date,2021-11-15,2021-11-15,2026-05-07,1075,3234,3234,1075,0,0,0,274,2022-12-27
920230.BJ,欧康医药,L,2022-12-09,,120,valid_before_list_date,2021-11-15,2021-11-15,2026-05-07,1075,3234,3234,1075,0,0,0,261,2022-12-08
920237.BJ,力佳科技,L,2022-11-25,,120,valid_before_list_date,2021-11-15,2021-11-15,2026-05-07,1075,3234,3234,1075,0,0,0,251,2022-11-24
920247.BJ,华密新材,L,2022-12-23,,120,valid_before_list_date,2021-11-15,2021-11-15,2026-05-07,1075,3234,3234,1075,0,0,0,271,2022-12-22
920249.BJ,利尔达,L,2023-02-17,,120,valid_before_list_date,2021-11-15,2021-11-15,2026-05-07,1075,3234,3234,1075,0,0,0,305,2023-02-16
920252.BJ,天宏锂电,L,2023-01-19,,120,valid_before_list_date,2021-11-15,2021-11-15,2026-05-07,1075,3234,3234,1075,0,0,0,289,2023-01-18
920261.BJ,一诺威,L,2023-04-03,,120,valid_before_list_date,2021-11-15,2021-11-15,2026-05-07,1075,3234,3234,1075,0,0,0,336,2023-03-31
920262.BJ,太湖雪,L,2022-12-30,,120,valid_before_list_date,2021-11-15,2021-11-15,2026-05-07,1075,3234,3234,1075,0,0,0,276,2022-12-29
920270.BJ,天铭科技,L,2022-09-02,,120,valid_before_list_date,2021-11-15,2021-11-15,2026-05-07,1075,3234,3234,1075,0,0,0,197,2022-09-01
920273.BJ,一致魔芋,L,2023-02-21,,120,valid_before_list_date,2021-11-15,2021-11-15,2026-05-07,1075,3234,3234,1075,0,0,0,307,2023-02-20
920274.BJ,宏裕包材,L,2023-08-18,,120,valid_before_list_date,2021-11-15,2021-11-15,2026-05-07,1075,3234,3234,1075,0,0,0,429,2023-08-17
920284.BJ,灵鸽科技,L,2023-12-19,,120,valid_before_list_date,2021-11-15,2021-11-15,2026-05-07,1075,3234,3234,1075,0,0,0,510,2023-12-18
920300.BJ,辰光医疗,L,2022-12-07,,120,valid_before_list_date,2021-11-15,2021-11-15,2026-05-07,1075,3234,3234,1075,0,0,0,259,2022-12-06
920304.BJ,迪尔化工,L,2023-04-18,,120,valid_before_list_date,2021-11-15,2021-11-15,2026-05-07,1075,3234,3234,1075,0,0,0,346,2023-04-17
920339.BJ,恒太照明,L,2022-11-17,,120,valid_before_list_date,2021-11-15,2021-11-15,2026-05-07,1075,3234,3234,1075,0,0,0,245,2022-11-16
920351.BJ,华光源海,L,2022-12-29,,120,valid_before_list_date,2021-11-15,2021-11-15,2026-05-07,1075,3234,3233,1075,0,0,0,275,2022-12-28
920357.BJ,雅葆轩,L,2022-11-18,,120,valid_before_list_date,2021-11-15,2021-12-22,2026-05-07,1075,3234,3152,1048,27,27,27,219,2022-11-17
920363.BJ,莱赛激光,L,2023-12-28,,120,only_invalid_before_list_date,2021-11-15,2023-12-28,2026-05-07,1075,3234,1683,558,517,517,517,0,
920367.BJ,新赣江,L,2023-02-09,,120,valid_before_list_date,2021-11-15,2021-11-15,2026-05-07,1075,3234,3234,1075,0,0,0,299,2023-02-08
920371.BJ,欧福蛋业,L,2023-01-18,,120,valid_before_list_date,2021-11-15,2022-03-29,2026-05-07,1075,3234,2962,985,90,90,90,198,2023-01-17
920374.BJ,云里物里,L,2022-11-29,,120,valid_before_list_date,2021-11-15,2021-11-15,2026-05-07,1075,3234,3234,1075,0,0,0,253,2022-11-28
920375.BJ,派诺科技,L,2023-12-14,,120,valid_before_list_date,2021-11-15,2021-11-15,2026-05-07,1075,3234,3234,1075,0,0,0,507,2023-12-13
920392.BJ,佳合科技,L,2022-12-30,,120,valid_before_list_date,2021-11-15,2021-11-15,2026-05-07,1075,3234,3234,1075,0,0,0,276,2022-12-29
920394.BJ,民士达,L,2023-04-25,,120,valid_before_list_date,2021-11-15,2021-11-15,2026-05-07,1075,3234,3234,1075,0,0,0,351,2023-04-24
920395.BJ,朗鸿科技,L,2022-09-01,,120,valid_before_list_date,2021-11-15,2021-11-15,2026-05-07,1075,3234,3233,1075,0,0,0,196,2022-08-31
920402.BJ,硅烷科技,L,2022-09-28,,120,valid_before_list_date,2021-11-15,2021-11-15,2026-05-07,1075,3234,3234,1075,0,0,0,214,2022-09-27
920403.BJ,康农种业,L,2024-01-18,,120,valid_before_list_date,2021-11-15,2021-11-15,2026-05-07,1075,3234,3234,1075,0,0,0,531,2024-01-17
920407.BJ,驰诚股份,L,2023-02-16,,120,valid_before_list_date,2021-11-15,2021-11-15,2026-05-07,1075,3234,3234,1075,0,0,0,304,2023-02-15
920414.BJ,欧普泰,L,2022-12-12,,120,valid_before_list_date,2021-11-15,2021-11-15,2026-05-07,1075,3234,3234,1075,0,0,0,262,2022-12-09
920422.BJ,润普食品,L,2023-03-01,,120,valid_before_list_date,2021-11-15,2021-11-15,2026-05-07,1075,3234,3234,1075,0,0,0,313,2023-02-28
920425.BJ,乐创技术,L,2023-01-30,,120,valid_before_list_date,2021-11-15,2021-11-15,2026-05-07,1075,3234,3234,1075,0,0,0,291,2023-01-20
920429.BJ,康比特,L,2022-12-15,,120,valid_before_list_date,2021-11-15,2021-11-15,2026-05-07,1075,3234,3233,1075,0,0,0,265,2022-12-14
920438.BJ,戈碧迦,L,2024-03-25,,120,valid_before_list_date,2021-11-15,2021-11-15,2026-05-07,1075,3234,3234,1075,0,0,0,572,2024-03-22
920455.BJ,汇隆活塞,L,2023-06-21,,120,valid_before_list_date,2021-11-15,2021-11-15,2026-05-07,1075,3234,3234,1075,0,0,0,389,2023-06-20
920469.BJ,富恒新材,L,2023-09-18,,120,valid_before_list_date,2021-11-15,2021-11-15,2026-05-07,1075,3234,3234,1075,0,0,0,450,2023-09-15
920471.BJ,美邦科技,L,2023-05-25,,120,valid_before_list_date,2021-11-15,2021-11-15,2026-05-07,1075,3234,3234,1075,0,0,0,370,2023-05-24
920476.BJ,海能技术,L,2022-10-14,,120,valid_before_list_date,2021-11-15,2021-11-15,2026-05-07,1075,3234,3234,1075,0,0,0,221,2022-10-13
920478.BJ,峆一药业,L,2023-02-23,,120,valid_before_list_date,2021-11-15,2021-11-15,2026-05-07,1075,3234,3234,1075,0,0,0,309,2023-02-22
920493.BJ,并行科技,L,2023-11-01,,120,valid_before_list_date,2021-11-15,2021-11-15,2026-05-07,1075,3234,3234,1075,0,0,0,476,2023-10-31
920496.BJ,许昌智能,L,2024-01-26,,120,valid_before_list_date,2021-11-15,2021-11-15,2026-05-07,1075,3234,3234,1075,0,0,0,537,2024-01-25
920504.BJ,博迅生物,L,2023-08-17,,120,valid_before_list_date,2021-11-15,2021-11-15,2026-05-07,1075,3234,3234,1075,0,0,0,428,2023-08-16
920505.BJ,九菱科技,L,2022-12-21,,120,valid_before_list_date,2021-11-15,2021-11-15,2026-05-07,1075,3234,3234,1075,0,0,0,269,2022-12-20
920519.BJ,万德股份,L,2023-09-15,,120,valid_before_list_date,2021-11-15,2021-11-15,2026-05-07,1075,3234,3234,1075,0,0,0,449,2023-09-14
920522.BJ,纳科诺尔,L,2023-11-16,,120,valid_before_list_date,2021-11-15,2021-11-15,2026-05-07,1075,3234,3234,1075,0,0,0,487,2023-11-15
920526.BJ,凯华材料,L,2022-12-22,,120,valid_before_list_date,2021-11-15,2021-11-15,2026-05-07,1075,3234,3233,1075,0,0,0,270,2022-12-21
920527.BJ,夜光明,L,2022-10-27,,120,valid_before_list_date,2021-11-15,2021-11-15,2026-05-07,1075,3234,3234,1075,0,0,0,230,2022-10-26
920541.BJ,铁大科技,L,2023-03-10,,120,valid_before_list_date,2021-11-15,2021-11-15,2026-05-07,1075,3234,3234,1075,0,0,0,320,2023-03-09
920547.BJ,无锡晶海,L,2023-12-12,,120,valid_before_list_date,2021-11-15,2022-08-24,2026-05-07,1075,3234,2663,885,190,190,190,315,2023-12-11
920556.BJ,雅达股份,L,2023-03-17,,120,valid_before_list_date,2021-11-15,2021-11-15,2026-05-07,1075,3234,3234,1075,0,0,0,325,2023-03-16
920570.BJ,坤博精工,L,2023-11-23,,120,valid_before_list_date,2021-11-15,2022-09-13,2026-05-07,1075,3234,2623,872,203,203,203,289,2023-11-22
920571.BJ,国航远洋,L,2022-12-15,,120,valid_before_list_date,2021-11-15,2021-11-15,2026-05-07,1075,3234,3233,1075,0,0,0,265,2022-12-14
920575.BJ,康乐卫士,L,2023-03-15,,120,valid_before_list_date,2021-11-15,2021-11-15,2026-05-07,1075,3234,3233,1075,0,0,0,323,2023-03-14
920576.BJ,天力复合,L,2023-07-12,,120,valid_before_list_date,2021-11-15,2021-11-15,2026-05-07,1075,3234,3234,1075,0,0,0,402,2023-07-11
920578.BJ,巨能股份,L,2023-05-12,,120,valid_before_list_date,2021-11-15,2021-11-15,2026-05-07,1075,3234,3234,1075,0,0,0,361,2023-05-11
920579.BJ,机科股份,L,2023-11-30,,120,valid_before_list_date,2021-11-15,2021-11-15,2026-05-07,1075,3234,3234,1075,0,0,0,497,2023-11-29
920592.BJ,华信永道,L,2023-07-10,,120,valid_before_list_date,2021-11-15,2021-11-15,2026-05-07,1075,3234,3234,1075,0,0,0,400,2023-07-07
920593.BJ,鼎智科技,L,2023-04-13,,120,valid_before_list_date,2021-11-15,2022-02-21,2026-05-07,1075,3234,3042,1011,64,64,63,279,2023-04-12
920608.BJ,丰安股份,L,2022-12-16,,120,valid_before_list_date,2021-11-15,2021-11-15,2026-05-07,1075,3234,3234,1075,0,0,0,266,2022-12-15
920627.BJ,力王股份,L,2023-09-07,,120,valid_before_list_date,2021-11-15,2021-11-15,2026-05-07,1075,3234,3234,1075,0,0,0,443,2023-09-06
920634.BJ,新威凌,L,2022-11-24,,120,valid_before_list_date,2021-11-15,2021-11-15,2026-05-07,1075,3234,3234,1075,0,0,0,250,2022-11-23
920641.BJ,格利尔,L,2022-12-02,,120,valid_before_list_date,2021-11-15,2021-11-15,2026-05-07,1075,3234,3234,1075,0,0,0,256,2022-12-01
920651.BJ,天罡股份,L,2023-06-27,,120,valid_before_list_date,2021-11-15,2021-11-15,2026-05-07,1075,3234,3234,1075,0,0,0,391,2023-06-26
920656.BJ,海昇药业,L,2024-02-02,,120,valid_before_list_date,2021-11-15,2021-11-15,2026-05-07,1075,3234,3234,1075,0,0,0,542,2024-02-01
920662.BJ,方盛股份,L,2022-11-28,,120,valid_before_list_date,2021-11-15,2021-11-15,2026-05-07,1075,3234,3234,1075,0,0,0,252,2022-11-25
920663.BJ,明阳科技,L,2023-03-15,,120,valid_before_list_date,2021-11-15,2021-11-15,2026-05-07,1075,3234,3234,1075,0,0,0,323,2023-03-14
920665.BJ,科强股份,L,2023-09-26,,120,valid_before_list_date,2022-02-21,2022-02-21,2026-05-07,1011,3042,3040,1011,0,0,0,392,2023-09-25
920679.BJ,前进科技,L,2023-11-10,,120,only_invalid_before_list_date,2022-03-25,2023-11-10,2026-05-07,987,2970,1785,592,395,395,395,0,
920685.BJ,新芝生物,L,2022-10-10,,120,valid_before_list_date,2021-11-15,2021-11-15,2026-05-07,1075,3234,3234,1075,0,0,0,217,2022-09-30
920690.BJ,捷众科技,L,2024-01-05,,120,valid_before_list_date,2022-05-27,2022-05-27,2026-05-07,947,2850,2849,947,0,0,0,394,2024-01-04
920693.BJ,阿为特,L,2023-10-27,,120,only_invalid_before_list_date,2022-06-16,2023-10-27,2026-05-07,934,2811,1815,602,332,332,332,0,
920694.BJ,中裕科技,L,2023-04-24,,120,valid_before_list_date,2021-11-15,2021-11-15,2026-05-07,1075,3234,3234,1075,0,0,0,350,2023-04-21
920699.BJ,海达尔,L,2023-05-09,,120,only_invalid_before_list_date,2021-11-15,2023-05-09,2026-05-07,1075,3234,2160,717,358,358,358,0,
920701.BJ,豪声电子,L,2023-07-19,,120,valid_before_list_date,2021-11-15,2021-11-15,2026-05-07,1075,3234,3234,1075,0,0,0,407,2023-07-18
920703.BJ,广厦环能,L,2023-12-05,,120,only_invalid_before_list_date,2022-05-11,2023-12-05,2026-05-07,959,2886,1734,575,384,384,384,0,
920706.BJ,铁拓机械,L,2024-03-08,,120,valid_before_list_date,2022-05-26,2022-05-27,2026-05-07,948,2853,2848,947,1,1,1,433,2024-03-07
920717.BJ,瑞星股份,L,2023-07-03,,120,valid_before_list_date,2021-11-15,2021-11-15,2026-05-07,1075,3234,3233,1075,0,0,0,395,2023-06-30
920718.BJ,合肥高科,L,2022-12-22,,120,valid_before_list_date,2021-11-15,2021-11-15,2026-05-07,1075,3234,3234,1075,0,0,0,270,2022-12-21
920719.BJ,宁新新材,L,2023-05-26,,120,valid_before_list_date,2021-11-15,2021-11-15,2026-05-07,1075,3234,3234,1075,0,0,0,371,2023-05-25
920725.BJ,惠丰钻石,L,2022-07-18,,120,valid_before_list_date,2021-11-15,2021-11-15,2026-05-07,1075,3234,3234,1075,0,0,0,163,2022-07-15
920748.BJ,路桥信息,L,2023-08-16,,120,valid_before_list_date,2021-11-15,2021-11-15,2026-05-07,1075,3234,3234,1075,0,0,0,427,2023-08-15
920751.BJ,惠同新材,L,2023-07-17,,120,valid_before_list_date,2021-11-15,2021-11-15,2026-05-07,1075,3234,3234,1075,0,0,0,405,2023-07-14
920753.BJ,天纺标,L,2022-10-31,,120,valid_before_list_date,2021-11-15,2021-11-15,2026-05-07,1075,3234,3234,1075,0,0,0,232,2022-10-28
920770.BJ,艾能聚,L,2023-02-28,,120,valid_before_list_date,2021-11-15,2021-11-15,2026-05-07,1075,3234,3234,1075,0,0,0,312,2023-02-27
920779.BJ,武汉蓝电,L,2023-06-01,,120,valid_before_list_date,2021-11-15,2021-11-15,2026-05-07,1075,3234,3234,1075,0,0,0,375,2023-05-31
920781.BJ,瑞奇智造,L,2022-12-26,,120,valid_before_list_date,2021-11-15,2021-11-15,2026-05-07,1075,3234,3233,1075,0,0,0,272,2022-12-23
920786.BJ,骑士乳业,L,2023-10-13,,120,valid_before_list_date,2021-11-15,2021-11-15,2026-05-07,1075,3234,3234,1075,0,0,0,463,2023-10-12
920790.BJ,联迪信息,L,2022-09-02,,120,valid_before_list_date,2021-11-15,2021-11-15,2026-05-07,1075,3234,3234,1075,0,0,0,197,2022-09-01
920792.BJ,东和新材,L,2023-03-30,,120,valid_before_list_date,2021-11-15,2021-11-15,2026-05-07,1075,3234,3234,1075,0,0,0,334,2023-03-29
920802.BJ,保丽洁,L,2023-02-06,,120,valid_before_list_date,2021-11-15,2021-11-15,2026-05-07,1075,3234,3233,1075,0,0,0,296,2023-02-03
920806.BJ,云星宇,L,2024-01-11,,120,only_invalid_before_list_date,2022-08-18,2024-01-11,2026-05-07,889,2676,1656,549,340,340,340,0,
920807.BJ,奔朗新材,L,2022-12-20,,120,valid_before_list_date,2021-11-15,2021-11-15,2026-05-07,1075,3234,3234,1075,0,0,0,268,2022-12-19
920808.BJ,曙光数创,L,2022-11-18,,120,valid_before_list_date,2021-11-15,2021-11-15,2026-05-07,1075,3234,3233,1075,0,0,0,246,2022-11-17
920809.BJ,安达科技,L,2023-03-23,,120,valid_before_list_date,2021-11-15,2021-11-15,2026-05-07,1075,3234,3234,1075,0,0,0,329,2023-03-22
920810.BJ,春光智能,L,2022-12-16,,120,valid_before_list_date,2021-11-15,2021-11-15,2026-05-07,1075,3234,3234,1075,0,0,0,266,2022-12-15
920833.BJ,美心翼申,L,2023-11-08,,120,valid_before_list_date,2022-06-30,2022-06-30,2026-05-07,924,2781,2779,924,0,0,0,330,2023-11-07
920834.BJ,三维装备,L,2022-08-22,,120,valid_before_list_date,2021-11-15,2021-11-15,2026-05-07,1075,3234,3234,1075,0,0,0,188,2022-08-19
920837.BJ,华原股份,L,2023-05-15,,120,valid_before_list_date,2021-11-15,2022-06-06,2026-05-07,1075,3234,2833,942,133,133,133,229,2023-05-12
920855.BJ,浙江大农,L,2022-12-29,,120,valid_before_list_date,2021-11-15,2021-11-15,2026-05-07,1075,3234,3234,1075,0,0,0,275,2022-12-28
920866.BJ,绿亨科技,L,2022-12-09,,120,valid_before_list_date,2021-11-15,2021-11-15,2026-05-07,1075,3234,3234,1075,0,0,0,261,2022-12-08
920871.BJ,派特尔,L,2022-07-22,,120,valid_before_list_date,2021-11-15,2021-11-15,2026-05-07,1075,3234,3234,1075,0,0,0,167,2022-07-21
920876.BJ,慧为智能,L,2022-11-09,,120,valid_before_list_date,2021-11-15,2021-11-15,2026-05-07,1075,3234,3234,1075,0,0,0,239,2022-11-08
920879.BJ,基康技术,L,2022-12-20,,120,valid_before_list_date,2021-11-15,2021-11-15,2026-05-07,1075,3234,3233,1075,0,0,0,268,2022-12-19
920895.BJ,花溪科技,L,2023-04-06,,120,valid_before_list_date,2021-11-15,2021-11-15,2026-05-07,1075,3234,3234,1075,0,0,0,338,2023-04-04
920896.BJ,旺成科技,L,2023-04-19,,120,valid_before_list_date,2021-11-15,2021-11-15,2026-05-07,1075,3234,3234,1075,0,0,0,347,2023-04-18
920906.BJ,舜宇精工,L,2023-02-22,,120,valid_before_list_date,2021-11-15,2021-11-15,2026-05-07,1075,3234,3234,1075,0,0,0,308,2023-02-21
920914.BJ,远航精密,L,2022-11-11,,120,valid_before_list_date,2021-11-15,2021-11-15,2026-05-07,1075,3234,3234,1075,0,0,0,241,2022-11-10
920926.BJ,鸿智科技,L,2023-08-08,,120,only_invalid_before_list_date,2021-11-15,2023-08-08,2026-05-07,1075,3234,1971,654,421,421,421,0,
920931.BJ,无锡鼎邦,L,2024-04-08,,120,valid_before_list_date,2021-11-15,2021-11-15,2026-05-07,1075,3234,3234,1075,0,0,0,580,2024-04-03
920942.BJ,恒立钻具,L,2022-12-08,,120,valid_before_list_date,2021-11-15,2021-11-15,2026-05-07,1075,3234,3234,1075,0,0,0,260,2022-12-07
920950.BJ,迅安科技,L,2023-01-11,,120,only_invalid_before_list_date,2021-11-15,2023-01-11,2026-05-07,1075,3234,2385,792,283,283,283,0,
920953.BJ,国子软件,L,2023-08-23,,120,only_invalid_before_list_date,2021-11-15,2023-08-23,2026-05-07,1075,3234,1938,643,432,432,432,0,
920957.BJ,汉维科技,L,2022-12-14,,120,valid_before_list_date,2021-11-15,2021-11-15,2026-05-07,1075,3234,3234,1075,0,0,0,264,2022-12-13
920971.BJ,天马新材,L,2022-09-27,,120,valid_before_list_date,2021-11-15,2021-11-15,2026-05-07,1075,3234,3233,1075,0,0,0,213,2022-09-26
920974.BJ,凯大催化,L,2023-03-08,,120,valid_before_list_date,2021-11-15,2021-11-15,2026-05-07,1075,3234,3234,1075,0,0,0,318,2023-03-07
920976.BJ,视声智能,L,2023-09-01,,120,valid_before_list_date,2021-11-15,2021-11-15,2026-05-07,1075,3234,3234,1075,0,0,0,439,2023-08-31
920978.BJ,开特股份,L,2023-09-28,,120,valid_before_list_date,2021-11-15,2021-11-15,2026-05-07,1075,3234,3234,1075,0,0,0,458,2023-09-27
920982.BJ,锦波生物,L,2023-07-20,,120,valid_before_list_date,2021-11-15,2021-11-15,2026-05-07,1075,3234,3234,1075,0,0,0,408,2023-07-19
920985.BJ,海泰新能,L,2022-08-08,,120,valid_before_list_date,2021-11-15,2021-11-15,2026-05-07,1075,3234,3234,1075,0,0,0,178,2022-08-05
920992.BJ,中科美菱,L,2022-10-18,,120,valid_before_list_date,2021-11-15,2021-11-15,2026-05-07,1075,3234,3233,1075,0,0,0,223,2022-10-17
